352	FT911-12-4186	1	0.2064274228
352	FT911-1-296	2	0.1695340842
352	FT911-4-1379	3	0.1372297204
352	FT911-12-4338	4	0.1250185355
352	FT911-3-1083	5	0.1236948861
352	FT911-5-1733	6	0.1197110035
352	FT911-14-4921	7	0.1146458733
352	FT911-11-3999	8	0.1070040665
352	FT911-2-410	9	0.1059970845
352	FT911-9-3148	10	0.1018981418
352	FT911-10-3452	11	0.1010606116
352	FT911-12-4201	12	0.1006386852
352	FT911-7-2245	13	0.0998489126
352	FT911-1-23	14	0.0992759125
352	FT911-6-1954	15	0.0985554809
352	FT911-10-3536	16	0.0985358619
352	FT911-1-351	17	0.0985140292
352	FT911-1-156	18	0.0964695621
352	FT911-13-4706	19	0.0963651714
352	FT911-3-1082	20	0.0958205441
352	FT911-3-763	21	0.0951131924
352	FT911-6-2001	22	0.0940906930
352	FT911-2-650	23	0.0940379607
352	FT911-2-462	24	0.0923535178
352	FT911-4-1251	25	0.0916306483
352	FT911-11-3993	26	0.0911714063
352	FT911-3-761	27	0.0907161222
352	FT911-4-1280	28	0.0902161889
352	FT911-6-2103	29	0.0901033495
352	FT911-6-2044	30	0.0897649231
352	FT911-9-3146	31	0.0892377006
352	FT911-1-71	32	0.0890086536
352	FT911-4-1322	33	0.0882498797
352	FT911-8-2942	34	0.0870916854
352	FT911-15-5199	35	0.0859050514
352	FT911-13-4712	36	0.0859023297
352	FT911-15-5182	37	0.0857051505
352	FT911-15-5352	38	0.0851424412
352	FT911-3-1070	39	0.0850523134
352	FT911-7-2356	40	0.0847471340
352	FT911-10-3362	41	0.0844138354
352	FT911-3-753	42	0.0843028546
352	FT911-13-4548	43	0.0840393113
352	FT911-14-4808	44	0.0829141378
352	FT911-8-2866	45	0.0827233527
352	FT911-6-1951	46	0.0825389033
352	FT911-9-2999	47	0.0823596139
352	FT911-13-4407	48	0.0805299756
352	FT911-6-2042	49	0.0801515411
352	FT911-12-4134	50	0.0800650528
352	FT911-5-1806	51	0.0800149204
352	FT911-5-1719	52	0.0796215560
352	FT911-4-1382	53	0.0796128867
352	FT911-10-3569	54	0.0795265823
352	FT911-14-4916	55	0.0793835555
352	FT911-3-871	56	0.0793249187
352	FT911-6-1963	57	0.0791687738
352	FT911-8-2704	58	0.0786215127
352	FT911-9-2983	59	0.0782735299
352	FT911-4-1453	60	0.0781331573
352	FT911-7-2574	61	0.0780145380
352	FT911-6-1995	62	0.0774179010
352	FT911-12-4019	63	0.0772050354
352	FT911-14-5051	64	0.0767586789
352	FT911-13-4715	65	0.0764020223
352	FT911-1-283	66	0.0763560583
352	FT911-4-1279	67	0.0761935671
352	FT911-5-1697	68	0.0760317092
352	FT911-10-3424	69	0.0758908357
352	FT911-6-1837	70	0.0756158639
352	FT911-12-4358	71	0.0755323114
352	FT911-6-1967	72	0.0751266327
352	FT911-10-3408	73	0.0747816264
352	FT911-7-2442	74	0.0747215705
352	FT911-4-1215	75	0.0745991807
352	FT911-4-1470	76	0.0742618242
352	FT911-12-4160	77	0.0740554791
352	FT911-3-919	78	0.0739582648
352	FT911-11-3829	79	0.0729569751
352	FT911-7-2538	80	0.0728514819
352	FT911-4-1377	81	0.0727672593
352	FT911-6-2125	82	0.0724569926
352	FT911-14-4790	83	0.0724440806
352	FT911-13-4626	84	0.0723510197
352	FT911-15-5282	85	0.0723401146
352	FT911-7-2450	86	0.0722801943
352	FT911-7-2301	87	0.0720081752
352	FT911-6-2003	88	0.0719176359
352	FT911-12-4072	89	0.0717582396
352	FT911-15-5157	90	0.0711105238
352	FT911-11-3992	91	0.0710357814
352	FT911-10-3342	92	0.0706753569
352	FT911-13-4710	93	0.0704525508
352	FT911-6-2170	94	0.0702457824
352	FT911-9-3119	95	0.0701632569
352	FT911-12-4089	96	0.0701022102
352	FT911-12-4131	97	0.0699506492
352	FT911-5-1479	98	0.0698725623
352	FT911-5-1805	99	0.0695970274
352	FT911-4-1367	100	0.0693402240
352	FT911-13-4600	101	0.0692906906
352	FT911-6-2141	102	0.0688842736
352	FT911-11-3842	103	0.0688246371
352	FT911-1-110	104	0.0686453484
352	FT911-13-4680	105	0.0686291916
352	FT911-9-3189	106	0.0685997185
352	FT911-1-212	107	0.0683920122
352	FT911-15-5327	108	0.0682146711
352	FT911-14-5064	109	0.0680587825
352	FT911-11-3853	110	0.0675241165
352	FT911-10-3549	111	0.0675040288
352	FT911-13-4708	112	0.0673115520
352	FT911-15-5166	113	0.0673089074
352	FT911-12-4093	114	0.0669170012
352	FT911-12-4155	115	0.0667605591
352	FT911-8-2815	116	0.0664734242
352	FT911-2-434	117	0.0663211952
352	FT911-1-169	118	0.0656632797
352	FT911-5-1681	119	0.0653175870
352	FT911-3-828	120	0.0652665668
352	FT911-13-4678	121	0.0652214670
352	FT911-4-1211	122	0.0647259529
352	FT911-3-766	123	0.0644197135
352	FT911-7-2585	124	0.0643845811
352	FT911-11-3783	125	0.0640808223
352	FT911-9-3009	126	0.0635885245
352	FT911-5-1700	127	0.0635870443
352	FT911-5-1620	128	0.0635688893
352	FT911-13-4571	129	0.0635233536
352	FT911-14-4880	130	0.0631452293
352	FT911-5-1638	131	0.0630522067
352	FT911-12-4097	132	0.0627935318
352	FT911-10-3477	133	0.0626045546
352	FT911-9-3098	134	0.0618549157
352	FT911-7-2564	135	0.0614170645
352	FT911-15-5297	136	0.0612413577
352	FT911-14-4992	137	0.0611660240
352	FT911-9-3210	138	0.0611118593
352	FT911-12-4199	139	0.0610461647
352	FT911-10-3676	140	0.0608372032
352	FT911-9-3063	141	0.0608169121
352	FT911-11-3908	142	0.0607684062
352	FT911-1-319	143	0.0605758137
352	FT911-12-4031	144	0.0602809098
352	FT911-15-5153	145	0.0602359751
352	FT911-8-2623	146	0.0599191480
352	FT911-13-4386	147	0.0598230191
352	FT911-4-1396	148	0.0595738660
352	FT911-8-2826	149	0.0594072750
352	FT911-5-1780	150	0.0593828867
352	FT911-1-171	151	0.0593453513
352	FT911-1-366	152	0.0591813216
352	FT911-13-4677	153	0.0588766882
352	FT911-5-1773	154	0.0588557424
352	FT911-2-699	155	0.0586441297
352	FT911-5-1673	156	0.0586334559
352	FT911-2-709	157	0.0583096637
352	FT911-4-1204	158	0.0580622501
352	FT911-4-1276	159	0.0580286367
352	FT911-13-4693	160	0.0579576693
352	FT911-2-496	161	0.0574898831
352	FT911-12-4073	162	0.0571944949
352	FT911-14-5107	163	0.0570469872
352	FT911-11-3737	164	0.0565786093
352	FT911-11-3990	165	0.0565259382
352	FT911-12-4252	166	0.0562557565
352	FT911-12-4181	167	0.0560824637
352	FT911-4-1324	168	0.0556348686
352	FT911-3-989	169	0.0552225279
352	FT911-14-5046	170	0.0552211967
352	FT911-3-963	171	0.0548323792
352	FT911-3-1000	172	0.0548283305
352	FT911-9-3181	173	0.0547292938
352	FT911-10-3559	174	0.0544278845
352	FT911-10-3558	175	0.0542040427
352	FT911-1-48	176	0.0540883613
352	FT911-2-508	177	0.0539793799
352	FT911-4-1418	178	0.0536800885
352	FT911-12-4262	179	0.0536745696
352	FT911-1-359	180	0.0529091158
352	FT911-7-2277	181	0.0528397395
352	FT911-14-4966	182	0.0525354083
352	FT911-9-3174	183	0.0523456711
352	FT911-9-3155	184	0.0517802389
352	FT911-2-502	185	0.0516224112
352	FT911-4-1301	186	0.0515737904
352	FT911-9-3279	187	0.0514027776
352	FT911-2-658	188	0.0513615630
352	FT911-7-2571	189	0.0513087389
352	FT911-11-3726	190	0.0512659375
352	FT911-9-3240	191	0.0508275965
352	FT911-9-3158	192	0.0504820182
352	FT911-1-65	193	0.0504481037
352	FT911-1-329	194	0.0503175025
352	FT911-2-706	195	0.0502280098
352	FT911-9-3182	196	0.0502071507
352	FT911-15-5187	197	0.0501606199
352	FT911-1-172	198	0.0501511572
352	FT911-4-1227	199	0.0500254327
352	FT911-2-392	200	0.0499596328
352	FT911-2-504	201	0.0498774079
352	FT911-7-2333	202	0.0496293097
352	FT911-6-2150	203	0.0485365116
352	FT911-13-4524	204	0.0484739417
352	FT911-8-2948	205	0.0483627491
352	FT911-3-836	206	0.0483236647
352	FT911-1-239	207	0.0482692943
352	FT911-9-3094	208	0.0479766910
352	FT911-4-1283	209	0.0475787821
352	FT911-5-1674	210	0.0470195859
352	FT911-5-1640	211	0.0468165864
352	FT911-12-4266	212	0.0467519711
352	FT911-4-1141	213	0.0467078305
352	FT911-15-5177	214	0.0465090802
352	FT911-4-1147	215	0.0463220196
352	FT911-14-4952	216	0.0457934982
352	FT911-2-527	217	0.0457281443
352	FT911-3-958	218	0.0454484893
352	FT911-10-3664	219	0.0453654397
352	FT911-11-3946	220	0.0452103035
352	FT911-11-3753	221	0.0451811041
352	FT911-3-737	222	0.0450042538
352	FT911-1-323	223	0.0449355549
352	FT911-8-2836	224	0.0448116217
352	FT911-12-4242	225	0.0447217678
352	FT911-4-1100	226	0.0446652976
352	FT911-3-745	227	0.0443712936
352	FT911-6-1935	228	0.0439964448
352	FT911-11-3931	229	0.0439178579
352	FT911-10-3460	230	0.0438317118
352	FT911-15-5368	231	0.0438059575
352	FT911-3-982	232	0.0437116669
352	FT911-8-2874	233	0.0435476091
352	FT911-1-88	234	0.0433971494
352	FT911-13-4661	235	0.0433460714
352	FT911-1-218	236	0.0432728526
352	FT911-1-181	237	0.0431094482
352	FT911-5-1759	238	0.0430802689
352	FT911-5-1593	239	0.0429280418
352	FT911-13-4425	240	0.0428718590
352	FT911-5-1794	241	0.0428379749
352	FT911-13-4656	242	0.0426657197
352	FT911-8-2934	243	0.0422577650
352	FT911-7-2264	244	0.0419888014
352	FT911-13-4461	245	0.0418738898
352	FT911-1-213	246	0.0417660895
352	FT911-3-974	247	0.0417412804
352	FT911-3-975	248	0.0416156056
352	FT911-8-2738	249	0.0415539478
352	FT911-8-2717	250	0.0415526249
352	FT911-8-2832	251	0.0415307326
352	FT911-2-652	252	0.0415173761
352	FT911-7-2371	253	0.0413396422
352	FT911-14-4864	254	0.0413138544
352	FT911-14-4841	255	0.0410737788
352	FT911-3-1031	256	0.0407157672
352	FT911-13-4686	257	0.0405318810
352	FT911-5-1550	258	0.0404834777
352	FT911-1-119	259	0.0404552310
352	FT911-7-2260	260	0.0404527901
352	FT911-8-2778	261	0.0404362681
352	FT911-10-3454	262	0.0403436815
352	FT911-3-838	263	0.0403143076
352	FT911-15-5310	264	0.0401744154
352	FT911-14-4968	265	0.0400425709
352	FT911-3-1028	266	0.0398589460
352	FT911-2-712	267	0.0397435662
352	FT911-3-1069	268	0.0396805069
352	FT911-9-3110	269	0.0396455472
352	FT911-14-4979	270	0.0394557252
352	FT911-2-466	271	0.0393986370
352	FT911-1-116	272	0.0393135890
352	FT911-8-2782	273	0.0389075642
352	FT911-7-2528	274	0.0386613246
352	FT911-2-455	275	0.0386427620
352	FT911-11-3720	276	0.0385229342
352	FT911-6-1850	277	0.0384574885
352	FT911-2-648	278	0.0383699294
352	FT911-12-4278	279	0.0378237284
352	FT911-5-1551	280	0.0378220789
352	FT911-13-4526	281	0.0377113042
352	FT911-3-976	282	0.0377105788
352	FT911-10-3487	283	0.0376807346
352	FT911-3-804	284	0.0376145554
352	FT911-14-4754	285	0.0375416251
352	FT911-4-1413	286	0.0374786319
352	FT911-14-4913	287	0.0374728006
352	FT911-11-3722	288	0.0372320091
352	FT911-1-115	289	0.0372020337
352	FT911-9-3168	290	0.0371691659
352	FT911-3-920	291	0.0371584405
352	FT911-1-205	292	0.0371551437
352	FT911-13-4387	293	0.0370785590
352	FT911-1-10	294	0.0370214320
352	FT911-7-2258	295	0.0368392297
352	FT911-1-316	296	0.0367774432
352	FT911-5-1511	297	0.0367539120
352	FT911-13-4663	298	0.0366861718
352	FT911-15-5202	299	0.0366233312
352	FT911-2-702	300	0.0365941557
352	FT911-1-320	301	0.0362275633
352	FT911-3-839	302	0.0362255422
352	FT911-15-5233	303	0.0361770279
352	FT911-13-4489	304	0.0360219064
352	FT911-6-2178	305	0.0359863972
352	FT911-10-3385	306	0.0359563315
352	FT911-7-2472	307	0.0356897058
352	FT911-6-2155	308	0.0356235499
352	FT911-10-3432	309	0.0355001883
352	FT911-4-1105	310	0.0353616777
352	FT911-14-4842	311	0.0353423515
352	FT911-2-427	312	0.0351786622
352	FT911-9-3317	313	0.0351536696
352	FT911-4-1330	314	0.0350935646
352	FT911-11-3799	315	0.0350822004
352	FT911-9-3014	316	0.0349146108
352	FT911-7-2335	317	0.0348552312
352	FT911-6-2015	318	0.0347856937
352	FT911-3-1087	319	0.0347563246
352	FT911-8-2655	320	0.0346473211
352	FT911-4-1148	321	0.0344361824
352	FT911-10-3425	322	0.0344028084
352	FT911-1-273	323	0.0343653930
352	FT911-12-4173	324	0.0342311017
352	FT911-1-220	325	0.0341624664
352	FT911-6-1913	326	0.0340778556
352	FT911-2-660	327	0.0340021828
352	FT911-6-1981	328	0.0339636347
352	FT911-9-2956	329	0.0339480431
352	FT911-7-2248	330	0.0339457757
352	FT911-8-2658	331	0.0338981031
352	FT911-6-1890	332	0.0338904541
352	FT911-8-2840	333	0.0337875116
352	FT911-2-565	334	0.0336157797
352	FT911-2-446	335	0.0335079936
352	FT911-3-986	336	0.0334848442
352	FT911-14-4843	337	0.0334396549
352	FT911-4-1190	338	0.0333678053
352	FT911-11-3839	339	0.0333386041
352	FT911-7-2296	340	0.0333324586
352	FT911-3-1025	341	0.0332794901
352	FT911-10-3575	342	0.0331860469
352	FT911-1-51	343	0.0331660165
352	FT911-13-4672	344	0.0331603620
352	FT911-4-1188	345	0.0330316804
352	FT911-4-1189	346	0.0330230680
352	FT911-5-1596	347	0.0329364299
352	FT911-12-4228	348	0.0328950804
352	FT911-11-3849	349	0.0328771346
352	FT911-14-4971	350	0.0328554952
352	FT911-1-203	351	0.0328140491
352	FT911-1-259	352	0.0328012838
352	FT911-8-2631	353	0.0327930125
352	FT911-6-2194	354	0.0326572868
352	FT911-12-4169	355	0.0325481149
352	FT911-7-2353	356	0.0324930209
352	FT911-10-3373	357	0.0324207623
352	FT911-12-4356	358	0.0323675514
352	FT911-10-3463	359	0.0323667608
352	FT911-6-2132	360	0.0323662885
352	FT911-13-4608	361	0.0323502982
352	FT911-11-3788	362	0.0323176434
352	FT911-8-2728	363	0.0322517853
352	FT911-4-1417	364	0.0321208248
352	FT911-7-2348	365	0.0321169651
352	FT911-10-3436	366	0.0320270908
352	FT911-5-1669	367	0.0320146370
352	FT911-13-4602	368	0.0319553232
352	FT911-15-5253	369	0.0317679360
352	FT911-12-4046	370	0.0317490333
352	FT911-7-2456	371	0.0317448880
352	FT911-3-903	372	0.0317443272
352	FT911-12-4362	373	0.0316038309
352	FT911-11-3730	374	0.0314998457
352	FT911-14-4927	375	0.0314836734
352	FT911-15-5305	376	0.0313046987
352	FT911-7-2581	377	0.0312729574
352	FT911-6-2087	378	0.0312163177
352	FT911-12-4183	379	0.0310233998
352	FT911-3-1009	380	0.0309651667
352	FT911-10-3618	381	0.0308954688
352	FT911-15-5212	382	0.0308777278
352	FT911-14-4838	383	0.0308573770
352	FT911-6-2174	384	0.0306314411
352	FT911-13-4666	385	0.0306111931
352	FT911-6-2115	386	0.0305481446
352	FT911-13-4424	387	0.0304749244
352	FT911-9-3292	388	0.0304539224
352	FT911-1-124	389	0.0304216497
352	FT911-8-2734	390	0.0303769667
352	FT911-13-4430	391	0.0302682801
352	FT911-10-3491	392	0.0302596832
352	FT911-4-1198	393	0.0302555140
352	FT911-3-806	394	0.0302444467
352	FT911-2-612	395	0.0302428457
352	FT911-14-5082	396	0.0302137578
352	FT911-15-5306	397	0.0301982767
352	FT911-3-825	398	0.0301879839
352	FT911-6-2163	399	0.0301850391
352	FT911-3-779	400	0.0301517822
352	FT911-7-2357	401	0.0301501437
352	FT911-10-3548	402	0.0301442749
352	FT911-5-1621	403	0.0300812904
352	FT911-12-4092	404	0.0300681786
352	FT911-2-579	405	0.0300604755
352	FT911-3-1096	406	0.0300472149
352	FT911-14-4822	407	0.0300251723
352	FT911-12-4110	408	0.0299880812
352	FT911-3-723	409	0.0298289481
352	FT911-13-4536	410	0.0297533919
352	FT911-12-4074	411	0.0297422688
352	FT911-11-3779	412	0.0296682885
352	FT911-6-2080	413	0.0296603981
352	FT911-13-4439	414	0.0296503887
352	FT911-14-4963	415	0.0295702256
352	FT911-9-3151	416	0.0295272221
352	FT911-8-2680	417	0.0294845138
352	FT911-14-5084	418	0.0294156625
352	FT911-8-2654	419	0.0293716096
352	FT911-6-1892	420	0.0293557980
352	FT911-2-424	421	0.0293161317
352	FT911-4-1314	422	0.0292838969
352	FT911-15-5210	423	0.0292837307
352	FT911-13-4537	424	0.0292421051
352	FT911-8-2737	425	0.0292262827
352	FT911-13-4542	426	0.0290650540
352	FT911-3-1098	427	0.0290323092
352	FT911-8-2907	428	0.0289855323
352	FT911-8-2730	429	0.0289659519
352	FT911-9-3024	430	0.0289451807
352	FT911-5-1501	431	0.0289034720
352	FT911-6-1978	432	0.0288927521
352	FT911-10-3553	433	0.0288808446
352	FT911-14-4845	434	0.0288311588
352	FT911-12-4193	435	0.0287752776
352	FT911-1-17	436	0.0286857958
352	FT911-7-2346	437	0.0284871017
352	FT911-2-468	438	0.0284693974
352	FT911-6-2200	439	0.0284334308
352	FT911-1-63	440	0.0283257357
352	FT911-5-1818	441	0.0283202085
352	FT911-6-1867	442	0.0283149676
352	FT911-8-2940	443	0.0282783981
352	FT911-14-4985	444	0.0282685359
352	FT911-2-655	445	0.0281983168
352	FT911-11-3850	446	0.0281974543
352	FT911-15-5302	447	0.0281718883
352	FT911-12-4189	448	0.0281268709
352	FT911-9-3008	449	0.0281268647
352	FT911-5-1812	450	0.0281132103
352	FT911-15-5301	451	0.0281059610
352	FT911-3-906	452	0.0281020330
352	FT911-14-5076	453	0.0280446875
352	FT911-11-3868	454	0.0280148214
352	FT911-9-3163	455	0.0279888676
352	FT911-1-199	456	0.0278637607
352	FT911-4-1312	457	0.0278582334
352	FT911-7-2316	458	0.0278488654
352	FT911-5-1627	459	0.0277575387
352	FT911-8-2768	460	0.0277291640
352	FT911-15-5255	461	0.0277275898
352	FT911-8-2904	462	0.0276948584
352	FT911-4-1199	463	0.0275719253
352	FT911-7-2545	464	0.0275402012
352	FT911-8-2650	465	0.0275390826
352	FT911-15-5307	466	0.0274599752
352	FT911-8-2860	467	0.0274573385
352	FT911-11-3871	468	0.0274129418
352	FT911-14-4970	469	0.0273261488
352	FT911-6-1868	470	0.0273099230
352	FT911-11-3964	471	0.0273034887
352	FT911-10-3561	472	0.0272902612
352	FT911-6-2063	473	0.0272466135
352	FT911-9-3121	474	0.0271951959
352	FT911-4-1244	475	0.0271853092
352	FT911-3-784	476	0.0271705986
352	FT911-1-339	477	0.0271231656
352	FT911-14-4874	478	0.0271076791
352	FT911-12-4194	479	0.0270699902
352	FT911-4-1397	480	0.0270548287
352	FT911-10-3550	481	0.0270408323
352	FT911-7-2541	482	0.0270168672
352	FT911-7-2377	483	0.0269820854
352	FT911-11-3789	484	0.0269329307
352	FT911-11-3821	485	0.0269087410
352	FT911-12-4216	486	0.0268697191
352	FT911-1-49	487	0.0268173661
352	FT911-8-2932	488	0.0267766871
352	FT911-6-1964	489	0.0267515397
352	FT911-9-3099	490	0.0267374334
352	FT911-8-2891	491	0.0267338188
352	FT911-9-3097	492	0.0267233713
352	FT911-8-2646	493	0.0267154819
352	FT911-3-1026	494	0.0266975554
352	FT911-9-3233	495	0.0266513906
352	FT911-12-4084	496	0.0266353044
352	FT911-1-188	497	0.0265636103
352	FT911-9-3123	498	0.0265626998
352	FT911-3-799	499	0.0265419245
352	FT911-1-57	500	0.0265389449
352	FT911-1-310	501	0.0264794786
352	FT911-4-1384	502	0.0264766223
352	FT911-2-413	503	0.0264554904
352	FT911-1-308	504	0.0264358440
352	FT911-14-5060	505	0.0263713093
352	FT911-4-1390	506	0.0263440334
352	FT911-8-2889	507	0.0262106736
352	FT911-5-1755	508	0.0262049499
352	FT911-5-1779	509	0.0262046468
352	FT911-8-2902	510	0.0261761567
352	FT911-1-187	511	0.0261635026
352	FT911-11-3978	512	0.0259712257
352	FT911-7-2515	513	0.0259197539
352	FT911-6-2129	514	0.0258851060
352	FT911-9-3229	515	0.0258651336
352	FT911-11-3910	516	0.0258629385
352	FT911-3-1029	517	0.0258571905
352	FT911-12-4044	518	0.0258066819
352	FT911-14-5105	519	0.0257823853
352	FT911-6-2056	520	0.0257775881
352	FT911-7-2232	521	0.0257721418
352	FT911-10-3684	522	0.0257664754
352	FT911-13-4729	523	0.0257029164
352	FT911-9-3242	524	0.0256667685
352	FT911-10-3459	525	0.0256335579
352	FT911-1-27	526	0.0256257128
352	FT911-7-2576	527	0.0256083490
352	FT911-2-476	528	0.0255969164
352	FT911-1-284	529	0.0255932883
352	FT911-2-717	530	0.0255306116
352	FT911-3-798	531	0.0254808726
352	FT911-1-340	532	0.0254421875
352	FT911-8-2660	533	0.0253651638
352	FT911-3-1021	534	0.0253041938
352	FT911-12-4035	535	0.0252824818
352	FT911-9-3159	536	0.0252498536
352	FT911-7-2350	537	0.0252123917
352	FT911-14-4836	538	0.0251489604
352	FT911-1-200	539	0.0251469522
352	FT911-5-1623	540	0.0251180723
352	FT911-3-921	541	0.0251032001
352	FT911-6-1870	542	0.0250675663
352	FT911-2-630	543	0.0250462196
352	FT911-4-1168	544	0.0250239893
352	FT911-12-4288	545	0.0250225471
352	FT911-4-1166	546	0.0250223176
352	FT911-10-3513	547	0.0249357896
352	FT911-14-4813	548	0.0248912301
352	FT911-3-771	549	0.0248354098
352	FT911-14-4782	550	0.0248256476
352	FT911-15-5311	551	0.0248209027
352	FT911-5-1817	552	0.0247931753
352	FT911-3-1034	553	0.0247464501
352	FT911-8-2727	554	0.0247429634
352	FT911-11-3818	555	0.0246896322
352	FT911-5-1766	556	0.0246474567
352	FT911-3-1093	557	0.0246183438
352	FT911-15-5308	558	0.0245958593
352	FT911-6-2145	559	0.0245131249
352	FT911-12-4268	560	0.0244785820
352	FT911-15-5266	561	0.0244772730
352	FT911-8-2883	562	0.0244539035
352	FT911-3-792	563	0.0244448599
352	FT911-6-1893	564	0.0243927821
352	FT911-13-4670	565	0.0243860959
352	FT911-1-36	566	0.0243576466
352	FT911-10-3555	567	0.0243426239
352	FT911-4-1344	568	0.0243297299
352	FT911-2-677	569	0.0243230353
352	FT911-6-1991	570	0.0243191403
352	FT911-3-811	571	0.0243129458
352	FT911-10-3492	572	0.0242998821
352	FT911-15-5261	573	0.0242685428
352	FT911-14-4948	574	0.0241252854
352	FT911-3-820	575	0.0241221311
352	FT911-4-1109	576	0.0240557548
352	FT911-4-1220	577	0.0240551581
352	FT911-10-3640	578	0.0240269811
352	FT911-3-794	579	0.0239899122
352	FT911-12-4209	580	0.0239819049
352	FT911-10-3366	581	0.0238718234
352	FT911-5-1631	582	0.0238688961
352	FT911-8-2725	583	0.0238642073
352	FT911-10-3674	584	0.0238562895
352	FT911-9-3130	585	0.0237943854
352	FT911-12-4218	586	0.0237562171
352	FT911-14-4995	587	0.0237423617
352	FT911-1-372	588	0.0237261295
352	FT911-10-3660	589	0.0237053239
352	FT911-5-1668	590	0.0236600599
352	FT911-2-584	591	0.0236181495
352	FT911-12-4365	592	0.0236050759
352	FT911-9-3247	593	0.0235465003
352	FT911-3-886	594	0.0235456172
352	FT911-11-3957	595	0.0235393671
352	FT911-10-3457	596	0.0235050460
352	FT911-2-627	597	0.0234765526
352	FT911-3-917	598	0.0234242722
352	FT911-13-4394	599	0.0233872614
352	FT911-11-3742	600	0.0233693749
352	FT911-3-1013	601	0.0233609877
352	FT911-9-3227	602	0.0233573350
352	FT911-15-5260	603	0.0233411466
352	FT911-8-2879	604	0.0233001343
352	FT911-3-940	605	0.0232749563
352	FT911-14-4852	606	0.0232583800
352	FT911-2-486	607	0.0231840142
352	FT911-11-3886	608	0.0231607228
352	FT911-3-1030	609	0.0231451013
352	FT911-8-2666	610	0.0231153033
352	FT911-3-1001	611	0.0231122771
352	FT911-14-4918	612	0.0231015581
352	FT911-15-5279	613	0.0230826748
352	FT911-1-285	614	0.0230141994
352	FT911-12-4220	615	0.0230097459
352	FT911-4-1120	616	0.0229647322
352	FT911-15-5180	617	0.0229627228
352	FT911-4-1108	618	0.0229487953
352	FT911-6-2009	619	0.0229170591
352	FT911-10-3649	620	0.0228967431
352	FT911-14-4753	621	0.0228950867
352	FT911-12-4075	622	0.0228940314
352	FT911-1-224	623	0.0228916079
352	FT911-14-4840	624	0.0228741537
352	FT911-10-3354	625	0.0228327369
352	FT911-15-5271	626	0.0228187727
352	FT911-8-2792	627	0.0228179796
352	FT911-10-3467	628	0.0227552059
352	FT911-2-719	629	0.0227449154
352	FT911-4-1306	630	0.0227106370
352	FT911-13-4538	631	0.0227017238
352	FT911-12-4040	632	0.0226436668
352	FT911-2-656	633	0.0226339910
352	FT911-4-1429	634	0.0225975011
352	FT911-6-1879	635	0.0225938596
352	FT911-6-1874	636	0.0225757052
352	FT911-11-3787	637	0.0225310546
352	FT911-14-4756	638	0.0225085094
352	FT911-3-814	639	0.0224952205
352	FT911-1-140	640	0.0224685078
352	FT911-6-1997	641	0.0224500575
352	FT911-15-5231	642	0.0224226497
352	FT911-3-786	643	0.0223863228
352	FT911-13-4591	644	0.0223639526
352	FT911-8-2624	645	0.0223578555
352	FT911-6-2093	646	0.0223409484
352	FT911-6-2074	647	0.0222725128
352	FT911-6-2011	648	0.0222151968
352	FT911-4-1170	649	0.0221794197
352	FT911-4-1404	650	0.0221704226
352	FT911-2-536	651	0.0221530390
352	FT911-9-3219	652	0.0221519446
352	FT911-14-4752	653	0.0221200497
352	FT911-12-4286	654	0.0221086024
352	FT911-7-2373	655	0.0221068170
352	FT911-7-2297	656	0.0220622198
352	FT911-4-1102	657	0.0220387409
352	FT911-8-2877	658	0.0219987615
352	FT911-1-265	659	0.0219564751
352	FT911-4-1117	660	0.0219449467
352	FT911-11-3887	661	0.0219353088
352	FT911-14-5087	662	0.0219111929
352	FT911-8-2663	663	0.0218811399
352	FT911-9-3000	664	0.0218582667
352	FT911-2-623	665	0.0218444708
352	FT911-5-1752	666	0.0217879846
352	FT911-10-3542	667	0.0217784078
352	FT911-1-50	668	0.0217400096
352	FT911-9-3322	669	0.0215828943
352	FT911-14-4831	670	0.0215464282
352	FT911-9-3244	671	0.0214705157
352	FT911-5-1633	672	0.0214447515
352	FT911-2-645	673	0.0213642700
352	FT911-10-3529	674	0.0213587401
352	FT911-5-1644	675	0.0213482533
352	FT911-4-1222	676	0.0212657331
352	FT911-14-4856	677	0.0212618790
352	FT911-7-2394	678	0.0212424136
352	FT911-7-2364	679	0.0212058526
352	FT911-7-2510	680	0.0212017244
352	FT911-13-4451	681	0.0211825406
352	FT911-6-2134	682	0.0211789745
352	FT911-2-570	683	0.0211393685
352	FT911-1-45	684	0.0211116276
352	FT911-7-2486	685	0.0210820121
352	FT911-2-449	686	0.0210569736
352	FT911-12-4282	687	0.0210512498
352	FT911-14-5036	688	0.0209530311
352	FT911-11-3797	689	0.0209089625
352	FT911-14-4990	690	0.0208717386
352	FT911-7-2376	691	0.0208479005
352	FT911-14-5066	692	0.0208068150
352	FT911-2-419	693	0.0207983716
352	FT911-1-313	694	0.0207879000
352	FT911-8-2787	695	0.0207514367
352	FT911-8-2742	696	0.0207442172
352	FT911-12-4298	697	0.0207298406
352	FT911-6-2113	698	0.0206225250
352	FT911-7-2573	699	0.0206143608
352	FT911-10-3539	700	0.0205760838
352	FT911-5-1652	701	0.0205663258
352	FT911-8-2630	702	0.0205633070
352	FT911-3-1002	703	0.0205605889
352	FT911-2-622	704	0.0205591574
352	FT911-3-1054	705	0.0205277434
352	FT911-3-1062	706	0.0205109822
352	FT911-2-644	707	0.0205081205
352	FT911-10-3612	708	0.0205010623
352	FT911-9-3034	709	0.0203554391
352	FT911-7-2237	710	0.0203539271
352	FT911-6-2128	711	0.0203410006
352	FT911-11-3932	712	0.0203262268
352	FT911-7-2255	713	0.0203003499
352	FT911-15-5326	714	0.0202966007
352	FT911-1-370	715	0.0202546824
352	FT911-5-1611	716	0.0202483532
352	FT911-1-240	717	0.0202076934
352	FT911-11-3896	718	0.0201940132
352	FT911-14-4957	719	0.0201751183
352	FT911-4-1364	720	0.0201489029
352	FT911-3-1039	721	0.0201204566
352	FT911-8-2830	722	0.0200912521
352	FT911-7-2448	723	0.0200873413
352	FT911-10-3657	724	0.0200506515
352	FT911-7-2235	725	0.0200396484
352	FT911-9-3075	726	0.0199918110
352	FT911-14-4932	727	0.0199500513
352	FT911-8-2823	728	0.0199261735
352	FT911-10-3692	729	0.0198804459
352	FT911-15-5184	730	0.0198306554
352	FT911-6-2065	731	0.0198239809
352	FT911-2-553	732	0.0198050345
352	FT911-14-4974	733	0.0197852125
352	FT911-6-2146	734	0.0196958376
352	FT911-10-3443	735	0.0196305572
352	FT911-6-2154	736	0.0195708555
352	FT911-7-2563	737	0.0194438593
352	FT911-14-5044	738	0.0194339749
352	FT911-6-2036	739	0.0194264332
352	FT911-12-4205	740	0.0194177200
352	FT911-12-4229	741	0.0193645027
352	FT911-14-4824	742	0.0193317074
352	FT911-8-2819	743	0.0193211561
352	FT911-1-136	744	0.0192981503
352	FT911-13-4479	745	0.0192642077
352	FT911-8-2827	746	0.0192563587
352	FT911-12-4176	747	0.0192051332
352	FT911-3-1038	748	0.0191898888
352	FT911-8-2797	749	0.0191736662
352	FT911-10-3652	750	0.0191152266
352	FT911-9-3116	751	0.0190680633
352	FT911-4-1415	752	0.0190280761
352	FT911-13-4501	753	0.0190148375
352	FT911-3-1019	754	0.0189739122
352	FT911-13-4692	755	0.0188923586
352	FT911-12-4312	756	0.0188876295
352	FT911-12-4099	757	0.0188329237
352	FT911-3-1056	758	0.0188103451
352	FT911-6-1883	759	0.0187972940
352	FT911-12-4094	760	0.0187906057
352	FT911-9-2957	761	0.0187874861
352	FT911-11-3949	762	0.0187361221
352	FT911-3-780	763	0.0186720289
352	FT911-11-3729	764	0.0186650084
352	FT911-5-1670	765	0.0186592315
352	FT911-6-1861	766	0.0185898917
352	FT911-9-3278	767	0.0185334852
352	FT911-13-4730	768	0.0184322547
352	FT911-9-3165	769	0.0184193753
352	FT911-11-3929	770	0.0184121499
352	FT911-3-911	771	0.0184014620
352	FT911-14-5080	772	0.0182886286
352	FT911-8-2770	773	0.0182699302
352	FT911-8-2798	774	0.0182560857
352	FT911-11-3902	775	0.0182558420
352	FT911-1-92	776	0.0182097184
352	FT911-11-3885	777	0.0181704793
352	FT911-14-4781	778	0.0181562773
352	FT911-10-3642	779	0.0181416932
352	FT911-13-4374	780	0.0180884879
352	FT911-2-477	781	0.0180635919
352	FT911-6-2144	782	0.0180567515
352	FT911-9-3026	783	0.0180103468
352	FT911-10-3430	784	0.0180044991
352	FT911-9-3191	785	0.0179853613
352	FT911-5-1603	786	0.0178223416
352	FT911-2-678	787	0.0177803109
352	FT911-11-3809	788	0.0177443225
352	FT911-6-2201	789	0.0177439425
352	FT911-13-4735	790	0.0176649786
352	FT911-6-1875	791	0.0176399503
352	FT911-4-1398	792	0.0176376788
352	FT911-11-3892	793	0.0176301343
352	FT911-11-3841	794	0.0176222019
352	FT911-2-431	795	0.0175797102
352	FT911-9-3304	796	0.0175503804
352	FT911-14-5124	797	0.0174472465
352	FT911-2-425	798	0.0174457002
352	FT911-6-2164	799	0.0174097157
352	FT911-11-3925	800	0.0173555807
352	FT911-9-3175	801	0.0172014214
352	FT911-14-4934	802	0.0171598016
352	FT911-11-3838	803	0.0170616443
352	FT911-3-738	804	0.0170612715
352	FT911-6-2075	805	0.0170158890
352	FT911-7-2355	806	0.0169622101
352	FT911-10-3645	807	0.0169053430
352	FT911-15-5248	808	0.0168554326
352	FT911-6-2094	809	0.0167913180
352	FT911-13-4601	810	0.0167759532
352	FT911-5-1512	811	0.0167461041
352	FT911-7-2269	812	0.0167412317
352	FT911-2-624	813	0.0167411319
352	FT911-13-4482	814	0.0166755772
352	FT911-15-5272	815	0.0166622209
352	FT911-8-2633	816	0.0166452185
352	FT911-1-209	817	0.0165836665
352	FT911-11-3790	818	0.0165785906
352	FT911-14-5023	819	0.0165157671
352	FT911-11-3837	820	0.0164978183
352	FT911-14-4947	821	0.0164797096
352	FT911-1-22	822	0.0164737162
352	FT911-9-3109	823	0.0164609154
352	FT911-13-4596	824	0.0164601638
352	FT911-10-3376	825	0.0164499935
352	FT911-11-4003	826	0.0164447201
352	FT911-11-3934	827	0.0164389285
352	FT911-3-844	828	0.0163874017
352	FT911-6-2173	829	0.0163584551
352	FT911-15-5137	830	0.0162990122
352	FT911-9-3235	831	0.0162610089
352	FT911-5-1601	832	0.0162591550
352	FT911-14-4823	833	0.0162323016
352	FT911-1-223	834	0.0161995065
352	FT911-1-73	835	0.0161728566
352	FT911-6-2211	836	0.0161345646
352	FT911-8-2785	837	0.0161300988
352	FT911-13-4694	838	0.0159693479
352	FT911-12-4172	839	0.0159501025
352	FT911-11-3738	840	0.0159384803
352	FT911-14-5067	841	0.0159264380
352	FT911-4-1406	842	0.0159215295
352	FT911-1-93	843	0.0158963916
352	FT911-7-2463	844	0.0158927812
352	FT911-11-3960	845	0.0158847806
352	FT911-11-3845	846	0.0158328398
352	FT911-1-111	847	0.0158292662
352	FT911-8-2820	848	0.0157908680
352	FT911-11-3894	849	0.0157826989
352	FT911-5-1683	850	0.0157797057
352	FT911-7-2278	851	0.0157367997
352	FT911-13-4478	852	0.0157114798
352	FT911-1-39	853	0.0156980062
352	FT911-14-4797	854	0.0156652252
352	FT911-10-3426	855	0.0156558234
352	FT911-3-944	856	0.0155954562
352	FT911-3-1060	857	0.0155403336
352	FT911-10-3601	858	0.0155346510
352	FT911-3-948	859	0.0155241881
352	FT911-3-965	860	0.0155180392
352	FT911-14-4750	861	0.0155138966
352	FT911-13-4744	862	0.0155108717
352	FT911-1-32	863	0.0155102709
352	FT911-6-2101	864	0.0155047922
352	FT911-8-2833	865	0.0155013452
352	FT911-3-1092	866	0.0154538981
352	FT911-6-1990	867	0.0154458489
352	FT911-4-1291	868	0.0154196119
352	FT911-10-3331	869	0.0153777627
352	FT911-6-1977	870	0.0153190759
352	FT911-3-991	871	0.0152910876
352	FT911-13-4684	872	0.0152904140
352	FT911-15-5329	873	0.0152846856
352	FT911-5-1686	874	0.0152814974
352	FT911-6-1841	875	0.0152788599
352	FT911-11-3820	876	0.0152369668
352	FT911-4-1277	877	0.0152129205
352	FT911-4-1248	878	0.0152110199
352	FT911-3-939	879	0.0151787964
352	FT911-4-1173	880	0.0151760974
352	FT911-5-1675	881	0.0151511576
352	FT911-10-3429	882	0.0151474477
352	FT911-7-2397	883	0.0151398053
352	FT911-6-1834	884	0.0151105405
352	FT911-3-1066	885	0.0150615231
352	FT911-8-2726	886	0.0150445522
352	FT911-8-2834	887	0.0150402944
352	FT911-7-2363	888	0.0149732660
352	FT911-5-1614	889	0.0149448610
352	FT911-5-1743	890	0.0149293513
352	FT911-13-4411	891	0.0149102625
352	FT911-14-4930	892	0.0148876365
352	FT911-12-4213	893	0.0148627308
352	FT911-3-742	894	0.0148606775
352	FT911-14-4783	895	0.0148584455
352	FT911-8-2897	896	0.0148426548
352	FT911-8-2708	897	0.0148423854
352	FT911-4-1249	898	0.0148211982
352	FT911-14-4943	899	0.0148039420
352	FT911-1-79	900	0.0148036099
352	FT911-1-321	901	0.0147586287
352	FT911-11-3959	902	0.0147006351
352	FT911-11-3911	903	0.0146604222
352	FT911-9-3287	904	0.0146452604
352	FT911-1-81	905	0.0146408588
352	FT911-11-3924	906	0.0146083530
352	FT911-2-515	907	0.0145218741
352	FT911-13-4543	908	0.0144992753
352	FT911-2-505	909	0.0144764686
352	FT911-3-961	910	0.0144753833
352	FT911-13-4382	911	0.0144452444
352	FT911-1-95	912	0.0143835413
352	FT911-6-1933	913	0.0143712212
352	FT911-8-2886	914	0.0143510456
352	FT911-7-2280	915	0.0143155212
352	FT911-3-849	916	0.0143094645
352	FT911-13-4669	917	0.0143007725
352	FT911-12-4364	918	0.0142820937
352	FT911-1-47	919	0.0142219107
352	FT911-5-1688	920	0.0142067656
352	FT911-9-3234	921	0.0141963102
352	FT911-5-1767	922	0.0141925923
352	FT911-7-2311	923	0.0141259293
352	FT911-12-4108	924	0.0141092498
352	FT911-5-1690	925	0.0141072110
352	FT911-11-3716	926	0.0140997354
352	FT911-4-1246	927	0.0140840204
352	FT911-15-5167	928	0.0140626834
352	FT911-7-2453	929	0.0139698212
352	FT911-5-1591	930	0.0139258443
352	FT911-4-1234	931	0.0139216430
352	FT911-4-1159	932	0.0138963127
352	FT911-3-740	933	0.0138838196
352	FT911-15-5275	934	0.0138313180
352	FT911-7-2220	935	0.0138300543
352	FT911-3-985	936	0.0138255582
352	FT911-9-3134	937	0.0138120571
352	FT911-7-2567	938	0.0138079794
352	FT911-3-968	939	0.0137815762
352	FT911-12-4126	940	0.0137644037
352	FT911-3-746	941	0.0137430169
352	FT911-13-4685	942	0.0137359327
352	FT911-12-4299	943	0.0137051558
352	FT911-5-1519	944	0.0137019087
352	FT911-2-636	945	0.0136697834
352	FT911-2-559	946	0.0136589396
352	FT911-5-1672	947	0.0135846549
352	FT911-12-4059	948	0.0135812020
352	FT911-13-4564	949	0.0135508176
352	FT911-5-1821	950	0.0135488535
352	FT911-4-1410	951	0.0135275239
352	FT911-12-4104	952	0.0134847112
352	FT911-11-3808	953	0.0134368473
352	FT911-9-3207	954	0.0133663155
352	FT911-15-5151	955	0.0133626994
352	FT911-7-2606	956	0.0133433902
352	FT911-12-4105	957	0.0133275459
352	FT911-7-2577	958	0.0133260746
352	FT911-12-4106	959	0.0132979430
352	FT911-8-2741	960	0.0132956530
352	FT911-9-3111	961	0.0132863435
352	FT911-4-1414	962	0.0132570924
352	FT911-7-2249	963	0.0132152433
352	FT911-6-1920	964	0.0131929739
352	FT911-8-2679	965	0.0131769489
352	FT911-7-2565	966	0.0131442530
352	FT911-10-3644	967	0.0131438344
352	FT911-14-4973	968	0.0131336753
352	FT911-6-2153	969	0.0130996729
352	FT911-11-3891	970	0.0130967446
352	FT911-6-1989	971	0.0130613176
352	FT911-3-1004	972	0.0130062713
352	FT911-8-2885	973	0.0129839905
352	FT911-2-510	974	0.0129713675
352	FT911-6-1898	975	0.0129689064
352	FT911-8-2649	976	0.0129568799
352	FT911-5-1490	977	0.0129375162
352	FT911-10-3540	978	0.0129369575
352	FT911-6-1931	979	0.0129333183
352	FT911-3-971	980	0.0128609713
352	FT911-11-3728	981	0.0128605729
352	FT911-5-1776	982	0.0128318638
352	FT911-8-2838	983	0.0127991845
352	FT911-15-5142	984	0.0127905528
352	FT911-13-4460	985	0.0127856533
352	FT911-11-3921	986	0.0127572138
352	FT911-12-4363	987	0.0127119575
352	FT911-5-1831	988	0.0127001228
352	FT911-14-5024	989	0.0126407327
352	FT911-5-1548	990	0.0126268424
352	FT911-14-4855	991	0.0125757977
352	FT911-7-2257	992	0.0125425279
352	FT911-9-3232	993	0.0125358494
352	FT911-9-2964	994	0.0125292342
352	FT911-15-5132	995	0.0125205952
352	FT911-9-3132	996	0.0125070591
352	FT911-7-2263	997	0.0124532499
352	FT911-10-3656	998	0.0124437144
352	FT911-2-626	999	0.0124273110
352	FT911-7-2570	1000	0.0124224467
352	FT911-5-1545	1001	0.0123516383
352	FT911-13-4471	1002	0.0122866549
352	FT911-6-2182	1003	0.0122437325
352	FT911-9-3291	1004	0.0122380152
352	FT911-9-3211	1005	0.0122337376
352	FT911-14-5128	1006	0.0121847956
352	FT911-10-3658	1007	0.0121453466
352	FT911-9-3035	1008	0.0121434513
352	FT911-12-4170	1009	0.0121077423
352	FT911-2-417	1010	0.0120814724
352	FT911-7-2455	1011	0.0120799339
352	FT911-6-2183	1012	0.0120681515
352	FT911-9-3231	1013	0.0120429396
352	FT911-4-1412	1014	0.0120016537
352	FT911-4-1243	1015	0.0119776511
352	FT911-13-4508	1016	0.0119642424
352	FT911-14-5047	1017	0.0119243820
352	FT911-9-3283	1018	0.0119042385
352	FT911-9-3308	1019	0.0118997462
352	FT911-15-5147	1020	0.0118820407
352	FT911-6-2190	1021	0.0118748651
352	FT911-13-4570	1022	0.0118707934
352	FT911-8-2837	1023	0.0118226321
352	FT911-1-38	1024	0.0117804104
352	FT911-6-2185	1025	0.0117367968
352	FT911-4-1238	1026	0.0117097910
352	FT911-14-5125	1027	0.0117015826
352	FT911-11-3791	1028	0.0116426881
352	FT911-4-1266	1029	0.0116333576
352	FT911-14-5123	1030	0.0116261264
352	FT911-4-1233	1031	0.0115787237
352	FT911-6-1907	1032	0.0115609219
352	FT911-6-2172	1033	0.0115369651
352	FT911-5-1828	1034	0.0115362549
352	FT911-8-2839	1035	0.0114266792
352	FT911-6-2184	1036	0.0113970562
352	FT911-14-5026	1037	0.0113118844
352	FT911-14-5085	1038	0.0112577531
352	FT911-3-777	1039	0.0112500886
352	FT911-10-3338	1040	0.0112257800
352	FT911-9-3307	1041	0.0112045358
352	FT911-6-2169	1042	0.0111630410
352	FT911-6-2181	1043	0.0111443326
352	FT911-7-2334	1044	0.0110993298
352	FT911-11-3936	1045	0.0110644951
352	FT911-2-426	1046	0.0109170794
352	FT911-4-1267	1047	0.0109053023
352	FT911-12-4109	1048	0.0108730113
352	FT911-7-2562	1049	0.0108646501
352	FT911-13-4641	1050	0.0108596110
352	FT911-9-3314	1051	0.0108450733
352	FT911-13-4582	1052	0.0107365342
352	FT911-5-1552	1053	0.0107007885
352	FT911-9-3293	1054	0.0106374071
352	FT911-13-4642	1055	0.0104538302
352	FT911-13-4516	1056	0.0103640083
352	FT911-8-2634	1057	0.0102328615
352	FT911-9-3131	1058	0.0100980204
352	FT911-9-3310	1059	0.0100896081
352	FT911-13-4638	1060	0.0100825476
352	FT911-10-3543	1061	0.0099188378
352	FT911-14-5117	1062	0.0098335562
352	FT911-1-127	1063	0.0097066815
352	FT911-12-4049	1064	0.0096549300
352	FT911-15-5129	1065	0.0096325220
352	FT911-14-5029	1066	0.0096101726
352	FT911-8-2821	1067	0.0096073528
352	FT911-14-5120	1068	0.0094506930
352	FT911-8-2853	1069	0.0094281028
352	FT911-6-2067	1070	0.0093484936
352	FT911-13-4517	1071	0.0093092881
352	FT911-4-1240	1072	0.0092887365
352	FT911-9-3218	1073	0.0092382135
352	FT911-6-2191	1074	0.0092156432
352	FT911-9-3204	1075	0.0091929999
352	FT911-3-1068	1076	0.0091866829
352	FT911-9-3203	1077	0.0091298807
352	FT911-7-2221	1078	0.0091076961
352	FT911-3-1064	1079	0.0090320906
352	FT911-14-5127	1080	0.0090304678
352	FT911-14-5028	1081	0.0089848036
352	FT911-2-512	1082	0.0089546043
352	FT911-7-2513	1083	0.0088985933
352	FT911-15-5146	1084	0.0087862584
352	FT911-15-5232	1085	0.0086957050
352	FT911-13-4371	1086	0.0086398530
352	FT911-9-3074	1087	0.0086306330
352	FT911-14-4861	1088	0.0085514644
352	FT911-6-2031	1089	0.0085389002
352	FT911-7-2345	1090	0.0085337751
352	FT911-7-2299	1091	0.0085268523
352	FT911-15-5168	1092	0.0084478761
352	FT911-15-5206	1093	0.0083659353
352	FT911-9-3303	1094	0.0082997782
352	FT911-6-2168	1095	0.0082755193
352	FT911-14-5048	1096	0.0082499387
352	FT911-12-4127	1097	0.0081050312
352	FT911-4-1363	1098	0.0079283295
352	FT911-7-2381	1099	0.0078180311
352	FT911-1-137	1100	0.0077740088
352	FT911-8-2722	1101	0.0077062474
352	FT911-4-1171	1102	0.0077014969
352	FT911-13-4534	1103	0.0076673639
352	FT911-14-4784	1104	0.0076599817
352	FT911-14-4909	1105	0.0076403923
352	FT911-10-3603	1106	0.0075916848
352	FT911-5-1563	1107	0.0075229689
352	FT911-10-3340	1108	0.0072998662
352	FT911-5-1829	1109	0.0071519587
352	FT911-9-3172	1110	0.0070604643
352	FT911-4-1416	1111	0.0070438743
352	FT911-3-722	1112	0.0064026432
352	FT911-3-1063	1113	0.0062616907
352	FT911-1-1	1114	0.0000000000
352	FT911-1-2	1115	0.0000000000
352	FT911-1-3	1116	0.0000000000
352	FT911-1-4	1117	0.0000000000
352	FT911-1-5	1118	0.0000000000
352	FT911-1-6	1119	0.0000000000
352	FT911-1-7	1120	0.0000000000
352	FT911-1-8	1121	0.0000000000
352	FT911-1-9	1122	0.0000000000
352	FT911-1-11	1123	0.0000000000
352	FT911-1-12	1124	0.0000000000
352	FT911-1-13	1125	0.0000000000
352	FT911-1-14	1126	0.0000000000
352	FT911-1-15	1127	0.0000000000
352	FT911-1-16	1128	0.0000000000
352	FT911-1-18	1129	0.0000000000
352	FT911-1-19	1130	0.0000000000
352	FT911-1-20	1131	0.0000000000
352	FT911-1-21	1132	0.0000000000
352	FT911-1-24	1133	0.0000000000
352	FT911-1-25	1134	0.0000000000
352	FT911-1-26	1135	0.0000000000
352	FT911-1-28	1136	0.0000000000
352	FT911-1-29	1137	0.0000000000
352	FT911-1-30	1138	0.0000000000
352	FT911-1-31	1139	0.0000000000
352	FT911-1-33	1140	0.0000000000
352	FT911-1-34	1141	0.0000000000
352	FT911-1-35	1142	0.0000000000
352	FT911-1-37	1143	0.0000000000
352	FT911-1-40	1144	0.0000000000
352	FT911-1-41	1145	0.0000000000
352	FT911-1-42	1146	0.0000000000
352	FT911-1-43	1147	0.0000000000
352	FT911-1-44	1148	0.0000000000
352	FT911-1-46	1149	0.0000000000
352	FT911-1-52	1150	0.0000000000
352	FT911-1-53	1151	0.0000000000
352	FT911-1-54	1152	0.0000000000
352	FT911-1-55	1153	0.0000000000
352	FT911-1-56	1154	0.0000000000
352	FT911-1-58	1155	0.0000000000
352	FT911-1-59	1156	0.0000000000
352	FT911-1-60	1157	0.0000000000
352	FT911-1-61	1158	0.0000000000
352	FT911-1-62	1159	0.0000000000
352	FT911-1-64	1160	0.0000000000
352	FT911-1-66	1161	0.0000000000
352	FT911-1-67	1162	0.0000000000
352	FT911-1-68	1163	0.0000000000
352	FT911-1-69	1164	0.0000000000
352	FT911-1-70	1165	0.0000000000
352	FT911-1-72	1166	0.0000000000
352	FT911-1-74	1167	0.0000000000
352	FT911-1-75	1168	0.0000000000
352	FT911-1-76	1169	0.0000000000
352	FT911-1-77	1170	0.0000000000
352	FT911-1-78	1171	0.0000000000
352	FT911-1-80	1172	0.0000000000
352	FT911-1-82	1173	0.0000000000
352	FT911-1-83	1174	0.0000000000
352	FT911-1-84	1175	0.0000000000
352	FT911-1-85	1176	0.0000000000
352	FT911-1-86	1177	0.0000000000
352	FT911-1-87	1178	0.0000000000
352	FT911-1-89	1179	0.0000000000
352	FT911-1-90	1180	0.0000000000
352	FT911-1-91	1181	0.0000000000
352	FT911-1-94	1182	0.0000000000
352	FT911-1-96	1183	0.0000000000
352	FT911-1-97	1184	0.0000000000
352	FT911-1-98	1185	0.0000000000
352	FT911-1-99	1186	0.0000000000
352	FT911-1-100	1187	0.0000000000
352	FT911-1-101	1188	0.0000000000
352	FT911-1-102	1189	0.0000000000
352	FT911-1-103	1190	0.0000000000
352	FT911-1-104	1191	0.0000000000
352	FT911-1-105	1192	0.0000000000
352	FT911-1-106	1193	0.0000000000
352	FT911-1-107	1194	0.0000000000
352	FT911-1-108	1195	0.0000000000
352	FT911-1-109	1196	0.0000000000
352	FT911-1-112	1197	0.0000000000
352	FT911-1-113	1198	0.0000000000
352	FT911-1-114	1199	0.0000000000
352	FT911-1-117	1200	0.0000000000
352	FT911-1-118	1201	0.0000000000
352	FT911-1-120	1202	0.0000000000
352	FT911-1-121	1203	0.0000000000
352	FT911-1-122	1204	0.0000000000
352	FT911-1-123	1205	0.0000000000
352	FT911-1-125	1206	0.0000000000
352	FT911-1-126	1207	0.0000000000
352	FT911-1-128	1208	0.0000000000
352	FT911-1-129	1209	0.0000000000
352	FT911-1-130	1210	0.0000000000
352	FT911-1-131	1211	0.0000000000
352	FT911-1-132	1212	0.0000000000
352	FT911-1-133	1213	0.0000000000
352	FT911-1-134	1214	0.0000000000
352	FT911-1-135	1215	0.0000000000
352	FT911-1-138	1216	0.0000000000
352	FT911-1-139	1217	0.0000000000
352	FT911-1-141	1218	0.0000000000
352	FT911-1-142	1219	0.0000000000
352	FT911-1-143	1220	0.0000000000
352	FT911-1-144	1221	0.0000000000
352	FT911-1-145	1222	0.0000000000
352	FT911-1-146	1223	0.0000000000
352	FT911-1-147	1224	0.0000000000
352	FT911-1-148	1225	0.0000000000
352	FT911-1-149	1226	0.0000000000
352	FT911-1-150	1227	0.0000000000
352	FT911-1-151	1228	0.0000000000
352	FT911-1-152	1229	0.0000000000
352	FT911-1-153	1230	0.0000000000
352	FT911-1-154	1231	0.0000000000
352	FT911-1-155	1232	0.0000000000
352	FT911-1-157	1233	0.0000000000
352	FT911-1-158	1234	0.0000000000
352	FT911-1-159	1235	0.0000000000
352	FT911-1-160	1236	0.0000000000
352	FT911-1-161	1237	0.0000000000
352	FT911-1-162	1238	0.0000000000
352	FT911-1-163	1239	0.0000000000
352	FT911-1-164	1240	0.0000000000
352	FT911-1-165	1241	0.0000000000
352	FT911-1-166	1242	0.0000000000
352	FT911-1-167	1243	0.0000000000
352	FT911-1-168	1244	0.0000000000
352	FT911-1-170	1245	0.0000000000
352	FT911-1-173	1246	0.0000000000
352	FT911-1-174	1247	0.0000000000
352	FT911-1-175	1248	0.0000000000
352	FT911-1-176	1249	0.0000000000
352	FT911-1-177	1250	0.0000000000
352	FT911-1-178	1251	0.0000000000
352	FT911-1-179	1252	0.0000000000
352	FT911-1-180	1253	0.0000000000
352	FT911-1-182	1254	0.0000000000
352	FT911-1-183	1255	0.0000000000
352	FT911-1-184	1256	0.0000000000
352	FT911-1-185	1257	0.0000000000
352	FT911-1-186	1258	0.0000000000
352	FT911-1-189	1259	0.0000000000
352	FT911-1-190	1260	0.0000000000
352	FT911-1-191	1261	0.0000000000
352	FT911-1-192	1262	0.0000000000
352	FT911-1-193	1263	0.0000000000
352	FT911-1-194	1264	0.0000000000
352	FT911-1-195	1265	0.0000000000
352	FT911-1-196	1266	0.0000000000
352	FT911-1-197	1267	0.0000000000
352	FT911-1-198	1268	0.0000000000
352	FT911-1-201	1269	0.0000000000
352	FT911-1-202	1270	0.0000000000
352	FT911-1-204	1271	0.0000000000
352	FT911-1-206	1272	0.0000000000
352	FT911-1-207	1273	0.0000000000
352	FT911-1-208	1274	0.0000000000
352	FT911-1-210	1275	0.0000000000
352	FT911-1-211	1276	0.0000000000
352	FT911-1-214	1277	0.0000000000
352	FT911-1-215	1278	0.0000000000
352	FT911-1-216	1279	0.0000000000
352	FT911-1-217	1280	0.0000000000
352	FT911-1-219	1281	0.0000000000
352	FT911-1-221	1282	0.0000000000
352	FT911-1-222	1283	0.0000000000
352	FT911-1-225	1284	0.0000000000
352	FT911-1-226	1285	0.0000000000
352	FT911-1-227	1286	0.0000000000
352	FT911-1-228	1287	0.0000000000
352	FT911-1-229	1288	0.0000000000
352	FT911-1-230	1289	0.0000000000
352	FT911-1-231	1290	0.0000000000
352	FT911-1-232	1291	0.0000000000
352	FT911-1-233	1292	0.0000000000
352	FT911-1-234	1293	0.0000000000
352	FT911-1-235	1294	0.0000000000
352	FT911-1-236	1295	0.0000000000
352	FT911-1-237	1296	0.0000000000
352	FT911-1-238	1297	0.0000000000
352	FT911-1-241	1298	0.0000000000
352	FT911-1-242	1299	0.0000000000
352	FT911-1-243	1300	0.0000000000
352	FT911-1-244	1301	0.0000000000
352	FT911-1-245	1302	0.0000000000
352	FT911-1-246	1303	0.0000000000
352	FT911-1-247	1304	0.0000000000
352	FT911-1-248	1305	0.0000000000
352	FT911-1-249	1306	0.0000000000
352	FT911-1-250	1307	0.0000000000
352	FT911-1-251	1308	0.0000000000
352	FT911-1-252	1309	0.0000000000
352	FT911-1-253	1310	0.0000000000
352	FT911-1-254	1311	0.0000000000
352	FT911-1-255	1312	0.0000000000
352	FT911-1-256	1313	0.0000000000
352	FT911-1-257	1314	0.0000000000
352	FT911-1-258	1315	0.0000000000
352	FT911-1-260	1316	0.0000000000
352	FT911-1-261	1317	0.0000000000
352	FT911-1-262	1318	0.0000000000
352	FT911-1-263	1319	0.0000000000
352	FT911-1-264	1320	0.0000000000
352	FT911-1-266	1321	0.0000000000
352	FT911-1-267	1322	0.0000000000
352	FT911-1-268	1323	0.0000000000
352	FT911-1-269	1324	0.0000000000
352	FT911-1-270	1325	0.0000000000
352	FT911-1-271	1326	0.0000000000
352	FT911-1-272	1327	0.0000000000
352	FT911-1-274	1328	0.0000000000
352	FT911-1-275	1329	0.0000000000
352	FT911-1-276	1330	0.0000000000
352	FT911-1-277	1331	0.0000000000
352	FT911-1-278	1332	0.0000000000
352	FT911-1-279	1333	0.0000000000
352	FT911-1-280	1334	0.0000000000
352	FT911-1-281	1335	0.0000000000
352	FT911-1-282	1336	0.0000000000
352	FT911-1-286	1337	0.0000000000
352	FT911-1-287	1338	0.0000000000
352	FT911-1-288	1339	0.0000000000
352	FT911-1-289	1340	0.0000000000
352	FT911-1-290	1341	0.0000000000
352	FT911-1-291	1342	0.0000000000
352	FT911-1-292	1343	0.0000000000
352	FT911-1-293	1344	0.0000000000
352	FT911-1-294	1345	0.0000000000
352	FT911-1-295	1346	0.0000000000
352	FT911-1-297	1347	0.0000000000
352	FT911-1-298	1348	0.0000000000
352	FT911-1-299	1349	0.0000000000
352	FT911-1-300	1350	0.0000000000
352	FT911-1-301	1351	0.0000000000
352	FT911-1-302	1352	0.0000000000
352	FT911-1-303	1353	0.0000000000
352	FT911-1-304	1354	0.0000000000
352	FT911-1-305	1355	0.0000000000
352	FT911-1-306	1356	0.0000000000
352	FT911-1-307	1357	0.0000000000
352	FT911-1-309	1358	0.0000000000
352	FT911-1-311	1359	0.0000000000
352	FT911-1-312	1360	0.0000000000
352	FT911-1-314	1361	0.0000000000
352	FT911-1-315	1362	0.0000000000
352	FT911-1-317	1363	0.0000000000
352	FT911-1-318	1364	0.0000000000
352	FT911-1-322	1365	0.0000000000
352	FT911-1-324	1366	0.0000000000
352	FT911-1-325	1367	0.0000000000
352	FT911-1-326	1368	0.0000000000
352	FT911-1-327	1369	0.0000000000
352	FT911-1-328	1370	0.0000000000
352	FT911-1-330	1371	0.0000000000
352	FT911-1-331	1372	0.0000000000
352	FT911-1-332	1373	0.0000000000
352	FT911-1-333	1374	0.0000000000
352	FT911-1-334	1375	0.0000000000
352	FT911-1-335	1376	0.0000000000
352	FT911-1-336	1377	0.0000000000
352	FT911-1-337	1378	0.0000000000
352	FT911-1-338	1379	0.0000000000
352	FT911-1-341	1380	0.0000000000
352	FT911-1-342	1381	0.0000000000
352	FT911-1-343	1382	0.0000000000
352	FT911-1-344	1383	0.0000000000
352	FT911-1-345	1384	0.0000000000
352	FT911-1-346	1385	0.0000000000
352	FT911-1-347	1386	0.0000000000
352	FT911-1-348	1387	0.0000000000
352	FT911-1-349	1388	0.0000000000
352	FT911-1-350	1389	0.0000000000
352	FT911-1-352	1390	0.0000000000
352	FT911-1-353	1391	0.0000000000
352	FT911-1-354	1392	0.0000000000
352	FT911-1-355	1393	0.0000000000
352	FT911-1-356	1394	0.0000000000
352	FT911-1-357	1395	0.0000000000
352	FT911-1-358	1396	0.0000000000
352	FT911-1-360	1397	0.0000000000
352	FT911-1-361	1398	0.0000000000
352	FT911-1-362	1399	0.0000000000
352	FT911-1-363	1400	0.0000000000
352	FT911-1-364	1401	0.0000000000
352	FT911-1-365	1402	0.0000000000
352	FT911-1-367	1403	0.0000000000
352	FT911-1-368	1404	0.0000000000
352	FT911-1-369	1405	0.0000000000
352	FT911-1-371	1406	0.0000000000
352	FT911-1-373	1407	0.0000000000
352	FT911-1-374	1408	0.0000000000
352	FT911-1-375	1409	0.0000000000
352	FT911-2-376	1410	0.0000000000
352	FT911-2-377	1411	0.0000000000
352	FT911-2-378	1412	0.0000000000
352	FT911-2-379	1413	0.0000000000
352	FT911-2-380	1414	0.0000000000
352	FT911-2-381	1415	0.0000000000
352	FT911-2-382	1416	0.0000000000
352	FT911-2-383	1417	0.0000000000
352	FT911-2-384	1418	0.0000000000
352	FT911-2-385	1419	0.0000000000
352	FT911-2-386	1420	0.0000000000
352	FT911-2-387	1421	0.0000000000
352	FT911-2-388	1422	0.0000000000
352	FT911-2-389	1423	0.0000000000
352	FT911-2-390	1424	0.0000000000
352	FT911-2-391	1425	0.0000000000
352	FT911-2-393	1426	0.0000000000
352	FT911-2-394	1427	0.0000000000
352	FT911-2-395	1428	0.0000000000
352	FT911-2-396	1429	0.0000000000
352	FT911-2-397	1430	0.0000000000
352	FT911-2-398	1431	0.0000000000
352	FT911-2-399	1432	0.0000000000
352	FT911-2-400	1433	0.0000000000
352	FT911-2-401	1434	0.0000000000
352	FT911-2-402	1435	0.0000000000
352	FT911-2-403	1436	0.0000000000
352	FT911-2-404	1437	0.0000000000
352	FT911-2-405	1438	0.0000000000
352	FT911-2-406	1439	0.0000000000
352	FT911-2-407	1440	0.0000000000
352	FT911-2-408	1441	0.0000000000
352	FT911-2-409	1442	0.0000000000
352	FT911-2-411	1443	0.0000000000
352	FT911-2-412	1444	0.0000000000
352	FT911-2-414	1445	0.0000000000
352	FT911-2-415	1446	0.0000000000
352	FT911-2-416	1447	0.0000000000
352	FT911-2-418	1448	0.0000000000
352	FT911-2-420	1449	0.0000000000
352	FT911-2-421	1450	0.0000000000
352	FT911-2-422	1451	0.0000000000
352	FT911-2-423	1452	0.0000000000
352	FT911-2-428	1453	0.0000000000
352	FT911-2-429	1454	0.0000000000
352	FT911-2-430	1455	0.0000000000
352	FT911-2-432	1456	0.0000000000
352	FT911-2-433	1457	0.0000000000
352	FT911-2-435	1458	0.0000000000
352	FT911-2-436	1459	0.0000000000
352	FT911-2-437	1460	0.0000000000
352	FT911-2-438	1461	0.0000000000
352	FT911-2-439	1462	0.0000000000
352	FT911-2-440	1463	0.0000000000
352	FT911-2-441	1464	0.0000000000
352	FT911-2-442	1465	0.0000000000
352	FT911-2-443	1466	0.0000000000
352	FT911-2-444	1467	0.0000000000
352	FT911-2-445	1468	0.0000000000
352	FT911-2-447	1469	0.0000000000
352	FT911-2-448	1470	0.0000000000
352	FT911-2-450	1471	0.0000000000
352	FT911-2-451	1472	0.0000000000
352	FT911-2-452	1473	0.0000000000
352	FT911-2-453	1474	0.0000000000
352	FT911-2-454	1475	0.0000000000
352	FT911-2-456	1476	0.0000000000
352	FT911-2-457	1477	0.0000000000
352	FT911-2-458	1478	0.0000000000
352	FT911-2-459	1479	0.0000000000
352	FT911-2-460	1480	0.0000000000
352	FT911-2-461	1481	0.0000000000
352	FT911-2-463	1482	0.0000000000
352	FT911-2-464	1483	0.0000000000
352	FT911-2-465	1484	0.0000000000
352	FT911-2-467	1485	0.0000000000
352	FT911-2-469	1486	0.0000000000
352	FT911-2-470	1487	0.0000000000
352	FT911-2-471	1488	0.0000000000
352	FT911-2-472	1489	0.0000000000
352	FT911-2-473	1490	0.0000000000
352	FT911-2-474	1491	0.0000000000
352	FT911-2-475	1492	0.0000000000
352	FT911-2-478	1493	0.0000000000
352	FT911-2-479	1494	0.0000000000
352	FT911-2-480	1495	0.0000000000
352	FT911-2-481	1496	0.0000000000
352	FT911-2-482	1497	0.0000000000
352	FT911-2-483	1498	0.0000000000
352	FT911-2-484	1499	0.0000000000
352	FT911-2-485	1500	0.0000000000
352	FT911-2-487	1501	0.0000000000
352	FT911-2-488	1502	0.0000000000
352	FT911-2-489	1503	0.0000000000
352	FT911-2-490	1504	0.0000000000
352	FT911-2-491	1505	0.0000000000
352	FT911-2-492	1506	0.0000000000
352	FT911-2-493	1507	0.0000000000
352	FT911-2-494	1508	0.0000000000
352	FT911-2-495	1509	0.0000000000
352	FT911-2-497	1510	0.0000000000
352	FT911-2-498	1511	0.0000000000
352	FT911-2-499	1512	0.0000000000
352	FT911-2-500	1513	0.0000000000
352	FT911-2-501	1514	0.0000000000
352	FT911-2-503	1515	0.0000000000
352	FT911-2-506	1516	0.0000000000
352	FT911-2-507	1517	0.0000000000
352	FT911-2-509	1518	0.0000000000
352	FT911-2-511	1519	0.0000000000
352	FT911-2-513	1520	0.0000000000
352	FT911-2-514	1521	0.0000000000
352	FT911-2-516	1522	0.0000000000
352	FT911-2-517	1523	0.0000000000
352	FT911-2-518	1524	0.0000000000
352	FT911-2-519	1525	0.0000000000
352	FT911-2-520	1526	0.0000000000
352	FT911-2-521	1527	0.0000000000
352	FT911-2-522	1528	0.0000000000
352	FT911-2-523	1529	0.0000000000
352	FT911-2-524	1530	0.0000000000
352	FT911-2-525	1531	0.0000000000
352	FT911-2-526	1532	0.0000000000
352	FT911-2-528	1533	0.0000000000
352	FT911-2-529	1534	0.0000000000
352	FT911-2-530	1535	0.0000000000
352	FT911-2-531	1536	0.0000000000
352	FT911-2-532	1537	0.0000000000
352	FT911-2-533	1538	0.0000000000
352	FT911-2-534	1539	0.0000000000
352	FT911-2-535	1540	0.0000000000
352	FT911-2-537	1541	0.0000000000
352	FT911-2-538	1542	0.0000000000
352	FT911-2-539	1543	0.0000000000
352	FT911-2-540	1544	0.0000000000
352	FT911-2-541	1545	0.0000000000
352	FT911-2-542	1546	0.0000000000
352	FT911-2-543	1547	0.0000000000
352	FT911-2-544	1548	0.0000000000
352	FT911-2-545	1549	0.0000000000
352	FT911-2-546	1550	0.0000000000
352	FT911-2-547	1551	0.0000000000
352	FT911-2-548	1552	0.0000000000
352	FT911-2-549	1553	0.0000000000
352	FT911-2-550	1554	0.0000000000
352	FT911-2-551	1555	0.0000000000
352	FT911-2-552	1556	0.0000000000
352	FT911-2-554	1557	0.0000000000
352	FT911-2-555	1558	0.0000000000
352	FT911-2-556	1559	0.0000000000
352	FT911-2-557	1560	0.0000000000
352	FT911-2-558	1561	0.0000000000
352	FT911-2-560	1562	0.0000000000
352	FT911-2-561	1563	0.0000000000
352	FT911-2-562	1564	0.0000000000
352	FT911-2-563	1565	0.0000000000
352	FT911-2-564	1566	0.0000000000
352	FT911-2-566	1567	0.0000000000
352	FT911-2-567	1568	0.0000000000
352	FT911-2-568	1569	0.0000000000
352	FT911-2-569	1570	0.0000000000
352	FT911-2-571	1571	0.0000000000
352	FT911-2-572	1572	0.0000000000
352	FT911-2-573	1573	0.0000000000
352	FT911-2-574	1574	0.0000000000
352	FT911-2-575	1575	0.0000000000
352	FT911-2-576	1576	0.0000000000
352	FT911-2-577	1577	0.0000000000
352	FT911-2-578	1578	0.0000000000
352	FT911-2-580	1579	0.0000000000
352	FT911-2-581	1580	0.0000000000
352	FT911-2-582	1581	0.0000000000
352	FT911-2-583	1582	0.0000000000
352	FT911-2-585	1583	0.0000000000
352	FT911-2-586	1584	0.0000000000
352	FT911-2-587	1585	0.0000000000
352	FT911-2-588	1586	0.0000000000
352	FT911-2-589	1587	0.0000000000
352	FT911-2-590	1588	0.0000000000
352	FT911-2-591	1589	0.0000000000
352	FT911-2-592	1590	0.0000000000
352	FT911-2-593	1591	0.0000000000
352	FT911-2-594	1592	0.0000000000
352	FT911-2-595	1593	0.0000000000
352	FT911-2-596	1594	0.0000000000
352	FT911-2-597	1595	0.0000000000
352	FT911-2-598	1596	0.0000000000
352	FT911-2-599	1597	0.0000000000
352	FT911-2-600	1598	0.0000000000
352	FT911-2-601	1599	0.0000000000
352	FT911-2-602	1600	0.0000000000
352	FT911-2-603	1601	0.0000000000
352	FT911-2-604	1602	0.0000000000
352	FT911-2-605	1603	0.0000000000
352	FT911-2-606	1604	0.0000000000
352	FT911-2-607	1605	0.0000000000
352	FT911-2-608	1606	0.0000000000
352	FT911-2-609	1607	0.0000000000
352	FT911-2-610	1608	0.0000000000
352	FT911-2-611	1609	0.0000000000
352	FT911-2-613	1610	0.0000000000
352	FT911-2-614	1611	0.0000000000
352	FT911-2-615	1612	0.0000000000
352	FT911-2-616	1613	0.0000000000
352	FT911-2-617	1614	0.0000000000
352	FT911-2-618	1615	0.0000000000
352	FT911-2-619	1616	0.0000000000
352	FT911-2-620	1617	0.0000000000
352	FT911-2-621	1618	0.0000000000
352	FT911-2-625	1619	0.0000000000
352	FT911-2-628	1620	0.0000000000
352	FT911-2-629	1621	0.0000000000
352	FT911-2-631	1622	0.0000000000
352	FT911-2-632	1623	0.0000000000
352	FT911-2-633	1624	0.0000000000
352	FT911-2-634	1625	0.0000000000
352	FT911-2-635	1626	0.0000000000
352	FT911-2-637	1627	0.0000000000
352	FT911-2-638	1628	0.0000000000
352	FT911-2-639	1629	0.0000000000
352	FT911-2-640	1630	0.0000000000
352	FT911-2-641	1631	0.0000000000
352	FT911-2-642	1632	0.0000000000
352	FT911-2-643	1633	0.0000000000
352	FT911-2-646	1634	0.0000000000
352	FT911-2-647	1635	0.0000000000
352	FT911-2-649	1636	0.0000000000
352	FT911-2-651	1637	0.0000000000
352	FT911-2-653	1638	0.0000000000
352	FT911-2-654	1639	0.0000000000
352	FT911-2-657	1640	0.0000000000
352	FT911-2-659	1641	0.0000000000
352	FT911-2-661	1642	0.0000000000
352	FT911-2-662	1643	0.0000000000
352	FT911-2-663	1644	0.0000000000
352	FT911-2-664	1645	0.0000000000
352	FT911-2-665	1646	0.0000000000
352	FT911-2-666	1647	0.0000000000
352	FT911-2-667	1648	0.0000000000
352	FT911-2-668	1649	0.0000000000
352	FT911-2-669	1650	0.0000000000
352	FT911-2-670	1651	0.0000000000
352	FT911-2-671	1652	0.0000000000
352	FT911-2-672	1653	0.0000000000
352	FT911-2-673	1654	0.0000000000
352	FT911-2-674	1655	0.0000000000
352	FT911-2-675	1656	0.0000000000
352	FT911-2-676	1657	0.0000000000
352	FT911-2-679	1658	0.0000000000
352	FT911-2-680	1659	0.0000000000
352	FT911-2-681	1660	0.0000000000
352	FT911-2-682	1661	0.0000000000
352	FT911-2-683	1662	0.0000000000
352	FT911-2-684	1663	0.0000000000
352	FT911-2-685	1664	0.0000000000
352	FT911-2-686	1665	0.0000000000
352	FT911-2-687	1666	0.0000000000
352	FT911-2-688	1667	0.0000000000
352	FT911-2-689	1668	0.0000000000
352	FT911-2-690	1669	0.0000000000
352	FT911-2-691	1670	0.0000000000
352	FT911-2-692	1671	0.0000000000
352	FT911-2-693	1672	0.0000000000
352	FT911-2-694	1673	0.0000000000
352	FT911-2-695	1674	0.0000000000
352	FT911-2-696	1675	0.0000000000
352	FT911-2-697	1676	0.0000000000
352	FT911-2-698	1677	0.0000000000
352	FT911-2-700	1678	0.0000000000
352	FT911-2-701	1679	0.0000000000
352	FT911-2-703	1680	0.0000000000
352	FT911-2-704	1681	0.0000000000
352	FT911-2-705	1682	0.0000000000
352	FT911-2-707	1683	0.0000000000
352	FT911-2-708	1684	0.0000000000
352	FT911-2-710	1685	0.0000000000
352	FT911-2-711	1686	0.0000000000
352	FT911-2-713	1687	0.0000000000
352	FT911-2-714	1688	0.0000000000
352	FT911-2-715	1689	0.0000000000
352	FT911-2-716	1690	0.0000000000
352	FT911-2-718	1691	0.0000000000
352	FT911-2-720	1692	0.0000000000
352	FT911-2-721	1693	0.0000000000
352	FT911-3-724	1694	0.0000000000
352	FT911-3-725	1695	0.0000000000
352	FT911-3-726	1696	0.0000000000
352	FT911-3-727	1697	0.0000000000
352	FT911-3-728	1698	0.0000000000
352	FT911-3-729	1699	0.0000000000
352	FT911-3-730	1700	0.0000000000
352	FT911-3-731	1701	0.0000000000
352	FT911-3-732	1702	0.0000000000
352	FT911-3-733	1703	0.0000000000
352	FT911-3-734	1704	0.0000000000
352	FT911-3-735	1705	0.0000000000
352	FT911-3-736	1706	0.0000000000
352	FT911-3-739	1707	0.0000000000
352	FT911-3-741	1708	0.0000000000
352	FT911-3-743	1709	0.0000000000
352	FT911-3-744	1710	0.0000000000
352	FT911-3-747	1711	0.0000000000
352	FT911-3-748	1712	0.0000000000
352	FT911-3-749	1713	0.0000000000
352	FT911-3-750	1714	0.0000000000
352	FT911-3-751	1715	0.0000000000
352	FT911-3-752	1716	0.0000000000
352	FT911-3-754	1717	0.0000000000
352	FT911-3-755	1718	0.0000000000
352	FT911-3-756	1719	0.0000000000
352	FT911-3-757	1720	0.0000000000
352	FT911-3-758	1721	0.0000000000
352	FT911-3-759	1722	0.0000000000
352	FT911-3-760	1723	0.0000000000
352	FT911-3-762	1724	0.0000000000
352	FT911-3-764	1725	0.0000000000
352	FT911-3-765	1726	0.0000000000
352	FT911-3-767	1727	0.0000000000
352	FT911-3-768	1728	0.0000000000
352	FT911-3-769	1729	0.0000000000
352	FT911-3-770	1730	0.0000000000
352	FT911-3-772	1731	0.0000000000
352	FT911-3-773	1732	0.0000000000
352	FT911-3-774	1733	0.0000000000
352	FT911-3-775	1734	0.0000000000
352	FT911-3-776	1735	0.0000000000
352	FT911-3-778	1736	0.0000000000
352	FT911-3-781	1737	0.0000000000
352	FT911-3-782	1738	0.0000000000
352	FT911-3-783	1739	0.0000000000
352	FT911-3-785	1740	0.0000000000
352	FT911-3-787	1741	0.0000000000
352	FT911-3-788	1742	0.0000000000
352	FT911-3-789	1743	0.0000000000
352	FT911-3-790	1744	0.0000000000
352	FT911-3-791	1745	0.0000000000
352	FT911-3-793	1746	0.0000000000
352	FT911-3-795	1747	0.0000000000
352	FT911-3-796	1748	0.0000000000
352	FT911-3-797	1749	0.0000000000
352	FT911-3-800	1750	0.0000000000
352	FT911-3-801	1751	0.0000000000
352	FT911-3-802	1752	0.0000000000
352	FT911-3-803	1753	0.0000000000
352	FT911-3-805	1754	0.0000000000
352	FT911-3-807	1755	0.0000000000
352	FT911-3-808	1756	0.0000000000
352	FT911-3-809	1757	0.0000000000
352	FT911-3-810	1758	0.0000000000
352	FT911-3-812	1759	0.0000000000
352	FT911-3-813	1760	0.0000000000
352	FT911-3-815	1761	0.0000000000
352	FT911-3-816	1762	0.0000000000
352	FT911-3-817	1763	0.0000000000
352	FT911-3-818	1764	0.0000000000
352	FT911-3-819	1765	0.0000000000
352	FT911-3-821	1766	0.0000000000
352	FT911-3-822	1767	0.0000000000
352	FT911-3-823	1768	0.0000000000
352	FT911-3-824	1769	0.0000000000
352	FT911-3-826	1770	0.0000000000
352	FT911-3-827	1771	0.0000000000
352	FT911-3-829	1772	0.0000000000
352	FT911-3-830	1773	0.0000000000
352	FT911-3-831	1774	0.0000000000
352	FT911-3-832	1775	0.0000000000
352	FT911-3-833	1776	0.0000000000
352	FT911-3-834	1777	0.0000000000
352	FT911-3-835	1778	0.0000000000
352	FT911-3-837	1779	0.0000000000
352	FT911-3-840	1780	0.0000000000
352	FT911-3-841	1781	0.0000000000
352	FT911-3-842	1782	0.0000000000
352	FT911-3-843	1783	0.0000000000
352	FT911-3-845	1784	0.0000000000
352	FT911-3-846	1785	0.0000000000
352	FT911-3-847	1786	0.0000000000
352	FT911-3-848	1787	0.0000000000
352	FT911-3-850	1788	0.0000000000
352	FT911-3-851	1789	0.0000000000
352	FT911-3-852	1790	0.0000000000
352	FT911-3-853	1791	0.0000000000
352	FT911-3-854	1792	0.0000000000
352	FT911-3-855	1793	0.0000000000
352	FT911-3-856	1794	0.0000000000
352	FT911-3-857	1795	0.0000000000
352	FT911-3-858	1796	0.0000000000
352	FT911-3-859	1797	0.0000000000
352	FT911-3-860	1798	0.0000000000
352	FT911-3-861	1799	0.0000000000
352	FT911-3-862	1800	0.0000000000
352	FT911-3-863	1801	0.0000000000
352	FT911-3-864	1802	0.0000000000
352	FT911-3-865	1803	0.0000000000
352	FT911-3-866	1804	0.0000000000
352	FT911-3-867	1805	0.0000000000
352	FT911-3-868	1806	0.0000000000
352	FT911-3-869	1807	0.0000000000
352	FT911-3-870	1808	0.0000000000
352	FT911-3-872	1809	0.0000000000
352	FT911-3-873	1810	0.0000000000
352	FT911-3-874	1811	0.0000000000
352	FT911-3-875	1812	0.0000000000
352	FT911-3-876	1813	0.0000000000
352	FT911-3-877	1814	0.0000000000
352	FT911-3-878	1815	0.0000000000
352	FT911-3-879	1816	0.0000000000
352	FT911-3-880	1817	0.0000000000
352	FT911-3-881	1818	0.0000000000
352	FT911-3-882	1819	0.0000000000
352	FT911-3-883	1820	0.0000000000
352	FT911-3-884	1821	0.0000000000
352	FT911-3-885	1822	0.0000000000
352	FT911-3-887	1823	0.0000000000
352	FT911-3-888	1824	0.0000000000
352	FT911-3-889	1825	0.0000000000
352	FT911-3-890	1826	0.0000000000
352	FT911-3-891	1827	0.0000000000
352	FT911-3-892	1828	0.0000000000
352	FT911-3-893	1829	0.0000000000
352	FT911-3-894	1830	0.0000000000
352	FT911-3-895	1831	0.0000000000
352	FT911-3-896	1832	0.0000000000
352	FT911-3-897	1833	0.0000000000
352	FT911-3-898	1834	0.0000000000
352	FT911-3-899	1835	0.0000000000
352	FT911-3-900	1836	0.0000000000
352	FT911-3-901	1837	0.0000000000
352	FT911-3-902	1838	0.0000000000
352	FT911-3-904	1839	0.0000000000
352	FT911-3-905	1840	0.0000000000
352	FT911-3-907	1841	0.0000000000
352	FT911-3-908	1842	0.0000000000
352	FT911-3-909	1843	0.0000000000
352	FT911-3-910	1844	0.0000000000
352	FT911-3-912	1845	0.0000000000
352	FT911-3-913	1846	0.0000000000
352	FT911-3-914	1847	0.0000000000
352	FT911-3-915	1848	0.0000000000
352	FT911-3-916	1849	0.0000000000
352	FT911-3-918	1850	0.0000000000
352	FT911-3-922	1851	0.0000000000
352	FT911-3-923	1852	0.0000000000
352	FT911-3-924	1853	0.0000000000
352	FT911-3-925	1854	0.0000000000
352	FT911-3-926	1855	0.0000000000
352	FT911-3-927	1856	0.0000000000
352	FT911-3-928	1857	0.0000000000
352	FT911-3-929	1858	0.0000000000
352	FT911-3-930	1859	0.0000000000
352	FT911-3-931	1860	0.0000000000
352	FT911-3-932	1861	0.0000000000
352	FT911-3-933	1862	0.0000000000
352	FT911-3-934	1863	0.0000000000
352	FT911-3-935	1864	0.0000000000
352	FT911-3-936	1865	0.0000000000
352	FT911-3-937	1866	0.0000000000
352	FT911-3-938	1867	0.0000000000
352	FT911-3-941	1868	0.0000000000
352	FT911-3-942	1869	0.0000000000
352	FT911-3-943	1870	0.0000000000
352	FT911-3-945	1871	0.0000000000
352	FT911-3-946	1872	0.0000000000
352	FT911-3-947	1873	0.0000000000
352	FT911-3-949	1874	0.0000000000
352	FT911-3-950	1875	0.0000000000
352	FT911-3-951	1876	0.0000000000
352	FT911-3-952	1877	0.0000000000
352	FT911-3-953	1878	0.0000000000
352	FT911-3-954	1879	0.0000000000
352	FT911-3-955	1880	0.0000000000
352	FT911-3-956	1881	0.0000000000
352	FT911-3-957	1882	0.0000000000
352	FT911-3-959	1883	0.0000000000
352	FT911-3-960	1884	0.0000000000
352	FT911-3-962	1885	0.0000000000
352	FT911-3-964	1886	0.0000000000
352	FT911-3-966	1887	0.0000000000
352	FT911-3-967	1888	0.0000000000
352	FT911-3-969	1889	0.0000000000
352	FT911-3-970	1890	0.0000000000
352	FT911-3-972	1891	0.0000000000
352	FT911-3-973	1892	0.0000000000
352	FT911-3-977	1893	0.0000000000
352	FT911-3-978	1894	0.0000000000
352	FT911-3-979	1895	0.0000000000
352	FT911-3-980	1896	0.0000000000
352	FT911-3-981	1897	0.0000000000
352	FT911-3-983	1898	0.0000000000
352	FT911-3-984	1899	0.0000000000
352	FT911-3-987	1900	0.0000000000
352	FT911-3-988	1901	0.0000000000
352	FT911-3-990	1902	0.0000000000
352	FT911-3-992	1903	0.0000000000
352	FT911-3-993	1904	0.0000000000
352	FT911-3-994	1905	0.0000000000
352	FT911-3-995	1906	0.0000000000
352	FT911-3-996	1907	0.0000000000
352	FT911-3-997	1908	0.0000000000
352	FT911-3-998	1909	0.0000000000
352	FT911-3-999	1910	0.0000000000
352	FT911-3-1003	1911	0.0000000000
352	FT911-3-1005	1912	0.0000000000
352	FT911-3-1006	1913	0.0000000000
352	FT911-3-1007	1914	0.0000000000
352	FT911-3-1008	1915	0.0000000000
352	FT911-3-1010	1916	0.0000000000
352	FT911-3-1011	1917	0.0000000000
352	FT911-3-1012	1918	0.0000000000
352	FT911-3-1014	1919	0.0000000000
352	FT911-3-1015	1920	0.0000000000
352	FT911-3-1016	1921	0.0000000000
352	FT911-3-1017	1922	0.0000000000
352	FT911-3-1018	1923	0.0000000000
352	FT911-3-1020	1924	0.0000000000
352	FT911-3-1022	1925	0.0000000000
352	FT911-3-1023	1926	0.0000000000
352	FT911-3-1024	1927	0.0000000000
352	FT911-3-1027	1928	0.0000000000
352	FT911-3-1032	1929	0.0000000000
352	FT911-3-1033	1930	0.0000000000
352	FT911-3-1035	1931	0.0000000000
352	FT911-3-1036	1932	0.0000000000
352	FT911-3-1037	1933	0.0000000000
352	FT911-3-1040	1934	0.0000000000
352	FT911-3-1041	1935	0.0000000000
352	FT911-3-1042	1936	0.0000000000
352	FT911-3-1043	1937	0.0000000000
352	FT911-3-1044	1938	0.0000000000
352	FT911-3-1045	1939	0.0000000000
352	FT911-3-1046	1940	0.0000000000
352	FT911-3-1047	1941	0.0000000000
352	FT911-3-1048	1942	0.0000000000
352	FT911-3-1049	1943	0.0000000000
352	FT911-3-1050	1944	0.0000000000
352	FT911-3-1051	1945	0.0000000000
352	FT911-3-1052	1946	0.0000000000
352	FT911-3-1053	1947	0.0000000000
352	FT911-3-1055	1948	0.0000000000
352	FT911-3-1057	1949	0.0000000000
352	FT911-3-1058	1950	0.0000000000
352	FT911-3-1059	1951	0.0000000000
352	FT911-3-1061	1952	0.0000000000
352	FT911-3-1065	1953	0.0000000000
352	FT911-3-1067	1954	0.0000000000
352	FT911-3-1071	1955	0.0000000000
352	FT911-3-1072	1956	0.0000000000
352	FT911-3-1073	1957	0.0000000000
352	FT911-3-1074	1958	0.0000000000
352	FT911-3-1075	1959	0.0000000000
352	FT911-3-1076	1960	0.0000000000
352	FT911-3-1077	1961	0.0000000000
352	FT911-3-1078	1962	0.0000000000
352	FT911-3-1079	1963	0.0000000000
352	FT911-3-1080	1964	0.0000000000
352	FT911-3-1081	1965	0.0000000000
352	FT911-3-1084	1966	0.0000000000
352	FT911-3-1085	1967	0.0000000000
352	FT911-3-1086	1968	0.0000000000
352	FT911-3-1088	1969	0.0000000000
352	FT911-3-1089	1970	0.0000000000
352	FT911-3-1090	1971	0.0000000000
352	FT911-3-1091	1972	0.0000000000
352	FT911-3-1094	1973	0.0000000000
352	FT911-3-1095	1974	0.0000000000
352	FT911-3-1097	1975	0.0000000000
352	FT911-4-1099	1976	0.0000000000
352	FT911-4-1101	1977	0.0000000000
352	FT911-4-1103	1978	0.0000000000
352	FT911-4-1104	1979	0.0000000000
352	FT911-4-1106	1980	0.0000000000
352	FT911-4-1107	1981	0.0000000000
352	FT911-4-1110	1982	0.0000000000
352	FT911-4-1111	1983	0.0000000000
352	FT911-4-1112	1984	0.0000000000
352	FT911-4-1113	1985	0.0000000000
352	FT911-4-1114	1986	0.0000000000
352	FT911-4-1115	1987	0.0000000000
352	FT911-4-1116	1988	0.0000000000
352	FT911-4-1118	1989	0.0000000000
352	FT911-4-1119	1990	0.0000000000
352	FT911-4-1121	1991	0.0000000000
352	FT911-4-1122	1992	0.0000000000
352	FT911-4-1123	1993	0.0000000000
352	FT911-4-1124	1994	0.0000000000
352	FT911-4-1125	1995	0.0000000000
352	FT911-4-1126	1996	0.0000000000
352	FT911-4-1127	1997	0.0000000000
352	FT911-4-1128	1998	0.0000000000
352	FT911-4-1129	1999	0.0000000000
352	FT911-4-1130	2000	0.0000000000
352	FT911-4-1131	2001	0.0000000000
352	FT911-4-1132	2002	0.0000000000
352	FT911-4-1133	2003	0.0000000000
352	FT911-4-1134	2004	0.0000000000
352	FT911-4-1135	2005	0.0000000000
352	FT911-4-1136	2006	0.0000000000
352	FT911-4-1137	2007	0.0000000000
352	FT911-4-1138	2008	0.0000000000
352	FT911-4-1139	2009	0.0000000000
352	FT911-4-1140	2010	0.0000000000
352	FT911-4-1142	2011	0.0000000000
352	FT911-4-1143	2012	0.0000000000
352	FT911-4-1144	2013	0.0000000000
352	FT911-4-1145	2014	0.0000000000
352	FT911-4-1146	2015	0.0000000000
352	FT911-4-1149	2016	0.0000000000
352	FT911-4-1150	2017	0.0000000000
352	FT911-4-1151	2018	0.0000000000
352	FT911-4-1152	2019	0.0000000000
352	FT911-4-1153	2020	0.0000000000
352	FT911-4-1154	2021	0.0000000000
352	FT911-4-1155	2022	0.0000000000
352	FT911-4-1156	2023	0.0000000000
352	FT911-4-1157	2024	0.0000000000
352	FT911-4-1158	2025	0.0000000000
352	FT911-4-1160	2026	0.0000000000
352	FT911-4-1161	2027	0.0000000000
352	FT911-4-1162	2028	0.0000000000
352	FT911-4-1163	2029	0.0000000000
352	FT911-4-1164	2030	0.0000000000
352	FT911-4-1165	2031	0.0000000000
352	FT911-4-1167	2032	0.0000000000
352	FT911-4-1169	2033	0.0000000000
352	FT911-4-1172	2034	0.0000000000
352	FT911-4-1174	2035	0.0000000000
352	FT911-4-1175	2036	0.0000000000
352	FT911-4-1176	2037	0.0000000000
352	FT911-4-1177	2038	0.0000000000
352	FT911-4-1178	2039	0.0000000000
352	FT911-4-1179	2040	0.0000000000
352	FT911-4-1180	2041	0.0000000000
352	FT911-4-1181	2042	0.0000000000
352	FT911-4-1182	2043	0.0000000000
352	FT911-4-1183	2044	0.0000000000
352	FT911-4-1184	2045	0.0000000000
352	FT911-4-1185	2046	0.0000000000
352	FT911-4-1186	2047	0.0000000000
352	FT911-4-1187	2048	0.0000000000
352	FT911-4-1191	2049	0.0000000000
352	FT911-4-1192	2050	0.0000000000
352	FT911-4-1193	2051	0.0000000000
352	FT911-4-1194	2052	0.0000000000
352	FT911-4-1195	2053	0.0000000000
352	FT911-4-1196	2054	0.0000000000
352	FT911-4-1197	2055	0.0000000000
352	FT911-4-1200	2056	0.0000000000
352	FT911-4-1201	2057	0.0000000000
352	FT911-4-1202	2058	0.0000000000
352	FT911-4-1203	2059	0.0000000000
352	FT911-4-1205	2060	0.0000000000
352	FT911-4-1206	2061	0.0000000000
352	FT911-4-1207	2062	0.0000000000
352	FT911-4-1208	2063	0.0000000000
352	FT911-4-1209	2064	0.0000000000
352	FT911-4-1210	2065	0.0000000000
352	FT911-4-1212	2066	0.0000000000
352	FT911-4-1213	2067	0.0000000000
352	FT911-4-1214	2068	0.0000000000
352	FT911-4-1216	2069	0.0000000000
352	FT911-4-1217	2070	0.0000000000
352	FT911-4-1218	2071	0.0000000000
352	FT911-4-1219	2072	0.0000000000
352	FT911-4-1221	2073	0.0000000000
352	FT911-4-1223	2074	0.0000000000
352	FT911-4-1224	2075	0.0000000000
352	FT911-4-1225	2076	0.0000000000
352	FT911-4-1226	2077	0.0000000000
352	FT911-4-1228	2078	0.0000000000
352	FT911-4-1229	2079	0.0000000000
352	FT911-4-1230	2080	0.0000000000
352	FT911-4-1231	2081	0.0000000000
352	FT911-4-1232	2082	0.0000000000
352	FT911-4-1235	2083	0.0000000000
352	FT911-4-1236	2084	0.0000000000
352	FT911-4-1237	2085	0.0000000000
352	FT911-4-1239	2086	0.0000000000
352	FT911-4-1241	2087	0.0000000000
352	FT911-4-1242	2088	0.0000000000
352	FT911-4-1245	2089	0.0000000000
352	FT911-4-1247	2090	0.0000000000
352	FT911-4-1250	2091	0.0000000000
352	FT911-4-1252	2092	0.0000000000
352	FT911-4-1253	2093	0.0000000000
352	FT911-4-1254	2094	0.0000000000
352	FT911-4-1255	2095	0.0000000000
352	FT911-4-1256	2096	0.0000000000
352	FT911-4-1257	2097	0.0000000000
352	FT911-4-1258	2098	0.0000000000
352	FT911-4-1259	2099	0.0000000000
352	FT911-4-1260	2100	0.0000000000
352	FT911-4-1261	2101	0.0000000000
352	FT911-4-1262	2102	0.0000000000
352	FT911-4-1263	2103	0.0000000000
352	FT911-4-1264	2104	0.0000000000
352	FT911-4-1265	2105	0.0000000000
352	FT911-4-1268	2106	0.0000000000
352	FT911-4-1269	2107	0.0000000000
352	FT911-4-1270	2108	0.0000000000
352	FT911-4-1271	2109	0.0000000000
352	FT911-4-1272	2110	0.0000000000
352	FT911-4-1273	2111	0.0000000000
352	FT911-4-1274	2112	0.0000000000
352	FT911-4-1275	2113	0.0000000000
352	FT911-4-1278	2114	0.0000000000
352	FT911-4-1281	2115	0.0000000000
352	FT911-4-1282	2116	0.0000000000
352	FT911-4-1284	2117	0.0000000000
352	FT911-4-1285	2118	0.0000000000
352	FT911-4-1286	2119	0.0000000000
352	FT911-4-1287	2120	0.0000000000
352	FT911-4-1288	2121	0.0000000000
352	FT911-4-1289	2122	0.0000000000
352	FT911-4-1290	2123	0.0000000000
352	FT911-4-1292	2124	0.0000000000
352	FT911-4-1293	2125	0.0000000000
352	FT911-4-1294	2126	0.0000000000
352	FT911-4-1295	2127	0.0000000000
352	FT911-4-1296	2128	0.0000000000
352	FT911-4-1297	2129	0.0000000000
352	FT911-4-1298	2130	0.0000000000
352	FT911-4-1299	2131	0.0000000000
352	FT911-4-1300	2132	0.0000000000
352	FT911-4-1302	2133	0.0000000000
352	FT911-4-1303	2134	0.0000000000
352	FT911-4-1304	2135	0.0000000000
352	FT911-4-1305	2136	0.0000000000
352	FT911-4-1307	2137	0.0000000000
352	FT911-4-1308	2138	0.0000000000
352	FT911-4-1309	2139	0.0000000000
352	FT911-4-1310	2140	0.0000000000
352	FT911-4-1311	2141	0.0000000000
352	FT911-4-1313	2142	0.0000000000
352	FT911-4-1315	2143	0.0000000000
352	FT911-4-1316	2144	0.0000000000
352	FT911-4-1317	2145	0.0000000000
352	FT911-4-1318	2146	0.0000000000
352	FT911-4-1319	2147	0.0000000000
352	FT911-4-1320	2148	0.0000000000
352	FT911-4-1321	2149	0.0000000000
352	FT911-4-1323	2150	0.0000000000
352	FT911-4-1325	2151	0.0000000000
352	FT911-4-1326	2152	0.0000000000
352	FT911-4-1327	2153	0.0000000000
352	FT911-4-1328	2154	0.0000000000
352	FT911-4-1329	2155	0.0000000000
352	FT911-4-1331	2156	0.0000000000
352	FT911-4-1332	2157	0.0000000000
352	FT911-4-1333	2158	0.0000000000
352	FT911-4-1334	2159	0.0000000000
352	FT911-4-1335	2160	0.0000000000
352	FT911-4-1336	2161	0.0000000000
352	FT911-4-1337	2162	0.0000000000
352	FT911-4-1338	2163	0.0000000000
352	FT911-4-1339	2164	0.0000000000
352	FT911-4-1340	2165	0.0000000000
352	FT911-4-1341	2166	0.0000000000
352	FT911-4-1342	2167	0.0000000000
352	FT911-4-1343	2168	0.0000000000
352	FT911-4-1345	2169	0.0000000000
352	FT911-4-1346	2170	0.0000000000
352	FT911-4-1347	2171	0.0000000000
352	FT911-4-1348	2172	0.0000000000
352	FT911-4-1349	2173	0.0000000000
352	FT911-4-1350	2174	0.0000000000
352	FT911-4-1351	2175	0.0000000000
352	FT911-4-1352	2176	0.0000000000
352	FT911-4-1353	2177	0.0000000000
352	FT911-4-1354	2178	0.0000000000
352	FT911-4-1355	2179	0.0000000000
352	FT911-4-1356	2180	0.0000000000
352	FT911-4-1357	2181	0.0000000000
352	FT911-4-1358	2182	0.0000000000
352	FT911-4-1359	2183	0.0000000000
352	FT911-4-1360	2184	0.0000000000
352	FT911-4-1361	2185	0.0000000000
352	FT911-4-1362	2186	0.0000000000
352	FT911-4-1365	2187	0.0000000000
352	FT911-4-1366	2188	0.0000000000
352	FT911-4-1368	2189	0.0000000000
352	FT911-4-1369	2190	0.0000000000
352	FT911-4-1370	2191	0.0000000000
352	FT911-4-1371	2192	0.0000000000
352	FT911-4-1372	2193	0.0000000000
352	FT911-4-1373	2194	0.0000000000
352	FT911-4-1374	2195	0.0000000000
352	FT911-4-1375	2196	0.0000000000
352	FT911-4-1376	2197	0.0000000000
352	FT911-4-1378	2198	0.0000000000
352	FT911-4-1380	2199	0.0000000000
352	FT911-4-1381	2200	0.0000000000
352	FT911-4-1383	2201	0.0000000000
352	FT911-4-1385	2202	0.0000000000
352	FT911-4-1386	2203	0.0000000000
352	FT911-4-1387	2204	0.0000000000
352	FT911-4-1388	2205	0.0000000000
352	FT911-4-1389	2206	0.0000000000
352	FT911-4-1391	2207	0.0000000000
352	FT911-4-1392	2208	0.0000000000
352	FT911-4-1393	2209	0.0000000000
352	FT911-4-1394	2210	0.0000000000
352	FT911-4-1395	2211	0.0000000000
352	FT911-4-1399	2212	0.0000000000
352	FT911-4-1400	2213	0.0000000000
352	FT911-4-1401	2214	0.0000000000
352	FT911-4-1402	2215	0.0000000000
352	FT911-4-1403	2216	0.0000000000
352	FT911-4-1405	2217	0.0000000000
352	FT911-4-1407	2218	0.0000000000
352	FT911-4-1408	2219	0.0000000000
352	FT911-4-1409	2220	0.0000000000
352	FT911-4-1411	2221	0.0000000000
352	FT911-4-1419	2222	0.0000000000
352	FT911-4-1420	2223	0.0000000000
352	FT911-4-1421	2224	0.0000000000
352	FT911-4-1422	2225	0.0000000000
352	FT911-4-1423	2226	0.0000000000
352	FT911-4-1424	2227	0.0000000000
352	FT911-4-1425	2228	0.0000000000
352	FT911-4-1426	2229	0.0000000000
352	FT911-4-1427	2230	0.0000000000
352	FT911-4-1428	2231	0.0000000000
352	FT911-4-1430	2232	0.0000000000
352	FT911-4-1431	2233	0.0000000000
352	FT911-4-1432	2234	0.0000000000
352	FT911-4-1433	2235	0.0000000000
352	FT911-4-1434	2236	0.0000000000
352	FT911-4-1435	2237	0.0000000000
352	FT911-4-1436	2238	0.0000000000
352	FT911-4-1437	2239	0.0000000000
352	FT911-4-1438	2240	0.0000000000
352	FT911-4-1439	2241	0.0000000000
352	FT911-4-1440	2242	0.0000000000
352	FT911-4-1441	2243	0.0000000000
352	FT911-4-1442	2244	0.0000000000
352	FT911-4-1443	2245	0.0000000000
352	FT911-4-1444	2246	0.0000000000
352	FT911-4-1445	2247	0.0000000000
352	FT911-4-1446	2248	0.0000000000
352	FT911-4-1447	2249	0.0000000000
352	FT911-4-1448	2250	0.0000000000
352	FT911-4-1449	2251	0.0000000000
352	FT911-4-1450	2252	0.0000000000
352	FT911-4-1451	2253	0.0000000000
352	FT911-4-1452	2254	0.0000000000
352	FT911-4-1454	2255	0.0000000000
352	FT911-4-1455	2256	0.0000000000
352	FT911-4-1456	2257	0.0000000000
352	FT911-4-1457	2258	0.0000000000
352	FT911-4-1458	2259	0.0000000000
352	FT911-4-1459	2260	0.0000000000
352	FT911-4-1460	2261	0.0000000000
352	FT911-4-1461	2262	0.0000000000
352	FT911-4-1462	2263	0.0000000000
352	FT911-4-1463	2264	0.0000000000
352	FT911-4-1464	2265	0.0000000000
352	FT911-4-1465	2266	0.0000000000
352	FT911-4-1466	2267	0.0000000000
352	FT911-4-1467	2268	0.0000000000
352	FT911-4-1468	2269	0.0000000000
352	FT911-4-1469	2270	0.0000000000
352	FT911-4-1471	2271	0.0000000000
352	FT911-4-1472	2272	0.0000000000
352	FT911-4-1473	2273	0.0000000000
352	FT911-4-1474	2274	0.0000000000
352	FT911-4-1475	2275	0.0000000000
352	FT911-4-1476	2276	0.0000000000
352	FT911-4-1477	2277	0.0000000000
352	FT911-4-1478	2278	0.0000000000
352	FT911-5-1480	2279	0.0000000000
352	FT911-5-1481	2280	0.0000000000
352	FT911-5-1482	2281	0.0000000000
352	FT911-5-1483	2282	0.0000000000
352	FT911-5-1484	2283	0.0000000000
352	FT911-5-1485	2284	0.0000000000
352	FT911-5-1486	2285	0.0000000000
352	FT911-5-1487	2286	0.0000000000
352	FT911-5-1488	2287	0.0000000000
352	FT911-5-1489	2288	0.0000000000
352	FT911-5-1491	2289	0.0000000000
352	FT911-5-1492	2290	0.0000000000
352	FT911-5-1493	2291	0.0000000000
352	FT911-5-1494	2292	0.0000000000
352	FT911-5-1495	2293	0.0000000000
352	FT911-5-1496	2294	0.0000000000
352	FT911-5-1497	2295	0.0000000000
352	FT911-5-1498	2296	0.0000000000
352	FT911-5-1499	2297	0.0000000000
352	FT911-5-1500	2298	0.0000000000
352	FT911-5-1502	2299	0.0000000000
352	FT911-5-1503	2300	0.0000000000
352	FT911-5-1504	2301	0.0000000000
352	FT911-5-1505	2302	0.0000000000
352	FT911-5-1506	2303	0.0000000000
352	FT911-5-1507	2304	0.0000000000
352	FT911-5-1508	2305	0.0000000000
352	FT911-5-1509	2306	0.0000000000
352	FT911-5-1510	2307	0.0000000000
352	FT911-5-1513	2308	0.0000000000
352	FT911-5-1514	2309	0.0000000000
352	FT911-5-1515	2310	0.0000000000
352	FT911-5-1516	2311	0.0000000000
352	FT911-5-1517	2312	0.0000000000
352	FT911-5-1518	2313	0.0000000000
352	FT911-5-1520	2314	0.0000000000
352	FT911-5-1521	2315	0.0000000000
352	FT911-5-1522	2316	0.0000000000
352	FT911-5-1523	2317	0.0000000000
352	FT911-5-1524	2318	0.0000000000
352	FT911-5-1525	2319	0.0000000000
352	FT911-5-1526	2320	0.0000000000
352	FT911-5-1527	2321	0.0000000000
352	FT911-5-1528	2322	0.0000000000
352	FT911-5-1529	2323	0.0000000000
352	FT911-5-1530	2324	0.0000000000
352	FT911-5-1531	2325	0.0000000000
352	FT911-5-1532	2326	0.0000000000
352	FT911-5-1533	2327	0.0000000000
352	FT911-5-1534	2328	0.0000000000
352	FT911-5-1535	2329	0.0000000000
352	FT911-5-1536	2330	0.0000000000
352	FT911-5-1537	2331	0.0000000000
352	FT911-5-1538	2332	0.0000000000
352	FT911-5-1539	2333	0.0000000000
352	FT911-5-1540	2334	0.0000000000
352	FT911-5-1541	2335	0.0000000000
352	FT911-5-1542	2336	0.0000000000
352	FT911-5-1543	2337	0.0000000000
352	FT911-5-1544	2338	0.0000000000
352	FT911-5-1546	2339	0.0000000000
352	FT911-5-1547	2340	0.0000000000
352	FT911-5-1549	2341	0.0000000000
352	FT911-5-1553	2342	0.0000000000
352	FT911-5-1554	2343	0.0000000000
352	FT911-5-1555	2344	0.0000000000
352	FT911-5-1556	2345	0.0000000000
352	FT911-5-1557	2346	0.0000000000
352	FT911-5-1558	2347	0.0000000000
352	FT911-5-1559	2348	0.0000000000
352	FT911-5-1560	2349	0.0000000000
352	FT911-5-1561	2350	0.0000000000
352	FT911-5-1562	2351	0.0000000000
352	FT911-5-1564	2352	0.0000000000
352	FT911-5-1565	2353	0.0000000000
352	FT911-5-1566	2354	0.0000000000
352	FT911-5-1567	2355	0.0000000000
352	FT911-5-1568	2356	0.0000000000
352	FT911-5-1569	2357	0.0000000000
352	FT911-5-1570	2358	0.0000000000
352	FT911-5-1571	2359	0.0000000000
352	FT911-5-1572	2360	0.0000000000
352	FT911-5-1573	2361	0.0000000000
352	FT911-5-1574	2362	0.0000000000
352	FT911-5-1575	2363	0.0000000000
352	FT911-5-1576	2364	0.0000000000
352	FT911-5-1577	2365	0.0000000000
352	FT911-5-1578	2366	0.0000000000
352	FT911-5-1579	2367	0.0000000000
352	FT911-5-1580	2368	0.0000000000
352	FT911-5-1581	2369	0.0000000000
352	FT911-5-1582	2370	0.0000000000
352	FT911-5-1583	2371	0.0000000000
352	FT911-5-1584	2372	0.0000000000
352	FT911-5-1585	2373	0.0000000000
352	FT911-5-1586	2374	0.0000000000
352	FT911-5-1587	2375	0.0000000000
352	FT911-5-1588	2376	0.0000000000
352	FT911-5-1589	2377	0.0000000000
352	FT911-5-1590	2378	0.0000000000
352	FT911-5-1592	2379	0.0000000000
352	FT911-5-1594	2380	0.0000000000
352	FT911-5-1595	2381	0.0000000000
352	FT911-5-1597	2382	0.0000000000
352	FT911-5-1598	2383	0.0000000000
352	FT911-5-1599	2384	0.0000000000
352	FT911-5-1600	2385	0.0000000000
352	FT911-5-1602	2386	0.0000000000
352	FT911-5-1604	2387	0.0000000000
352	FT911-5-1605	2388	0.0000000000
352	FT911-5-1606	2389	0.0000000000
352	FT911-5-1607	2390	0.0000000000
352	FT911-5-1608	2391	0.0000000000
352	FT911-5-1609	2392	0.0000000000
352	FT911-5-1610	2393	0.0000000000
352	FT911-5-1612	2394	0.0000000000
352	FT911-5-1613	2395	0.0000000000
352	FT911-5-1615	2396	0.0000000000
352	FT911-5-1616	2397	0.0000000000
352	FT911-5-1617	2398	0.0000000000
352	FT911-5-1618	2399	0.0000000000
352	FT911-5-1619	2400	0.0000000000
352	FT911-5-1622	2401	0.0000000000
352	FT911-5-1624	2402	0.0000000000
352	FT911-5-1625	2403	0.0000000000
352	FT911-5-1626	2404	0.0000000000
352	FT911-5-1628	2405	0.0000000000
352	FT911-5-1629	2406	0.0000000000
352	FT911-5-1630	2407	0.0000000000
352	FT911-5-1632	2408	0.0000000000
352	FT911-5-1634	2409	0.0000000000
352	FT911-5-1635	2410	0.0000000000
352	FT911-5-1636	2411	0.0000000000
352	FT911-5-1637	2412	0.0000000000
352	FT911-5-1639	2413	0.0000000000
352	FT911-5-1641	2414	0.0000000000
352	FT911-5-1642	2415	0.0000000000
352	FT911-5-1643	2416	0.0000000000
352	FT911-5-1645	2417	0.0000000000
352	FT911-5-1646	2418	0.0000000000
352	FT911-5-1647	2419	0.0000000000
352	FT911-5-1648	2420	0.0000000000
352	FT911-5-1649	2421	0.0000000000
352	FT911-5-1650	2422	0.0000000000
352	FT911-5-1651	2423	0.0000000000
352	FT911-5-1653	2424	0.0000000000
352	FT911-5-1654	2425	0.0000000000
352	FT911-5-1655	2426	0.0000000000
352	FT911-5-1656	2427	0.0000000000
352	FT911-5-1657	2428	0.0000000000
352	FT911-5-1658	2429	0.0000000000
352	FT911-5-1659	2430	0.0000000000
352	FT911-5-1660	2431	0.0000000000
352	FT911-5-1661	2432	0.0000000000
352	FT911-5-1662	2433	0.0000000000
352	FT911-5-1663	2434	0.0000000000
352	FT911-5-1664	2435	0.0000000000
352	FT911-5-1665	2436	0.0000000000
352	FT911-5-1666	2437	0.0000000000
352	FT911-5-1667	2438	0.0000000000
352	FT911-5-1671	2439	0.0000000000
352	FT911-5-1676	2440	0.0000000000
352	FT911-5-1677	2441	0.0000000000
352	FT911-5-1678	2442	0.0000000000
352	FT911-5-1679	2443	0.0000000000
352	FT911-5-1680	2444	0.0000000000
352	FT911-5-1682	2445	0.0000000000
352	FT911-5-1684	2446	0.0000000000
352	FT911-5-1685	2447	0.0000000000
352	FT911-5-1687	2448	0.0000000000
352	FT911-5-1689	2449	0.0000000000
352	FT911-5-1691	2450	0.0000000000
352	FT911-5-1692	2451	0.0000000000
352	FT911-5-1693	2452	0.0000000000
352	FT911-5-1694	2453	0.0000000000
352	FT911-5-1695	2454	0.0000000000
352	FT911-5-1696	2455	0.0000000000
352	FT911-5-1698	2456	0.0000000000
352	FT911-5-1699	2457	0.0000000000
352	FT911-5-1701	2458	0.0000000000
352	FT911-5-1702	2459	0.0000000000
352	FT911-5-1703	2460	0.0000000000
352	FT911-5-1704	2461	0.0000000000
352	FT911-5-1705	2462	0.0000000000
352	FT911-5-1706	2463	0.0000000000
352	FT911-5-1707	2464	0.0000000000
352	FT911-5-1708	2465	0.0000000000
352	FT911-5-1709	2466	0.0000000000
352	FT911-5-1710	2467	0.0000000000
352	FT911-5-1711	2468	0.0000000000
352	FT911-5-1712	2469	0.0000000000
352	FT911-5-1713	2470	0.0000000000
352	FT911-5-1714	2471	0.0000000000
352	FT911-5-1715	2472	0.0000000000
352	FT911-5-1716	2473	0.0000000000
352	FT911-5-1717	2474	0.0000000000
352	FT911-5-1718	2475	0.0000000000
352	FT911-5-1720	2476	0.0000000000
352	FT911-5-1721	2477	0.0000000000
352	FT911-5-1722	2478	0.0000000000
352	FT911-5-1723	2479	0.0000000000
352	FT911-5-1724	2480	0.0000000000
352	FT911-5-1725	2481	0.0000000000
352	FT911-5-1726	2482	0.0000000000
352	FT911-5-1727	2483	0.0000000000
352	FT911-5-1728	2484	0.0000000000
352	FT911-5-1729	2485	0.0000000000
352	FT911-5-1730	2486	0.0000000000
352	FT911-5-1731	2487	0.0000000000
352	FT911-5-1732	2488	0.0000000000
352	FT911-5-1734	2489	0.0000000000
352	FT911-5-1735	2490	0.0000000000
352	FT911-5-1736	2491	0.0000000000
352	FT911-5-1737	2492	0.0000000000
352	FT911-5-1738	2493	0.0000000000
352	FT911-5-1739	2494	0.0000000000
352	FT911-5-1740	2495	0.0000000000
352	FT911-5-1741	2496	0.0000000000
352	FT911-5-1742	2497	0.0000000000
352	FT911-5-1744	2498	0.0000000000
352	FT911-5-1745	2499	0.0000000000
352	FT911-5-1746	2500	0.0000000000
352	FT911-5-1747	2501	0.0000000000
352	FT911-5-1748	2502	0.0000000000
352	FT911-5-1749	2503	0.0000000000
352	FT911-5-1750	2504	0.0000000000
352	FT911-5-1751	2505	0.0000000000
352	FT911-5-1753	2506	0.0000000000
352	FT911-5-1754	2507	0.0000000000
352	FT911-5-1756	2508	0.0000000000
352	FT911-5-1757	2509	0.0000000000
352	FT911-5-1758	2510	0.0000000000
352	FT911-5-1760	2511	0.0000000000
352	FT911-5-1761	2512	0.0000000000
352	FT911-5-1762	2513	0.0000000000
352	FT911-5-1763	2514	0.0000000000
352	FT911-5-1764	2515	0.0000000000
352	FT911-5-1765	2516	0.0000000000
352	FT911-5-1768	2517	0.0000000000
352	FT911-5-1769	2518	0.0000000000
352	FT911-5-1770	2519	0.0000000000
352	FT911-5-1771	2520	0.0000000000
352	FT911-5-1772	2521	0.0000000000
352	FT911-5-1774	2522	0.0000000000
352	FT911-5-1775	2523	0.0000000000
352	FT911-5-1777	2524	0.0000000000
352	FT911-5-1778	2525	0.0000000000
352	FT911-5-1781	2526	0.0000000000
352	FT911-5-1782	2527	0.0000000000
352	FT911-5-1783	2528	0.0000000000
352	FT911-5-1784	2529	0.0000000000
352	FT911-5-1785	2530	0.0000000000
352	FT911-5-1786	2531	0.0000000000
352	FT911-5-1787	2532	0.0000000000
352	FT911-5-1788	2533	0.0000000000
352	FT911-5-1789	2534	0.0000000000
352	FT911-5-1790	2535	0.0000000000
352	FT911-5-1791	2536	0.0000000000
352	FT911-5-1792	2537	0.0000000000
352	FT911-5-1793	2538	0.0000000000
352	FT911-5-1795	2539	0.0000000000
352	FT911-5-1796	2540	0.0000000000
352	FT911-5-1797	2541	0.0000000000
352	FT911-5-1798	2542	0.0000000000
352	FT911-5-1799	2543	0.0000000000
352	FT911-5-1800	2544	0.0000000000
352	FT911-5-1801	2545	0.0000000000
352	FT911-5-1802	2546	0.0000000000
352	FT911-5-1803	2547	0.0000000000
352	FT911-5-1804	2548	0.0000000000
352	FT911-5-1807	2549	0.0000000000
352	FT911-5-1808	2550	0.0000000000
352	FT911-5-1809	2551	0.0000000000
352	FT911-5-1810	2552	0.0000000000
352	FT911-5-1811	2553	0.0000000000
352	FT911-5-1813	2554	0.0000000000
352	FT911-5-1814	2555	0.0000000000
352	FT911-5-1815	2556	0.0000000000
352	FT911-5-1816	2557	0.0000000000
352	FT911-5-1819	2558	0.0000000000
352	FT911-5-1820	2559	0.0000000000
352	FT911-5-1822	2560	0.0000000000
352	FT911-5-1823	2561	0.0000000000
352	FT911-5-1824	2562	0.0000000000
352	FT911-5-1825	2563	0.0000000000
352	FT911-5-1826	2564	0.0000000000
352	FT911-5-1827	2565	0.0000000000
352	FT911-5-1830	2566	0.0000000000
352	FT911-6-1832	2567	0.0000000000
352	FT911-6-1833	2568	0.0000000000
352	FT911-6-1835	2569	0.0000000000
352	FT911-6-1836	2570	0.0000000000
352	FT911-6-1838	2571	0.0000000000
352	FT911-6-1839	2572	0.0000000000
352	FT911-6-1840	2573	0.0000000000
352	FT911-6-1842	2574	0.0000000000
352	FT911-6-1843	2575	0.0000000000
352	FT911-6-1844	2576	0.0000000000
352	FT911-6-1845	2577	0.0000000000
352	FT911-6-1846	2578	0.0000000000
352	FT911-6-1847	2579	0.0000000000
352	FT911-6-1848	2580	0.0000000000
352	FT911-6-1849	2581	0.0000000000
352	FT911-6-1851	2582	0.0000000000
352	FT911-6-1852	2583	0.0000000000
352	FT911-6-1853	2584	0.0000000000
352	FT911-6-1854	2585	0.0000000000
352	FT911-6-1855	2586	0.0000000000
352	FT911-6-1856	2587	0.0000000000
352	FT911-6-1857	2588	0.0000000000
352	FT911-6-1858	2589	0.0000000000
352	FT911-6-1859	2590	0.0000000000
352	FT911-6-1860	2591	0.0000000000
352	FT911-6-1862	2592	0.0000000000
352	FT911-6-1863	2593	0.0000000000
352	FT911-6-1864	2594	0.0000000000
352	FT911-6-1865	2595	0.0000000000
352	FT911-6-1866	2596	0.0000000000
352	FT911-6-1869	2597	0.0000000000
352	FT911-6-1871	2598	0.0000000000
352	FT911-6-1872	2599	0.0000000000
352	FT911-6-1873	2600	0.0000000000
352	FT911-6-1876	2601	0.0000000000
352	FT911-6-1877	2602	0.0000000000
352	FT911-6-1878	2603	0.0000000000
352	FT911-6-1880	2604	0.0000000000
352	FT911-6-1881	2605	0.0000000000
352	FT911-6-1882	2606	0.0000000000
352	FT911-6-1884	2607	0.0000000000
352	FT911-6-1885	2608	0.0000000000
352	FT911-6-1886	2609	0.0000000000
352	FT911-6-1887	2610	0.0000000000
352	FT911-6-1888	2611	0.0000000000
352	FT911-6-1889	2612	0.0000000000
352	FT911-6-1891	2613	0.0000000000
352	FT911-6-1894	2614	0.0000000000
352	FT911-6-1895	2615	0.0000000000
352	FT911-6-1896	2616	0.0000000000
352	FT911-6-1897	2617	0.0000000000
352	FT911-6-1899	2618	0.0000000000
352	FT911-6-1900	2619	0.0000000000
352	FT911-6-1901	2620	0.0000000000
352	FT911-6-1902	2621	0.0000000000
352	FT911-6-1903	2622	0.0000000000
352	FT911-6-1904	2623	0.0000000000
352	FT911-6-1905	2624	0.0000000000
352	FT911-6-1906	2625	0.0000000000
352	FT911-6-1908	2626	0.0000000000
352	FT911-6-1909	2627	0.0000000000
352	FT911-6-1910	2628	0.0000000000
352	FT911-6-1911	2629	0.0000000000
352	FT911-6-1912	2630	0.0000000000
352	FT911-6-1914	2631	0.0000000000
352	FT911-6-1915	2632	0.0000000000
352	FT911-6-1916	2633	0.0000000000
352	FT911-6-1917	2634	0.0000000000
352	FT911-6-1918	2635	0.0000000000
352	FT911-6-1919	2636	0.0000000000
352	FT911-6-1921	2637	0.0000000000
352	FT911-6-1922	2638	0.0000000000
352	FT911-6-1923	2639	0.0000000000
352	FT911-6-1924	2640	0.0000000000
352	FT911-6-1925	2641	0.0000000000
352	FT911-6-1926	2642	0.0000000000
352	FT911-6-1927	2643	0.0000000000
352	FT911-6-1928	2644	0.0000000000
352	FT911-6-1929	2645	0.0000000000
352	FT911-6-1930	2646	0.0000000000
352	FT911-6-1932	2647	0.0000000000
352	FT911-6-1934	2648	0.0000000000
352	FT911-6-1936	2649	0.0000000000
352	FT911-6-1937	2650	0.0000000000
352	FT911-6-1938	2651	0.0000000000
352	FT911-6-1939	2652	0.0000000000
352	FT911-6-1940	2653	0.0000000000
352	FT911-6-1941	2654	0.0000000000
352	FT911-6-1942	2655	0.0000000000
352	FT911-6-1943	2656	0.0000000000
352	FT911-6-1944	2657	0.0000000000
352	FT911-6-1945	2658	0.0000000000
352	FT911-6-1946	2659	0.0000000000
352	FT911-6-1947	2660	0.0000000000
352	FT911-6-1948	2661	0.0000000000
352	FT911-6-1949	2662	0.0000000000
352	FT911-6-1950	2663	0.0000000000
352	FT911-6-1952	2664	0.0000000000
352	FT911-6-1953	2665	0.0000000000
352	FT911-6-1955	2666	0.0000000000
352	FT911-6-1956	2667	0.0000000000
352	FT911-6-1957	2668	0.0000000000
352	FT911-6-1958	2669	0.0000000000
352	FT911-6-1959	2670	0.0000000000
352	FT911-6-1960	2671	0.0000000000
352	FT911-6-1961	2672	0.0000000000
352	FT911-6-1962	2673	0.0000000000
352	FT911-6-1965	2674	0.0000000000
352	FT911-6-1966	2675	0.0000000000
352	FT911-6-1968	2676	0.0000000000
352	FT911-6-1969	2677	0.0000000000
352	FT911-6-1970	2678	0.0000000000
352	FT911-6-1971	2679	0.0000000000
352	FT911-6-1972	2680	0.0000000000
352	FT911-6-1973	2681	0.0000000000
352	FT911-6-1974	2682	0.0000000000
352	FT911-6-1975	2683	0.0000000000
352	FT911-6-1976	2684	0.0000000000
352	FT911-6-1979	2685	0.0000000000
352	FT911-6-1980	2686	0.0000000000
352	FT911-6-1982	2687	0.0000000000
352	FT911-6-1983	2688	0.0000000000
352	FT911-6-1984	2689	0.0000000000
352	FT911-6-1985	2690	0.0000000000
352	FT911-6-1986	2691	0.0000000000
352	FT911-6-1987	2692	0.0000000000
352	FT911-6-1988	2693	0.0000000000
352	FT911-6-1992	2694	0.0000000000
352	FT911-6-1993	2695	0.0000000000
352	FT911-6-1994	2696	0.0000000000
352	FT911-6-1996	2697	0.0000000000
352	FT911-6-1998	2698	0.0000000000
352	FT911-6-1999	2699	0.0000000000
352	FT911-6-2000	2700	0.0000000000
352	FT911-6-2002	2701	0.0000000000
352	FT911-6-2004	2702	0.0000000000
352	FT911-6-2005	2703	0.0000000000
352	FT911-6-2006	2704	0.0000000000
352	FT911-6-2007	2705	0.0000000000
352	FT911-6-2008	2706	0.0000000000
352	FT911-6-2010	2707	0.0000000000
352	FT911-6-2012	2708	0.0000000000
352	FT911-6-2013	2709	0.0000000000
352	FT911-6-2014	2710	0.0000000000
352	FT911-6-2016	2711	0.0000000000
352	FT911-6-2017	2712	0.0000000000
352	FT911-6-2018	2713	0.0000000000
352	FT911-6-2019	2714	0.0000000000
352	FT911-6-2020	2715	0.0000000000
352	FT911-6-2021	2716	0.0000000000
352	FT911-6-2022	2717	0.0000000000
352	FT911-6-2023	2718	0.0000000000
352	FT911-6-2024	2719	0.0000000000
352	FT911-6-2025	2720	0.0000000000
352	FT911-6-2026	2721	0.0000000000
352	FT911-6-2027	2722	0.0000000000
352	FT911-6-2028	2723	0.0000000000
352	FT911-6-2029	2724	0.0000000000
352	FT911-6-2030	2725	0.0000000000
352	FT911-6-2032	2726	0.0000000000
352	FT911-6-2033	2727	0.0000000000
352	FT911-6-2034	2728	0.0000000000
352	FT911-6-2035	2729	0.0000000000
352	FT911-6-2037	2730	0.0000000000
352	FT911-6-2038	2731	0.0000000000
352	FT911-6-2039	2732	0.0000000000
352	FT911-6-2040	2733	0.0000000000
352	FT911-6-2041	2734	0.0000000000
352	FT911-6-2043	2735	0.0000000000
352	FT911-6-2045	2736	0.0000000000
352	FT911-6-2046	2737	0.0000000000
352	FT911-6-2047	2738	0.0000000000
352	FT911-6-2048	2739	0.0000000000
352	FT911-6-2049	2740	0.0000000000
352	FT911-6-2050	2741	0.0000000000
352	FT911-6-2051	2742	0.0000000000
352	FT911-6-2052	2743	0.0000000000
352	FT911-6-2053	2744	0.0000000000
352	FT911-6-2054	2745	0.0000000000
352	FT911-6-2055	2746	0.0000000000
352	FT911-6-2057	2747	0.0000000000
352	FT911-6-2058	2748	0.0000000000
352	FT911-6-2059	2749	0.0000000000
352	FT911-6-2060	2750	0.0000000000
352	FT911-6-2061	2751	0.0000000000
352	FT911-6-2062	2752	0.0000000000
352	FT911-6-2064	2753	0.0000000000
352	FT911-6-2066	2754	0.0000000000
352	FT911-6-2068	2755	0.0000000000
352	FT911-6-2069	2756	0.0000000000
352	FT911-6-2070	2757	0.0000000000
352	FT911-6-2071	2758	0.0000000000
352	FT911-6-2072	2759	0.0000000000
352	FT911-6-2073	2760	0.0000000000
352	FT911-6-2076	2761	0.0000000000
352	FT911-6-2077	2762	0.0000000000
352	FT911-6-2078	2763	0.0000000000
352	FT911-6-2079	2764	0.0000000000
352	FT911-6-2081	2765	0.0000000000
352	FT911-6-2082	2766	0.0000000000
352	FT911-6-2083	2767	0.0000000000
352	FT911-6-2084	2768	0.0000000000
352	FT911-6-2085	2769	0.0000000000
352	FT911-6-2086	2770	0.0000000000
352	FT911-6-2088	2771	0.0000000000
352	FT911-6-2089	2772	0.0000000000
352	FT911-6-2090	2773	0.0000000000
352	FT911-6-2091	2774	0.0000000000
352	FT911-6-2092	2775	0.0000000000
352	FT911-6-2095	2776	0.0000000000
352	FT911-6-2096	2777	0.0000000000
352	FT911-6-2097	2778	0.0000000000
352	FT911-6-2098	2779	0.0000000000
352	FT911-6-2099	2780	0.0000000000
352	FT911-6-2100	2781	0.0000000000
352	FT911-6-2102	2782	0.0000000000
352	FT911-6-2104	2783	0.0000000000
352	FT911-6-2105	2784	0.0000000000
352	FT911-6-2106	2785	0.0000000000
352	FT911-6-2107	2786	0.0000000000
352	FT911-6-2108	2787	0.0000000000
352	FT911-6-2109	2788	0.0000000000
352	FT911-6-2110	2789	0.0000000000
352	FT911-6-2111	2790	0.0000000000
352	FT911-6-2112	2791	0.0000000000
352	FT911-6-2114	2792	0.0000000000
352	FT911-6-2116	2793	0.0000000000
352	FT911-6-2117	2794	0.0000000000
352	FT911-6-2118	2795	0.0000000000
352	FT911-6-2119	2796	0.0000000000
352	FT911-6-2120	2797	0.0000000000
352	FT911-6-2121	2798	0.0000000000
352	FT911-6-2122	2799	0.0000000000
352	FT911-6-2123	2800	0.0000000000
352	FT911-6-2124	2801	0.0000000000
352	FT911-6-2126	2802	0.0000000000
352	FT911-6-2127	2803	0.0000000000
352	FT911-6-2130	2804	0.0000000000
352	FT911-6-2131	2805	0.0000000000
352	FT911-6-2133	2806	0.0000000000
352	FT911-6-2135	2807	0.0000000000
352	FT911-6-2136	2808	0.0000000000
352	FT911-6-2137	2809	0.0000000000
352	FT911-6-2138	2810	0.0000000000
352	FT911-6-2139	2811	0.0000000000
352	FT911-6-2140	2812	0.0000000000
352	FT911-6-2142	2813	0.0000000000
352	FT911-6-2143	2814	0.0000000000
352	FT911-6-2147	2815	0.0000000000
352	FT911-6-2148	2816	0.0000000000
352	FT911-6-2149	2817	0.0000000000
352	FT911-6-2151	2818	0.0000000000
352	FT911-6-2152	2819	0.0000000000
352	FT911-6-2156	2820	0.0000000000
352	FT911-6-2157	2821	0.0000000000
352	FT911-6-2158	2822	0.0000000000
352	FT911-6-2159	2823	0.0000000000
352	FT911-6-2160	2824	0.0000000000
352	FT911-6-2161	2825	0.0000000000
352	FT911-6-2162	2826	0.0000000000
352	FT911-6-2165	2827	0.0000000000
352	FT911-6-2166	2828	0.0000000000
352	FT911-6-2167	2829	0.0000000000
352	FT911-6-2171	2830	0.0000000000
352	FT911-6-2175	2831	0.0000000000
352	FT911-6-2176	2832	0.0000000000
352	FT911-6-2177	2833	0.0000000000
352	FT911-6-2179	2834	0.0000000000
352	FT911-6-2180	2835	0.0000000000
352	FT911-6-2186	2836	0.0000000000
352	FT911-6-2187	2837	0.0000000000
352	FT911-6-2188	2838	0.0000000000
352	FT911-6-2189	2839	0.0000000000
352	FT911-6-2192	2840	0.0000000000
352	FT911-6-2193	2841	0.0000000000
352	FT911-6-2195	2842	0.0000000000
352	FT911-6-2196	2843	0.0000000000
352	FT911-6-2197	2844	0.0000000000
352	FT911-6-2198	2845	0.0000000000
352	FT911-6-2199	2846	0.0000000000
352	FT911-6-2202	2847	0.0000000000
352	FT911-6-2203	2848	0.0000000000
352	FT911-6-2204	2849	0.0000000000
352	FT911-6-2205	2850	0.0000000000
352	FT911-6-2206	2851	0.0000000000
352	FT911-6-2207	2852	0.0000000000
352	FT911-6-2208	2853	0.0000000000
352	FT911-6-2209	2854	0.0000000000
352	FT911-6-2210	2855	0.0000000000
352	FT911-7-2212	2856	0.0000000000
352	FT911-7-2213	2857	0.0000000000
352	FT911-7-2214	2858	0.0000000000
352	FT911-7-2215	2859	0.0000000000
352	FT911-7-2216	2860	0.0000000000
352	FT911-7-2217	2861	0.0000000000
352	FT911-7-2218	2862	0.0000000000
352	FT911-7-2219	2863	0.0000000000
352	FT911-7-2222	2864	0.0000000000
352	FT911-7-2223	2865	0.0000000000
352	FT911-7-2224	2866	0.0000000000
352	FT911-7-2225	2867	0.0000000000
352	FT911-7-2226	2868	0.0000000000
352	FT911-7-2227	2869	0.0000000000
352	FT911-7-2228	2870	0.0000000000
352	FT911-7-2229	2871	0.0000000000
352	FT911-7-2230	2872	0.0000000000
352	FT911-7-2231	2873	0.0000000000
352	FT911-7-2233	2874	0.0000000000
352	FT911-7-2234	2875	0.0000000000
352	FT911-7-2236	2876	0.0000000000
352	FT911-7-2238	2877	0.0000000000
352	FT911-7-2239	2878	0.0000000000
352	FT911-7-2240	2879	0.0000000000
352	FT911-7-2241	2880	0.0000000000
352	FT911-7-2242	2881	0.0000000000
352	FT911-7-2243	2882	0.0000000000
352	FT911-7-2244	2883	0.0000000000
352	FT911-7-2246	2884	0.0000000000
352	FT911-7-2247	2885	0.0000000000
352	FT911-7-2250	2886	0.0000000000
352	FT911-7-2251	2887	0.0000000000
352	FT911-7-2252	2888	0.0000000000
352	FT911-7-2253	2889	0.0000000000
352	FT911-7-2254	2890	0.0000000000
352	FT911-7-2256	2891	0.0000000000
352	FT911-7-2259	2892	0.0000000000
352	FT911-7-2261	2893	0.0000000000
352	FT911-7-2262	2894	0.0000000000
352	FT911-7-2265	2895	0.0000000000
352	FT911-7-2266	2896	0.0000000000
352	FT911-7-2267	2897	0.0000000000
352	FT911-7-2268	2898	0.0000000000
352	FT911-7-2270	2899	0.0000000000
352	FT911-7-2271	2900	0.0000000000
352	FT911-7-2272	2901	0.0000000000
352	FT911-7-2273	2902	0.0000000000
352	FT911-7-2274	2903	0.0000000000
352	FT911-7-2275	2904	0.0000000000
352	FT911-7-2276	2905	0.0000000000
352	FT911-7-2279	2906	0.0000000000
352	FT911-7-2281	2907	0.0000000000
352	FT911-7-2282	2908	0.0000000000
352	FT911-7-2283	2909	0.0000000000
352	FT911-7-2284	2910	0.0000000000
352	FT911-7-2285	2911	0.0000000000
352	FT911-7-2286	2912	0.0000000000
352	FT911-7-2287	2913	0.0000000000
352	FT911-7-2288	2914	0.0000000000
352	FT911-7-2289	2915	0.0000000000
352	FT911-7-2290	2916	0.0000000000
352	FT911-7-2291	2917	0.0000000000
352	FT911-7-2292	2918	0.0000000000
352	FT911-7-2293	2919	0.0000000000
352	FT911-7-2294	2920	0.0000000000
352	FT911-7-2295	2921	0.0000000000
352	FT911-7-2298	2922	0.0000000000
352	FT911-7-2300	2923	0.0000000000
352	FT911-7-2302	2924	0.0000000000
352	FT911-7-2303	2925	0.0000000000
352	FT911-7-2304	2926	0.0000000000
352	FT911-7-2305	2927	0.0000000000
352	FT911-7-2306	2928	0.0000000000
352	FT911-7-2307	2929	0.0000000000
352	FT911-7-2308	2930	0.0000000000
352	FT911-7-2309	2931	0.0000000000
352	FT911-7-2310	2932	0.0000000000
352	FT911-7-2312	2933	0.0000000000
352	FT911-7-2313	2934	0.0000000000
352	FT911-7-2314	2935	0.0000000000
352	FT911-7-2315	2936	0.0000000000
352	FT911-7-2317	2937	0.0000000000
352	FT911-7-2318	2938	0.0000000000
352	FT911-7-2319	2939	0.0000000000
352	FT911-7-2320	2940	0.0000000000
352	FT911-7-2321	2941	0.0000000000
352	FT911-7-2322	2942	0.0000000000
352	FT911-7-2323	2943	0.0000000000
352	FT911-7-2324	2944	0.0000000000
352	FT911-7-2325	2945	0.0000000000
352	FT911-7-2326	2946	0.0000000000
352	FT911-7-2327	2947	0.0000000000
352	FT911-7-2328	2948	0.0000000000
352	FT911-7-2329	2949	0.0000000000
352	FT911-7-2330	2950	0.0000000000
352	FT911-7-2331	2951	0.0000000000
352	FT911-7-2332	2952	0.0000000000
352	FT911-7-2336	2953	0.0000000000
352	FT911-7-2337	2954	0.0000000000
352	FT911-7-2338	2955	0.0000000000
352	FT911-7-2339	2956	0.0000000000
352	FT911-7-2340	2957	0.0000000000
352	FT911-7-2341	2958	0.0000000000
352	FT911-7-2342	2959	0.0000000000
352	FT911-7-2343	2960	0.0000000000
352	FT911-7-2344	2961	0.0000000000
352	FT911-7-2347	2962	0.0000000000
352	FT911-7-2349	2963	0.0000000000
352	FT911-7-2351	2964	0.0000000000
352	FT911-7-2352	2965	0.0000000000
352	FT911-7-2354	2966	0.0000000000
352	FT911-7-2358	2967	0.0000000000
352	FT911-7-2359	2968	0.0000000000
352	FT911-7-2360	2969	0.0000000000
352	FT911-7-2361	2970	0.0000000000
352	FT911-7-2362	2971	0.0000000000
352	FT911-7-2365	2972	0.0000000000
352	FT911-7-2366	2973	0.0000000000
352	FT911-7-2367	2974	0.0000000000
352	FT911-7-2368	2975	0.0000000000
352	FT911-7-2369	2976	0.0000000000
352	FT911-7-2370	2977	0.0000000000
352	FT911-7-2372	2978	0.0000000000
352	FT911-7-2374	2979	0.0000000000
352	FT911-7-2375	2980	0.0000000000
352	FT911-7-2378	2981	0.0000000000
352	FT911-7-2379	2982	0.0000000000
352	FT911-7-2380	2983	0.0000000000
352	FT911-7-2382	2984	0.0000000000
352	FT911-7-2383	2985	0.0000000000
352	FT911-7-2384	2986	0.0000000000
352	FT911-7-2385	2987	0.0000000000
352	FT911-7-2386	2988	0.0000000000
352	FT911-7-2387	2989	0.0000000000
352	FT911-7-2388	2990	0.0000000000
352	FT911-7-2389	2991	0.0000000000
352	FT911-7-2390	2992	0.0000000000
352	FT911-7-2391	2993	0.0000000000
352	FT911-7-2392	2994	0.0000000000
352	FT911-7-2393	2995	0.0000000000
352	FT911-7-2395	2996	0.0000000000
352	FT911-7-2396	2997	0.0000000000
352	FT911-7-2398	2998	0.0000000000
352	FT911-7-2399	2999	0.0000000000
352	FT911-7-2400	3000	0.0000000000
352	FT911-7-2401	3001	0.0000000000
352	FT911-7-2402	3002	0.0000000000
352	FT911-7-2403	3003	0.0000000000
352	FT911-7-2404	3004	0.0000000000
352	FT911-7-2405	3005	0.0000000000
352	FT911-7-2406	3006	0.0000000000
352	FT911-7-2407	3007	0.0000000000
352	FT911-7-2408	3008	0.0000000000
352	FT911-7-2409	3009	0.0000000000
352	FT911-7-2410	3010	0.0000000000
352	FT911-7-2411	3011	0.0000000000
352	FT911-7-2412	3012	0.0000000000
352	FT911-7-2413	3013	0.0000000000
352	FT911-7-2414	3014	0.0000000000
352	FT911-7-2415	3015	0.0000000000
352	FT911-7-2416	3016	0.0000000000
352	FT911-7-2417	3017	0.0000000000
352	FT911-7-2418	3018	0.0000000000
352	FT911-7-2419	3019	0.0000000000
352	FT911-7-2420	3020	0.0000000000
352	FT911-7-2421	3021	0.0000000000
352	FT911-7-2422	3022	0.0000000000
352	FT911-7-2423	3023	0.0000000000
352	FT911-7-2424	3024	0.0000000000
352	FT911-7-2425	3025	0.0000000000
352	FT911-7-2426	3026	0.0000000000
352	FT911-7-2427	3027	0.0000000000
352	FT911-7-2428	3028	0.0000000000
352	FT911-7-2429	3029	0.0000000000
352	FT911-7-2430	3030	0.0000000000
352	FT911-7-2431	3031	0.0000000000
352	FT911-7-2432	3032	0.0000000000
352	FT911-7-2433	3033	0.0000000000
352	FT911-7-2434	3034	0.0000000000
352	FT911-7-2435	3035	0.0000000000
352	FT911-7-2436	3036	0.0000000000
352	FT911-7-2437	3037	0.0000000000
352	FT911-7-2438	3038	0.0000000000
352	FT911-7-2439	3039	0.0000000000
352	FT911-7-2440	3040	0.0000000000
352	FT911-7-2441	3041	0.0000000000
352	FT911-7-2443	3042	0.0000000000
352	FT911-7-2444	3043	0.0000000000
352	FT911-7-2445	3044	0.0000000000
352	FT911-7-2446	3045	0.0000000000
352	FT911-7-2447	3046	0.0000000000
352	FT911-7-2449	3047	0.0000000000
352	FT911-7-2451	3048	0.0000000000
352	FT911-7-2452	3049	0.0000000000
352	FT911-7-2454	3050	0.0000000000
352	FT911-7-2457	3051	0.0000000000
352	FT911-7-2458	3052	0.0000000000
352	FT911-7-2459	3053	0.0000000000
352	FT911-7-2460	3054	0.0000000000
352	FT911-7-2461	3055	0.0000000000
352	FT911-7-2462	3056	0.0000000000
352	FT911-7-2464	3057	0.0000000000
352	FT911-7-2465	3058	0.0000000000
352	FT911-7-2466	3059	0.0000000000
352	FT911-7-2467	3060	0.0000000000
352	FT911-7-2468	3061	0.0000000000
352	FT911-7-2469	3062	0.0000000000
352	FT911-7-2470	3063	0.0000000000
352	FT911-7-2471	3064	0.0000000000
352	FT911-7-2473	3065	0.0000000000
352	FT911-7-2474	3066	0.0000000000
352	FT911-7-2475	3067	0.0000000000
352	FT911-7-2476	3068	0.0000000000
352	FT911-7-2477	3069	0.0000000000
352	FT911-7-2478	3070	0.0000000000
352	FT911-7-2479	3071	0.0000000000
352	FT911-7-2480	3072	0.0000000000
352	FT911-7-2481	3073	0.0000000000
352	FT911-7-2482	3074	0.0000000000
352	FT911-7-2483	3075	0.0000000000
352	FT911-7-2484	3076	0.0000000000
352	FT911-7-2485	3077	0.0000000000
352	FT911-7-2487	3078	0.0000000000
352	FT911-7-2488	3079	0.0000000000
352	FT911-7-2489	3080	0.0000000000
352	FT911-7-2490	3081	0.0000000000
352	FT911-7-2491	3082	0.0000000000
352	FT911-7-2492	3083	0.0000000000
352	FT911-7-2493	3084	0.0000000000
352	FT911-7-2494	3085	0.0000000000
352	FT911-7-2495	3086	0.0000000000
352	FT911-7-2496	3087	0.0000000000
352	FT911-7-2497	3088	0.0000000000
352	FT911-7-2498	3089	0.0000000000
352	FT911-7-2499	3090	0.0000000000
352	FT911-7-2500	3091	0.0000000000
352	FT911-7-2501	3092	0.0000000000
352	FT911-7-2502	3093	0.0000000000
352	FT911-7-2503	3094	0.0000000000
352	FT911-7-2504	3095	0.0000000000
352	FT911-7-2505	3096	0.0000000000
352	FT911-7-2506	3097	0.0000000000
352	FT911-7-2507	3098	0.0000000000
352	FT911-7-2508	3099	0.0000000000
352	FT911-7-2509	3100	0.0000000000
352	FT911-7-2511	3101	0.0000000000
352	FT911-7-2512	3102	0.0000000000
352	FT911-7-2514	3103	0.0000000000
352	FT911-7-2516	3104	0.0000000000
352	FT911-7-2517	3105	0.0000000000
352	FT911-7-2518	3106	0.0000000000
352	FT911-7-2519	3107	0.0000000000
352	FT911-7-2520	3108	0.0000000000
352	FT911-7-2521	3109	0.0000000000
352	FT911-7-2522	3110	0.0000000000
352	FT911-7-2523	3111	0.0000000000
352	FT911-7-2524	3112	0.0000000000
352	FT911-7-2525	3113	0.0000000000
352	FT911-7-2526	3114	0.0000000000
352	FT911-7-2527	3115	0.0000000000
352	FT911-7-2529	3116	0.0000000000
352	FT911-7-2530	3117	0.0000000000
352	FT911-7-2531	3118	0.0000000000
352	FT911-7-2532	3119	0.0000000000
352	FT911-7-2533	3120	0.0000000000
352	FT911-7-2534	3121	0.0000000000
352	FT911-7-2535	3122	0.0000000000
352	FT911-7-2536	3123	0.0000000000
352	FT911-7-2537	3124	0.0000000000
352	FT911-7-2539	3125	0.0000000000
352	FT911-7-2540	3126	0.0000000000
352	FT911-7-2542	3127	0.0000000000
352	FT911-7-2543	3128	0.0000000000
352	FT911-7-2544	3129	0.0000000000
352	FT911-7-2546	3130	0.0000000000
352	FT911-7-2547	3131	0.0000000000
352	FT911-7-2548	3132	0.0000000000
352	FT911-7-2549	3133	0.0000000000
352	FT911-7-2550	3134	0.0000000000
352	FT911-7-2551	3135	0.0000000000
352	FT911-7-2552	3136	0.0000000000
352	FT911-7-2553	3137	0.0000000000
352	FT911-7-2554	3138	0.0000000000
352	FT911-7-2555	3139	0.0000000000
352	FT911-7-2556	3140	0.0000000000
352	FT911-7-2557	3141	0.0000000000
352	FT911-7-2558	3142	0.0000000000
352	FT911-7-2559	3143	0.0000000000
352	FT911-7-2560	3144	0.0000000000
352	FT911-7-2561	3145	0.0000000000
352	FT911-7-2566	3146	0.0000000000
352	FT911-7-2568	3147	0.0000000000
352	FT911-7-2569	3148	0.0000000000
352	FT911-7-2572	3149	0.0000000000
352	FT911-7-2575	3150	0.0000000000
352	FT911-7-2578	3151	0.0000000000
352	FT911-7-2579	3152	0.0000000000
352	FT911-7-2580	3153	0.0000000000
352	FT911-7-2582	3154	0.0000000000
352	FT911-7-2583	3155	0.0000000000
352	FT911-7-2584	3156	0.0000000000
352	FT911-7-2586	3157	0.0000000000
352	FT911-7-2587	3158	0.0000000000
352	FT911-7-2588	3159	0.0000000000
352	FT911-7-2589	3160	0.0000000000
352	FT911-7-2590	3161	0.0000000000
352	FT911-7-2591	3162	0.0000000000
352	FT911-7-2592	3163	0.0000000000
352	FT911-7-2593	3164	0.0000000000
352	FT911-7-2594	3165	0.0000000000
352	FT911-7-2595	3166	0.0000000000
352	FT911-7-2596	3167	0.0000000000
352	FT911-7-2597	3168	0.0000000000
352	FT911-7-2598	3169	0.0000000000
352	FT911-7-2599	3170	0.0000000000
352	FT911-7-2600	3171	0.0000000000
352	FT911-7-2601	3172	0.0000000000
352	FT911-7-2602	3173	0.0000000000
352	FT911-7-2603	3174	0.0000000000
352	FT911-7-2604	3175	0.0000000000
352	FT911-7-2605	3176	0.0000000000
352	FT911-7-2607	3177	0.0000000000
352	FT911-7-2608	3178	0.0000000000
352	FT911-7-2609	3179	0.0000000000
352	FT911-7-2610	3180	0.0000000000
352	FT911-7-2611	3181	0.0000000000
352	FT911-7-2612	3182	0.0000000000
352	FT911-7-2613	3183	0.0000000000
352	FT911-7-2614	3184	0.0000000000
352	FT911-7-2615	3185	0.0000000000
352	FT911-7-2616	3186	0.0000000000
352	FT911-7-2617	3187	0.0000000000
352	FT911-7-2618	3188	0.0000000000
352	FT911-7-2619	3189	0.0000000000
352	FT911-7-2620	3190	0.0000000000
352	FT911-8-2621	3191	0.0000000000
352	FT911-8-2622	3192	0.0000000000
352	FT911-8-2625	3193	0.0000000000
352	FT911-8-2626	3194	0.0000000000
352	FT911-8-2627	3195	0.0000000000
352	FT911-8-2628	3196	0.0000000000
352	FT911-8-2629	3197	0.0000000000
352	FT911-8-2632	3198	0.0000000000
352	FT911-8-2635	3199	0.0000000000
352	FT911-8-2636	3200	0.0000000000
352	FT911-8-2637	3201	0.0000000000
352	FT911-8-2638	3202	0.0000000000
352	FT911-8-2639	3203	0.0000000000
352	FT911-8-2640	3204	0.0000000000
352	FT911-8-2641	3205	0.0000000000
352	FT911-8-2642	3206	0.0000000000
352	FT911-8-2643	3207	0.0000000000
352	FT911-8-2644	3208	0.0000000000
352	FT911-8-2645	3209	0.0000000000
352	FT911-8-2647	3210	0.0000000000
352	FT911-8-2648	3211	0.0000000000
352	FT911-8-2651	3212	0.0000000000
352	FT911-8-2652	3213	0.0000000000
352	FT911-8-2653	3214	0.0000000000
352	FT911-8-2656	3215	0.0000000000
352	FT911-8-2657	3216	0.0000000000
352	FT911-8-2659	3217	0.0000000000
352	FT911-8-2661	3218	0.0000000000
352	FT911-8-2662	3219	0.0000000000
352	FT911-8-2664	3220	0.0000000000
352	FT911-8-2665	3221	0.0000000000
352	FT911-8-2667	3222	0.0000000000
352	FT911-8-2668	3223	0.0000000000
352	FT911-8-2669	3224	0.0000000000
352	FT911-8-2670	3225	0.0000000000
352	FT911-8-2671	3226	0.0000000000
352	FT911-8-2672	3227	0.0000000000
352	FT911-8-2673	3228	0.0000000000
352	FT911-8-2674	3229	0.0000000000
352	FT911-8-2675	3230	0.0000000000
352	FT911-8-2676	3231	0.0000000000
352	FT911-8-2677	3232	0.0000000000
352	FT911-8-2678	3233	0.0000000000
352	FT911-8-2681	3234	0.0000000000
352	FT911-8-2682	3235	0.0000000000
352	FT911-8-2683	3236	0.0000000000
352	FT911-8-2684	3237	0.0000000000
352	FT911-8-2685	3238	0.0000000000
352	FT911-8-2686	3239	0.0000000000
352	FT911-8-2687	3240	0.0000000000
352	FT911-8-2688	3241	0.0000000000
352	FT911-8-2689	3242	0.0000000000
352	FT911-8-2690	3243	0.0000000000
352	FT911-8-2691	3244	0.0000000000
352	FT911-8-2692	3245	0.0000000000
352	FT911-8-2693	3246	0.0000000000
352	FT911-8-2694	3247	0.0000000000
352	FT911-8-2695	3248	0.0000000000
352	FT911-8-2696	3249	0.0000000000
352	FT911-8-2697	3250	0.0000000000
352	FT911-8-2698	3251	0.0000000000
352	FT911-8-2699	3252	0.0000000000
352	FT911-8-2700	3253	0.0000000000
352	FT911-8-2701	3254	0.0000000000
352	FT911-8-2702	3255	0.0000000000
352	FT911-8-2703	3256	0.0000000000
352	FT911-8-2705	3257	0.0000000000
352	FT911-8-2706	3258	0.0000000000
352	FT911-8-2707	3259	0.0000000000
352	FT911-8-2709	3260	0.0000000000
352	FT911-8-2710	3261	0.0000000000
352	FT911-8-2711	3262	0.0000000000
352	FT911-8-2712	3263	0.0000000000
352	FT911-8-2713	3264	0.0000000000
352	FT911-8-2714	3265	0.0000000000
352	FT911-8-2715	3266	0.0000000000
352	FT911-8-2716	3267	0.0000000000
352	FT911-8-2718	3268	0.0000000000
352	FT911-8-2719	3269	0.0000000000
352	FT911-8-2720	3270	0.0000000000
352	FT911-8-2721	3271	0.0000000000
352	FT911-8-2723	3272	0.0000000000
352	FT911-8-2724	3273	0.0000000000
352	FT911-8-2729	3274	0.0000000000
352	FT911-8-2731	3275	0.0000000000
352	FT911-8-2732	3276	0.0000000000
352	FT911-8-2733	3277	0.0000000000
352	FT911-8-2735	3278	0.0000000000
352	FT911-8-2736	3279	0.0000000000
352	FT911-8-2739	3280	0.0000000000
352	FT911-8-2740	3281	0.0000000000
352	FT911-8-2743	3282	0.0000000000
352	FT911-8-2744	3283	0.0000000000
352	FT911-8-2745	3284	0.0000000000
352	FT911-8-2746	3285	0.0000000000
352	FT911-8-2747	3286	0.0000000000
352	FT911-8-2748	3287	0.0000000000
352	FT911-8-2749	3288	0.0000000000
352	FT911-8-2750	3289	0.0000000000
352	FT911-8-2751	3290	0.0000000000
352	FT911-8-2752	3291	0.0000000000
352	FT911-8-2753	3292	0.0000000000
352	FT911-8-2754	3293	0.0000000000
352	FT911-8-2755	3294	0.0000000000
352	FT911-8-2756	3295	0.0000000000
352	FT911-8-2757	3296	0.0000000000
352	FT911-8-2758	3297	0.0000000000
352	FT911-8-2759	3298	0.0000000000
352	FT911-8-2760	3299	0.0000000000
352	FT911-8-2761	3300	0.0000000000
352	FT911-8-2762	3301	0.0000000000
352	FT911-8-2763	3302	0.0000000000
352	FT911-8-2764	3303	0.0000000000
352	FT911-8-2765	3304	0.0000000000
352	FT911-8-2766	3305	0.0000000000
352	FT911-8-2767	3306	0.0000000000
352	FT911-8-2769	3307	0.0000000000
352	FT911-8-2771	3308	0.0000000000
352	FT911-8-2772	3309	0.0000000000
352	FT911-8-2773	3310	0.0000000000
352	FT911-8-2774	3311	0.0000000000
352	FT911-8-2775	3312	0.0000000000
352	FT911-8-2776	3313	0.0000000000
352	FT911-8-2777	3314	0.0000000000
352	FT911-8-2779	3315	0.0000000000
352	FT911-8-2780	3316	0.0000000000
352	FT911-8-2781	3317	0.0000000000
352	FT911-8-2783	3318	0.0000000000
352	FT911-8-2784	3319	0.0000000000
352	FT911-8-2786	3320	0.0000000000
352	FT911-8-2788	3321	0.0000000000
352	FT911-8-2789	3322	0.0000000000
352	FT911-8-2790	3323	0.0000000000
352	FT911-8-2791	3324	0.0000000000
352	FT911-8-2793	3325	0.0000000000
352	FT911-8-2794	3326	0.0000000000
352	FT911-8-2795	3327	0.0000000000
352	FT911-8-2796	3328	0.0000000000
352	FT911-8-2799	3329	0.0000000000
352	FT911-8-2800	3330	0.0000000000
352	FT911-8-2801	3331	0.0000000000
352	FT911-8-2802	3332	0.0000000000
352	FT911-8-2803	3333	0.0000000000
352	FT911-8-2804	3334	0.0000000000
352	FT911-8-2805	3335	0.0000000000
352	FT911-8-2806	3336	0.0000000000
352	FT911-8-2807	3337	0.0000000000
352	FT911-8-2808	3338	0.0000000000
352	FT911-8-2809	3339	0.0000000000
352	FT911-8-2810	3340	0.0000000000
352	FT911-8-2811	3341	0.0000000000
352	FT911-8-2812	3342	0.0000000000
352	FT911-8-2813	3343	0.0000000000
352	FT911-8-2814	3344	0.0000000000
352	FT911-8-2816	3345	0.0000000000
352	FT911-8-2817	3346	0.0000000000
352	FT911-8-2818	3347	0.0000000000
352	FT911-8-2822	3348	0.0000000000
352	FT911-8-2824	3349	0.0000000000
352	FT911-8-2825	3350	0.0000000000
352	FT911-8-2828	3351	0.0000000000
352	FT911-8-2829	3352	0.0000000000
352	FT911-8-2831	3353	0.0000000000
352	FT911-8-2835	3354	0.0000000000
352	FT911-8-2841	3355	0.0000000000
352	FT911-8-2842	3356	0.0000000000
352	FT911-8-2843	3357	0.0000000000
352	FT911-8-2844	3358	0.0000000000
352	FT911-8-2845	3359	0.0000000000
352	FT911-8-2846	3360	0.0000000000
352	FT911-8-2847	3361	0.0000000000
352	FT911-8-2848	3362	0.0000000000
352	FT911-8-2849	3363	0.0000000000
352	FT911-8-2850	3364	0.0000000000
352	FT911-8-2851	3365	0.0000000000
352	FT911-8-2852	3366	0.0000000000
352	FT911-8-2854	3367	0.0000000000
352	FT911-8-2855	3368	0.0000000000
352	FT911-8-2856	3369	0.0000000000
352	FT911-8-2857	3370	0.0000000000
352	FT911-8-2858	3371	0.0000000000
352	FT911-8-2859	3372	0.0000000000
352	FT911-8-2861	3373	0.0000000000
352	FT911-8-2862	3374	0.0000000000
352	FT911-8-2863	3375	0.0000000000
352	FT911-8-2864	3376	0.0000000000
352	FT911-8-2865	3377	0.0000000000
352	FT911-8-2867	3378	0.0000000000
352	FT911-8-2868	3379	0.0000000000
352	FT911-8-2869	3380	0.0000000000
352	FT911-8-2870	3381	0.0000000000
352	FT911-8-2871	3382	0.0000000000
352	FT911-8-2872	3383	0.0000000000
352	FT911-8-2873	3384	0.0000000000
352	FT911-8-2875	3385	0.0000000000
352	FT911-8-2876	3386	0.0000000000
352	FT911-8-2878	3387	0.0000000000
352	FT911-8-2880	3388	0.0000000000
352	FT911-8-2881	3389	0.0000000000
352	FT911-8-2882	3390	0.0000000000
352	FT911-8-2884	3391	0.0000000000
352	FT911-8-2887	3392	0.0000000000
352	FT911-8-2888	3393	0.0000000000
352	FT911-8-2890	3394	0.0000000000
352	FT911-8-2892	3395	0.0000000000
352	FT911-8-2893	3396	0.0000000000
352	FT911-8-2894	3397	0.0000000000
352	FT911-8-2895	3398	0.0000000000
352	FT911-8-2896	3399	0.0000000000
352	FT911-8-2898	3400	0.0000000000
352	FT911-8-2899	3401	0.0000000000
352	FT911-8-2900	3402	0.0000000000
352	FT911-8-2901	3403	0.0000000000
352	FT911-8-2903	3404	0.0000000000
352	FT911-8-2905	3405	0.0000000000
352	FT911-8-2906	3406	0.0000000000
352	FT911-8-2908	3407	0.0000000000
352	FT911-8-2909	3408	0.0000000000
352	FT911-8-2910	3409	0.0000000000
352	FT911-8-2911	3410	0.0000000000
352	FT911-8-2912	3411	0.0000000000
352	FT911-8-2913	3412	0.0000000000
352	FT911-8-2914	3413	0.0000000000
352	FT911-8-2915	3414	0.0000000000
352	FT911-8-2916	3415	0.0000000000
352	FT911-8-2917	3416	0.0000000000
352	FT911-8-2918	3417	0.0000000000
352	FT911-8-2919	3418	0.0000000000
352	FT911-8-2920	3419	0.0000000000
352	FT911-8-2921	3420	0.0000000000
352	FT911-8-2922	3421	0.0000000000
352	FT911-8-2923	3422	0.0000000000
352	FT911-8-2924	3423	0.0000000000
352	FT911-8-2925	3424	0.0000000000
352	FT911-8-2926	3425	0.0000000000
352	FT911-8-2927	3426	0.0000000000
352	FT911-8-2928	3427	0.0000000000
352	FT911-8-2929	3428	0.0000000000
352	FT911-8-2930	3429	0.0000000000
352	FT911-8-2931	3430	0.0000000000
352	FT911-8-2933	3431	0.0000000000
352	FT911-8-2935	3432	0.0000000000
352	FT911-8-2936	3433	0.0000000000
352	FT911-8-2937	3434	0.0000000000
352	FT911-8-2938	3435	0.0000000000
352	FT911-8-2939	3436	0.0000000000
352	FT911-8-2941	3437	0.0000000000
352	FT911-8-2943	3438	0.0000000000
352	FT911-8-2944	3439	0.0000000000
352	FT911-8-2945	3440	0.0000000000
352	FT911-8-2946	3441	0.0000000000
352	FT911-8-2947	3442	0.0000000000
352	FT911-8-2949	3443	0.0000000000
352	FT911-9-2950	3444	0.0000000000
352	FT911-9-2951	3445	0.0000000000
352	FT911-9-2952	3446	0.0000000000
352	FT911-9-2953	3447	0.0000000000
352	FT911-9-2954	3448	0.0000000000
352	FT911-9-2955	3449	0.0000000000
352	FT911-9-2958	3450	0.0000000000
352	FT911-9-2959	3451	0.0000000000
352	FT911-9-2960	3452	0.0000000000
352	FT911-9-2961	3453	0.0000000000
352	FT911-9-2962	3454	0.0000000000
352	FT911-9-2963	3455	0.0000000000
352	FT911-9-2965	3456	0.0000000000
352	FT911-9-2966	3457	0.0000000000
352	FT911-9-2967	3458	0.0000000000
352	FT911-9-2968	3459	0.0000000000
352	FT911-9-2969	3460	0.0000000000
352	FT911-9-2970	3461	0.0000000000
352	FT911-9-2971	3462	0.0000000000
352	FT911-9-2972	3463	0.0000000000
352	FT911-9-2973	3464	0.0000000000
352	FT911-9-2974	3465	0.0000000000
352	FT911-9-2975	3466	0.0000000000
352	FT911-9-2976	3467	0.0000000000
352	FT911-9-2977	3468	0.0000000000
352	FT911-9-2978	3469	0.0000000000
352	FT911-9-2979	3470	0.0000000000
352	FT911-9-2980	3471	0.0000000000
352	FT911-9-2981	3472	0.0000000000
352	FT911-9-2982	3473	0.0000000000
352	FT911-9-2984	3474	0.0000000000
352	FT911-9-2985	3475	0.0000000000
352	FT911-9-2986	3476	0.0000000000
352	FT911-9-2987	3477	0.0000000000
352	FT911-9-2988	3478	0.0000000000
352	FT911-9-2989	3479	0.0000000000
352	FT911-9-2990	3480	0.0000000000
352	FT911-9-2991	3481	0.0000000000
352	FT911-9-2992	3482	0.0000000000
352	FT911-9-2993	3483	0.0000000000
352	FT911-9-2994	3484	0.0000000000
352	FT911-9-2995	3485	0.0000000000
352	FT911-9-2996	3486	0.0000000000
352	FT911-9-2997	3487	0.0000000000
352	FT911-9-2998	3488	0.0000000000
352	FT911-9-3001	3489	0.0000000000
352	FT911-9-3002	3490	0.0000000000
352	FT911-9-3003	3491	0.0000000000
352	FT911-9-3004	3492	0.0000000000
352	FT911-9-3005	3493	0.0000000000
352	FT911-9-3006	3494	0.0000000000
352	FT911-9-3007	3495	0.0000000000
352	FT911-9-3010	3496	0.0000000000
352	FT911-9-3011	3497	0.0000000000
352	FT911-9-3012	3498	0.0000000000
352	FT911-9-3013	3499	0.0000000000
352	FT911-9-3015	3500	0.0000000000
352	FT911-9-3016	3501	0.0000000000
352	FT911-9-3017	3502	0.0000000000
352	FT911-9-3018	3503	0.0000000000
352	FT911-9-3019	3504	0.0000000000
352	FT911-9-3020	3505	0.0000000000
352	FT911-9-3021	3506	0.0000000000
352	FT911-9-3022	3507	0.0000000000
352	FT911-9-3023	3508	0.0000000000
352	FT911-9-3025	3509	0.0000000000
352	FT911-9-3027	3510	0.0000000000
352	FT911-9-3028	3511	0.0000000000
352	FT911-9-3029	3512	0.0000000000
352	FT911-9-3030	3513	0.0000000000
352	FT911-9-3031	3514	0.0000000000
352	FT911-9-3032	3515	0.0000000000
352	FT911-9-3033	3516	0.0000000000
352	FT911-9-3036	3517	0.0000000000
352	FT911-9-3037	3518	0.0000000000
352	FT911-9-3038	3519	0.0000000000
352	FT911-9-3039	3520	0.0000000000
352	FT911-9-3040	3521	0.0000000000
352	FT911-9-3041	3522	0.0000000000
352	FT911-9-3042	3523	0.0000000000
352	FT911-9-3043	3524	0.0000000000
352	FT911-9-3044	3525	0.0000000000
352	FT911-9-3045	3526	0.0000000000
352	FT911-9-3046	3527	0.0000000000
352	FT911-9-3047	3528	0.0000000000
352	FT911-9-3048	3529	0.0000000000
352	FT911-9-3049	3530	0.0000000000
352	FT911-9-3050	3531	0.0000000000
352	FT911-9-3051	3532	0.0000000000
352	FT911-9-3052	3533	0.0000000000
352	FT911-9-3053	3534	0.0000000000
352	FT911-9-3054	3535	0.0000000000
352	FT911-9-3055	3536	0.0000000000
352	FT911-9-3056	3537	0.0000000000
352	FT911-9-3057	3538	0.0000000000
352	FT911-9-3058	3539	0.0000000000
352	FT911-9-3059	3540	0.0000000000
352	FT911-9-3060	3541	0.0000000000
352	FT911-9-3061	3542	0.0000000000
352	FT911-9-3062	3543	0.0000000000
352	FT911-9-3064	3544	0.0000000000
352	FT911-9-3065	3545	0.0000000000
352	FT911-9-3066	3546	0.0000000000
352	FT911-9-3067	3547	0.0000000000
352	FT911-9-3068	3548	0.0000000000
352	FT911-9-3069	3549	0.0000000000
352	FT911-9-3070	3550	0.0000000000
352	FT911-9-3071	3551	0.0000000000
352	FT911-9-3072	3552	0.0000000000
352	FT911-9-3073	3553	0.0000000000
352	FT911-9-3076	3554	0.0000000000
352	FT911-9-3077	3555	0.0000000000
352	FT911-9-3078	3556	0.0000000000
352	FT911-9-3079	3557	0.0000000000
352	FT911-9-3080	3558	0.0000000000
352	FT911-9-3081	3559	0.0000000000
352	FT911-9-3082	3560	0.0000000000
352	FT911-9-3083	3561	0.0000000000
352	FT911-9-3084	3562	0.0000000000
352	FT911-9-3085	3563	0.0000000000
352	FT911-9-3086	3564	0.0000000000
352	FT911-9-3087	3565	0.0000000000
352	FT911-9-3088	3566	0.0000000000
352	FT911-9-3089	3567	0.0000000000
352	FT911-9-3090	3568	0.0000000000
352	FT911-9-3091	3569	0.0000000000
352	FT911-9-3092	3570	0.0000000000
352	FT911-9-3093	3571	0.0000000000
352	FT911-9-3095	3572	0.0000000000
352	FT911-9-3096	3573	0.0000000000
352	FT911-9-3100	3574	0.0000000000
352	FT911-9-3101	3575	0.0000000000
352	FT911-9-3102	3576	0.0000000000
352	FT911-9-3103	3577	0.0000000000
352	FT911-9-3104	3578	0.0000000000
352	FT911-9-3105	3579	0.0000000000
352	FT911-9-3106	3580	0.0000000000
352	FT911-9-3107	3581	0.0000000000
352	FT911-9-3108	3582	0.0000000000
352	FT911-9-3112	3583	0.0000000000
352	FT911-9-3113	3584	0.0000000000
352	FT911-9-3114	3585	0.0000000000
352	FT911-9-3115	3586	0.0000000000
352	FT911-9-3117	3587	0.0000000000
352	FT911-9-3118	3588	0.0000000000
352	FT911-9-3120	3589	0.0000000000
352	FT911-9-3122	3590	0.0000000000
352	FT911-9-3124	3591	0.0000000000
352	FT911-9-3125	3592	0.0000000000
352	FT911-9-3126	3593	0.0000000000
352	FT911-9-3127	3594	0.0000000000
352	FT911-9-3128	3595	0.0000000000
352	FT911-9-3129	3596	0.0000000000
352	FT911-9-3133	3597	0.0000000000
352	FT911-9-3135	3598	0.0000000000
352	FT911-9-3136	3599	0.0000000000
352	FT911-9-3137	3600	0.0000000000
352	FT911-9-3138	3601	0.0000000000
352	FT911-9-3139	3602	0.0000000000
352	FT911-9-3140	3603	0.0000000000
352	FT911-9-3141	3604	0.0000000000
352	FT911-9-3142	3605	0.0000000000
352	FT911-9-3143	3606	0.0000000000
352	FT911-9-3144	3607	0.0000000000
352	FT911-9-3145	3608	0.0000000000
352	FT911-9-3147	3609	0.0000000000
352	FT911-9-3149	3610	0.0000000000
352	FT911-9-3150	3611	0.0000000000
352	FT911-9-3152	3612	0.0000000000
352	FT911-9-3153	3613	0.0000000000
352	FT911-9-3154	3614	0.0000000000
352	FT911-9-3156	3615	0.0000000000
352	FT911-9-3157	3616	0.0000000000
352	FT911-9-3160	3617	0.0000000000
352	FT911-9-3161	3618	0.0000000000
352	FT911-9-3162	3619	0.0000000000
352	FT911-9-3164	3620	0.0000000000
352	FT911-9-3166	3621	0.0000000000
352	FT911-9-3167	3622	0.0000000000
352	FT911-9-3169	3623	0.0000000000
352	FT911-9-3170	3624	0.0000000000
352	FT911-9-3171	3625	0.0000000000
352	FT911-9-3173	3626	0.0000000000
352	FT911-9-3176	3627	0.0000000000
352	FT911-9-3177	3628	0.0000000000
352	FT911-9-3178	3629	0.0000000000
352	FT911-9-3179	3630	0.0000000000
352	FT911-9-3180	3631	0.0000000000
352	FT911-9-3183	3632	0.0000000000
352	FT911-9-3184	3633	0.0000000000
352	FT911-9-3185	3634	0.0000000000
352	FT911-9-3186	3635	0.0000000000
352	FT911-9-3187	3636	0.0000000000
352	FT911-9-3188	3637	0.0000000000
352	FT911-9-3190	3638	0.0000000000
352	FT911-9-3192	3639	0.0000000000
352	FT911-9-3193	3640	0.0000000000
352	FT911-9-3194	3641	0.0000000000
352	FT911-9-3195	3642	0.0000000000
352	FT911-9-3196	3643	0.0000000000
352	FT911-9-3197	3644	0.0000000000
352	FT911-9-3198	3645	0.0000000000
352	FT911-9-3199	3646	0.0000000000
352	FT911-9-3200	3647	0.0000000000
352	FT911-9-3201	3648	0.0000000000
352	FT911-9-3202	3649	0.0000000000
352	FT911-9-3205	3650	0.0000000000
352	FT911-9-3206	3651	0.0000000000
352	FT911-9-3208	3652	0.0000000000
352	FT911-9-3209	3653	0.0000000000
352	FT911-9-3212	3654	0.0000000000
352	FT911-9-3213	3655	0.0000000000
352	FT911-9-3214	3656	0.0000000000
352	FT911-9-3215	3657	0.0000000000
352	FT911-9-3216	3658	0.0000000000
352	FT911-9-3217	3659	0.0000000000
352	FT911-9-3220	3660	0.0000000000
352	FT911-9-3221	3661	0.0000000000
352	FT911-9-3222	3662	0.0000000000
352	FT911-9-3223	3663	0.0000000000
352	FT911-9-3224	3664	0.0000000000
352	FT911-9-3225	3665	0.0000000000
352	FT911-9-3226	3666	0.0000000000
352	FT911-9-3228	3667	0.0000000000
352	FT911-9-3230	3668	0.0000000000
352	FT911-9-3236	3669	0.0000000000
352	FT911-9-3237	3670	0.0000000000
352	FT911-9-3238	3671	0.0000000000
352	FT911-9-3239	3672	0.0000000000
352	FT911-9-3241	3673	0.0000000000
352	FT911-9-3243	3674	0.0000000000
352	FT911-9-3245	3675	0.0000000000
352	FT911-9-3246	3676	0.0000000000
352	FT911-9-3248	3677	0.0000000000
352	FT911-9-3249	3678	0.0000000000
352	FT911-9-3250	3679	0.0000000000
352	FT911-9-3251	3680	0.0000000000
352	FT911-9-3252	3681	0.0000000000
352	FT911-9-3253	3682	0.0000000000
352	FT911-9-3254	3683	0.0000000000
352	FT911-9-3255	3684	0.0000000000
352	FT911-9-3256	3685	0.0000000000
352	FT911-9-3257	3686	0.0000000000
352	FT911-9-3258	3687	0.0000000000
352	FT911-9-3259	3688	0.0000000000
352	FT911-9-3260	3689	0.0000000000
352	FT911-9-3261	3690	0.0000000000
352	FT911-9-3262	3691	0.0000000000
352	FT911-9-3263	3692	0.0000000000
352	FT911-9-3264	3693	0.0000000000
352	FT911-9-3265	3694	0.0000000000
352	FT911-9-3266	3695	0.0000000000
352	FT911-9-3267	3696	0.0000000000
352	FT911-9-3268	3697	0.0000000000
352	FT911-9-3269	3698	0.0000000000
352	FT911-9-3270	3699	0.0000000000
352	FT911-9-3271	3700	0.0000000000
352	FT911-9-3272	3701	0.0000000000
352	FT911-9-3273	3702	0.0000000000
352	FT911-9-3274	3703	0.0000000000
352	FT911-9-3275	3704	0.0000000000
352	FT911-9-3276	3705	0.0000000000
352	FT911-9-3277	3706	0.0000000000
352	FT911-9-3280	3707	0.0000000000
352	FT911-9-3281	3708	0.0000000000
352	FT911-9-3282	3709	0.0000000000
352	FT911-9-3284	3710	0.0000000000
352	FT911-9-3285	3711	0.0000000000
352	FT911-9-3286	3712	0.0000000000
352	FT911-9-3288	3713	0.0000000000
352	FT911-9-3289	3714	0.0000000000
352	FT911-9-3290	3715	0.0000000000
352	FT911-9-3294	3716	0.0000000000
352	FT911-9-3295	3717	0.0000000000
352	FT911-9-3296	3718	0.0000000000
352	FT911-9-3297	3719	0.0000000000
352	FT911-9-3298	3720	0.0000000000
352	FT911-9-3299	3721	0.0000000000
352	FT911-9-3300	3722	0.0000000000
352	FT911-9-3301	3723	0.0000000000
352	FT911-9-3302	3724	0.0000000000
352	FT911-9-3305	3725	0.0000000000
352	FT911-9-3306	3726	0.0000000000
352	FT911-9-3309	3727	0.0000000000
352	FT911-9-3311	3728	0.0000000000
352	FT911-9-3312	3729	0.0000000000
352	FT911-9-3313	3730	0.0000000000
352	FT911-9-3315	3731	0.0000000000
352	FT911-9-3316	3732	0.0000000000
352	FT911-9-3318	3733	0.0000000000
352	FT911-9-3319	3734	0.0000000000
352	FT911-9-3320	3735	0.0000000000
352	FT911-9-3321	3736	0.0000000000
352	FT911-10-3323	3737	0.0000000000
352	FT911-10-3324	3738	0.0000000000
352	FT911-10-3325	3739	0.0000000000
352	FT911-10-3326	3740	0.0000000000
352	FT911-10-3327	3741	0.0000000000
352	FT911-10-3328	3742	0.0000000000
352	FT911-10-3329	3743	0.0000000000
352	FT911-10-3330	3744	0.0000000000
352	FT911-10-3332	3745	0.0000000000
352	FT911-10-3333	3746	0.0000000000
352	FT911-10-3334	3747	0.0000000000
352	FT911-10-3335	3748	0.0000000000
352	FT911-10-3336	3749	0.0000000000
352	FT911-10-3337	3750	0.0000000000
352	FT911-10-3339	3751	0.0000000000
352	FT911-10-3341	3752	0.0000000000
352	FT911-10-3343	3753	0.0000000000
352	FT911-10-3344	3754	0.0000000000
352	FT911-10-3345	3755	0.0000000000
352	FT911-10-3346	3756	0.0000000000
352	FT911-10-3347	3757	0.0000000000
352	FT911-10-3348	3758	0.0000000000
352	FT911-10-3349	3759	0.0000000000
352	FT911-10-3350	3760	0.0000000000
352	FT911-10-3351	3761	0.0000000000
352	FT911-10-3352	3762	0.0000000000
352	FT911-10-3353	3763	0.0000000000
352	FT911-10-3355	3764	0.0000000000
352	FT911-10-3356	3765	0.0000000000
352	FT911-10-3357	3766	0.0000000000
352	FT911-10-3358	3767	0.0000000000
352	FT911-10-3359	3768	0.0000000000
352	FT911-10-3360	3769	0.0000000000
352	FT911-10-3361	3770	0.0000000000
352	FT911-10-3363	3771	0.0000000000
352	FT911-10-3364	3772	0.0000000000
352	FT911-10-3365	3773	0.0000000000
352	FT911-10-3367	3774	0.0000000000
352	FT911-10-3368	3775	0.0000000000
352	FT911-10-3369	3776	0.0000000000
352	FT911-10-3370	3777	0.0000000000
352	FT911-10-3371	3778	0.0000000000
352	FT911-10-3372	3779	0.0000000000
352	FT911-10-3374	3780	0.0000000000
352	FT911-10-3375	3781	0.0000000000
352	FT911-10-3377	3782	0.0000000000
352	FT911-10-3378	3783	0.0000000000
352	FT911-10-3379	3784	0.0000000000
352	FT911-10-3380	3785	0.0000000000
352	FT911-10-3381	3786	0.0000000000
352	FT911-10-3382	3787	0.0000000000
352	FT911-10-3383	3788	0.0000000000
352	FT911-10-3384	3789	0.0000000000
352	FT911-10-3386	3790	0.0000000000
352	FT911-10-3387	3791	0.0000000000
352	FT911-10-3388	3792	0.0000000000
352	FT911-10-3389	3793	0.0000000000
352	FT911-10-3390	3794	0.0000000000
352	FT911-10-3391	3795	0.0000000000
352	FT911-10-3392	3796	0.0000000000
352	FT911-10-3393	3797	0.0000000000
352	FT911-10-3394	3798	0.0000000000
352	FT911-10-3395	3799	0.0000000000
352	FT911-10-3396	3800	0.0000000000
352	FT911-10-3397	3801	0.0000000000
352	FT911-10-3398	3802	0.0000000000
352	FT911-10-3399	3803	0.0000000000
352	FT911-10-3400	3804	0.0000000000
352	FT911-10-3401	3805	0.0000000000
352	FT911-10-3402	3806	0.0000000000
352	FT911-10-3403	3807	0.0000000000
352	FT911-10-3404	3808	0.0000000000
352	FT911-10-3405	3809	0.0000000000
352	FT911-10-3406	3810	0.0000000000
352	FT911-10-3407	3811	0.0000000000
352	FT911-10-3409	3812	0.0000000000
352	FT911-10-3410	3813	0.0000000000
352	FT911-10-3411	3814	0.0000000000
352	FT911-10-3412	3815	0.0000000000
352	FT911-10-3413	3816	0.0000000000
352	FT911-10-3414	3817	0.0000000000
352	FT911-10-3415	3818	0.0000000000
352	FT911-10-3416	3819	0.0000000000
352	FT911-10-3417	3820	0.0000000000
352	FT911-10-3418	3821	0.0000000000
352	FT911-10-3419	3822	0.0000000000
352	FT911-10-3420	3823	0.0000000000
352	FT911-10-3421	3824	0.0000000000
352	FT911-10-3422	3825	0.0000000000
352	FT911-10-3423	3826	0.0000000000
352	FT911-10-3427	3827	0.0000000000
352	FT911-10-3428	3828	0.0000000000
352	FT911-10-3431	3829	0.0000000000
352	FT911-10-3433	3830	0.0000000000
352	FT911-10-3434	3831	0.0000000000
352	FT911-10-3435	3832	0.0000000000
352	FT911-10-3437	3833	0.0000000000
352	FT911-10-3438	3834	0.0000000000
352	FT911-10-3439	3835	0.0000000000
352	FT911-10-3440	3836	0.0000000000
352	FT911-10-3441	3837	0.0000000000
352	FT911-10-3442	3838	0.0000000000
352	FT911-10-3444	3839	0.0000000000
352	FT911-10-3445	3840	0.0000000000
352	FT911-10-3446	3841	0.0000000000
352	FT911-10-3447	3842	0.0000000000
352	FT911-10-3448	3843	0.0000000000
352	FT911-10-3449	3844	0.0000000000
352	FT911-10-3450	3845	0.0000000000
352	FT911-10-3451	3846	0.0000000000
352	FT911-10-3453	3847	0.0000000000
352	FT911-10-3455	3848	0.0000000000
352	FT911-10-3456	3849	0.0000000000
352	FT911-10-3458	3850	0.0000000000
352	FT911-10-3461	3851	0.0000000000
352	FT911-10-3462	3852	0.0000000000
352	FT911-10-3464	3853	0.0000000000
352	FT911-10-3465	3854	0.0000000000
352	FT911-10-3466	3855	0.0000000000
352	FT911-10-3468	3856	0.0000000000
352	FT911-10-3469	3857	0.0000000000
352	FT911-10-3470	3858	0.0000000000
352	FT911-10-3471	3859	0.0000000000
352	FT911-10-3472	3860	0.0000000000
352	FT911-10-3473	3861	0.0000000000
352	FT911-10-3474	3862	0.0000000000
352	FT911-10-3475	3863	0.0000000000
352	FT911-10-3476	3864	0.0000000000
352	FT911-10-3478	3865	0.0000000000
352	FT911-10-3479	3866	0.0000000000
352	FT911-10-3480	3867	0.0000000000
352	FT911-10-3481	3868	0.0000000000
352	FT911-10-3482	3869	0.0000000000
352	FT911-10-3483	3870	0.0000000000
352	FT911-10-3484	3871	0.0000000000
352	FT911-10-3485	3872	0.0000000000
352	FT911-10-3486	3873	0.0000000000
352	FT911-10-3488	3874	0.0000000000
352	FT911-10-3489	3875	0.0000000000
352	FT911-10-3490	3876	0.0000000000
352	FT911-10-3493	3877	0.0000000000
352	FT911-10-3494	3878	0.0000000000
352	FT911-10-3495	3879	0.0000000000
352	FT911-10-3496	3880	0.0000000000
352	FT911-10-3497	3881	0.0000000000
352	FT911-10-3498	3882	0.0000000000
352	FT911-10-3499	3883	0.0000000000
352	FT911-10-3500	3884	0.0000000000
352	FT911-10-3501	3885	0.0000000000
352	FT911-10-3502	3886	0.0000000000
352	FT911-10-3503	3887	0.0000000000
352	FT911-10-3504	3888	0.0000000000
352	FT911-10-3505	3889	0.0000000000
352	FT911-10-3506	3890	0.0000000000
352	FT911-10-3507	3891	0.0000000000
352	FT911-10-3508	3892	0.0000000000
352	FT911-10-3509	3893	0.0000000000
352	FT911-10-3510	3894	0.0000000000
352	FT911-10-3511	3895	0.0000000000
352	FT911-10-3512	3896	0.0000000000
352	FT911-10-3514	3897	0.0000000000
352	FT911-10-3515	3898	0.0000000000
352	FT911-10-3516	3899	0.0000000000
352	FT911-10-3517	3900	0.0000000000
352	FT911-10-3518	3901	0.0000000000
352	FT911-10-3519	3902	0.0000000000
352	FT911-10-3520	3903	0.0000000000
352	FT911-10-3521	3904	0.0000000000
352	FT911-10-3522	3905	0.0000000000
352	FT911-10-3523	3906	0.0000000000
352	FT911-10-3524	3907	0.0000000000
352	FT911-10-3525	3908	0.0000000000
352	FT911-10-3526	3909	0.0000000000
352	FT911-10-3527	3910	0.0000000000
352	FT911-10-3528	3911	0.0000000000
352	FT911-10-3530	3912	0.0000000000
352	FT911-10-3531	3913	0.0000000000
352	FT911-10-3532	3914	0.0000000000
352	FT911-10-3533	3915	0.0000000000
352	FT911-10-3534	3916	0.0000000000
352	FT911-10-3535	3917	0.0000000000
352	FT911-10-3537	3918	0.0000000000
352	FT911-10-3538	3919	0.0000000000
352	FT911-10-3541	3920	0.0000000000
352	FT911-10-3544	3921	0.0000000000
352	FT911-10-3545	3922	0.0000000000
352	FT911-10-3546	3923	0.0000000000
352	FT911-10-3547	3924	0.0000000000
352	FT911-10-3551	3925	0.0000000000
352	FT911-10-3552	3926	0.0000000000
352	FT911-10-3554	3927	0.0000000000
352	FT911-10-3556	3928	0.0000000000
352	FT911-10-3557	3929	0.0000000000
352	FT911-10-3560	3930	0.0000000000
352	FT911-10-3562	3931	0.0000000000
352	FT911-10-3563	3932	0.0000000000
352	FT911-10-3564	3933	0.0000000000
352	FT911-10-3565	3934	0.0000000000
352	FT911-10-3566	3935	0.0000000000
352	FT911-10-3567	3936	0.0000000000
352	FT911-10-3568	3937	0.0000000000
352	FT911-10-3570	3938	0.0000000000
352	FT911-10-3571	3939	0.0000000000
352	FT911-10-3572	3940	0.0000000000
352	FT911-10-3573	3941	0.0000000000
352	FT911-10-3574	3942	0.0000000000
352	FT911-10-3576	3943	0.0000000000
352	FT911-10-3577	3944	0.0000000000
352	FT911-10-3578	3945	0.0000000000
352	FT911-10-3579	3946	0.0000000000
352	FT911-10-3580	3947	0.0000000000
352	FT911-10-3581	3948	0.0000000000
352	FT911-10-3582	3949	0.0000000000
352	FT911-10-3583	3950	0.0000000000
352	FT911-10-3584	3951	0.0000000000
352	FT911-10-3585	3952	0.0000000000
352	FT911-10-3586	3953	0.0000000000
352	FT911-10-3587	3954	0.0000000000
352	FT911-10-3588	3955	0.0000000000
352	FT911-10-3589	3956	0.0000000000
352	FT911-10-3590	3957	0.0000000000
352	FT911-10-3591	3958	0.0000000000
352	FT911-10-3592	3959	0.0000000000
352	FT911-10-3593	3960	0.0000000000
352	FT911-10-3594	3961	0.0000000000
352	FT911-10-3595	3962	0.0000000000
352	FT911-10-3596	3963	0.0000000000
352	FT911-10-3597	3964	0.0000000000
352	FT911-10-3598	3965	0.0000000000
352	FT911-10-3599	3966	0.0000000000
352	FT911-10-3600	3967	0.0000000000
352	FT911-10-3602	3968	0.0000000000
352	FT911-10-3604	3969	0.0000000000
352	FT911-10-3605	3970	0.0000000000
352	FT911-10-3606	3971	0.0000000000
352	FT911-10-3607	3972	0.0000000000
352	FT911-10-3608	3973	0.0000000000
352	FT911-10-3609	3974	0.0000000000
352	FT911-10-3610	3975	0.0000000000
352	FT911-10-3611	3976	0.0000000000
352	FT911-10-3613	3977	0.0000000000
352	FT911-10-3614	3978	0.0000000000
352	FT911-10-3615	3979	0.0000000000
352	FT911-10-3616	3980	0.0000000000
352	FT911-10-3617	3981	0.0000000000
352	FT911-10-3619	3982	0.0000000000
352	FT911-10-3620	3983	0.0000000000
352	FT911-10-3621	3984	0.0000000000
352	FT911-10-3622	3985	0.0000000000
352	FT911-10-3623	3986	0.0000000000
352	FT911-10-3624	3987	0.0000000000
352	FT911-10-3625	3988	0.0000000000
352	FT911-10-3626	3989	0.0000000000
352	FT911-10-3627	3990	0.0000000000
352	FT911-10-3628	3991	0.0000000000
352	FT911-10-3629	3992	0.0000000000
352	FT911-10-3630	3993	0.0000000000
352	FT911-10-3631	3994	0.0000000000
352	FT911-10-3632	3995	0.0000000000
352	FT911-10-3633	3996	0.0000000000
352	FT911-10-3634	3997	0.0000000000
352	FT911-10-3635	3998	0.0000000000
352	FT911-10-3636	3999	0.0000000000
352	FT911-10-3637	4000	0.0000000000
352	FT911-10-3638	4001	0.0000000000
352	FT911-10-3639	4002	0.0000000000
352	FT911-10-3641	4003	0.0000000000
352	FT911-10-3643	4004	0.0000000000
352	FT911-10-3646	4005	0.0000000000
352	FT911-10-3647	4006	0.0000000000
352	FT911-10-3648	4007	0.0000000000
352	FT911-10-3650	4008	0.0000000000
352	FT911-10-3651	4009	0.0000000000
352	FT911-10-3653	4010	0.0000000000
352	FT911-10-3654	4011	0.0000000000
352	FT911-10-3655	4012	0.0000000000
352	FT911-10-3659	4013	0.0000000000
352	FT911-10-3661	4014	0.0000000000
352	FT911-10-3662	4015	0.0000000000
352	FT911-10-3663	4016	0.0000000000
352	FT911-10-3665	4017	0.0000000000
352	FT911-10-3666	4018	0.0000000000
352	FT911-10-3667	4019	0.0000000000
352	FT911-10-3668	4020	0.0000000000
352	FT911-10-3669	4021	0.0000000000
352	FT911-10-3670	4022	0.0000000000
352	FT911-10-3671	4023	0.0000000000
352	FT911-10-3672	4024	0.0000000000
352	FT911-10-3673	4025	0.0000000000
352	FT911-10-3675	4026	0.0000000000
352	FT911-10-3677	4027	0.0000000000
352	FT911-10-3678	4028	0.0000000000
352	FT911-10-3679	4029	0.0000000000
352	FT911-10-3680	4030	0.0000000000
352	FT911-10-3681	4031	0.0000000000
352	FT911-10-3682	4032	0.0000000000
352	FT911-10-3683	4033	0.0000000000
352	FT911-10-3685	4034	0.0000000000
352	FT911-10-3686	4035	0.0000000000
352	FT911-10-3687	4036	0.0000000000
352	FT911-10-3688	4037	0.0000000000
352	FT911-10-3689	4038	0.0000000000
352	FT911-10-3690	4039	0.0000000000
352	FT911-10-3691	4040	0.0000000000
352	FT911-10-3693	4041	0.0000000000
352	FT911-11-3694	4042	0.0000000000
352	FT911-11-3695	4043	0.0000000000
352	FT911-11-3696	4044	0.0000000000
352	FT911-11-3697	4045	0.0000000000
352	FT911-11-3698	4046	0.0000000000
352	FT911-11-3699	4047	0.0000000000
352	FT911-11-3700	4048	0.0000000000
352	FT911-11-3701	4049	0.0000000000
352	FT911-11-3702	4050	0.0000000000
352	FT911-11-3703	4051	0.0000000000
352	FT911-11-3704	4052	0.0000000000
352	FT911-11-3705	4053	0.0000000000
352	FT911-11-3706	4054	0.0000000000
352	FT911-11-3707	4055	0.0000000000
352	FT911-11-3708	4056	0.0000000000
352	FT911-11-3709	4057	0.0000000000
352	FT911-11-3710	4058	0.0000000000
352	FT911-11-3711	4059	0.0000000000
352	FT911-11-3712	4060	0.0000000000
352	FT911-11-3713	4061	0.0000000000
352	FT911-11-3714	4062	0.0000000000
352	FT911-11-3715	4063	0.0000000000
352	FT911-11-3717	4064	0.0000000000
352	FT911-11-3718	4065	0.0000000000
352	FT911-11-3719	4066	0.0000000000
352	FT911-11-3721	4067	0.0000000000
352	FT911-11-3723	4068	0.0000000000
352	FT911-11-3724	4069	0.0000000000
352	FT911-11-3725	4070	0.0000000000
352	FT911-11-3727	4071	0.0000000000
352	FT911-11-3731	4072	0.0000000000
352	FT911-11-3732	4073	0.0000000000
352	FT911-11-3733	4074	0.0000000000
352	FT911-11-3734	4075	0.0000000000
352	FT911-11-3735	4076	0.0000000000
352	FT911-11-3736	4077	0.0000000000
352	FT911-11-3739	4078	0.0000000000
352	FT911-11-3740	4079	0.0000000000
352	FT911-11-3741	4080	0.0000000000
352	FT911-11-3743	4081	0.0000000000
352	FT911-11-3744	4082	0.0000000000
352	FT911-11-3745	4083	0.0000000000
352	FT911-11-3746	4084	0.0000000000
352	FT911-11-3747	4085	0.0000000000
352	FT911-11-3748	4086	0.0000000000
352	FT911-11-3749	4087	0.0000000000
352	FT911-11-3750	4088	0.0000000000
352	FT911-11-3751	4089	0.0000000000
352	FT911-11-3752	4090	0.0000000000
352	FT911-11-3754	4091	0.0000000000
352	FT911-11-3755	4092	0.0000000000
352	FT911-11-3756	4093	0.0000000000
352	FT911-11-3757	4094	0.0000000000
352	FT911-11-3758	4095	0.0000000000
352	FT911-11-3759	4096	0.0000000000
352	FT911-11-3760	4097	0.0000000000
352	FT911-11-3761	4098	0.0000000000
352	FT911-11-3762	4099	0.0000000000
352	FT911-11-3763	4100	0.0000000000
352	FT911-11-3764	4101	0.0000000000
352	FT911-11-3765	4102	0.0000000000
352	FT911-11-3766	4103	0.0000000000
352	FT911-11-3767	4104	0.0000000000
352	FT911-11-3768	4105	0.0000000000
352	FT911-11-3769	4106	0.0000000000
352	FT911-11-3770	4107	0.0000000000
352	FT911-11-3771	4108	0.0000000000
352	FT911-11-3772	4109	0.0000000000
352	FT911-11-3773	4110	0.0000000000
352	FT911-11-3774	4111	0.0000000000
352	FT911-11-3775	4112	0.0000000000
352	FT911-11-3776	4113	0.0000000000
352	FT911-11-3777	4114	0.0000000000
352	FT911-11-3778	4115	0.0000000000
352	FT911-11-3780	4116	0.0000000000
352	FT911-11-3781	4117	0.0000000000
352	FT911-11-3782	4118	0.0000000000
352	FT911-11-3784	4119	0.0000000000
352	FT911-11-3785	4120	0.0000000000
352	FT911-11-3786	4121	0.0000000000
352	FT911-11-3792	4122	0.0000000000
352	FT911-11-3793	4123	0.0000000000
352	FT911-11-3794	4124	0.0000000000
352	FT911-11-3795	4125	0.0000000000
352	FT911-11-3796	4126	0.0000000000
352	FT911-11-3798	4127	0.0000000000
352	FT911-11-3800	4128	0.0000000000
352	FT911-11-3801	4129	0.0000000000
352	FT911-11-3802	4130	0.0000000000
352	FT911-11-3803	4131	0.0000000000
352	FT911-11-3804	4132	0.0000000000
352	FT911-11-3805	4133	0.0000000000
352	FT911-11-3806	4134	0.0000000000
352	FT911-11-3807	4135	0.0000000000
352	FT911-11-3810	4136	0.0000000000
352	FT911-11-3811	4137	0.0000000000
352	FT911-11-3812	4138	0.0000000000
352	FT911-11-3813	4139	0.0000000000
352	FT911-11-3814	4140	0.0000000000
352	FT911-11-3815	4141	0.0000000000
352	FT911-11-3816	4142	0.0000000000
352	FT911-11-3817	4143	0.0000000000
352	FT911-11-3819	4144	0.0000000000
352	FT911-11-3822	4145	0.0000000000
352	FT911-11-3823	4146	0.0000000000
352	FT911-11-3824	4147	0.0000000000
352	FT911-11-3825	4148	0.0000000000
352	FT911-11-3826	4149	0.0000000000
352	FT911-11-3827	4150	0.0000000000
352	FT911-11-3828	4151	0.0000000000
352	FT911-11-3830	4152	0.0000000000
352	FT911-11-3831	4153	0.0000000000
352	FT911-11-3832	4154	0.0000000000
352	FT911-11-3833	4155	0.0000000000
352	FT911-11-3834	4156	0.0000000000
352	FT911-11-3835	4157	0.0000000000
352	FT911-11-3836	4158	0.0000000000
352	FT911-11-3840	4159	0.0000000000
352	FT911-11-3843	4160	0.0000000000
352	FT911-11-3844	4161	0.0000000000
352	FT911-11-3846	4162	0.0000000000
352	FT911-11-3847	4163	0.0000000000
352	FT911-11-3848	4164	0.0000000000
352	FT911-11-3851	4165	0.0000000000
352	FT911-11-3852	4166	0.0000000000
352	FT911-11-3854	4167	0.0000000000
352	FT911-11-3855	4168	0.0000000000
352	FT911-11-3856	4169	0.0000000000
352	FT911-11-3857	4170	0.0000000000
352	FT911-11-3858	4171	0.0000000000
352	FT911-11-3859	4172	0.0000000000
352	FT911-11-3860	4173	0.0000000000
352	FT911-11-3861	4174	0.0000000000
352	FT911-11-3862	4175	0.0000000000
352	FT911-11-3863	4176	0.0000000000
352	FT911-11-3864	4177	0.0000000000
352	FT911-11-3865	4178	0.0000000000
352	FT911-11-3866	4179	0.0000000000
352	FT911-11-3867	4180	0.0000000000
352	FT911-11-3869	4181	0.0000000000
352	FT911-11-3870	4182	0.0000000000
352	FT911-11-3872	4183	0.0000000000
352	FT911-11-3873	4184	0.0000000000
352	FT911-11-3874	4185	0.0000000000
352	FT911-11-3875	4186	0.0000000000
352	FT911-11-3876	4187	0.0000000000
352	FT911-11-3877	4188	0.0000000000
352	FT911-11-3878	4189	0.0000000000
352	FT911-11-3879	4190	0.0000000000
352	FT911-11-3880	4191	0.0000000000
352	FT911-11-3881	4192	0.0000000000
352	FT911-11-3882	4193	0.0000000000
352	FT911-11-3883	4194	0.0000000000
352	FT911-11-3884	4195	0.0000000000
352	FT911-11-3888	4196	0.0000000000
352	FT911-11-3889	4197	0.0000000000
352	FT911-11-3890	4198	0.0000000000
352	FT911-11-3893	4199	0.0000000000
352	FT911-11-3895	4200	0.0000000000
352	FT911-11-3897	4201	0.0000000000
352	FT911-11-3898	4202	0.0000000000
352	FT911-11-3899	4203	0.0000000000
352	FT911-11-3900	4204	0.0000000000
352	FT911-11-3901	4205	0.0000000000
352	FT911-11-3903	4206	0.0000000000
352	FT911-11-3904	4207	0.0000000000
352	FT911-11-3905	4208	0.0000000000
352	FT911-11-3906	4209	0.0000000000
352	FT911-11-3907	4210	0.0000000000
352	FT911-11-3909	4211	0.0000000000
352	FT911-11-3912	4212	0.0000000000
352	FT911-11-3913	4213	0.0000000000
352	FT911-11-3914	4214	0.0000000000
352	FT911-11-3915	4215	0.0000000000
352	FT911-11-3916	4216	0.0000000000
352	FT911-11-3917	4217	0.0000000000
352	FT911-11-3918	4218	0.0000000000
352	FT911-11-3919	4219	0.0000000000
352	FT911-11-3920	4220	0.0000000000
352	FT911-11-3922	4221	0.0000000000
352	FT911-11-3923	4222	0.0000000000
352	FT911-11-3926	4223	0.0000000000
352	FT911-11-3927	4224	0.0000000000
352	FT911-11-3928	4225	0.0000000000
352	FT911-11-3930	4226	0.0000000000
352	FT911-11-3933	4227	0.0000000000
352	FT911-11-3935	4228	0.0000000000
352	FT911-11-3937	4229	0.0000000000
352	FT911-11-3938	4230	0.0000000000
352	FT911-11-3939	4231	0.0000000000
352	FT911-11-3940	4232	0.0000000000
352	FT911-11-3941	4233	0.0000000000
352	FT911-11-3942	4234	0.0000000000
352	FT911-11-3943	4235	0.0000000000
352	FT911-11-3944	4236	0.0000000000
352	FT911-11-3945	4237	0.0000000000
352	FT911-11-3947	4238	0.0000000000
352	FT911-11-3948	4239	0.0000000000
352	FT911-11-3950	4240	0.0000000000
352	FT911-11-3951	4241	0.0000000000
352	FT911-11-3952	4242	0.0000000000
352	FT911-11-3953	4243	0.0000000000
352	FT911-11-3954	4244	0.0000000000
352	FT911-11-3955	4245	0.0000000000
352	FT911-11-3956	4246	0.0000000000
352	FT911-11-3958	4247	0.0000000000
352	FT911-11-3961	4248	0.0000000000
352	FT911-11-3962	4249	0.0000000000
352	FT911-11-3963	4250	0.0000000000
352	FT911-11-3965	4251	0.0000000000
352	FT911-11-3966	4252	0.0000000000
352	FT911-11-3967	4253	0.0000000000
352	FT911-11-3968	4254	0.0000000000
352	FT911-11-3969	4255	0.0000000000
352	FT911-11-3970	4256	0.0000000000
352	FT911-11-3971	4257	0.0000000000
352	FT911-11-3972	4258	0.0000000000
352	FT911-11-3973	4259	0.0000000000
352	FT911-11-3974	4260	0.0000000000
352	FT911-11-3975	4261	0.0000000000
352	FT911-11-3976	4262	0.0000000000
352	FT911-11-3977	4263	0.0000000000
352	FT911-11-3979	4264	0.0000000000
352	FT911-11-3980	4265	0.0000000000
352	FT911-11-3981	4266	0.0000000000
352	FT911-11-3982	4267	0.0000000000
352	FT911-11-3983	4268	0.0000000000
352	FT911-11-3984	4269	0.0000000000
352	FT911-11-3985	4270	0.0000000000
352	FT911-11-3986	4271	0.0000000000
352	FT911-11-3987	4272	0.0000000000
352	FT911-11-3988	4273	0.0000000000
352	FT911-11-3989	4274	0.0000000000
352	FT911-11-3991	4275	0.0000000000
352	FT911-11-3994	4276	0.0000000000
352	FT911-11-3995	4277	0.0000000000
352	FT911-11-3996	4278	0.0000000000
352	FT911-11-3997	4279	0.0000000000
352	FT911-11-3998	4280	0.0000000000
352	FT911-11-4000	4281	0.0000000000
352	FT911-11-4001	4282	0.0000000000
352	FT911-11-4002	4283	0.0000000000
352	FT911-11-4004	4284	0.0000000000
352	FT911-11-4005	4285	0.0000000000
352	FT911-11-4006	4286	0.0000000000
352	FT911-11-4007	4287	0.0000000000
352	FT911-11-4008	4288	0.0000000000
352	FT911-11-4009	4289	0.0000000000
352	FT911-11-4010	4290	0.0000000000
352	FT911-11-4011	4291	0.0000000000
352	FT911-11-4012	4292	0.0000000000
352	FT911-11-4013	4293	0.0000000000
352	FT911-11-4014	4294	0.0000000000
352	FT911-11-4015	4295	0.0000000000
352	FT911-12-4016	4296	0.0000000000
352	FT911-12-4017	4297	0.0000000000
352	FT911-12-4018	4298	0.0000000000
352	FT911-12-4020	4299	0.0000000000
352	FT911-12-4021	4300	0.0000000000
352	FT911-12-4022	4301	0.0000000000
352	FT911-12-4023	4302	0.0000000000
352	FT911-12-4024	4303	0.0000000000
352	FT911-12-4025	4304	0.0000000000
352	FT911-12-4026	4305	0.0000000000
352	FT911-12-4027	4306	0.0000000000
352	FT911-12-4028	4307	0.0000000000
352	FT911-12-4029	4308	0.0000000000
352	FT911-12-4030	4309	0.0000000000
352	FT911-12-4032	4310	0.0000000000
352	FT911-12-4033	4311	0.0000000000
352	FT911-12-4034	4312	0.0000000000
352	FT911-12-4036	4313	0.0000000000
352	FT911-12-4037	4314	0.0000000000
352	FT911-12-4038	4315	0.0000000000
352	FT911-12-4039	4316	0.0000000000
352	FT911-12-4041	4317	0.0000000000
352	FT911-12-4042	4318	0.0000000000
352	FT911-12-4043	4319	0.0000000000
352	FT911-12-4045	4320	0.0000000000
352	FT911-12-4047	4321	0.0000000000
352	FT911-12-4048	4322	0.0000000000
352	FT911-12-4050	4323	0.0000000000
352	FT911-12-4051	4324	0.0000000000
352	FT911-12-4052	4325	0.0000000000
352	FT911-12-4053	4326	0.0000000000
352	FT911-12-4054	4327	0.0000000000
352	FT911-12-4055	4328	0.0000000000
352	FT911-12-4056	4329	0.0000000000
352	FT911-12-4057	4330	0.0000000000
352	FT911-12-4058	4331	0.0000000000
352	FT911-12-4060	4332	0.0000000000
352	FT911-12-4061	4333	0.0000000000
352	FT911-12-4062	4334	0.0000000000
352	FT911-12-4063	4335	0.0000000000
352	FT911-12-4064	4336	0.0000000000
352	FT911-12-4065	4337	0.0000000000
352	FT911-12-4066	4338	0.0000000000
352	FT911-12-4067	4339	0.0000000000
352	FT911-12-4068	4340	0.0000000000
352	FT911-12-4069	4341	0.0000000000
352	FT911-12-4070	4342	0.0000000000
352	FT911-12-4071	4343	0.0000000000
352	FT911-12-4076	4344	0.0000000000
352	FT911-12-4077	4345	0.0000000000
352	FT911-12-4078	4346	0.0000000000
352	FT911-12-4079	4347	0.0000000000
352	FT911-12-4080	4348	0.0000000000
352	FT911-12-4081	4349	0.0000000000
352	FT911-12-4082	4350	0.0000000000
352	FT911-12-4083	4351	0.0000000000
352	FT911-12-4085	4352	0.0000000000
352	FT911-12-4086	4353	0.0000000000
352	FT911-12-4087	4354	0.0000000000
352	FT911-12-4088	4355	0.0000000000
352	FT911-12-4090	4356	0.0000000000
352	FT911-12-4091	4357	0.0000000000
352	FT911-12-4095	4358	0.0000000000
352	FT911-12-4096	4359	0.0000000000
352	FT911-12-4098	4360	0.0000000000
352	FT911-12-4100	4361	0.0000000000
352	FT911-12-4101	4362	0.0000000000
352	FT911-12-4102	4363	0.0000000000
352	FT911-12-4103	4364	0.0000000000
352	FT911-12-4107	4365	0.0000000000
352	FT911-12-4111	4366	0.0000000000
352	FT911-12-4112	4367	0.0000000000
352	FT911-12-4113	4368	0.0000000000
352	FT911-12-4114	4369	0.0000000000
352	FT911-12-4115	4370	0.0000000000
352	FT911-12-4116	4371	0.0000000000
352	FT911-12-4117	4372	0.0000000000
352	FT911-12-4118	4373	0.0000000000
352	FT911-12-4119	4374	0.0000000000
352	FT911-12-4120	4375	0.0000000000
352	FT911-12-4121	4376	0.0000000000
352	FT911-12-4122	4377	0.0000000000
352	FT911-12-4123	4378	0.0000000000
352	FT911-12-4124	4379	0.0000000000
352	FT911-12-4125	4380	0.0000000000
352	FT911-12-4128	4381	0.0000000000
352	FT911-12-4129	4382	0.0000000000
352	FT911-12-4130	4383	0.0000000000
352	FT911-12-4132	4384	0.0000000000
352	FT911-12-4133	4385	0.0000000000
352	FT911-12-4135	4386	0.0000000000
352	FT911-12-4136	4387	0.0000000000
352	FT911-12-4137	4388	0.0000000000
352	FT911-12-4138	4389	0.0000000000
352	FT911-12-4139	4390	0.0000000000
352	FT911-12-4140	4391	0.0000000000
352	FT911-12-4141	4392	0.0000000000
352	FT911-12-4142	4393	0.0000000000
352	FT911-12-4143	4394	0.0000000000
352	FT911-12-4144	4395	0.0000000000
352	FT911-12-4145	4396	0.0000000000
352	FT911-12-4146	4397	0.0000000000
352	FT911-12-4147	4398	0.0000000000
352	FT911-12-4148	4399	0.0000000000
352	FT911-12-4149	4400	0.0000000000
352	FT911-12-4150	4401	0.0000000000
352	FT911-12-4151	4402	0.0000000000
352	FT911-12-4152	4403	0.0000000000
352	FT911-12-4153	4404	0.0000000000
352	FT911-12-4154	4405	0.0000000000
352	FT911-12-4156	4406	0.0000000000
352	FT911-12-4157	4407	0.0000000000
352	FT911-12-4158	4408	0.0000000000
352	FT911-12-4159	4409	0.0000000000
352	FT911-12-4161	4410	0.0000000000
352	FT911-12-4162	4411	0.0000000000
352	FT911-12-4163	4412	0.0000000000
352	FT911-12-4164	4413	0.0000000000
352	FT911-12-4165	4414	0.0000000000
352	FT911-12-4166	4415	0.0000000000
352	FT911-12-4167	4416	0.0000000000
352	FT911-12-4168	4417	0.0000000000
352	FT911-12-4171	4418	0.0000000000
352	FT911-12-4174	4419	0.0000000000
352	FT911-12-4175	4420	0.0000000000
352	FT911-12-4177	4421	0.0000000000
352	FT911-12-4178	4422	0.0000000000
352	FT911-12-4179	4423	0.0000000000
352	FT911-12-4180	4424	0.0000000000
352	FT911-12-4182	4425	0.0000000000
352	FT911-12-4184	4426	0.0000000000
352	FT911-12-4185	4427	0.0000000000
352	FT911-12-4187	4428	0.0000000000
352	FT911-12-4188	4429	0.0000000000
352	FT911-12-4190	4430	0.0000000000
352	FT911-12-4191	4431	0.0000000000
352	FT911-12-4192	4432	0.0000000000
352	FT911-12-4195	4433	0.0000000000
352	FT911-12-4196	4434	0.0000000000
352	FT911-12-4197	4435	0.0000000000
352	FT911-12-4198	4436	0.0000000000
352	FT911-12-4200	4437	0.0000000000
352	FT911-12-4202	4438	0.0000000000
352	FT911-12-4203	4439	0.0000000000
352	FT911-12-4204	4440	0.0000000000
352	FT911-12-4206	4441	0.0000000000
352	FT911-12-4207	4442	0.0000000000
352	FT911-12-4208	4443	0.0000000000
352	FT911-12-4210	4444	0.0000000000
352	FT911-12-4211	4445	0.0000000000
352	FT911-12-4212	4446	0.0000000000
352	FT911-12-4214	4447	0.0000000000
352	FT911-12-4215	4448	0.0000000000
352	FT911-12-4217	4449	0.0000000000
352	FT911-12-4219	4450	0.0000000000
352	FT911-12-4221	4451	0.0000000000
352	FT911-12-4222	4452	0.0000000000
352	FT911-12-4223	4453	0.0000000000
352	FT911-12-4224	4454	0.0000000000
352	FT911-12-4225	4455	0.0000000000
352	FT911-12-4226	4456	0.0000000000
352	FT911-12-4227	4457	0.0000000000
352	FT911-12-4230	4458	0.0000000000
352	FT911-12-4231	4459	0.0000000000
352	FT911-12-4232	4460	0.0000000000
352	FT911-12-4233	4461	0.0000000000
352	FT911-12-4234	4462	0.0000000000
352	FT911-12-4235	4463	0.0000000000
352	FT911-12-4236	4464	0.0000000000
352	FT911-12-4237	4465	0.0000000000
352	FT911-12-4238	4466	0.0000000000
352	FT911-12-4239	4467	0.0000000000
352	FT911-12-4240	4468	0.0000000000
352	FT911-12-4241	4469	0.0000000000
352	FT911-12-4243	4470	0.0000000000
352	FT911-12-4244	4471	0.0000000000
352	FT911-12-4245	4472	0.0000000000
352	FT911-12-4246	4473	0.0000000000
352	FT911-12-4247	4474	0.0000000000
352	FT911-12-4248	4475	0.0000000000
352	FT911-12-4249	4476	0.0000000000
352	FT911-12-4250	4477	0.0000000000
352	FT911-12-4251	4478	0.0000000000
352	FT911-12-4253	4479	0.0000000000
352	FT911-12-4254	4480	0.0000000000
352	FT911-12-4255	4481	0.0000000000
352	FT911-12-4256	4482	0.0000000000
352	FT911-12-4257	4483	0.0000000000
352	FT911-12-4258	4484	0.0000000000
352	FT911-12-4259	4485	0.0000000000
352	FT911-12-4260	4486	0.0000000000
352	FT911-12-4261	4487	0.0000000000
352	FT911-12-4263	4488	0.0000000000
352	FT911-12-4264	4489	0.0000000000
352	FT911-12-4265	4490	0.0000000000
352	FT911-12-4267	4491	0.0000000000
352	FT911-12-4269	4492	0.0000000000
352	FT911-12-4270	4493	0.0000000000
352	FT911-12-4271	4494	0.0000000000
352	FT911-12-4272	4495	0.0000000000
352	FT911-12-4273	4496	0.0000000000
352	FT911-12-4274	4497	0.0000000000
352	FT911-12-4275	4498	0.0000000000
352	FT911-12-4276	4499	0.0000000000
352	FT911-12-4277	4500	0.0000000000
352	FT911-12-4279	4501	0.0000000000
352	FT911-12-4280	4502	0.0000000000
352	FT911-12-4281	4503	0.0000000000
352	FT911-12-4283	4504	0.0000000000
352	FT911-12-4284	4505	0.0000000000
352	FT911-12-4285	4506	0.0000000000
352	FT911-12-4287	4507	0.0000000000
352	FT911-12-4289	4508	0.0000000000
352	FT911-12-4290	4509	0.0000000000
352	FT911-12-4291	4510	0.0000000000
352	FT911-12-4292	4511	0.0000000000
352	FT911-12-4293	4512	0.0000000000
352	FT911-12-4294	4513	0.0000000000
352	FT911-12-4295	4514	0.0000000000
352	FT911-12-4296	4515	0.0000000000
352	FT911-12-4297	4516	0.0000000000
352	FT911-12-4300	4517	0.0000000000
352	FT911-12-4301	4518	0.0000000000
352	FT911-12-4302	4519	0.0000000000
352	FT911-12-4303	4520	0.0000000000
352	FT911-12-4304	4521	0.0000000000
352	FT911-12-4305	4522	0.0000000000
352	FT911-12-4306	4523	0.0000000000
352	FT911-12-4307	4524	0.0000000000
352	FT911-12-4308	4525	0.0000000000
352	FT911-12-4309	4526	0.0000000000
352	FT911-12-4310	4527	0.0000000000
352	FT911-12-4311	4528	0.0000000000
352	FT911-12-4313	4529	0.0000000000
352	FT911-12-4314	4530	0.0000000000
352	FT911-12-4315	4531	0.0000000000
352	FT911-12-4316	4532	0.0000000000
352	FT911-12-4317	4533	0.0000000000
352	FT911-12-4318	4534	0.0000000000
352	FT911-12-4319	4535	0.0000000000
352	FT911-12-4320	4536	0.0000000000
352	FT911-12-4321	4537	0.0000000000
352	FT911-12-4322	4538	0.0000000000
352	FT911-12-4323	4539	0.0000000000
352	FT911-12-4324	4540	0.0000000000
352	FT911-12-4325	4541	0.0000000000
352	FT911-12-4326	4542	0.0000000000
352	FT911-12-4327	4543	0.0000000000
352	FT911-12-4328	4544	0.0000000000
352	FT911-12-4329	4545	0.0000000000
352	FT911-12-4330	4546	0.0000000000
352	FT911-12-4331	4547	0.0000000000
352	FT911-12-4332	4548	0.0000000000
352	FT911-12-4333	4549	0.0000000000
352	FT911-12-4334	4550	0.0000000000
352	FT911-12-4335	4551	0.0000000000
352	FT911-12-4336	4552	0.0000000000
352	FT911-12-4337	4553	0.0000000000
352	FT911-12-4339	4554	0.0000000000
352	FT911-12-4340	4555	0.0000000000
352	FT911-12-4341	4556	0.0000000000
352	FT911-12-4342	4557	0.0000000000
352	FT911-12-4343	4558	0.0000000000
352	FT911-12-4344	4559	0.0000000000
352	FT911-12-4345	4560	0.0000000000
352	FT911-12-4346	4561	0.0000000000
352	FT911-12-4347	4562	0.0000000000
352	FT911-12-4348	4563	0.0000000000
352	FT911-12-4349	4564	0.0000000000
352	FT911-12-4350	4565	0.0000000000
352	FT911-12-4351	4566	0.0000000000
352	FT911-12-4352	4567	0.0000000000
352	FT911-12-4353	4568	0.0000000000
352	FT911-12-4354	4569	0.0000000000
352	FT911-12-4355	4570	0.0000000000
352	FT911-12-4357	4571	0.0000000000
352	FT911-12-4359	4572	0.0000000000
352	FT911-12-4360	4573	0.0000000000
352	FT911-12-4361	4574	0.0000000000
352	FT911-13-4366	4575	0.0000000000
352	FT911-13-4367	4576	0.0000000000
352	FT911-13-4368	4577	0.0000000000
352	FT911-13-4369	4578	0.0000000000
352	FT911-13-4370	4579	0.0000000000
352	FT911-13-4372	4580	0.0000000000
352	FT911-13-4373	4581	0.0000000000
352	FT911-13-4375	4582	0.0000000000
352	FT911-13-4376	4583	0.0000000000
352	FT911-13-4377	4584	0.0000000000
352	FT911-13-4378	4585	0.0000000000
352	FT911-13-4379	4586	0.0000000000
352	FT911-13-4380	4587	0.0000000000
352	FT911-13-4381	4588	0.0000000000
352	FT911-13-4383	4589	0.0000000000
352	FT911-13-4384	4590	0.0000000000
352	FT911-13-4385	4591	0.0000000000
352	FT911-13-4388	4592	0.0000000000
352	FT911-13-4389	4593	0.0000000000
352	FT911-13-4390	4594	0.0000000000
352	FT911-13-4391	4595	0.0000000000
352	FT911-13-4392	4596	0.0000000000
352	FT911-13-4393	4597	0.0000000000
352	FT911-13-4395	4598	0.0000000000
352	FT911-13-4396	4599	0.0000000000
352	FT911-13-4397	4600	0.0000000000
352	FT911-13-4398	4601	0.0000000000
352	FT911-13-4399	4602	0.0000000000
352	FT911-13-4400	4603	0.0000000000
352	FT911-13-4401	4604	0.0000000000
352	FT911-13-4402	4605	0.0000000000
352	FT911-13-4403	4606	0.0000000000
352	FT911-13-4404	4607	0.0000000000
352	FT911-13-4405	4608	0.0000000000
352	FT911-13-4406	4609	0.0000000000
352	FT911-13-4408	4610	0.0000000000
352	FT911-13-4409	4611	0.0000000000
352	FT911-13-4410	4612	0.0000000000
352	FT911-13-4412	4613	0.0000000000
352	FT911-13-4413	4614	0.0000000000
352	FT911-13-4414	4615	0.0000000000
352	FT911-13-4415	4616	0.0000000000
352	FT911-13-4416	4617	0.0000000000
352	FT911-13-4417	4618	0.0000000000
352	FT911-13-4418	4619	0.0000000000
352	FT911-13-4419	4620	0.0000000000
352	FT911-13-4420	4621	0.0000000000
352	FT911-13-4421	4622	0.0000000000
352	FT911-13-4422	4623	0.0000000000
352	FT911-13-4423	4624	0.0000000000
352	FT911-13-4426	4625	0.0000000000
352	FT911-13-4427	4626	0.0000000000
352	FT911-13-4428	4627	0.0000000000
352	FT911-13-4429	4628	0.0000000000
352	FT911-13-4431	4629	0.0000000000
352	FT911-13-4432	4630	0.0000000000
352	FT911-13-4433	4631	0.0000000000
352	FT911-13-4434	4632	0.0000000000
352	FT911-13-4435	4633	0.0000000000
352	FT911-13-4436	4634	0.0000000000
352	FT911-13-4437	4635	0.0000000000
352	FT911-13-4438	4636	0.0000000000
352	FT911-13-4440	4637	0.0000000000
352	FT911-13-4441	4638	0.0000000000
352	FT911-13-4442	4639	0.0000000000
352	FT911-13-4443	4640	0.0000000000
352	FT911-13-4444	4641	0.0000000000
352	FT911-13-4445	4642	0.0000000000
352	FT911-13-4446	4643	0.0000000000
352	FT911-13-4447	4644	0.0000000000
352	FT911-13-4448	4645	0.0000000000
352	FT911-13-4449	4646	0.0000000000
352	FT911-13-4450	4647	0.0000000000
352	FT911-13-4452	4648	0.0000000000
352	FT911-13-4453	4649	0.0000000000
352	FT911-13-4454	4650	0.0000000000
352	FT911-13-4455	4651	0.0000000000
352	FT911-13-4456	4652	0.0000000000
352	FT911-13-4457	4653	0.0000000000
352	FT911-13-4458	4654	0.0000000000
352	FT911-13-4459	4655	0.0000000000
352	FT911-13-4462	4656	0.0000000000
352	FT911-13-4463	4657	0.0000000000
352	FT911-13-4464	4658	0.0000000000
352	FT911-13-4465	4659	0.0000000000
352	FT911-13-4466	4660	0.0000000000
352	FT911-13-4467	4661	0.0000000000
352	FT911-13-4468	4662	0.0000000000
352	FT911-13-4469	4663	0.0000000000
352	FT911-13-4470	4664	0.0000000000
352	FT911-13-4472	4665	0.0000000000
352	FT911-13-4473	4666	0.0000000000
352	FT911-13-4474	4667	0.0000000000
352	FT911-13-4475	4668	0.0000000000
352	FT911-13-4476	4669	0.0000000000
352	FT911-13-4477	4670	0.0000000000
352	FT911-13-4480	4671	0.0000000000
352	FT911-13-4481	4672	0.0000000000
352	FT911-13-4483	4673	0.0000000000
352	FT911-13-4484	4674	0.0000000000
352	FT911-13-4485	4675	0.0000000000
352	FT911-13-4486	4676	0.0000000000
352	FT911-13-4487	4677	0.0000000000
352	FT911-13-4488	4678	0.0000000000
352	FT911-13-4490	4679	0.0000000000
352	FT911-13-4491	4680	0.0000000000
352	FT911-13-4492	4681	0.0000000000
352	FT911-13-4493	4682	0.0000000000
352	FT911-13-4494	4683	0.0000000000
352	FT911-13-4495	4684	0.0000000000
352	FT911-13-4496	4685	0.0000000000
352	FT911-13-4497	4686	0.0000000000
352	FT911-13-4498	4687	0.0000000000
352	FT911-13-4499	4688	0.0000000000
352	FT911-13-4500	4689	0.0000000000
352	FT911-13-4502	4690	0.0000000000
352	FT911-13-4503	4691	0.0000000000
352	FT911-13-4504	4692	0.0000000000
352	FT911-13-4505	4693	0.0000000000
352	FT911-13-4506	4694	0.0000000000
352	FT911-13-4507	4695	0.0000000000
352	FT911-13-4509	4696	0.0000000000
352	FT911-13-4510	4697	0.0000000000
352	FT911-13-4511	4698	0.0000000000
352	FT911-13-4512	4699	0.0000000000
352	FT911-13-4513	4700	0.0000000000
352	FT911-13-4514	4701	0.0000000000
352	FT911-13-4515	4702	0.0000000000
352	FT911-13-4518	4703	0.0000000000
352	FT911-13-4519	4704	0.0000000000
352	FT911-13-4520	4705	0.0000000000
352	FT911-13-4521	4706	0.0000000000
352	FT911-13-4522	4707	0.0000000000
352	FT911-13-4523	4708	0.0000000000
352	FT911-13-4525	4709	0.0000000000
352	FT911-13-4527	4710	0.0000000000
352	FT911-13-4528	4711	0.0000000000
352	FT911-13-4529	4712	0.0000000000
352	FT911-13-4530	4713	0.0000000000
352	FT911-13-4531	4714	0.0000000000
352	FT911-13-4532	4715	0.0000000000
352	FT911-13-4533	4716	0.0000000000
352	FT911-13-4535	4717	0.0000000000
352	FT911-13-4539	4718	0.0000000000
352	FT911-13-4540	4719	0.0000000000
352	FT911-13-4541	4720	0.0000000000
352	FT911-13-4544	4721	0.0000000000
352	FT911-13-4545	4722	0.0000000000
352	FT911-13-4546	4723	0.0000000000
352	FT911-13-4547	4724	0.0000000000
352	FT911-13-4549	4725	0.0000000000
352	FT911-13-4550	4726	0.0000000000
352	FT911-13-4551	4727	0.0000000000
352	FT911-13-4552	4728	0.0000000000
352	FT911-13-4553	4729	0.0000000000
352	FT911-13-4554	4730	0.0000000000
352	FT911-13-4555	4731	0.0000000000
352	FT911-13-4556	4732	0.0000000000
352	FT911-13-4557	4733	0.0000000000
352	FT911-13-4558	4734	0.0000000000
352	FT911-13-4559	4735	0.0000000000
352	FT911-13-4560	4736	0.0000000000
352	FT911-13-4561	4737	0.0000000000
352	FT911-13-4562	4738	0.0000000000
352	FT911-13-4563	4739	0.0000000000
352	FT911-13-4565	4740	0.0000000000
352	FT911-13-4566	4741	0.0000000000
352	FT911-13-4567	4742	0.0000000000
352	FT911-13-4568	4743	0.0000000000
352	FT911-13-4569	4744	0.0000000000
352	FT911-13-4572	4745	0.0000000000
352	FT911-13-4573	4746	0.0000000000
352	FT911-13-4574	4747	0.0000000000
352	FT911-13-4575	4748	0.0000000000
352	FT911-13-4576	4749	0.0000000000
352	FT911-13-4577	4750	0.0000000000
352	FT911-13-4578	4751	0.0000000000
352	FT911-13-4579	4752	0.0000000000
352	FT911-13-4580	4753	0.0000000000
352	FT911-13-4581	4754	0.0000000000
352	FT911-13-4583	4755	0.0000000000
352	FT911-13-4584	4756	0.0000000000
352	FT911-13-4585	4757	0.0000000000
352	FT911-13-4586	4758	0.0000000000
352	FT911-13-4587	4759	0.0000000000
352	FT911-13-4588	4760	0.0000000000
352	FT911-13-4589	4761	0.0000000000
352	FT911-13-4590	4762	0.0000000000
352	FT911-13-4592	4763	0.0000000000
352	FT911-13-4593	4764	0.0000000000
352	FT911-13-4594	4765	0.0000000000
352	FT911-13-4595	4766	0.0000000000
352	FT911-13-4597	4767	0.0000000000
352	FT911-13-4598	4768	0.0000000000
352	FT911-13-4599	4769	0.0000000000
352	FT911-13-4603	4770	0.0000000000
352	FT911-13-4604	4771	0.0000000000
352	FT911-13-4605	4772	0.0000000000
352	FT911-13-4606	4773	0.0000000000
352	FT911-13-4607	4774	0.0000000000
352	FT911-13-4609	4775	0.0000000000
352	FT911-13-4610	4776	0.0000000000
352	FT911-13-4611	4777	0.0000000000
352	FT911-13-4612	4778	0.0000000000
352	FT911-13-4613	4779	0.0000000000
352	FT911-13-4614	4780	0.0000000000
352	FT911-13-4615	4781	0.0000000000
352	FT911-13-4616	4782	0.0000000000
352	FT911-13-4617	4783	0.0000000000
352	FT911-13-4618	4784	0.0000000000
352	FT911-13-4619	4785	0.0000000000
352	FT911-13-4620	4786	0.0000000000
352	FT911-13-4621	4787	0.0000000000
352	FT911-13-4622	4788	0.0000000000
352	FT911-13-4623	4789	0.0000000000
352	FT911-13-4624	4790	0.0000000000
352	FT911-13-4625	4791	0.0000000000
352	FT911-13-4627	4792	0.0000000000
352	FT911-13-4628	4793	0.0000000000
352	FT911-13-4629	4794	0.0000000000
352	FT911-13-4630	4795	0.0000000000
352	FT911-13-4631	4796	0.0000000000
352	FT911-13-4632	4797	0.0000000000
352	FT911-13-4633	4798	0.0000000000
352	FT911-13-4634	4799	0.0000000000
352	FT911-13-4635	4800	0.0000000000
352	FT911-13-4636	4801	0.0000000000
352	FT911-13-4637	4802	0.0000000000
352	FT911-13-4639	4803	0.0000000000
352	FT911-13-4640	4804	0.0000000000
352	FT911-13-4643	4805	0.0000000000
352	FT911-13-4644	4806	0.0000000000
352	FT911-13-4645	4807	0.0000000000
352	FT911-13-4646	4808	0.0000000000
352	FT911-13-4647	4809	0.0000000000
352	FT911-13-4648	4810	0.0000000000
352	FT911-13-4649	4811	0.0000000000
352	FT911-13-4650	4812	0.0000000000
352	FT911-13-4651	4813	0.0000000000
352	FT911-13-4652	4814	0.0000000000
352	FT911-13-4653	4815	0.0000000000
352	FT911-13-4654	4816	0.0000000000
352	FT911-13-4655	4817	0.0000000000
352	FT911-13-4657	4818	0.0000000000
352	FT911-13-4658	4819	0.0000000000
352	FT911-13-4659	4820	0.0000000000
352	FT911-13-4660	4821	0.0000000000
352	FT911-13-4662	4822	0.0000000000
352	FT911-13-4664	4823	0.0000000000
352	FT911-13-4665	4824	0.0000000000
352	FT911-13-4667	4825	0.0000000000
352	FT911-13-4668	4826	0.0000000000
352	FT911-13-4671	4827	0.0000000000
352	FT911-13-4673	4828	0.0000000000
352	FT911-13-4674	4829	0.0000000000
352	FT911-13-4675	4830	0.0000000000
352	FT911-13-4676	4831	0.0000000000
352	FT911-13-4679	4832	0.0000000000
352	FT911-13-4681	4833	0.0000000000
352	FT911-13-4682	4834	0.0000000000
352	FT911-13-4683	4835	0.0000000000
352	FT911-13-4687	4836	0.0000000000
352	FT911-13-4688	4837	0.0000000000
352	FT911-13-4689	4838	0.0000000000
352	FT911-13-4690	4839	0.0000000000
352	FT911-13-4691	4840	0.0000000000
352	FT911-13-4695	4841	0.0000000000
352	FT911-13-4696	4842	0.0000000000
352	FT911-13-4697	4843	0.0000000000
352	FT911-13-4698	4844	0.0000000000
352	FT911-13-4699	4845	0.0000000000
352	FT911-13-4700	4846	0.0000000000
352	FT911-13-4701	4847	0.0000000000
352	FT911-13-4702	4848	0.0000000000
352	FT911-13-4703	4849	0.0000000000
352	FT911-13-4704	4850	0.0000000000
352	FT911-13-4705	4851	0.0000000000
352	FT911-13-4707	4852	0.0000000000
352	FT911-13-4709	4853	0.0000000000
352	FT911-13-4711	4854	0.0000000000
352	FT911-13-4713	4855	0.0000000000
352	FT911-13-4714	4856	0.0000000000
352	FT911-13-4716	4857	0.0000000000
352	FT911-13-4717	4858	0.0000000000
352	FT911-13-4718	4859	0.0000000000
352	FT911-13-4719	4860	0.0000000000
352	FT911-13-4720	4861	0.0000000000
352	FT911-13-4721	4862	0.0000000000
352	FT911-13-4722	4863	0.0000000000
352	FT911-13-4723	4864	0.0000000000
352	FT911-13-4724	4865	0.0000000000
352	FT911-13-4725	4866	0.0000000000
352	FT911-13-4726	4867	0.0000000000
352	FT911-13-4727	4868	0.0000000000
352	FT911-13-4728	4869	0.0000000000
352	FT911-13-4731	4870	0.0000000000
352	FT911-13-4732	4871	0.0000000000
352	FT911-13-4733	4872	0.0000000000
352	FT911-13-4734	4873	0.0000000000
352	FT911-13-4736	4874	0.0000000000
352	FT911-13-4737	4875	0.0000000000
352	FT911-13-4738	4876	0.0000000000
352	FT911-13-4739	4877	0.0000000000
352	FT911-13-4740	4878	0.0000000000
352	FT911-13-4741	4879	0.0000000000
352	FT911-13-4742	4880	0.0000000000
352	FT911-13-4743	4881	0.0000000000
352	FT911-13-4745	4882	0.0000000000
352	FT911-13-4746	4883	0.0000000000
352	FT911-13-4747	4884	0.0000000000
352	FT911-13-4748	4885	0.0000000000
352	FT911-14-4749	4886	0.0000000000
352	FT911-14-4751	4887	0.0000000000
352	FT911-14-4755	4888	0.0000000000
352	FT911-14-4757	4889	0.0000000000
352	FT911-14-4758	4890	0.0000000000
352	FT911-14-4759	4891	0.0000000000
352	FT911-14-4760	4892	0.0000000000
352	FT911-14-4761	4893	0.0000000000
352	FT911-14-4762	4894	0.0000000000
352	FT911-14-4763	4895	0.0000000000
352	FT911-14-4764	4896	0.0000000000
352	FT911-14-4765	4897	0.0000000000
352	FT911-14-4766	4898	0.0000000000
352	FT911-14-4767	4899	0.0000000000
352	FT911-14-4768	4900	0.0000000000
352	FT911-14-4769	4901	0.0000000000
352	FT911-14-4770	4902	0.0000000000
352	FT911-14-4771	4903	0.0000000000
352	FT911-14-4772	4904	0.0000000000
352	FT911-14-4773	4905	0.0000000000
352	FT911-14-4774	4906	0.0000000000
352	FT911-14-4775	4907	0.0000000000
352	FT911-14-4776	4908	0.0000000000
352	FT911-14-4777	4909	0.0000000000
352	FT911-14-4778	4910	0.0000000000
352	FT911-14-4779	4911	0.0000000000
352	FT911-14-4780	4912	0.0000000000
352	FT911-14-4785	4913	0.0000000000
352	FT911-14-4786	4914	0.0000000000
352	FT911-14-4787	4915	0.0000000000
352	FT911-14-4788	4916	0.0000000000
352	FT911-14-4789	4917	0.0000000000
352	FT911-14-4791	4918	0.0000000000
352	FT911-14-4792	4919	0.0000000000
352	FT911-14-4793	4920	0.0000000000
352	FT911-14-4794	4921	0.0000000000
352	FT911-14-4795	4922	0.0000000000
352	FT911-14-4796	4923	0.0000000000
352	FT911-14-4798	4924	0.0000000000
352	FT911-14-4799	4925	0.0000000000
352	FT911-14-4800	4926	0.0000000000
352	FT911-14-4801	4927	0.0000000000
352	FT911-14-4802	4928	0.0000000000
352	FT911-14-4803	4929	0.0000000000
352	FT911-14-4804	4930	0.0000000000
352	FT911-14-4805	4931	0.0000000000
352	FT911-14-4806	4932	0.0000000000
352	FT911-14-4807	4933	0.0000000000
352	FT911-14-4809	4934	0.0000000000
352	FT911-14-4810	4935	0.0000000000
352	FT911-14-4811	4936	0.0000000000
352	FT911-14-4812	4937	0.0000000000
352	FT911-14-4814	4938	0.0000000000
352	FT911-14-4815	4939	0.0000000000
352	FT911-14-4816	4940	0.0000000000
352	FT911-14-4817	4941	0.0000000000
352	FT911-14-4818	4942	0.0000000000
352	FT911-14-4819	4943	0.0000000000
352	FT911-14-4820	4944	0.0000000000
352	FT911-14-4821	4945	0.0000000000
352	FT911-14-4825	4946	0.0000000000
352	FT911-14-4826	4947	0.0000000000
352	FT911-14-4827	4948	0.0000000000
352	FT911-14-4828	4949	0.0000000000
352	FT911-14-4829	4950	0.0000000000
352	FT911-14-4830	4951	0.0000000000
352	FT911-14-4832	4952	0.0000000000
352	FT911-14-4833	4953	0.0000000000
352	FT911-14-4834	4954	0.0000000000
352	FT911-14-4835	4955	0.0000000000
352	FT911-14-4837	4956	0.0000000000
352	FT911-14-4839	4957	0.0000000000
352	FT911-14-4844	4958	0.0000000000
352	FT911-14-4846	4959	0.0000000000
352	FT911-14-4847	4960	0.0000000000
352	FT911-14-4848	4961	0.0000000000
352	FT911-14-4849	4962	0.0000000000
352	FT911-14-4850	4963	0.0000000000
352	FT911-14-4851	4964	0.0000000000
352	FT911-14-4853	4965	0.0000000000
352	FT911-14-4854	4966	0.0000000000
352	FT911-14-4857	4967	0.0000000000
352	FT911-14-4858	4968	0.0000000000
352	FT911-14-4859	4969	0.0000000000
352	FT911-14-4860	4970	0.0000000000
352	FT911-14-4862	4971	0.0000000000
352	FT911-14-4863	4972	0.0000000000
352	FT911-14-4865	4973	0.0000000000
352	FT911-14-4866	4974	0.0000000000
352	FT911-14-4867	4975	0.0000000000
352	FT911-14-4868	4976	0.0000000000
352	FT911-14-4869	4977	0.0000000000
352	FT911-14-4870	4978	0.0000000000
352	FT911-14-4871	4979	0.0000000000
352	FT911-14-4872	4980	0.0000000000
352	FT911-14-4873	4981	0.0000000000
352	FT911-14-4875	4982	0.0000000000
352	FT911-14-4876	4983	0.0000000000
352	FT911-14-4877	4984	0.0000000000
352	FT911-14-4878	4985	0.0000000000
352	FT911-14-4879	4986	0.0000000000
352	FT911-14-4881	4987	0.0000000000
352	FT911-14-4882	4988	0.0000000000
352	FT911-14-4883	4989	0.0000000000
352	FT911-14-4884	4990	0.0000000000
352	FT911-14-4885	4991	0.0000000000
352	FT911-14-4886	4992	0.0000000000
352	FT911-14-4887	4993	0.0000000000
352	FT911-14-4888	4994	0.0000000000
352	FT911-14-4889	4995	0.0000000000
352	FT911-14-4890	4996	0.0000000000
352	FT911-14-4891	4997	0.0000000000
352	FT911-14-4892	4998	0.0000000000
352	FT911-14-4893	4999	0.0000000000
352	FT911-14-4894	5000	0.0000000000
352	FT911-14-4895	5001	0.0000000000
352	FT911-14-4896	5002	0.0000000000
352	FT911-14-4897	5003	0.0000000000
352	FT911-14-4898	5004	0.0000000000
352	FT911-14-4899	5005	0.0000000000
352	FT911-14-4900	5006	0.0000000000
352	FT911-14-4901	5007	0.0000000000
352	FT911-14-4902	5008	0.0000000000
352	FT911-14-4903	5009	0.0000000000
352	FT911-14-4904	5010	0.0000000000
352	FT911-14-4905	5011	0.0000000000
352	FT911-14-4906	5012	0.0000000000
352	FT911-14-4907	5013	0.0000000000
352	FT911-14-4908	5014	0.0000000000
352	FT911-14-4910	5015	0.0000000000
352	FT911-14-4911	5016	0.0000000000
352	FT911-14-4912	5017	0.0000000000
352	FT911-14-4914	5018	0.0000000000
352	FT911-14-4915	5019	0.0000000000
352	FT911-14-4917	5020	0.0000000000
352	FT911-14-4919	5021	0.0000000000
352	FT911-14-4920	5022	0.0000000000
352	FT911-14-4922	5023	0.0000000000
352	FT911-14-4923	5024	0.0000000000
352	FT911-14-4924	5025	0.0000000000
352	FT911-14-4925	5026	0.0000000000
352	FT911-14-4926	5027	0.0000000000
352	FT911-14-4928	5028	0.0000000000
352	FT911-14-4929	5029	0.0000000000
352	FT911-14-4931	5030	0.0000000000
352	FT911-14-4933	5031	0.0000000000
352	FT911-14-4935	5032	0.0000000000
352	FT911-14-4936	5033	0.0000000000
352	FT911-14-4937	5034	0.0000000000
352	FT911-14-4938	5035	0.0000000000
352	FT911-14-4939	5036	0.0000000000
352	FT911-14-4940	5037	0.0000000000
352	FT911-14-4941	5038	0.0000000000
352	FT911-14-4942	5039	0.0000000000
352	FT911-14-4944	5040	0.0000000000
352	FT911-14-4945	5041	0.0000000000
352	FT911-14-4946	5042	0.0000000000
352	FT911-14-4949	5043	0.0000000000
352	FT911-14-4950	5044	0.0000000000
352	FT911-14-4951	5045	0.0000000000
352	FT911-14-4953	5046	0.0000000000
352	FT911-14-4954	5047	0.0000000000
352	FT911-14-4955	5048	0.0000000000
352	FT911-14-4956	5049	0.0000000000
352	FT911-14-4958	5050	0.0000000000
352	FT911-14-4959	5051	0.0000000000
352	FT911-14-4960	5052	0.0000000000
352	FT911-14-4961	5053	0.0000000000
352	FT911-14-4962	5054	0.0000000000
352	FT911-14-4964	5055	0.0000000000
352	FT911-14-4965	5056	0.0000000000
352	FT911-14-4967	5057	0.0000000000
352	FT911-14-4969	5058	0.0000000000
352	FT911-14-4972	5059	0.0000000000
352	FT911-14-4975	5060	0.0000000000
352	FT911-14-4976	5061	0.0000000000
352	FT911-14-4977	5062	0.0000000000
352	FT911-14-4978	5063	0.0000000000
352	FT911-14-4980	5064	0.0000000000
352	FT911-14-4981	5065	0.0000000000
352	FT911-14-4982	5066	0.0000000000
352	FT911-14-4983	5067	0.0000000000
352	FT911-14-4984	5068	0.0000000000
352	FT911-14-4986	5069	0.0000000000
352	FT911-14-4987	5070	0.0000000000
352	FT911-14-4988	5071	0.0000000000
352	FT911-14-4989	5072	0.0000000000
352	FT911-14-4991	5073	0.0000000000
352	FT911-14-4993	5074	0.0000000000
352	FT911-14-4994	5075	0.0000000000
352	FT911-14-4996	5076	0.0000000000
352	FT911-14-4997	5077	0.0000000000
352	FT911-14-4998	5078	0.0000000000
352	FT911-14-4999	5079	0.0000000000
352	FT911-14-5000	5080	0.0000000000
352	FT911-14-5001	5081	0.0000000000
352	FT911-14-5002	5082	0.0000000000
352	FT911-14-5003	5083	0.0000000000
352	FT911-14-5004	5084	0.0000000000
352	FT911-14-5005	5085	0.0000000000
352	FT911-14-5006	5086	0.0000000000
352	FT911-14-5007	5087	0.0000000000
352	FT911-14-5008	5088	0.0000000000
352	FT911-14-5009	5089	0.0000000000
352	FT911-14-5010	5090	0.0000000000
352	FT911-14-5011	5091	0.0000000000
352	FT911-14-5012	5092	0.0000000000
352	FT911-14-5013	5093	0.0000000000
352	FT911-14-5014	5094	0.0000000000
352	FT911-14-5015	5095	0.0000000000
352	FT911-14-5016	5096	0.0000000000
352	FT911-14-5017	5097	0.0000000000
352	FT911-14-5018	5098	0.0000000000
352	FT911-14-5019	5099	0.0000000000
352	FT911-14-5020	5100	0.0000000000
352	FT911-14-5021	5101	0.0000000000
352	FT911-14-5022	5102	0.0000000000
352	FT911-14-5025	5103	0.0000000000
352	FT911-14-5027	5104	0.0000000000
352	FT911-14-5030	5105	0.0000000000
352	FT911-14-5031	5106	0.0000000000
352	FT911-14-5032	5107	0.0000000000
352	FT911-14-5033	5108	0.0000000000
352	FT911-14-5034	5109	0.0000000000
352	FT911-14-5035	5110	0.0000000000
352	FT911-14-5037	5111	0.0000000000
352	FT911-14-5038	5112	0.0000000000
352	FT911-14-5039	5113	0.0000000000
352	FT911-14-5040	5114	0.0000000000
352	FT911-14-5041	5115	0.0000000000
352	FT911-14-5042	5116	0.0000000000
352	FT911-14-5043	5117	0.0000000000
352	FT911-14-5045	5118	0.0000000000
352	FT911-14-5049	5119	0.0000000000
352	FT911-14-5050	5120	0.0000000000
352	FT911-14-5052	5121	0.0000000000
352	FT911-14-5053	5122	0.0000000000
352	FT911-14-5054	5123	0.0000000000
352	FT911-14-5055	5124	0.0000000000
352	FT911-14-5056	5125	0.0000000000
352	FT911-14-5057	5126	0.0000000000
352	FT911-14-5058	5127	0.0000000000
352	FT911-14-5059	5128	0.0000000000
352	FT911-14-5061	5129	0.0000000000
352	FT911-14-5062	5130	0.0000000000
352	FT911-14-5063	5131	0.0000000000
352	FT911-14-5065	5132	0.0000000000
352	FT911-14-5068	5133	0.0000000000
352	FT911-14-5069	5134	0.0000000000
352	FT911-14-5070	5135	0.0000000000
352	FT911-14-5071	5136	0.0000000000
352	FT911-14-5072	5137	0.0000000000
352	FT911-14-5073	5138	0.0000000000
352	FT911-14-5074	5139	0.0000000000
352	FT911-14-5075	5140	0.0000000000
352	FT911-14-5077	5141	0.0000000000
352	FT911-14-5078	5142	0.0000000000
352	FT911-14-5079	5143	0.0000000000
352	FT911-14-5081	5144	0.0000000000
352	FT911-14-5083	5145	0.0000000000
352	FT911-14-5086	5146	0.0000000000
352	FT911-14-5088	5147	0.0000000000
352	FT911-14-5089	5148	0.0000000000
352	FT911-14-5090	5149	0.0000000000
352	FT911-14-5091	5150	0.0000000000
352	FT911-14-5092	5151	0.0000000000
352	FT911-14-5093	5152	0.0000000000
352	FT911-14-5094	5153	0.0000000000
352	FT911-14-5095	5154	0.0000000000
352	FT911-14-5096	5155	0.0000000000
352	FT911-14-5097	5156	0.0000000000
352	FT911-14-5098	5157	0.0000000000
352	FT911-14-5099	5158	0.0000000000
352	FT911-14-5100	5159	0.0000000000
352	FT911-14-5101	5160	0.0000000000
352	FT911-14-5102	5161	0.0000000000
352	FT911-14-5103	5162	0.0000000000
352	FT911-14-5104	5163	0.0000000000
352	FT911-14-5106	5164	0.0000000000
352	FT911-14-5108	5165	0.0000000000
352	FT911-14-5109	5166	0.0000000000
352	FT911-14-5110	5167	0.0000000000
352	FT911-14-5111	5168	0.0000000000
352	FT911-14-5112	5169	0.0000000000
352	FT911-14-5113	5170	0.0000000000
352	FT911-14-5114	5171	0.0000000000
352	FT911-14-5115	5172	0.0000000000
352	FT911-14-5116	5173	0.0000000000
352	FT911-14-5118	5174	0.0000000000
352	FT911-14-5119	5175	0.0000000000
352	FT911-14-5121	5176	0.0000000000
352	FT911-14-5122	5177	0.0000000000
352	FT911-14-5126	5178	0.0000000000
352	FT911-15-5130	5179	0.0000000000
352	FT911-15-5131	5180	0.0000000000
352	FT911-15-5133	5181	0.0000000000
352	FT911-15-5134	5182	0.0000000000
352	FT911-15-5135	5183	0.0000000000
352	FT911-15-5136	5184	0.0000000000
352	FT911-15-5138	5185	0.0000000000
352	FT911-15-5139	5186	0.0000000000
352	FT911-15-5140	5187	0.0000000000
352	FT911-15-5141	5188	0.0000000000
352	FT911-15-5143	5189	0.0000000000
352	FT911-15-5144	5190	0.0000000000
352	FT911-15-5145	5191	0.0000000000
352	FT911-15-5148	5192	0.0000000000
352	FT911-15-5149	5193	0.0000000000
352	FT911-15-5150	5194	0.0000000000
352	FT911-15-5152	5195	0.0000000000
352	FT911-15-5154	5196	0.0000000000
352	FT911-15-5155	5197	0.0000000000
352	FT911-15-5156	5198	0.0000000000
352	FT911-15-5158	5199	0.0000000000
352	FT911-15-5159	5200	0.0000000000
352	FT911-15-5160	5201	0.0000000000
352	FT911-15-5161	5202	0.0000000000
352	FT911-15-5162	5203	0.0000000000
352	FT911-15-5163	5204	0.0000000000
352	FT911-15-5164	5205	0.0000000000
352	FT911-15-5165	5206	0.0000000000
352	FT911-15-5169	5207	0.0000000000
352	FT911-15-5170	5208	0.0000000000
352	FT911-15-5171	5209	0.0000000000
352	FT911-15-5172	5210	0.0000000000
352	FT911-15-5173	5211	0.0000000000
352	FT911-15-5174	5212	0.0000000000
352	FT911-15-5175	5213	0.0000000000
352	FT911-15-5176	5214	0.0000000000
352	FT911-15-5178	5215	0.0000000000
352	FT911-15-5179	5216	0.0000000000
352	FT911-15-5181	5217	0.0000000000
352	FT911-15-5183	5218	0.0000000000
352	FT911-15-5185	5219	0.0000000000
352	FT911-15-5186	5220	0.0000000000
352	FT911-15-5188	5221	0.0000000000
352	FT911-15-5189	5222	0.0000000000
352	FT911-15-5190	5223	0.0000000000
352	FT911-15-5191	5224	0.0000000000
352	FT911-15-5192	5225	0.0000000000
352	FT911-15-5193	5226	0.0000000000
352	FT911-15-5194	5227	0.0000000000
352	FT911-15-5195	5228	0.0000000000
352	FT911-15-5196	5229	0.0000000000
352	FT911-15-5197	5230	0.0000000000
352	FT911-15-5198	5231	0.0000000000
352	FT911-15-5200	5232	0.0000000000
352	FT911-15-5201	5233	0.0000000000
352	FT911-15-5203	5234	0.0000000000
352	FT911-15-5204	5235	0.0000000000
352	FT911-15-5205	5236	0.0000000000
352	FT911-15-5207	5237	0.0000000000
352	FT911-15-5208	5238	0.0000000000
352	FT911-15-5209	5239	0.0000000000
352	FT911-15-5211	5240	0.0000000000
352	FT911-15-5213	5241	0.0000000000
352	FT911-15-5214	5242	0.0000000000
352	FT911-15-5215	5243	0.0000000000
352	FT911-15-5216	5244	0.0000000000
352	FT911-15-5217	5245	0.0000000000
352	FT911-15-5218	5246	0.0000000000
352	FT911-15-5219	5247	0.0000000000
352	FT911-15-5220	5248	0.0000000000
352	FT911-15-5221	5249	0.0000000000
352	FT911-15-5222	5250	0.0000000000
352	FT911-15-5223	5251	0.0000000000
352	FT911-15-5224	5252	0.0000000000
352	FT911-15-5225	5253	0.0000000000
352	FT911-15-5226	5254	0.0000000000
352	FT911-15-5227	5255	0.0000000000
352	FT911-15-5228	5256	0.0000000000
352	FT911-15-5229	5257	0.0000000000
352	FT911-15-5230	5258	0.0000000000
352	FT911-15-5234	5259	0.0000000000
352	FT911-15-5235	5260	0.0000000000
352	FT911-15-5236	5261	0.0000000000
352	FT911-15-5237	5262	0.0000000000
352	FT911-15-5238	5263	0.0000000000
352	FT911-15-5239	5264	0.0000000000
352	FT911-15-5240	5265	0.0000000000
352	FT911-15-5241	5266	0.0000000000
352	FT911-15-5242	5267	0.0000000000
352	FT911-15-5243	5268	0.0000000000
352	FT911-15-5244	5269	0.0000000000
352	FT911-15-5245	5270	0.0000000000
352	FT911-15-5246	5271	0.0000000000
352	FT911-15-5247	5272	0.0000000000
352	FT911-15-5249	5273	0.0000000000
352	FT911-15-5250	5274	0.0000000000
352	FT911-15-5251	5275	0.0000000000
352	FT911-15-5252	5276	0.0000000000
352	FT911-15-5254	5277	0.0000000000
352	FT911-15-5256	5278	0.0000000000
352	FT911-15-5257	5279	0.0000000000
352	FT911-15-5258	5280	0.0000000000
352	FT911-15-5259	5281	0.0000000000
352	FT911-15-5262	5282	0.0000000000
352	FT911-15-5263	5283	0.0000000000
352	FT911-15-5264	5284	0.0000000000
352	FT911-15-5265	5285	0.0000000000
352	FT911-15-5267	5286	0.0000000000
352	FT911-15-5268	5287	0.0000000000
352	FT911-15-5269	5288	0.0000000000
352	FT911-15-5270	5289	0.0000000000
352	FT911-15-5273	5290	0.0000000000
352	FT911-15-5274	5291	0.0000000000
352	FT911-15-5276	5292	0.0000000000
352	FT911-15-5277	5293	0.0000000000
352	FT911-15-5278	5294	0.0000000000
352	FT911-15-5280	5295	0.0000000000
352	FT911-15-5281	5296	0.0000000000
352	FT911-15-5283	5297	0.0000000000
352	FT911-15-5284	5298	0.0000000000
352	FT911-15-5285	5299	0.0000000000
352	FT911-15-5286	5300	0.0000000000
352	FT911-15-5287	5301	0.0000000000
352	FT911-15-5288	5302	0.0000000000
352	FT911-15-5289	5303	0.0000000000
352	FT911-15-5290	5304	0.0000000000
352	FT911-15-5291	5305	0.0000000000
352	FT911-15-5292	5306	0.0000000000
352	FT911-15-5293	5307	0.0000000000
352	FT911-15-5294	5308	0.0000000000
352	FT911-15-5295	5309	0.0000000000
352	FT911-15-5296	5310	0.0000000000
352	FT911-15-5298	5311	0.0000000000
352	FT911-15-5299	5312	0.0000000000
352	FT911-15-5300	5313	0.0000000000
352	FT911-15-5303	5314	0.0000000000
352	FT911-15-5304	5315	0.0000000000
352	FT911-15-5309	5316	0.0000000000
352	FT911-15-5312	5317	0.0000000000
352	FT911-15-5313	5318	0.0000000000
352	FT911-15-5314	5319	0.0000000000
352	FT911-15-5315	5320	0.0000000000
352	FT911-15-5316	5321	0.0000000000
352	FT911-15-5317	5322	0.0000000000
352	FT911-15-5318	5323	0.0000000000
352	FT911-15-5319	5324	0.0000000000
352	FT911-15-5320	5325	0.0000000000
352	FT911-15-5321	5326	0.0000000000
352	FT911-15-5322	5327	0.0000000000
352	FT911-15-5323	5328	0.0000000000
352	FT911-15-5324	5329	0.0000000000
352	FT911-15-5325	5330	0.0000000000
352	FT911-15-5328	5331	0.0000000000
352	FT911-15-5330	5332	0.0000000000
352	FT911-15-5331	5333	0.0000000000
352	FT911-15-5332	5334	0.0000000000
352	FT911-15-5333	5335	0.0000000000
352	FT911-15-5334	5336	0.0000000000
352	FT911-15-5335	5337	0.0000000000
352	FT911-15-5336	5338	0.0000000000
352	FT911-15-5337	5339	0.0000000000
352	FT911-15-5338	5340	0.0000000000
352	FT911-15-5339	5341	0.0000000000
352	FT911-15-5340	5342	0.0000000000
352	FT911-15-5341	5343	0.0000000000
352	FT911-15-5342	5344	0.0000000000
352	FT911-15-5343	5345	0.0000000000
352	FT911-15-5344	5346	0.0000000000
352	FT911-15-5345	5347	0.0000000000
352	FT911-15-5346	5348	0.0000000000
352	FT911-15-5347	5349	0.0000000000
352	FT911-15-5348	5350	0.0000000000
352	FT911-15-5349	5351	0.0000000000
352	FT911-15-5350	5352	0.0000000000
352	FT911-15-5351	5353	0.0000000000
352	FT911-15-5353	5354	0.0000000000
352	FT911-15-5354	5355	0.0000000000
352	FT911-15-5355	5356	0.0000000000
352	FT911-15-5356	5357	0.0000000000
352	FT911-15-5357	5358	0.0000000000
352	FT911-15-5358	5359	0.0000000000
352	FT911-15-5359	5360	0.0000000000
352	FT911-15-5360	5361	0.0000000000
352	FT911-15-5361	5362	0.0000000000
352	FT911-15-5362	5363	0.0000000000
352	FT911-15-5363	5364	0.0000000000
352	FT911-15-5364	5365	0.0000000000
352	FT911-15-5365	5366	0.0000000000
352	FT911-15-5366	5367	0.0000000000
352	FT911-15-5367	5368	0.0000000000
353	FT911-2-493	1	0.5529118450
353	FT911-9-3266	2	0.3251529233
353	FT911-10-3463	3	0.2286505579
353	FT911-15-5205	4	0.2032750150
353	FT911-7-2451	5	0.1279883244
353	FT911-10-3376	6	0.1162087309
353	FT911-10-3464	7	0.1092590852
353	FT911-14-4973	8	0.0927810542
353	FT911-1-1	9	0.0000000000
353	FT911-1-2	10	0.0000000000
353	FT911-1-3	11	0.0000000000
353	FT911-1-4	12	0.0000000000
353	FT911-1-5	13	0.0000000000
353	FT911-1-6	14	0.0000000000
353	FT911-1-7	15	0.0000000000
353	FT911-1-8	16	0.0000000000
353	FT911-1-9	17	0.0000000000
353	FT911-1-10	18	0.0000000000
353	FT911-1-11	19	0.0000000000
353	FT911-1-12	20	0.0000000000
353	FT911-1-13	21	0.0000000000
353	FT911-1-14	22	0.0000000000
353	FT911-1-15	23	0.0000000000
353	FT911-1-16	24	0.0000000000
353	FT911-1-17	25	0.0000000000
353	FT911-1-18	26	0.0000000000
353	FT911-1-19	27	0.0000000000
353	FT911-1-20	28	0.0000000000
353	FT911-1-21	29	0.0000000000
353	FT911-1-22	30	0.0000000000
353	FT911-1-23	31	0.0000000000
353	FT911-1-24	32	0.0000000000
353	FT911-1-25	33	0.0000000000
353	FT911-1-26	34	0.0000000000
353	FT911-1-27	35	0.0000000000
353	FT911-1-28	36	0.0000000000
353	FT911-1-29	37	0.0000000000
353	FT911-1-30	38	0.0000000000
353	FT911-1-31	39	0.0000000000
353	FT911-1-32	40	0.0000000000
353	FT911-1-33	41	0.0000000000
353	FT911-1-34	42	0.0000000000
353	FT911-1-35	43	0.0000000000
353	FT911-1-36	44	0.0000000000
353	FT911-1-37	45	0.0000000000
353	FT911-1-38	46	0.0000000000
353	FT911-1-39	47	0.0000000000
353	FT911-1-40	48	0.0000000000
353	FT911-1-41	49	0.0000000000
353	FT911-1-42	50	0.0000000000
353	FT911-1-43	51	0.0000000000
353	FT911-1-44	52	0.0000000000
353	FT911-1-45	53	0.0000000000
353	FT911-1-46	54	0.0000000000
353	FT911-1-47	55	0.0000000000
353	FT911-1-48	56	0.0000000000
353	FT911-1-49	57	0.0000000000
353	FT911-1-50	58	0.0000000000
353	FT911-1-51	59	0.0000000000
353	FT911-1-52	60	0.0000000000
353	FT911-1-53	61	0.0000000000
353	FT911-1-54	62	0.0000000000
353	FT911-1-55	63	0.0000000000
353	FT911-1-56	64	0.0000000000
353	FT911-1-57	65	0.0000000000
353	FT911-1-58	66	0.0000000000
353	FT911-1-59	67	0.0000000000
353	FT911-1-60	68	0.0000000000
353	FT911-1-61	69	0.0000000000
353	FT911-1-62	70	0.0000000000
353	FT911-1-63	71	0.0000000000
353	FT911-1-64	72	0.0000000000
353	FT911-1-65	73	0.0000000000
353	FT911-1-66	74	0.0000000000
353	FT911-1-67	75	0.0000000000
353	FT911-1-68	76	0.0000000000
353	FT911-1-69	77	0.0000000000
353	FT911-1-70	78	0.0000000000
353	FT911-1-71	79	0.0000000000
353	FT911-1-72	80	0.0000000000
353	FT911-1-73	81	0.0000000000
353	FT911-1-74	82	0.0000000000
353	FT911-1-75	83	0.0000000000
353	FT911-1-76	84	0.0000000000
353	FT911-1-77	85	0.0000000000
353	FT911-1-78	86	0.0000000000
353	FT911-1-79	87	0.0000000000
353	FT911-1-80	88	0.0000000000
353	FT911-1-81	89	0.0000000000
353	FT911-1-82	90	0.0000000000
353	FT911-1-83	91	0.0000000000
353	FT911-1-84	92	0.0000000000
353	FT911-1-85	93	0.0000000000
353	FT911-1-86	94	0.0000000000
353	FT911-1-87	95	0.0000000000
353	FT911-1-88	96	0.0000000000
353	FT911-1-89	97	0.0000000000
353	FT911-1-90	98	0.0000000000
353	FT911-1-91	99	0.0000000000
353	FT911-1-92	100	0.0000000000
353	FT911-1-93	101	0.0000000000
353	FT911-1-94	102	0.0000000000
353	FT911-1-95	103	0.0000000000
353	FT911-1-96	104	0.0000000000
353	FT911-1-97	105	0.0000000000
353	FT911-1-98	106	0.0000000000
353	FT911-1-99	107	0.0000000000
353	FT911-1-100	108	0.0000000000
353	FT911-1-101	109	0.0000000000
353	FT911-1-102	110	0.0000000000
353	FT911-1-103	111	0.0000000000
353	FT911-1-104	112	0.0000000000
353	FT911-1-105	113	0.0000000000
353	FT911-1-106	114	0.0000000000
353	FT911-1-107	115	0.0000000000
353	FT911-1-108	116	0.0000000000
353	FT911-1-109	117	0.0000000000
353	FT911-1-110	118	0.0000000000
353	FT911-1-111	119	0.0000000000
353	FT911-1-112	120	0.0000000000
353	FT911-1-113	121	0.0000000000
353	FT911-1-114	122	0.0000000000
353	FT911-1-115	123	0.0000000000
353	FT911-1-116	124	0.0000000000
353	FT911-1-117	125	0.0000000000
353	FT911-1-118	126	0.0000000000
353	FT911-1-119	127	0.0000000000
353	FT911-1-120	128	0.0000000000
353	FT911-1-121	129	0.0000000000
353	FT911-1-122	130	0.0000000000
353	FT911-1-123	131	0.0000000000
353	FT911-1-124	132	0.0000000000
353	FT911-1-125	133	0.0000000000
353	FT911-1-126	134	0.0000000000
353	FT911-1-127	135	0.0000000000
353	FT911-1-128	136	0.0000000000
353	FT911-1-129	137	0.0000000000
353	FT911-1-130	138	0.0000000000
353	FT911-1-131	139	0.0000000000
353	FT911-1-132	140	0.0000000000
353	FT911-1-133	141	0.0000000000
353	FT911-1-134	142	0.0000000000
353	FT911-1-135	143	0.0000000000
353	FT911-1-136	144	0.0000000000
353	FT911-1-137	145	0.0000000000
353	FT911-1-138	146	0.0000000000
353	FT911-1-139	147	0.0000000000
353	FT911-1-140	148	0.0000000000
353	FT911-1-141	149	0.0000000000
353	FT911-1-142	150	0.0000000000
353	FT911-1-143	151	0.0000000000
353	FT911-1-144	152	0.0000000000
353	FT911-1-145	153	0.0000000000
353	FT911-1-146	154	0.0000000000
353	FT911-1-147	155	0.0000000000
353	FT911-1-148	156	0.0000000000
353	FT911-1-149	157	0.0000000000
353	FT911-1-150	158	0.0000000000
353	FT911-1-151	159	0.0000000000
353	FT911-1-152	160	0.0000000000
353	FT911-1-153	161	0.0000000000
353	FT911-1-154	162	0.0000000000
353	FT911-1-155	163	0.0000000000
353	FT911-1-156	164	0.0000000000
353	FT911-1-157	165	0.0000000000
353	FT911-1-158	166	0.0000000000
353	FT911-1-159	167	0.0000000000
353	FT911-1-160	168	0.0000000000
353	FT911-1-161	169	0.0000000000
353	FT911-1-162	170	0.0000000000
353	FT911-1-163	171	0.0000000000
353	FT911-1-164	172	0.0000000000
353	FT911-1-165	173	0.0000000000
353	FT911-1-166	174	0.0000000000
353	FT911-1-167	175	0.0000000000
353	FT911-1-168	176	0.0000000000
353	FT911-1-169	177	0.0000000000
353	FT911-1-170	178	0.0000000000
353	FT911-1-171	179	0.0000000000
353	FT911-1-172	180	0.0000000000
353	FT911-1-173	181	0.0000000000
353	FT911-1-174	182	0.0000000000
353	FT911-1-175	183	0.0000000000
353	FT911-1-176	184	0.0000000000
353	FT911-1-177	185	0.0000000000
353	FT911-1-178	186	0.0000000000
353	FT911-1-179	187	0.0000000000
353	FT911-1-180	188	0.0000000000
353	FT911-1-181	189	0.0000000000
353	FT911-1-182	190	0.0000000000
353	FT911-1-183	191	0.0000000000
353	FT911-1-184	192	0.0000000000
353	FT911-1-185	193	0.0000000000
353	FT911-1-186	194	0.0000000000
353	FT911-1-187	195	0.0000000000
353	FT911-1-188	196	0.0000000000
353	FT911-1-189	197	0.0000000000
353	FT911-1-190	198	0.0000000000
353	FT911-1-191	199	0.0000000000
353	FT911-1-192	200	0.0000000000
353	FT911-1-193	201	0.0000000000
353	FT911-1-194	202	0.0000000000
353	FT911-1-195	203	0.0000000000
353	FT911-1-196	204	0.0000000000
353	FT911-1-197	205	0.0000000000
353	FT911-1-198	206	0.0000000000
353	FT911-1-199	207	0.0000000000
353	FT911-1-200	208	0.0000000000
353	FT911-1-201	209	0.0000000000
353	FT911-1-202	210	0.0000000000
353	FT911-1-203	211	0.0000000000
353	FT911-1-204	212	0.0000000000
353	FT911-1-205	213	0.0000000000
353	FT911-1-206	214	0.0000000000
353	FT911-1-207	215	0.0000000000
353	FT911-1-208	216	0.0000000000
353	FT911-1-209	217	0.0000000000
353	FT911-1-210	218	0.0000000000
353	FT911-1-211	219	0.0000000000
353	FT911-1-212	220	0.0000000000
353	FT911-1-213	221	0.0000000000
353	FT911-1-214	222	0.0000000000
353	FT911-1-215	223	0.0000000000
353	FT911-1-216	224	0.0000000000
353	FT911-1-217	225	0.0000000000
353	FT911-1-218	226	0.0000000000
353	FT911-1-219	227	0.0000000000
353	FT911-1-220	228	0.0000000000
353	FT911-1-221	229	0.0000000000
353	FT911-1-222	230	0.0000000000
353	FT911-1-223	231	0.0000000000
353	FT911-1-224	232	0.0000000000
353	FT911-1-225	233	0.0000000000
353	FT911-1-226	234	0.0000000000
353	FT911-1-227	235	0.0000000000
353	FT911-1-228	236	0.0000000000
353	FT911-1-229	237	0.0000000000
353	FT911-1-230	238	0.0000000000
353	FT911-1-231	239	0.0000000000
353	FT911-1-232	240	0.0000000000
353	FT911-1-233	241	0.0000000000
353	FT911-1-234	242	0.0000000000
353	FT911-1-235	243	0.0000000000
353	FT911-1-236	244	0.0000000000
353	FT911-1-237	245	0.0000000000
353	FT911-1-238	246	0.0000000000
353	FT911-1-239	247	0.0000000000
353	FT911-1-240	248	0.0000000000
353	FT911-1-241	249	0.0000000000
353	FT911-1-242	250	0.0000000000
353	FT911-1-243	251	0.0000000000
353	FT911-1-244	252	0.0000000000
353	FT911-1-245	253	0.0000000000
353	FT911-1-246	254	0.0000000000
353	FT911-1-247	255	0.0000000000
353	FT911-1-248	256	0.0000000000
353	FT911-1-249	257	0.0000000000
353	FT911-1-250	258	0.0000000000
353	FT911-1-251	259	0.0000000000
353	FT911-1-252	260	0.0000000000
353	FT911-1-253	261	0.0000000000
353	FT911-1-254	262	0.0000000000
353	FT911-1-255	263	0.0000000000
353	FT911-1-256	264	0.0000000000
353	FT911-1-257	265	0.0000000000
353	FT911-1-258	266	0.0000000000
353	FT911-1-259	267	0.0000000000
353	FT911-1-260	268	0.0000000000
353	FT911-1-261	269	0.0000000000
353	FT911-1-262	270	0.0000000000
353	FT911-1-263	271	0.0000000000
353	FT911-1-264	272	0.0000000000
353	FT911-1-265	273	0.0000000000
353	FT911-1-266	274	0.0000000000
353	FT911-1-267	275	0.0000000000
353	FT911-1-268	276	0.0000000000
353	FT911-1-269	277	0.0000000000
353	FT911-1-270	278	0.0000000000
353	FT911-1-271	279	0.0000000000
353	FT911-1-272	280	0.0000000000
353	FT911-1-273	281	0.0000000000
353	FT911-1-274	282	0.0000000000
353	FT911-1-275	283	0.0000000000
353	FT911-1-276	284	0.0000000000
353	FT911-1-277	285	0.0000000000
353	FT911-1-278	286	0.0000000000
353	FT911-1-279	287	0.0000000000
353	FT911-1-280	288	0.0000000000
353	FT911-1-281	289	0.0000000000
353	FT911-1-282	290	0.0000000000
353	FT911-1-283	291	0.0000000000
353	FT911-1-284	292	0.0000000000
353	FT911-1-285	293	0.0000000000
353	FT911-1-286	294	0.0000000000
353	FT911-1-287	295	0.0000000000
353	FT911-1-288	296	0.0000000000
353	FT911-1-289	297	0.0000000000
353	FT911-1-290	298	0.0000000000
353	FT911-1-291	299	0.0000000000
353	FT911-1-292	300	0.0000000000
353	FT911-1-293	301	0.0000000000
353	FT911-1-294	302	0.0000000000
353	FT911-1-295	303	0.0000000000
353	FT911-1-296	304	0.0000000000
353	FT911-1-297	305	0.0000000000
353	FT911-1-298	306	0.0000000000
353	FT911-1-299	307	0.0000000000
353	FT911-1-300	308	0.0000000000
353	FT911-1-301	309	0.0000000000
353	FT911-1-302	310	0.0000000000
353	FT911-1-303	311	0.0000000000
353	FT911-1-304	312	0.0000000000
353	FT911-1-305	313	0.0000000000
353	FT911-1-306	314	0.0000000000
353	FT911-1-307	315	0.0000000000
353	FT911-1-308	316	0.0000000000
353	FT911-1-309	317	0.0000000000
353	FT911-1-310	318	0.0000000000
353	FT911-1-311	319	0.0000000000
353	FT911-1-312	320	0.0000000000
353	FT911-1-313	321	0.0000000000
353	FT911-1-314	322	0.0000000000
353	FT911-1-315	323	0.0000000000
353	FT911-1-316	324	0.0000000000
353	FT911-1-317	325	0.0000000000
353	FT911-1-318	326	0.0000000000
353	FT911-1-319	327	0.0000000000
353	FT911-1-320	328	0.0000000000
353	FT911-1-321	329	0.0000000000
353	FT911-1-322	330	0.0000000000
353	FT911-1-323	331	0.0000000000
353	FT911-1-324	332	0.0000000000
353	FT911-1-325	333	0.0000000000
353	FT911-1-326	334	0.0000000000
353	FT911-1-327	335	0.0000000000
353	FT911-1-328	336	0.0000000000
353	FT911-1-329	337	0.0000000000
353	FT911-1-330	338	0.0000000000
353	FT911-1-331	339	0.0000000000
353	FT911-1-332	340	0.0000000000
353	FT911-1-333	341	0.0000000000
353	FT911-1-334	342	0.0000000000
353	FT911-1-335	343	0.0000000000
353	FT911-1-336	344	0.0000000000
353	FT911-1-337	345	0.0000000000
353	FT911-1-338	346	0.0000000000
353	FT911-1-339	347	0.0000000000
353	FT911-1-340	348	0.0000000000
353	FT911-1-341	349	0.0000000000
353	FT911-1-342	350	0.0000000000
353	FT911-1-343	351	0.0000000000
353	FT911-1-344	352	0.0000000000
353	FT911-1-345	353	0.0000000000
353	FT911-1-346	354	0.0000000000
353	FT911-1-347	355	0.0000000000
353	FT911-1-348	356	0.0000000000
353	FT911-1-349	357	0.0000000000
353	FT911-1-350	358	0.0000000000
353	FT911-1-351	359	0.0000000000
353	FT911-1-352	360	0.0000000000
353	FT911-1-353	361	0.0000000000
353	FT911-1-354	362	0.0000000000
353	FT911-1-355	363	0.0000000000
353	FT911-1-356	364	0.0000000000
353	FT911-1-357	365	0.0000000000
353	FT911-1-358	366	0.0000000000
353	FT911-1-359	367	0.0000000000
353	FT911-1-360	368	0.0000000000
353	FT911-1-361	369	0.0000000000
353	FT911-1-362	370	0.0000000000
353	FT911-1-363	371	0.0000000000
353	FT911-1-364	372	0.0000000000
353	FT911-1-365	373	0.0000000000
353	FT911-1-366	374	0.0000000000
353	FT911-1-367	375	0.0000000000
353	FT911-1-368	376	0.0000000000
353	FT911-1-369	377	0.0000000000
353	FT911-1-370	378	0.0000000000
353	FT911-1-371	379	0.0000000000
353	FT911-1-372	380	0.0000000000
353	FT911-1-373	381	0.0000000000
353	FT911-1-374	382	0.0000000000
353	FT911-1-375	383	0.0000000000
353	FT911-2-376	384	0.0000000000
353	FT911-2-377	385	0.0000000000
353	FT911-2-378	386	0.0000000000
353	FT911-2-379	387	0.0000000000
353	FT911-2-380	388	0.0000000000
353	FT911-2-381	389	0.0000000000
353	FT911-2-382	390	0.0000000000
353	FT911-2-383	391	0.0000000000
353	FT911-2-384	392	0.0000000000
353	FT911-2-385	393	0.0000000000
353	FT911-2-386	394	0.0000000000
353	FT911-2-387	395	0.0000000000
353	FT911-2-388	396	0.0000000000
353	FT911-2-389	397	0.0000000000
353	FT911-2-390	398	0.0000000000
353	FT911-2-391	399	0.0000000000
353	FT911-2-392	400	0.0000000000
353	FT911-2-393	401	0.0000000000
353	FT911-2-394	402	0.0000000000
353	FT911-2-395	403	0.0000000000
353	FT911-2-396	404	0.0000000000
353	FT911-2-397	405	0.0000000000
353	FT911-2-398	406	0.0000000000
353	FT911-2-399	407	0.0000000000
353	FT911-2-400	408	0.0000000000
353	FT911-2-401	409	0.0000000000
353	FT911-2-402	410	0.0000000000
353	FT911-2-403	411	0.0000000000
353	FT911-2-404	412	0.0000000000
353	FT911-2-405	413	0.0000000000
353	FT911-2-406	414	0.0000000000
353	FT911-2-407	415	0.0000000000
353	FT911-2-408	416	0.0000000000
353	FT911-2-409	417	0.0000000000
353	FT911-2-410	418	0.0000000000
353	FT911-2-411	419	0.0000000000
353	FT911-2-412	420	0.0000000000
353	FT911-2-413	421	0.0000000000
353	FT911-2-414	422	0.0000000000
353	FT911-2-415	423	0.0000000000
353	FT911-2-416	424	0.0000000000
353	FT911-2-417	425	0.0000000000
353	FT911-2-418	426	0.0000000000
353	FT911-2-419	427	0.0000000000
353	FT911-2-420	428	0.0000000000
353	FT911-2-421	429	0.0000000000
353	FT911-2-422	430	0.0000000000
353	FT911-2-423	431	0.0000000000
353	FT911-2-424	432	0.0000000000
353	FT911-2-425	433	0.0000000000
353	FT911-2-426	434	0.0000000000
353	FT911-2-427	435	0.0000000000
353	FT911-2-428	436	0.0000000000
353	FT911-2-429	437	0.0000000000
353	FT911-2-430	438	0.0000000000
353	FT911-2-431	439	0.0000000000
353	FT911-2-432	440	0.0000000000
353	FT911-2-433	441	0.0000000000
353	FT911-2-434	442	0.0000000000
353	FT911-2-435	443	0.0000000000
353	FT911-2-436	444	0.0000000000
353	FT911-2-437	445	0.0000000000
353	FT911-2-438	446	0.0000000000
353	FT911-2-439	447	0.0000000000
353	FT911-2-440	448	0.0000000000
353	FT911-2-441	449	0.0000000000
353	FT911-2-442	450	0.0000000000
353	FT911-2-443	451	0.0000000000
353	FT911-2-444	452	0.0000000000
353	FT911-2-445	453	0.0000000000
353	FT911-2-446	454	0.0000000000
353	FT911-2-447	455	0.0000000000
353	FT911-2-448	456	0.0000000000
353	FT911-2-449	457	0.0000000000
353	FT911-2-450	458	0.0000000000
353	FT911-2-451	459	0.0000000000
353	FT911-2-452	460	0.0000000000
353	FT911-2-453	461	0.0000000000
353	FT911-2-454	462	0.0000000000
353	FT911-2-455	463	0.0000000000
353	FT911-2-456	464	0.0000000000
353	FT911-2-457	465	0.0000000000
353	FT911-2-458	466	0.0000000000
353	FT911-2-459	467	0.0000000000
353	FT911-2-460	468	0.0000000000
353	FT911-2-461	469	0.0000000000
353	FT911-2-462	470	0.0000000000
353	FT911-2-463	471	0.0000000000
353	FT911-2-464	472	0.0000000000
353	FT911-2-465	473	0.0000000000
353	FT911-2-466	474	0.0000000000
353	FT911-2-467	475	0.0000000000
353	FT911-2-468	476	0.0000000000
353	FT911-2-469	477	0.0000000000
353	FT911-2-470	478	0.0000000000
353	FT911-2-471	479	0.0000000000
353	FT911-2-472	480	0.0000000000
353	FT911-2-473	481	0.0000000000
353	FT911-2-474	482	0.0000000000
353	FT911-2-475	483	0.0000000000
353	FT911-2-476	484	0.0000000000
353	FT911-2-477	485	0.0000000000
353	FT911-2-478	486	0.0000000000
353	FT911-2-479	487	0.0000000000
353	FT911-2-480	488	0.0000000000
353	FT911-2-481	489	0.0000000000
353	FT911-2-482	490	0.0000000000
353	FT911-2-483	491	0.0000000000
353	FT911-2-484	492	0.0000000000
353	FT911-2-485	493	0.0000000000
353	FT911-2-486	494	0.0000000000
353	FT911-2-487	495	0.0000000000
353	FT911-2-488	496	0.0000000000
353	FT911-2-489	497	0.0000000000
353	FT911-2-490	498	0.0000000000
353	FT911-2-491	499	0.0000000000
353	FT911-2-492	500	0.0000000000
353	FT911-2-494	501	0.0000000000
353	FT911-2-495	502	0.0000000000
353	FT911-2-496	503	0.0000000000
353	FT911-2-497	504	0.0000000000
353	FT911-2-498	505	0.0000000000
353	FT911-2-499	506	0.0000000000
353	FT911-2-500	507	0.0000000000
353	FT911-2-501	508	0.0000000000
353	FT911-2-502	509	0.0000000000
353	FT911-2-503	510	0.0000000000
353	FT911-2-504	511	0.0000000000
353	FT911-2-505	512	0.0000000000
353	FT911-2-506	513	0.0000000000
353	FT911-2-507	514	0.0000000000
353	FT911-2-508	515	0.0000000000
353	FT911-2-509	516	0.0000000000
353	FT911-2-510	517	0.0000000000
353	FT911-2-511	518	0.0000000000
353	FT911-2-512	519	0.0000000000
353	FT911-2-513	520	0.0000000000
353	FT911-2-514	521	0.0000000000
353	FT911-2-515	522	0.0000000000
353	FT911-2-516	523	0.0000000000
353	FT911-2-517	524	0.0000000000
353	FT911-2-518	525	0.0000000000
353	FT911-2-519	526	0.0000000000
353	FT911-2-520	527	0.0000000000
353	FT911-2-521	528	0.0000000000
353	FT911-2-522	529	0.0000000000
353	FT911-2-523	530	0.0000000000
353	FT911-2-524	531	0.0000000000
353	FT911-2-525	532	0.0000000000
353	FT911-2-526	533	0.0000000000
353	FT911-2-527	534	0.0000000000
353	FT911-2-528	535	0.0000000000
353	FT911-2-529	536	0.0000000000
353	FT911-2-530	537	0.0000000000
353	FT911-2-531	538	0.0000000000
353	FT911-2-532	539	0.0000000000
353	FT911-2-533	540	0.0000000000
353	FT911-2-534	541	0.0000000000
353	FT911-2-535	542	0.0000000000
353	FT911-2-536	543	0.0000000000
353	FT911-2-537	544	0.0000000000
353	FT911-2-538	545	0.0000000000
353	FT911-2-539	546	0.0000000000
353	FT911-2-540	547	0.0000000000
353	FT911-2-541	548	0.0000000000
353	FT911-2-542	549	0.0000000000
353	FT911-2-543	550	0.0000000000
353	FT911-2-544	551	0.0000000000
353	FT911-2-545	552	0.0000000000
353	FT911-2-546	553	0.0000000000
353	FT911-2-547	554	0.0000000000
353	FT911-2-548	555	0.0000000000
353	FT911-2-549	556	0.0000000000
353	FT911-2-550	557	0.0000000000
353	FT911-2-551	558	0.0000000000
353	FT911-2-552	559	0.0000000000
353	FT911-2-553	560	0.0000000000
353	FT911-2-554	561	0.0000000000
353	FT911-2-555	562	0.0000000000
353	FT911-2-556	563	0.0000000000
353	FT911-2-557	564	0.0000000000
353	FT911-2-558	565	0.0000000000
353	FT911-2-559	566	0.0000000000
353	FT911-2-560	567	0.0000000000
353	FT911-2-561	568	0.0000000000
353	FT911-2-562	569	0.0000000000
353	FT911-2-563	570	0.0000000000
353	FT911-2-564	571	0.0000000000
353	FT911-2-565	572	0.0000000000
353	FT911-2-566	573	0.0000000000
353	FT911-2-567	574	0.0000000000
353	FT911-2-568	575	0.0000000000
353	FT911-2-569	576	0.0000000000
353	FT911-2-570	577	0.0000000000
353	FT911-2-571	578	0.0000000000
353	FT911-2-572	579	0.0000000000
353	FT911-2-573	580	0.0000000000
353	FT911-2-574	581	0.0000000000
353	FT911-2-575	582	0.0000000000
353	FT911-2-576	583	0.0000000000
353	FT911-2-577	584	0.0000000000
353	FT911-2-578	585	0.0000000000
353	FT911-2-579	586	0.0000000000
353	FT911-2-580	587	0.0000000000
353	FT911-2-581	588	0.0000000000
353	FT911-2-582	589	0.0000000000
353	FT911-2-583	590	0.0000000000
353	FT911-2-584	591	0.0000000000
353	FT911-2-585	592	0.0000000000
353	FT911-2-586	593	0.0000000000
353	FT911-2-587	594	0.0000000000
353	FT911-2-588	595	0.0000000000
353	FT911-2-589	596	0.0000000000
353	FT911-2-590	597	0.0000000000
353	FT911-2-591	598	0.0000000000
353	FT911-2-592	599	0.0000000000
353	FT911-2-593	600	0.0000000000
353	FT911-2-594	601	0.0000000000
353	FT911-2-595	602	0.0000000000
353	FT911-2-596	603	0.0000000000
353	FT911-2-597	604	0.0000000000
353	FT911-2-598	605	0.0000000000
353	FT911-2-599	606	0.0000000000
353	FT911-2-600	607	0.0000000000
353	FT911-2-601	608	0.0000000000
353	FT911-2-602	609	0.0000000000
353	FT911-2-603	610	0.0000000000
353	FT911-2-604	611	0.0000000000
353	FT911-2-605	612	0.0000000000
353	FT911-2-606	613	0.0000000000
353	FT911-2-607	614	0.0000000000
353	FT911-2-608	615	0.0000000000
353	FT911-2-609	616	0.0000000000
353	FT911-2-610	617	0.0000000000
353	FT911-2-611	618	0.0000000000
353	FT911-2-612	619	0.0000000000
353	FT911-2-613	620	0.0000000000
353	FT911-2-614	621	0.0000000000
353	FT911-2-615	622	0.0000000000
353	FT911-2-616	623	0.0000000000
353	FT911-2-617	624	0.0000000000
353	FT911-2-618	625	0.0000000000
353	FT911-2-619	626	0.0000000000
353	FT911-2-620	627	0.0000000000
353	FT911-2-621	628	0.0000000000
353	FT911-2-622	629	0.0000000000
353	FT911-2-623	630	0.0000000000
353	FT911-2-624	631	0.0000000000
353	FT911-2-625	632	0.0000000000
353	FT911-2-626	633	0.0000000000
353	FT911-2-627	634	0.0000000000
353	FT911-2-628	635	0.0000000000
353	FT911-2-629	636	0.0000000000
353	FT911-2-630	637	0.0000000000
353	FT911-2-631	638	0.0000000000
353	FT911-2-632	639	0.0000000000
353	FT911-2-633	640	0.0000000000
353	FT911-2-634	641	0.0000000000
353	FT911-2-635	642	0.0000000000
353	FT911-2-636	643	0.0000000000
353	FT911-2-637	644	0.0000000000
353	FT911-2-638	645	0.0000000000
353	FT911-2-639	646	0.0000000000
353	FT911-2-640	647	0.0000000000
353	FT911-2-641	648	0.0000000000
353	FT911-2-642	649	0.0000000000
353	FT911-2-643	650	0.0000000000
353	FT911-2-644	651	0.0000000000
353	FT911-2-645	652	0.0000000000
353	FT911-2-646	653	0.0000000000
353	FT911-2-647	654	0.0000000000
353	FT911-2-648	655	0.0000000000
353	FT911-2-649	656	0.0000000000
353	FT911-2-650	657	0.0000000000
353	FT911-2-651	658	0.0000000000
353	FT911-2-652	659	0.0000000000
353	FT911-2-653	660	0.0000000000
353	FT911-2-654	661	0.0000000000
353	FT911-2-655	662	0.0000000000
353	FT911-2-656	663	0.0000000000
353	FT911-2-657	664	0.0000000000
353	FT911-2-658	665	0.0000000000
353	FT911-2-659	666	0.0000000000
353	FT911-2-660	667	0.0000000000
353	FT911-2-661	668	0.0000000000
353	FT911-2-662	669	0.0000000000
353	FT911-2-663	670	0.0000000000
353	FT911-2-664	671	0.0000000000
353	FT911-2-665	672	0.0000000000
353	FT911-2-666	673	0.0000000000
353	FT911-2-667	674	0.0000000000
353	FT911-2-668	675	0.0000000000
353	FT911-2-669	676	0.0000000000
353	FT911-2-670	677	0.0000000000
353	FT911-2-671	678	0.0000000000
353	FT911-2-672	679	0.0000000000
353	FT911-2-673	680	0.0000000000
353	FT911-2-674	681	0.0000000000
353	FT911-2-675	682	0.0000000000
353	FT911-2-676	683	0.0000000000
353	FT911-2-677	684	0.0000000000
353	FT911-2-678	685	0.0000000000
353	FT911-2-679	686	0.0000000000
353	FT911-2-680	687	0.0000000000
353	FT911-2-681	688	0.0000000000
353	FT911-2-682	689	0.0000000000
353	FT911-2-683	690	0.0000000000
353	FT911-2-684	691	0.0000000000
353	FT911-2-685	692	0.0000000000
353	FT911-2-686	693	0.0000000000
353	FT911-2-687	694	0.0000000000
353	FT911-2-688	695	0.0000000000
353	FT911-2-689	696	0.0000000000
353	FT911-2-690	697	0.0000000000
353	FT911-2-691	698	0.0000000000
353	FT911-2-692	699	0.0000000000
353	FT911-2-693	700	0.0000000000
353	FT911-2-694	701	0.0000000000
353	FT911-2-695	702	0.0000000000
353	FT911-2-696	703	0.0000000000
353	FT911-2-697	704	0.0000000000
353	FT911-2-698	705	0.0000000000
353	FT911-2-699	706	0.0000000000
353	FT911-2-700	707	0.0000000000
353	FT911-2-701	708	0.0000000000
353	FT911-2-702	709	0.0000000000
353	FT911-2-703	710	0.0000000000
353	FT911-2-704	711	0.0000000000
353	FT911-2-705	712	0.0000000000
353	FT911-2-706	713	0.0000000000
353	FT911-2-707	714	0.0000000000
353	FT911-2-708	715	0.0000000000
353	FT911-2-709	716	0.0000000000
353	FT911-2-710	717	0.0000000000
353	FT911-2-711	718	0.0000000000
353	FT911-2-712	719	0.0000000000
353	FT911-2-713	720	0.0000000000
353	FT911-2-714	721	0.0000000000
353	FT911-2-715	722	0.0000000000
353	FT911-2-716	723	0.0000000000
353	FT911-2-717	724	0.0000000000
353	FT911-2-718	725	0.0000000000
353	FT911-2-719	726	0.0000000000
353	FT911-2-720	727	0.0000000000
353	FT911-2-721	728	0.0000000000
353	FT911-3-722	729	0.0000000000
353	FT911-3-723	730	0.0000000000
353	FT911-3-724	731	0.0000000000
353	FT911-3-725	732	0.0000000000
353	FT911-3-726	733	0.0000000000
353	FT911-3-727	734	0.0000000000
353	FT911-3-728	735	0.0000000000
353	FT911-3-729	736	0.0000000000
353	FT911-3-730	737	0.0000000000
353	FT911-3-731	738	0.0000000000
353	FT911-3-732	739	0.0000000000
353	FT911-3-733	740	0.0000000000
353	FT911-3-734	741	0.0000000000
353	FT911-3-735	742	0.0000000000
353	FT911-3-736	743	0.0000000000
353	FT911-3-737	744	0.0000000000
353	FT911-3-738	745	0.0000000000
353	FT911-3-739	746	0.0000000000
353	FT911-3-740	747	0.0000000000
353	FT911-3-741	748	0.0000000000
353	FT911-3-742	749	0.0000000000
353	FT911-3-743	750	0.0000000000
353	FT911-3-744	751	0.0000000000
353	FT911-3-745	752	0.0000000000
353	FT911-3-746	753	0.0000000000
353	FT911-3-747	754	0.0000000000
353	FT911-3-748	755	0.0000000000
353	FT911-3-749	756	0.0000000000
353	FT911-3-750	757	0.0000000000
353	FT911-3-751	758	0.0000000000
353	FT911-3-752	759	0.0000000000
353	FT911-3-753	760	0.0000000000
353	FT911-3-754	761	0.0000000000
353	FT911-3-755	762	0.0000000000
353	FT911-3-756	763	0.0000000000
353	FT911-3-757	764	0.0000000000
353	FT911-3-758	765	0.0000000000
353	FT911-3-759	766	0.0000000000
353	FT911-3-760	767	0.0000000000
353	FT911-3-761	768	0.0000000000
353	FT911-3-762	769	0.0000000000
353	FT911-3-763	770	0.0000000000
353	FT911-3-764	771	0.0000000000
353	FT911-3-765	772	0.0000000000
353	FT911-3-766	773	0.0000000000
353	FT911-3-767	774	0.0000000000
353	FT911-3-768	775	0.0000000000
353	FT911-3-769	776	0.0000000000
353	FT911-3-770	777	0.0000000000
353	FT911-3-771	778	0.0000000000
353	FT911-3-772	779	0.0000000000
353	FT911-3-773	780	0.0000000000
353	FT911-3-774	781	0.0000000000
353	FT911-3-775	782	0.0000000000
353	FT911-3-776	783	0.0000000000
353	FT911-3-777	784	0.0000000000
353	FT911-3-778	785	0.0000000000
353	FT911-3-779	786	0.0000000000
353	FT911-3-780	787	0.0000000000
353	FT911-3-781	788	0.0000000000
353	FT911-3-782	789	0.0000000000
353	FT911-3-783	790	0.0000000000
353	FT911-3-784	791	0.0000000000
353	FT911-3-785	792	0.0000000000
353	FT911-3-786	793	0.0000000000
353	FT911-3-787	794	0.0000000000
353	FT911-3-788	795	0.0000000000
353	FT911-3-789	796	0.0000000000
353	FT911-3-790	797	0.0000000000
353	FT911-3-791	798	0.0000000000
353	FT911-3-792	799	0.0000000000
353	FT911-3-793	800	0.0000000000
353	FT911-3-794	801	0.0000000000
353	FT911-3-795	802	0.0000000000
353	FT911-3-796	803	0.0000000000
353	FT911-3-797	804	0.0000000000
353	FT911-3-798	805	0.0000000000
353	FT911-3-799	806	0.0000000000
353	FT911-3-800	807	0.0000000000
353	FT911-3-801	808	0.0000000000
353	FT911-3-802	809	0.0000000000
353	FT911-3-803	810	0.0000000000
353	FT911-3-804	811	0.0000000000
353	FT911-3-805	812	0.0000000000
353	FT911-3-806	813	0.0000000000
353	FT911-3-807	814	0.0000000000
353	FT911-3-808	815	0.0000000000
353	FT911-3-809	816	0.0000000000
353	FT911-3-810	817	0.0000000000
353	FT911-3-811	818	0.0000000000
353	FT911-3-812	819	0.0000000000
353	FT911-3-813	820	0.0000000000
353	FT911-3-814	821	0.0000000000
353	FT911-3-815	822	0.0000000000
353	FT911-3-816	823	0.0000000000
353	FT911-3-817	824	0.0000000000
353	FT911-3-818	825	0.0000000000
353	FT911-3-819	826	0.0000000000
353	FT911-3-820	827	0.0000000000
353	FT911-3-821	828	0.0000000000
353	FT911-3-822	829	0.0000000000
353	FT911-3-823	830	0.0000000000
353	FT911-3-824	831	0.0000000000
353	FT911-3-825	832	0.0000000000
353	FT911-3-826	833	0.0000000000
353	FT911-3-827	834	0.0000000000
353	FT911-3-828	835	0.0000000000
353	FT911-3-829	836	0.0000000000
353	FT911-3-830	837	0.0000000000
353	FT911-3-831	838	0.0000000000
353	FT911-3-832	839	0.0000000000
353	FT911-3-833	840	0.0000000000
353	FT911-3-834	841	0.0000000000
353	FT911-3-835	842	0.0000000000
353	FT911-3-836	843	0.0000000000
353	FT911-3-837	844	0.0000000000
353	FT911-3-838	845	0.0000000000
353	FT911-3-839	846	0.0000000000
353	FT911-3-840	847	0.0000000000
353	FT911-3-841	848	0.0000000000
353	FT911-3-842	849	0.0000000000
353	FT911-3-843	850	0.0000000000
353	FT911-3-844	851	0.0000000000
353	FT911-3-845	852	0.0000000000
353	FT911-3-846	853	0.0000000000
353	FT911-3-847	854	0.0000000000
353	FT911-3-848	855	0.0000000000
353	FT911-3-849	856	0.0000000000
353	FT911-3-850	857	0.0000000000
353	FT911-3-851	858	0.0000000000
353	FT911-3-852	859	0.0000000000
353	FT911-3-853	860	0.0000000000
353	FT911-3-854	861	0.0000000000
353	FT911-3-855	862	0.0000000000
353	FT911-3-856	863	0.0000000000
353	FT911-3-857	864	0.0000000000
353	FT911-3-858	865	0.0000000000
353	FT911-3-859	866	0.0000000000
353	FT911-3-860	867	0.0000000000
353	FT911-3-861	868	0.0000000000
353	FT911-3-862	869	0.0000000000
353	FT911-3-863	870	0.0000000000
353	FT911-3-864	871	0.0000000000
353	FT911-3-865	872	0.0000000000
353	FT911-3-866	873	0.0000000000
353	FT911-3-867	874	0.0000000000
353	FT911-3-868	875	0.0000000000
353	FT911-3-869	876	0.0000000000
353	FT911-3-870	877	0.0000000000
353	FT911-3-871	878	0.0000000000
353	FT911-3-872	879	0.0000000000
353	FT911-3-873	880	0.0000000000
353	FT911-3-874	881	0.0000000000
353	FT911-3-875	882	0.0000000000
353	FT911-3-876	883	0.0000000000
353	FT911-3-877	884	0.0000000000
353	FT911-3-878	885	0.0000000000
353	FT911-3-879	886	0.0000000000
353	FT911-3-880	887	0.0000000000
353	FT911-3-881	888	0.0000000000
353	FT911-3-882	889	0.0000000000
353	FT911-3-883	890	0.0000000000
353	FT911-3-884	891	0.0000000000
353	FT911-3-885	892	0.0000000000
353	FT911-3-886	893	0.0000000000
353	FT911-3-887	894	0.0000000000
353	FT911-3-888	895	0.0000000000
353	FT911-3-889	896	0.0000000000
353	FT911-3-890	897	0.0000000000
353	FT911-3-891	898	0.0000000000
353	FT911-3-892	899	0.0000000000
353	FT911-3-893	900	0.0000000000
353	FT911-3-894	901	0.0000000000
353	FT911-3-895	902	0.0000000000
353	FT911-3-896	903	0.0000000000
353	FT911-3-897	904	0.0000000000
353	FT911-3-898	905	0.0000000000
353	FT911-3-899	906	0.0000000000
353	FT911-3-900	907	0.0000000000
353	FT911-3-901	908	0.0000000000
353	FT911-3-902	909	0.0000000000
353	FT911-3-903	910	0.0000000000
353	FT911-3-904	911	0.0000000000
353	FT911-3-905	912	0.0000000000
353	FT911-3-906	913	0.0000000000
353	FT911-3-907	914	0.0000000000
353	FT911-3-908	915	0.0000000000
353	FT911-3-909	916	0.0000000000
353	FT911-3-910	917	0.0000000000
353	FT911-3-911	918	0.0000000000
353	FT911-3-912	919	0.0000000000
353	FT911-3-913	920	0.0000000000
353	FT911-3-914	921	0.0000000000
353	FT911-3-915	922	0.0000000000
353	FT911-3-916	923	0.0000000000
353	FT911-3-917	924	0.0000000000
353	FT911-3-918	925	0.0000000000
353	FT911-3-919	926	0.0000000000
353	FT911-3-920	927	0.0000000000
353	FT911-3-921	928	0.0000000000
353	FT911-3-922	929	0.0000000000
353	FT911-3-923	930	0.0000000000
353	FT911-3-924	931	0.0000000000
353	FT911-3-925	932	0.0000000000
353	FT911-3-926	933	0.0000000000
353	FT911-3-927	934	0.0000000000
353	FT911-3-928	935	0.0000000000
353	FT911-3-929	936	0.0000000000
353	FT911-3-930	937	0.0000000000
353	FT911-3-931	938	0.0000000000
353	FT911-3-932	939	0.0000000000
353	FT911-3-933	940	0.0000000000
353	FT911-3-934	941	0.0000000000
353	FT911-3-935	942	0.0000000000
353	FT911-3-936	943	0.0000000000
353	FT911-3-937	944	0.0000000000
353	FT911-3-938	945	0.0000000000
353	FT911-3-939	946	0.0000000000
353	FT911-3-940	947	0.0000000000
353	FT911-3-941	948	0.0000000000
353	FT911-3-942	949	0.0000000000
353	FT911-3-943	950	0.0000000000
353	FT911-3-944	951	0.0000000000
353	FT911-3-945	952	0.0000000000
353	FT911-3-946	953	0.0000000000
353	FT911-3-947	954	0.0000000000
353	FT911-3-948	955	0.0000000000
353	FT911-3-949	956	0.0000000000
353	FT911-3-950	957	0.0000000000
353	FT911-3-951	958	0.0000000000
353	FT911-3-952	959	0.0000000000
353	FT911-3-953	960	0.0000000000
353	FT911-3-954	961	0.0000000000
353	FT911-3-955	962	0.0000000000
353	FT911-3-956	963	0.0000000000
353	FT911-3-957	964	0.0000000000
353	FT911-3-958	965	0.0000000000
353	FT911-3-959	966	0.0000000000
353	FT911-3-960	967	0.0000000000
353	FT911-3-961	968	0.0000000000
353	FT911-3-962	969	0.0000000000
353	FT911-3-963	970	0.0000000000
353	FT911-3-964	971	0.0000000000
353	FT911-3-965	972	0.0000000000
353	FT911-3-966	973	0.0000000000
353	FT911-3-967	974	0.0000000000
353	FT911-3-968	975	0.0000000000
353	FT911-3-969	976	0.0000000000
353	FT911-3-970	977	0.0000000000
353	FT911-3-971	978	0.0000000000
353	FT911-3-972	979	0.0000000000
353	FT911-3-973	980	0.0000000000
353	FT911-3-974	981	0.0000000000
353	FT911-3-975	982	0.0000000000
353	FT911-3-976	983	0.0000000000
353	FT911-3-977	984	0.0000000000
353	FT911-3-978	985	0.0000000000
353	FT911-3-979	986	0.0000000000
353	FT911-3-980	987	0.0000000000
353	FT911-3-981	988	0.0000000000
353	FT911-3-982	989	0.0000000000
353	FT911-3-983	990	0.0000000000
353	FT911-3-984	991	0.0000000000
353	FT911-3-985	992	0.0000000000
353	FT911-3-986	993	0.0000000000
353	FT911-3-987	994	0.0000000000
353	FT911-3-988	995	0.0000000000
353	FT911-3-989	996	0.0000000000
353	FT911-3-990	997	0.0000000000
353	FT911-3-991	998	0.0000000000
353	FT911-3-992	999	0.0000000000
353	FT911-3-993	1000	0.0000000000
353	FT911-3-994	1001	0.0000000000
353	FT911-3-995	1002	0.0000000000
353	FT911-3-996	1003	0.0000000000
353	FT911-3-997	1004	0.0000000000
353	FT911-3-998	1005	0.0000000000
353	FT911-3-999	1006	0.0000000000
353	FT911-3-1000	1007	0.0000000000
353	FT911-3-1001	1008	0.0000000000
353	FT911-3-1002	1009	0.0000000000
353	FT911-3-1003	1010	0.0000000000
353	FT911-3-1004	1011	0.0000000000
353	FT911-3-1005	1012	0.0000000000
353	FT911-3-1006	1013	0.0000000000
353	FT911-3-1007	1014	0.0000000000
353	FT911-3-1008	1015	0.0000000000
353	FT911-3-1009	1016	0.0000000000
353	FT911-3-1010	1017	0.0000000000
353	FT911-3-1011	1018	0.0000000000
353	FT911-3-1012	1019	0.0000000000
353	FT911-3-1013	1020	0.0000000000
353	FT911-3-1014	1021	0.0000000000
353	FT911-3-1015	1022	0.0000000000
353	FT911-3-1016	1023	0.0000000000
353	FT911-3-1017	1024	0.0000000000
353	FT911-3-1018	1025	0.0000000000
353	FT911-3-1019	1026	0.0000000000
353	FT911-3-1020	1027	0.0000000000
353	FT911-3-1021	1028	0.0000000000
353	FT911-3-1022	1029	0.0000000000
353	FT911-3-1023	1030	0.0000000000
353	FT911-3-1024	1031	0.0000000000
353	FT911-3-1025	1032	0.0000000000
353	FT911-3-1026	1033	0.0000000000
353	FT911-3-1027	1034	0.0000000000
353	FT911-3-1028	1035	0.0000000000
353	FT911-3-1029	1036	0.0000000000
353	FT911-3-1030	1037	0.0000000000
353	FT911-3-1031	1038	0.0000000000
353	FT911-3-1032	1039	0.0000000000
353	FT911-3-1033	1040	0.0000000000
353	FT911-3-1034	1041	0.0000000000
353	FT911-3-1035	1042	0.0000000000
353	FT911-3-1036	1043	0.0000000000
353	FT911-3-1037	1044	0.0000000000
353	FT911-3-1038	1045	0.0000000000
353	FT911-3-1039	1046	0.0000000000
353	FT911-3-1040	1047	0.0000000000
353	FT911-3-1041	1048	0.0000000000
353	FT911-3-1042	1049	0.0000000000
353	FT911-3-1043	1050	0.0000000000
353	FT911-3-1044	1051	0.0000000000
353	FT911-3-1045	1052	0.0000000000
353	FT911-3-1046	1053	0.0000000000
353	FT911-3-1047	1054	0.0000000000
353	FT911-3-1048	1055	0.0000000000
353	FT911-3-1049	1056	0.0000000000
353	FT911-3-1050	1057	0.0000000000
353	FT911-3-1051	1058	0.0000000000
353	FT911-3-1052	1059	0.0000000000
353	FT911-3-1053	1060	0.0000000000
353	FT911-3-1054	1061	0.0000000000
353	FT911-3-1055	1062	0.0000000000
353	FT911-3-1056	1063	0.0000000000
353	FT911-3-1057	1064	0.0000000000
353	FT911-3-1058	1065	0.0000000000
353	FT911-3-1059	1066	0.0000000000
353	FT911-3-1060	1067	0.0000000000
353	FT911-3-1061	1068	0.0000000000
353	FT911-3-1062	1069	0.0000000000
353	FT911-3-1063	1070	0.0000000000
353	FT911-3-1064	1071	0.0000000000
353	FT911-3-1065	1072	0.0000000000
353	FT911-3-1066	1073	0.0000000000
353	FT911-3-1067	1074	0.0000000000
353	FT911-3-1068	1075	0.0000000000
353	FT911-3-1069	1076	0.0000000000
353	FT911-3-1070	1077	0.0000000000
353	FT911-3-1071	1078	0.0000000000
353	FT911-3-1072	1079	0.0000000000
353	FT911-3-1073	1080	0.0000000000
353	FT911-3-1074	1081	0.0000000000
353	FT911-3-1075	1082	0.0000000000
353	FT911-3-1076	1083	0.0000000000
353	FT911-3-1077	1084	0.0000000000
353	FT911-3-1078	1085	0.0000000000
353	FT911-3-1079	1086	0.0000000000
353	FT911-3-1080	1087	0.0000000000
353	FT911-3-1081	1088	0.0000000000
353	FT911-3-1082	1089	0.0000000000
353	FT911-3-1083	1090	0.0000000000
353	FT911-3-1084	1091	0.0000000000
353	FT911-3-1085	1092	0.0000000000
353	FT911-3-1086	1093	0.0000000000
353	FT911-3-1087	1094	0.0000000000
353	FT911-3-1088	1095	0.0000000000
353	FT911-3-1089	1096	0.0000000000
353	FT911-3-1090	1097	0.0000000000
353	FT911-3-1091	1098	0.0000000000
353	FT911-3-1092	1099	0.0000000000
353	FT911-3-1093	1100	0.0000000000
353	FT911-3-1094	1101	0.0000000000
353	FT911-3-1095	1102	0.0000000000
353	FT911-3-1096	1103	0.0000000000
353	FT911-3-1097	1104	0.0000000000
353	FT911-3-1098	1105	0.0000000000
353	FT911-4-1099	1106	0.0000000000
353	FT911-4-1100	1107	0.0000000000
353	FT911-4-1101	1108	0.0000000000
353	FT911-4-1102	1109	0.0000000000
353	FT911-4-1103	1110	0.0000000000
353	FT911-4-1104	1111	0.0000000000
353	FT911-4-1105	1112	0.0000000000
353	FT911-4-1106	1113	0.0000000000
353	FT911-4-1107	1114	0.0000000000
353	FT911-4-1108	1115	0.0000000000
353	FT911-4-1109	1116	0.0000000000
353	FT911-4-1110	1117	0.0000000000
353	FT911-4-1111	1118	0.0000000000
353	FT911-4-1112	1119	0.0000000000
353	FT911-4-1113	1120	0.0000000000
353	FT911-4-1114	1121	0.0000000000
353	FT911-4-1115	1122	0.0000000000
353	FT911-4-1116	1123	0.0000000000
353	FT911-4-1117	1124	0.0000000000
353	FT911-4-1118	1125	0.0000000000
353	FT911-4-1119	1126	0.0000000000
353	FT911-4-1120	1127	0.0000000000
353	FT911-4-1121	1128	0.0000000000
353	FT911-4-1122	1129	0.0000000000
353	FT911-4-1123	1130	0.0000000000
353	FT911-4-1124	1131	0.0000000000
353	FT911-4-1125	1132	0.0000000000
353	FT911-4-1126	1133	0.0000000000
353	FT911-4-1127	1134	0.0000000000
353	FT911-4-1128	1135	0.0000000000
353	FT911-4-1129	1136	0.0000000000
353	FT911-4-1130	1137	0.0000000000
353	FT911-4-1131	1138	0.0000000000
353	FT911-4-1132	1139	0.0000000000
353	FT911-4-1133	1140	0.0000000000
353	FT911-4-1134	1141	0.0000000000
353	FT911-4-1135	1142	0.0000000000
353	FT911-4-1136	1143	0.0000000000
353	FT911-4-1137	1144	0.0000000000
353	FT911-4-1138	1145	0.0000000000
353	FT911-4-1139	1146	0.0000000000
353	FT911-4-1140	1147	0.0000000000
353	FT911-4-1141	1148	0.0000000000
353	FT911-4-1142	1149	0.0000000000
353	FT911-4-1143	1150	0.0000000000
353	FT911-4-1144	1151	0.0000000000
353	FT911-4-1145	1152	0.0000000000
353	FT911-4-1146	1153	0.0000000000
353	FT911-4-1147	1154	0.0000000000
353	FT911-4-1148	1155	0.0000000000
353	FT911-4-1149	1156	0.0000000000
353	FT911-4-1150	1157	0.0000000000
353	FT911-4-1151	1158	0.0000000000
353	FT911-4-1152	1159	0.0000000000
353	FT911-4-1153	1160	0.0000000000
353	FT911-4-1154	1161	0.0000000000
353	FT911-4-1155	1162	0.0000000000
353	FT911-4-1156	1163	0.0000000000
353	FT911-4-1157	1164	0.0000000000
353	FT911-4-1158	1165	0.0000000000
353	FT911-4-1159	1166	0.0000000000
353	FT911-4-1160	1167	0.0000000000
353	FT911-4-1161	1168	0.0000000000
353	FT911-4-1162	1169	0.0000000000
353	FT911-4-1163	1170	0.0000000000
353	FT911-4-1164	1171	0.0000000000
353	FT911-4-1165	1172	0.0000000000
353	FT911-4-1166	1173	0.0000000000
353	FT911-4-1167	1174	0.0000000000
353	FT911-4-1168	1175	0.0000000000
353	FT911-4-1169	1176	0.0000000000
353	FT911-4-1170	1177	0.0000000000
353	FT911-4-1171	1178	0.0000000000
353	FT911-4-1172	1179	0.0000000000
353	FT911-4-1173	1180	0.0000000000
353	FT911-4-1174	1181	0.0000000000
353	FT911-4-1175	1182	0.0000000000
353	FT911-4-1176	1183	0.0000000000
353	FT911-4-1177	1184	0.0000000000
353	FT911-4-1178	1185	0.0000000000
353	FT911-4-1179	1186	0.0000000000
353	FT911-4-1180	1187	0.0000000000
353	FT911-4-1181	1188	0.0000000000
353	FT911-4-1182	1189	0.0000000000
353	FT911-4-1183	1190	0.0000000000
353	FT911-4-1184	1191	0.0000000000
353	FT911-4-1185	1192	0.0000000000
353	FT911-4-1186	1193	0.0000000000
353	FT911-4-1187	1194	0.0000000000
353	FT911-4-1188	1195	0.0000000000
353	FT911-4-1189	1196	0.0000000000
353	FT911-4-1190	1197	0.0000000000
353	FT911-4-1191	1198	0.0000000000
353	FT911-4-1192	1199	0.0000000000
353	FT911-4-1193	1200	0.0000000000
353	FT911-4-1194	1201	0.0000000000
353	FT911-4-1195	1202	0.0000000000
353	FT911-4-1196	1203	0.0000000000
353	FT911-4-1197	1204	0.0000000000
353	FT911-4-1198	1205	0.0000000000
353	FT911-4-1199	1206	0.0000000000
353	FT911-4-1200	1207	0.0000000000
353	FT911-4-1201	1208	0.0000000000
353	FT911-4-1202	1209	0.0000000000
353	FT911-4-1203	1210	0.0000000000
353	FT911-4-1204	1211	0.0000000000
353	FT911-4-1205	1212	0.0000000000
353	FT911-4-1206	1213	0.0000000000
353	FT911-4-1207	1214	0.0000000000
353	FT911-4-1208	1215	0.0000000000
353	FT911-4-1209	1216	0.0000000000
353	FT911-4-1210	1217	0.0000000000
353	FT911-4-1211	1218	0.0000000000
353	FT911-4-1212	1219	0.0000000000
353	FT911-4-1213	1220	0.0000000000
353	FT911-4-1214	1221	0.0000000000
353	FT911-4-1215	1222	0.0000000000
353	FT911-4-1216	1223	0.0000000000
353	FT911-4-1217	1224	0.0000000000
353	FT911-4-1218	1225	0.0000000000
353	FT911-4-1219	1226	0.0000000000
353	FT911-4-1220	1227	0.0000000000
353	FT911-4-1221	1228	0.0000000000
353	FT911-4-1222	1229	0.0000000000
353	FT911-4-1223	1230	0.0000000000
353	FT911-4-1224	1231	0.0000000000
353	FT911-4-1225	1232	0.0000000000
353	FT911-4-1226	1233	0.0000000000
353	FT911-4-1227	1234	0.0000000000
353	FT911-4-1228	1235	0.0000000000
353	FT911-4-1229	1236	0.0000000000
353	FT911-4-1230	1237	0.0000000000
353	FT911-4-1231	1238	0.0000000000
353	FT911-4-1232	1239	0.0000000000
353	FT911-4-1233	1240	0.0000000000
353	FT911-4-1234	1241	0.0000000000
353	FT911-4-1235	1242	0.0000000000
353	FT911-4-1236	1243	0.0000000000
353	FT911-4-1237	1244	0.0000000000
353	FT911-4-1238	1245	0.0000000000
353	FT911-4-1239	1246	0.0000000000
353	FT911-4-1240	1247	0.0000000000
353	FT911-4-1241	1248	0.0000000000
353	FT911-4-1242	1249	0.0000000000
353	FT911-4-1243	1250	0.0000000000
353	FT911-4-1244	1251	0.0000000000
353	FT911-4-1245	1252	0.0000000000
353	FT911-4-1246	1253	0.0000000000
353	FT911-4-1247	1254	0.0000000000
353	FT911-4-1248	1255	0.0000000000
353	FT911-4-1249	1256	0.0000000000
353	FT911-4-1250	1257	0.0000000000
353	FT911-4-1251	1258	0.0000000000
353	FT911-4-1252	1259	0.0000000000
353	FT911-4-1253	1260	0.0000000000
353	FT911-4-1254	1261	0.0000000000
353	FT911-4-1255	1262	0.0000000000
353	FT911-4-1256	1263	0.0000000000
353	FT911-4-1257	1264	0.0000000000
353	FT911-4-1258	1265	0.0000000000
353	FT911-4-1259	1266	0.0000000000
353	FT911-4-1260	1267	0.0000000000
353	FT911-4-1261	1268	0.0000000000
353	FT911-4-1262	1269	0.0000000000
353	FT911-4-1263	1270	0.0000000000
353	FT911-4-1264	1271	0.0000000000
353	FT911-4-1265	1272	0.0000000000
353	FT911-4-1266	1273	0.0000000000
353	FT911-4-1267	1274	0.0000000000
353	FT911-4-1268	1275	0.0000000000
353	FT911-4-1269	1276	0.0000000000
353	FT911-4-1270	1277	0.0000000000
353	FT911-4-1271	1278	0.0000000000
353	FT911-4-1272	1279	0.0000000000
353	FT911-4-1273	1280	0.0000000000
353	FT911-4-1274	1281	0.0000000000
353	FT911-4-1275	1282	0.0000000000
353	FT911-4-1276	1283	0.0000000000
353	FT911-4-1277	1284	0.0000000000
353	FT911-4-1278	1285	0.0000000000
353	FT911-4-1279	1286	0.0000000000
353	FT911-4-1280	1287	0.0000000000
353	FT911-4-1281	1288	0.0000000000
353	FT911-4-1282	1289	0.0000000000
353	FT911-4-1283	1290	0.0000000000
353	FT911-4-1284	1291	0.0000000000
353	FT911-4-1285	1292	0.0000000000
353	FT911-4-1286	1293	0.0000000000
353	FT911-4-1287	1294	0.0000000000
353	FT911-4-1288	1295	0.0000000000
353	FT911-4-1289	1296	0.0000000000
353	FT911-4-1290	1297	0.0000000000
353	FT911-4-1291	1298	0.0000000000
353	FT911-4-1292	1299	0.0000000000
353	FT911-4-1293	1300	0.0000000000
353	FT911-4-1294	1301	0.0000000000
353	FT911-4-1295	1302	0.0000000000
353	FT911-4-1296	1303	0.0000000000
353	FT911-4-1297	1304	0.0000000000
353	FT911-4-1298	1305	0.0000000000
353	FT911-4-1299	1306	0.0000000000
353	FT911-4-1300	1307	0.0000000000
353	FT911-4-1301	1308	0.0000000000
353	FT911-4-1302	1309	0.0000000000
353	FT911-4-1303	1310	0.0000000000
353	FT911-4-1304	1311	0.0000000000
353	FT911-4-1305	1312	0.0000000000
353	FT911-4-1306	1313	0.0000000000
353	FT911-4-1307	1314	0.0000000000
353	FT911-4-1308	1315	0.0000000000
353	FT911-4-1309	1316	0.0000000000
353	FT911-4-1310	1317	0.0000000000
353	FT911-4-1311	1318	0.0000000000
353	FT911-4-1312	1319	0.0000000000
353	FT911-4-1313	1320	0.0000000000
353	FT911-4-1314	1321	0.0000000000
353	FT911-4-1315	1322	0.0000000000
353	FT911-4-1316	1323	0.0000000000
353	FT911-4-1317	1324	0.0000000000
353	FT911-4-1318	1325	0.0000000000
353	FT911-4-1319	1326	0.0000000000
353	FT911-4-1320	1327	0.0000000000
353	FT911-4-1321	1328	0.0000000000
353	FT911-4-1322	1329	0.0000000000
353	FT911-4-1323	1330	0.0000000000
353	FT911-4-1324	1331	0.0000000000
353	FT911-4-1325	1332	0.0000000000
353	FT911-4-1326	1333	0.0000000000
353	FT911-4-1327	1334	0.0000000000
353	FT911-4-1328	1335	0.0000000000
353	FT911-4-1329	1336	0.0000000000
353	FT911-4-1330	1337	0.0000000000
353	FT911-4-1331	1338	0.0000000000
353	FT911-4-1332	1339	0.0000000000
353	FT911-4-1333	1340	0.0000000000
353	FT911-4-1334	1341	0.0000000000
353	FT911-4-1335	1342	0.0000000000
353	FT911-4-1336	1343	0.0000000000
353	FT911-4-1337	1344	0.0000000000
353	FT911-4-1338	1345	0.0000000000
353	FT911-4-1339	1346	0.0000000000
353	FT911-4-1340	1347	0.0000000000
353	FT911-4-1341	1348	0.0000000000
353	FT911-4-1342	1349	0.0000000000
353	FT911-4-1343	1350	0.0000000000
353	FT911-4-1344	1351	0.0000000000
353	FT911-4-1345	1352	0.0000000000
353	FT911-4-1346	1353	0.0000000000
353	FT911-4-1347	1354	0.0000000000
353	FT911-4-1348	1355	0.0000000000
353	FT911-4-1349	1356	0.0000000000
353	FT911-4-1350	1357	0.0000000000
353	FT911-4-1351	1358	0.0000000000
353	FT911-4-1352	1359	0.0000000000
353	FT911-4-1353	1360	0.0000000000
353	FT911-4-1354	1361	0.0000000000
353	FT911-4-1355	1362	0.0000000000
353	FT911-4-1356	1363	0.0000000000
353	FT911-4-1357	1364	0.0000000000
353	FT911-4-1358	1365	0.0000000000
353	FT911-4-1359	1366	0.0000000000
353	FT911-4-1360	1367	0.0000000000
353	FT911-4-1361	1368	0.0000000000
353	FT911-4-1362	1369	0.0000000000
353	FT911-4-1363	1370	0.0000000000
353	FT911-4-1364	1371	0.0000000000
353	FT911-4-1365	1372	0.0000000000
353	FT911-4-1366	1373	0.0000000000
353	FT911-4-1367	1374	0.0000000000
353	FT911-4-1368	1375	0.0000000000
353	FT911-4-1369	1376	0.0000000000
353	FT911-4-1370	1377	0.0000000000
353	FT911-4-1371	1378	0.0000000000
353	FT911-4-1372	1379	0.0000000000
353	FT911-4-1373	1380	0.0000000000
353	FT911-4-1374	1381	0.0000000000
353	FT911-4-1375	1382	0.0000000000
353	FT911-4-1376	1383	0.0000000000
353	FT911-4-1377	1384	0.0000000000
353	FT911-4-1378	1385	0.0000000000
353	FT911-4-1379	1386	0.0000000000
353	FT911-4-1380	1387	0.0000000000
353	FT911-4-1381	1388	0.0000000000
353	FT911-4-1382	1389	0.0000000000
353	FT911-4-1383	1390	0.0000000000
353	FT911-4-1384	1391	0.0000000000
353	FT911-4-1385	1392	0.0000000000
353	FT911-4-1386	1393	0.0000000000
353	FT911-4-1387	1394	0.0000000000
353	FT911-4-1388	1395	0.0000000000
353	FT911-4-1389	1396	0.0000000000
353	FT911-4-1390	1397	0.0000000000
353	FT911-4-1391	1398	0.0000000000
353	FT911-4-1392	1399	0.0000000000
353	FT911-4-1393	1400	0.0000000000
353	FT911-4-1394	1401	0.0000000000
353	FT911-4-1395	1402	0.0000000000
353	FT911-4-1396	1403	0.0000000000
353	FT911-4-1397	1404	0.0000000000
353	FT911-4-1398	1405	0.0000000000
353	FT911-4-1399	1406	0.0000000000
353	FT911-4-1400	1407	0.0000000000
353	FT911-4-1401	1408	0.0000000000
353	FT911-4-1402	1409	0.0000000000
353	FT911-4-1403	1410	0.0000000000
353	FT911-4-1404	1411	0.0000000000
353	FT911-4-1405	1412	0.0000000000
353	FT911-4-1406	1413	0.0000000000
353	FT911-4-1407	1414	0.0000000000
353	FT911-4-1408	1415	0.0000000000
353	FT911-4-1409	1416	0.0000000000
353	FT911-4-1410	1417	0.0000000000
353	FT911-4-1411	1418	0.0000000000
353	FT911-4-1412	1419	0.0000000000
353	FT911-4-1413	1420	0.0000000000
353	FT911-4-1414	1421	0.0000000000
353	FT911-4-1415	1422	0.0000000000
353	FT911-4-1416	1423	0.0000000000
353	FT911-4-1417	1424	0.0000000000
353	FT911-4-1418	1425	0.0000000000
353	FT911-4-1419	1426	0.0000000000
353	FT911-4-1420	1427	0.0000000000
353	FT911-4-1421	1428	0.0000000000
353	FT911-4-1422	1429	0.0000000000
353	FT911-4-1423	1430	0.0000000000
353	FT911-4-1424	1431	0.0000000000
353	FT911-4-1425	1432	0.0000000000
353	FT911-4-1426	1433	0.0000000000
353	FT911-4-1427	1434	0.0000000000
353	FT911-4-1428	1435	0.0000000000
353	FT911-4-1429	1436	0.0000000000
353	FT911-4-1430	1437	0.0000000000
353	FT911-4-1431	1438	0.0000000000
353	FT911-4-1432	1439	0.0000000000
353	FT911-4-1433	1440	0.0000000000
353	FT911-4-1434	1441	0.0000000000
353	FT911-4-1435	1442	0.0000000000
353	FT911-4-1436	1443	0.0000000000
353	FT911-4-1437	1444	0.0000000000
353	FT911-4-1438	1445	0.0000000000
353	FT911-4-1439	1446	0.0000000000
353	FT911-4-1440	1447	0.0000000000
353	FT911-4-1441	1448	0.0000000000
353	FT911-4-1442	1449	0.0000000000
353	FT911-4-1443	1450	0.0000000000
353	FT911-4-1444	1451	0.0000000000
353	FT911-4-1445	1452	0.0000000000
353	FT911-4-1446	1453	0.0000000000
353	FT911-4-1447	1454	0.0000000000
353	FT911-4-1448	1455	0.0000000000
353	FT911-4-1449	1456	0.0000000000
353	FT911-4-1450	1457	0.0000000000
353	FT911-4-1451	1458	0.0000000000
353	FT911-4-1452	1459	0.0000000000
353	FT911-4-1453	1460	0.0000000000
353	FT911-4-1454	1461	0.0000000000
353	FT911-4-1455	1462	0.0000000000
353	FT911-4-1456	1463	0.0000000000
353	FT911-4-1457	1464	0.0000000000
353	FT911-4-1458	1465	0.0000000000
353	FT911-4-1459	1466	0.0000000000
353	FT911-4-1460	1467	0.0000000000
353	FT911-4-1461	1468	0.0000000000
353	FT911-4-1462	1469	0.0000000000
353	FT911-4-1463	1470	0.0000000000
353	FT911-4-1464	1471	0.0000000000
353	FT911-4-1465	1472	0.0000000000
353	FT911-4-1466	1473	0.0000000000
353	FT911-4-1467	1474	0.0000000000
353	FT911-4-1468	1475	0.0000000000
353	FT911-4-1469	1476	0.0000000000
353	FT911-4-1470	1477	0.0000000000
353	FT911-4-1471	1478	0.0000000000
353	FT911-4-1472	1479	0.0000000000
353	FT911-4-1473	1480	0.0000000000
353	FT911-4-1474	1481	0.0000000000
353	FT911-4-1475	1482	0.0000000000
353	FT911-4-1476	1483	0.0000000000
353	FT911-4-1477	1484	0.0000000000
353	FT911-4-1478	1485	0.0000000000
353	FT911-5-1479	1486	0.0000000000
353	FT911-5-1480	1487	0.0000000000
353	FT911-5-1481	1488	0.0000000000
353	FT911-5-1482	1489	0.0000000000
353	FT911-5-1483	1490	0.0000000000
353	FT911-5-1484	1491	0.0000000000
353	FT911-5-1485	1492	0.0000000000
353	FT911-5-1486	1493	0.0000000000
353	FT911-5-1487	1494	0.0000000000
353	FT911-5-1488	1495	0.0000000000
353	FT911-5-1489	1496	0.0000000000
353	FT911-5-1490	1497	0.0000000000
353	FT911-5-1491	1498	0.0000000000
353	FT911-5-1492	1499	0.0000000000
353	FT911-5-1493	1500	0.0000000000
353	FT911-5-1494	1501	0.0000000000
353	FT911-5-1495	1502	0.0000000000
353	FT911-5-1496	1503	0.0000000000
353	FT911-5-1497	1504	0.0000000000
353	FT911-5-1498	1505	0.0000000000
353	FT911-5-1499	1506	0.0000000000
353	FT911-5-1500	1507	0.0000000000
353	FT911-5-1501	1508	0.0000000000
353	FT911-5-1502	1509	0.0000000000
353	FT911-5-1503	1510	0.0000000000
353	FT911-5-1504	1511	0.0000000000
353	FT911-5-1505	1512	0.0000000000
353	FT911-5-1506	1513	0.0000000000
353	FT911-5-1507	1514	0.0000000000
353	FT911-5-1508	1515	0.0000000000
353	FT911-5-1509	1516	0.0000000000
353	FT911-5-1510	1517	0.0000000000
353	FT911-5-1511	1518	0.0000000000
353	FT911-5-1512	1519	0.0000000000
353	FT911-5-1513	1520	0.0000000000
353	FT911-5-1514	1521	0.0000000000
353	FT911-5-1515	1522	0.0000000000
353	FT911-5-1516	1523	0.0000000000
353	FT911-5-1517	1524	0.0000000000
353	FT911-5-1518	1525	0.0000000000
353	FT911-5-1519	1526	0.0000000000
353	FT911-5-1520	1527	0.0000000000
353	FT911-5-1521	1528	0.0000000000
353	FT911-5-1522	1529	0.0000000000
353	FT911-5-1523	1530	0.0000000000
353	FT911-5-1524	1531	0.0000000000
353	FT911-5-1525	1532	0.0000000000
353	FT911-5-1526	1533	0.0000000000
353	FT911-5-1527	1534	0.0000000000
353	FT911-5-1528	1535	0.0000000000
353	FT911-5-1529	1536	0.0000000000
353	FT911-5-1530	1537	0.0000000000
353	FT911-5-1531	1538	0.0000000000
353	FT911-5-1532	1539	0.0000000000
353	FT911-5-1533	1540	0.0000000000
353	FT911-5-1534	1541	0.0000000000
353	FT911-5-1535	1542	0.0000000000
353	FT911-5-1536	1543	0.0000000000
353	FT911-5-1537	1544	0.0000000000
353	FT911-5-1538	1545	0.0000000000
353	FT911-5-1539	1546	0.0000000000
353	FT911-5-1540	1547	0.0000000000
353	FT911-5-1541	1548	0.0000000000
353	FT911-5-1542	1549	0.0000000000
353	FT911-5-1543	1550	0.0000000000
353	FT911-5-1544	1551	0.0000000000
353	FT911-5-1545	1552	0.0000000000
353	FT911-5-1546	1553	0.0000000000
353	FT911-5-1547	1554	0.0000000000
353	FT911-5-1548	1555	0.0000000000
353	FT911-5-1549	1556	0.0000000000
353	FT911-5-1550	1557	0.0000000000
353	FT911-5-1551	1558	0.0000000000
353	FT911-5-1552	1559	0.0000000000
353	FT911-5-1553	1560	0.0000000000
353	FT911-5-1554	1561	0.0000000000
353	FT911-5-1555	1562	0.0000000000
353	FT911-5-1556	1563	0.0000000000
353	FT911-5-1557	1564	0.0000000000
353	FT911-5-1558	1565	0.0000000000
353	FT911-5-1559	1566	0.0000000000
353	FT911-5-1560	1567	0.0000000000
353	FT911-5-1561	1568	0.0000000000
353	FT911-5-1562	1569	0.0000000000
353	FT911-5-1563	1570	0.0000000000
353	FT911-5-1564	1571	0.0000000000
353	FT911-5-1565	1572	0.0000000000
353	FT911-5-1566	1573	0.0000000000
353	FT911-5-1567	1574	0.0000000000
353	FT911-5-1568	1575	0.0000000000
353	FT911-5-1569	1576	0.0000000000
353	FT911-5-1570	1577	0.0000000000
353	FT911-5-1571	1578	0.0000000000
353	FT911-5-1572	1579	0.0000000000
353	FT911-5-1573	1580	0.0000000000
353	FT911-5-1574	1581	0.0000000000
353	FT911-5-1575	1582	0.0000000000
353	FT911-5-1576	1583	0.0000000000
353	FT911-5-1577	1584	0.0000000000
353	FT911-5-1578	1585	0.0000000000
353	FT911-5-1579	1586	0.0000000000
353	FT911-5-1580	1587	0.0000000000
353	FT911-5-1581	1588	0.0000000000
353	FT911-5-1582	1589	0.0000000000
353	FT911-5-1583	1590	0.0000000000
353	FT911-5-1584	1591	0.0000000000
353	FT911-5-1585	1592	0.0000000000
353	FT911-5-1586	1593	0.0000000000
353	FT911-5-1587	1594	0.0000000000
353	FT911-5-1588	1595	0.0000000000
353	FT911-5-1589	1596	0.0000000000
353	FT911-5-1590	1597	0.0000000000
353	FT911-5-1591	1598	0.0000000000
353	FT911-5-1592	1599	0.0000000000
353	FT911-5-1593	1600	0.0000000000
353	FT911-5-1594	1601	0.0000000000
353	FT911-5-1595	1602	0.0000000000
353	FT911-5-1596	1603	0.0000000000
353	FT911-5-1597	1604	0.0000000000
353	FT911-5-1598	1605	0.0000000000
353	FT911-5-1599	1606	0.0000000000
353	FT911-5-1600	1607	0.0000000000
353	FT911-5-1601	1608	0.0000000000
353	FT911-5-1602	1609	0.0000000000
353	FT911-5-1603	1610	0.0000000000
353	FT911-5-1604	1611	0.0000000000
353	FT911-5-1605	1612	0.0000000000
353	FT911-5-1606	1613	0.0000000000
353	FT911-5-1607	1614	0.0000000000
353	FT911-5-1608	1615	0.0000000000
353	FT911-5-1609	1616	0.0000000000
353	FT911-5-1610	1617	0.0000000000
353	FT911-5-1611	1618	0.0000000000
353	FT911-5-1612	1619	0.0000000000
353	FT911-5-1613	1620	0.0000000000
353	FT911-5-1614	1621	0.0000000000
353	FT911-5-1615	1622	0.0000000000
353	FT911-5-1616	1623	0.0000000000
353	FT911-5-1617	1624	0.0000000000
353	FT911-5-1618	1625	0.0000000000
353	FT911-5-1619	1626	0.0000000000
353	FT911-5-1620	1627	0.0000000000
353	FT911-5-1621	1628	0.0000000000
353	FT911-5-1622	1629	0.0000000000
353	FT911-5-1623	1630	0.0000000000
353	FT911-5-1624	1631	0.0000000000
353	FT911-5-1625	1632	0.0000000000
353	FT911-5-1626	1633	0.0000000000
353	FT911-5-1627	1634	0.0000000000
353	FT911-5-1628	1635	0.0000000000
353	FT911-5-1629	1636	0.0000000000
353	FT911-5-1630	1637	0.0000000000
353	FT911-5-1631	1638	0.0000000000
353	FT911-5-1632	1639	0.0000000000
353	FT911-5-1633	1640	0.0000000000
353	FT911-5-1634	1641	0.0000000000
353	FT911-5-1635	1642	0.0000000000
353	FT911-5-1636	1643	0.0000000000
353	FT911-5-1637	1644	0.0000000000
353	FT911-5-1638	1645	0.0000000000
353	FT911-5-1639	1646	0.0000000000
353	FT911-5-1640	1647	0.0000000000
353	FT911-5-1641	1648	0.0000000000
353	FT911-5-1642	1649	0.0000000000
353	FT911-5-1643	1650	0.0000000000
353	FT911-5-1644	1651	0.0000000000
353	FT911-5-1645	1652	0.0000000000
353	FT911-5-1646	1653	0.0000000000
353	FT911-5-1647	1654	0.0000000000
353	FT911-5-1648	1655	0.0000000000
353	FT911-5-1649	1656	0.0000000000
353	FT911-5-1650	1657	0.0000000000
353	FT911-5-1651	1658	0.0000000000
353	FT911-5-1652	1659	0.0000000000
353	FT911-5-1653	1660	0.0000000000
353	FT911-5-1654	1661	0.0000000000
353	FT911-5-1655	1662	0.0000000000
353	FT911-5-1656	1663	0.0000000000
353	FT911-5-1657	1664	0.0000000000
353	FT911-5-1658	1665	0.0000000000
353	FT911-5-1659	1666	0.0000000000
353	FT911-5-1660	1667	0.0000000000
353	FT911-5-1661	1668	0.0000000000
353	FT911-5-1662	1669	0.0000000000
353	FT911-5-1663	1670	0.0000000000
353	FT911-5-1664	1671	0.0000000000
353	FT911-5-1665	1672	0.0000000000
353	FT911-5-1666	1673	0.0000000000
353	FT911-5-1667	1674	0.0000000000
353	FT911-5-1668	1675	0.0000000000
353	FT911-5-1669	1676	0.0000000000
353	FT911-5-1670	1677	0.0000000000
353	FT911-5-1671	1678	0.0000000000
353	FT911-5-1672	1679	0.0000000000
353	FT911-5-1673	1680	0.0000000000
353	FT911-5-1674	1681	0.0000000000
353	FT911-5-1675	1682	0.0000000000
353	FT911-5-1676	1683	0.0000000000
353	FT911-5-1677	1684	0.0000000000
353	FT911-5-1678	1685	0.0000000000
353	FT911-5-1679	1686	0.0000000000
353	FT911-5-1680	1687	0.0000000000
353	FT911-5-1681	1688	0.0000000000
353	FT911-5-1682	1689	0.0000000000
353	FT911-5-1683	1690	0.0000000000
353	FT911-5-1684	1691	0.0000000000
353	FT911-5-1685	1692	0.0000000000
353	FT911-5-1686	1693	0.0000000000
353	FT911-5-1687	1694	0.0000000000
353	FT911-5-1688	1695	0.0000000000
353	FT911-5-1689	1696	0.0000000000
353	FT911-5-1690	1697	0.0000000000
353	FT911-5-1691	1698	0.0000000000
353	FT911-5-1692	1699	0.0000000000
353	FT911-5-1693	1700	0.0000000000
353	FT911-5-1694	1701	0.0000000000
353	FT911-5-1695	1702	0.0000000000
353	FT911-5-1696	1703	0.0000000000
353	FT911-5-1697	1704	0.0000000000
353	FT911-5-1698	1705	0.0000000000
353	FT911-5-1699	1706	0.0000000000
353	FT911-5-1700	1707	0.0000000000
353	FT911-5-1701	1708	0.0000000000
353	FT911-5-1702	1709	0.0000000000
353	FT911-5-1703	1710	0.0000000000
353	FT911-5-1704	1711	0.0000000000
353	FT911-5-1705	1712	0.0000000000
353	FT911-5-1706	1713	0.0000000000
353	FT911-5-1707	1714	0.0000000000
353	FT911-5-1708	1715	0.0000000000
353	FT911-5-1709	1716	0.0000000000
353	FT911-5-1710	1717	0.0000000000
353	FT911-5-1711	1718	0.0000000000
353	FT911-5-1712	1719	0.0000000000
353	FT911-5-1713	1720	0.0000000000
353	FT911-5-1714	1721	0.0000000000
353	FT911-5-1715	1722	0.0000000000
353	FT911-5-1716	1723	0.0000000000
353	FT911-5-1717	1724	0.0000000000
353	FT911-5-1718	1725	0.0000000000
353	FT911-5-1719	1726	0.0000000000
353	FT911-5-1720	1727	0.0000000000
353	FT911-5-1721	1728	0.0000000000
353	FT911-5-1722	1729	0.0000000000
353	FT911-5-1723	1730	0.0000000000
353	FT911-5-1724	1731	0.0000000000
353	FT911-5-1725	1732	0.0000000000
353	FT911-5-1726	1733	0.0000000000
353	FT911-5-1727	1734	0.0000000000
353	FT911-5-1728	1735	0.0000000000
353	FT911-5-1729	1736	0.0000000000
353	FT911-5-1730	1737	0.0000000000
353	FT911-5-1731	1738	0.0000000000
353	FT911-5-1732	1739	0.0000000000
353	FT911-5-1733	1740	0.0000000000
353	FT911-5-1734	1741	0.0000000000
353	FT911-5-1735	1742	0.0000000000
353	FT911-5-1736	1743	0.0000000000
353	FT911-5-1737	1744	0.0000000000
353	FT911-5-1738	1745	0.0000000000
353	FT911-5-1739	1746	0.0000000000
353	FT911-5-1740	1747	0.0000000000
353	FT911-5-1741	1748	0.0000000000
353	FT911-5-1742	1749	0.0000000000
353	FT911-5-1743	1750	0.0000000000
353	FT911-5-1744	1751	0.0000000000
353	FT911-5-1745	1752	0.0000000000
353	FT911-5-1746	1753	0.0000000000
353	FT911-5-1747	1754	0.0000000000
353	FT911-5-1748	1755	0.0000000000
353	FT911-5-1749	1756	0.0000000000
353	FT911-5-1750	1757	0.0000000000
353	FT911-5-1751	1758	0.0000000000
353	FT911-5-1752	1759	0.0000000000
353	FT911-5-1753	1760	0.0000000000
353	FT911-5-1754	1761	0.0000000000
353	FT911-5-1755	1762	0.0000000000
353	FT911-5-1756	1763	0.0000000000
353	FT911-5-1757	1764	0.0000000000
353	FT911-5-1758	1765	0.0000000000
353	FT911-5-1759	1766	0.0000000000
353	FT911-5-1760	1767	0.0000000000
353	FT911-5-1761	1768	0.0000000000
353	FT911-5-1762	1769	0.0000000000
353	FT911-5-1763	1770	0.0000000000
353	FT911-5-1764	1771	0.0000000000
353	FT911-5-1765	1772	0.0000000000
353	FT911-5-1766	1773	0.0000000000
353	FT911-5-1767	1774	0.0000000000
353	FT911-5-1768	1775	0.0000000000
353	FT911-5-1769	1776	0.0000000000
353	FT911-5-1770	1777	0.0000000000
353	FT911-5-1771	1778	0.0000000000
353	FT911-5-1772	1779	0.0000000000
353	FT911-5-1773	1780	0.0000000000
353	FT911-5-1774	1781	0.0000000000
353	FT911-5-1775	1782	0.0000000000
353	FT911-5-1776	1783	0.0000000000
353	FT911-5-1777	1784	0.0000000000
353	FT911-5-1778	1785	0.0000000000
353	FT911-5-1779	1786	0.0000000000
353	FT911-5-1780	1787	0.0000000000
353	FT911-5-1781	1788	0.0000000000
353	FT911-5-1782	1789	0.0000000000
353	FT911-5-1783	1790	0.0000000000
353	FT911-5-1784	1791	0.0000000000
353	FT911-5-1785	1792	0.0000000000
353	FT911-5-1786	1793	0.0000000000
353	FT911-5-1787	1794	0.0000000000
353	FT911-5-1788	1795	0.0000000000
353	FT911-5-1789	1796	0.0000000000
353	FT911-5-1790	1797	0.0000000000
353	FT911-5-1791	1798	0.0000000000
353	FT911-5-1792	1799	0.0000000000
353	FT911-5-1793	1800	0.0000000000
353	FT911-5-1794	1801	0.0000000000
353	FT911-5-1795	1802	0.0000000000
353	FT911-5-1796	1803	0.0000000000
353	FT911-5-1797	1804	0.0000000000
353	FT911-5-1798	1805	0.0000000000
353	FT911-5-1799	1806	0.0000000000
353	FT911-5-1800	1807	0.0000000000
353	FT911-5-1801	1808	0.0000000000
353	FT911-5-1802	1809	0.0000000000
353	FT911-5-1803	1810	0.0000000000
353	FT911-5-1804	1811	0.0000000000
353	FT911-5-1805	1812	0.0000000000
353	FT911-5-1806	1813	0.0000000000
353	FT911-5-1807	1814	0.0000000000
353	FT911-5-1808	1815	0.0000000000
353	FT911-5-1809	1816	0.0000000000
353	FT911-5-1810	1817	0.0000000000
353	FT911-5-1811	1818	0.0000000000
353	FT911-5-1812	1819	0.0000000000
353	FT911-5-1813	1820	0.0000000000
353	FT911-5-1814	1821	0.0000000000
353	FT911-5-1815	1822	0.0000000000
353	FT911-5-1816	1823	0.0000000000
353	FT911-5-1817	1824	0.0000000000
353	FT911-5-1818	1825	0.0000000000
353	FT911-5-1819	1826	0.0000000000
353	FT911-5-1820	1827	0.0000000000
353	FT911-5-1821	1828	0.0000000000
353	FT911-5-1822	1829	0.0000000000
353	FT911-5-1823	1830	0.0000000000
353	FT911-5-1824	1831	0.0000000000
353	FT911-5-1825	1832	0.0000000000
353	FT911-5-1826	1833	0.0000000000
353	FT911-5-1827	1834	0.0000000000
353	FT911-5-1828	1835	0.0000000000
353	FT911-5-1829	1836	0.0000000000
353	FT911-5-1830	1837	0.0000000000
353	FT911-5-1831	1838	0.0000000000
353	FT911-6-1832	1839	0.0000000000
353	FT911-6-1833	1840	0.0000000000
353	FT911-6-1834	1841	0.0000000000
353	FT911-6-1835	1842	0.0000000000
353	FT911-6-1836	1843	0.0000000000
353	FT911-6-1837	1844	0.0000000000
353	FT911-6-1838	1845	0.0000000000
353	FT911-6-1839	1846	0.0000000000
353	FT911-6-1840	1847	0.0000000000
353	FT911-6-1841	1848	0.0000000000
353	FT911-6-1842	1849	0.0000000000
353	FT911-6-1843	1850	0.0000000000
353	FT911-6-1844	1851	0.0000000000
353	FT911-6-1845	1852	0.0000000000
353	FT911-6-1846	1853	0.0000000000
353	FT911-6-1847	1854	0.0000000000
353	FT911-6-1848	1855	0.0000000000
353	FT911-6-1849	1856	0.0000000000
353	FT911-6-1850	1857	0.0000000000
353	FT911-6-1851	1858	0.0000000000
353	FT911-6-1852	1859	0.0000000000
353	FT911-6-1853	1860	0.0000000000
353	FT911-6-1854	1861	0.0000000000
353	FT911-6-1855	1862	0.0000000000
353	FT911-6-1856	1863	0.0000000000
353	FT911-6-1857	1864	0.0000000000
353	FT911-6-1858	1865	0.0000000000
353	FT911-6-1859	1866	0.0000000000
353	FT911-6-1860	1867	0.0000000000
353	FT911-6-1861	1868	0.0000000000
353	FT911-6-1862	1869	0.0000000000
353	FT911-6-1863	1870	0.0000000000
353	FT911-6-1864	1871	0.0000000000
353	FT911-6-1865	1872	0.0000000000
353	FT911-6-1866	1873	0.0000000000
353	FT911-6-1867	1874	0.0000000000
353	FT911-6-1868	1875	0.0000000000
353	FT911-6-1869	1876	0.0000000000
353	FT911-6-1870	1877	0.0000000000
353	FT911-6-1871	1878	0.0000000000
353	FT911-6-1872	1879	0.0000000000
353	FT911-6-1873	1880	0.0000000000
353	FT911-6-1874	1881	0.0000000000
353	FT911-6-1875	1882	0.0000000000
353	FT911-6-1876	1883	0.0000000000
353	FT911-6-1877	1884	0.0000000000
353	FT911-6-1878	1885	0.0000000000
353	FT911-6-1879	1886	0.0000000000
353	FT911-6-1880	1887	0.0000000000
353	FT911-6-1881	1888	0.0000000000
353	FT911-6-1882	1889	0.0000000000
353	FT911-6-1883	1890	0.0000000000
353	FT911-6-1884	1891	0.0000000000
353	FT911-6-1885	1892	0.0000000000
353	FT911-6-1886	1893	0.0000000000
353	FT911-6-1887	1894	0.0000000000
353	FT911-6-1888	1895	0.0000000000
353	FT911-6-1889	1896	0.0000000000
353	FT911-6-1890	1897	0.0000000000
353	FT911-6-1891	1898	0.0000000000
353	FT911-6-1892	1899	0.0000000000
353	FT911-6-1893	1900	0.0000000000
353	FT911-6-1894	1901	0.0000000000
353	FT911-6-1895	1902	0.0000000000
353	FT911-6-1896	1903	0.0000000000
353	FT911-6-1897	1904	0.0000000000
353	FT911-6-1898	1905	0.0000000000
353	FT911-6-1899	1906	0.0000000000
353	FT911-6-1900	1907	0.0000000000
353	FT911-6-1901	1908	0.0000000000
353	FT911-6-1902	1909	0.0000000000
353	FT911-6-1903	1910	0.0000000000
353	FT911-6-1904	1911	0.0000000000
353	FT911-6-1905	1912	0.0000000000
353	FT911-6-1906	1913	0.0000000000
353	FT911-6-1907	1914	0.0000000000
353	FT911-6-1908	1915	0.0000000000
353	FT911-6-1909	1916	0.0000000000
353	FT911-6-1910	1917	0.0000000000
353	FT911-6-1911	1918	0.0000000000
353	FT911-6-1912	1919	0.0000000000
353	FT911-6-1913	1920	0.0000000000
353	FT911-6-1914	1921	0.0000000000
353	FT911-6-1915	1922	0.0000000000
353	FT911-6-1916	1923	0.0000000000
353	FT911-6-1917	1924	0.0000000000
353	FT911-6-1918	1925	0.0000000000
353	FT911-6-1919	1926	0.0000000000
353	FT911-6-1920	1927	0.0000000000
353	FT911-6-1921	1928	0.0000000000
353	FT911-6-1922	1929	0.0000000000
353	FT911-6-1923	1930	0.0000000000
353	FT911-6-1924	1931	0.0000000000
353	FT911-6-1925	1932	0.0000000000
353	FT911-6-1926	1933	0.0000000000
353	FT911-6-1927	1934	0.0000000000
353	FT911-6-1928	1935	0.0000000000
353	FT911-6-1929	1936	0.0000000000
353	FT911-6-1930	1937	0.0000000000
353	FT911-6-1931	1938	0.0000000000
353	FT911-6-1932	1939	0.0000000000
353	FT911-6-1933	1940	0.0000000000
353	FT911-6-1934	1941	0.0000000000
353	FT911-6-1935	1942	0.0000000000
353	FT911-6-1936	1943	0.0000000000
353	FT911-6-1937	1944	0.0000000000
353	FT911-6-1938	1945	0.0000000000
353	FT911-6-1939	1946	0.0000000000
353	FT911-6-1940	1947	0.0000000000
353	FT911-6-1941	1948	0.0000000000
353	FT911-6-1942	1949	0.0000000000
353	FT911-6-1943	1950	0.0000000000
353	FT911-6-1944	1951	0.0000000000
353	FT911-6-1945	1952	0.0000000000
353	FT911-6-1946	1953	0.0000000000
353	FT911-6-1947	1954	0.0000000000
353	FT911-6-1948	1955	0.0000000000
353	FT911-6-1949	1956	0.0000000000
353	FT911-6-1950	1957	0.0000000000
353	FT911-6-1951	1958	0.0000000000
353	FT911-6-1952	1959	0.0000000000
353	FT911-6-1953	1960	0.0000000000
353	FT911-6-1954	1961	0.0000000000
353	FT911-6-1955	1962	0.0000000000
353	FT911-6-1956	1963	0.0000000000
353	FT911-6-1957	1964	0.0000000000
353	FT911-6-1958	1965	0.0000000000
353	FT911-6-1959	1966	0.0000000000
353	FT911-6-1960	1967	0.0000000000
353	FT911-6-1961	1968	0.0000000000
353	FT911-6-1962	1969	0.0000000000
353	FT911-6-1963	1970	0.0000000000
353	FT911-6-1964	1971	0.0000000000
353	FT911-6-1965	1972	0.0000000000
353	FT911-6-1966	1973	0.0000000000
353	FT911-6-1967	1974	0.0000000000
353	FT911-6-1968	1975	0.0000000000
353	FT911-6-1969	1976	0.0000000000
353	FT911-6-1970	1977	0.0000000000
353	FT911-6-1971	1978	0.0000000000
353	FT911-6-1972	1979	0.0000000000
353	FT911-6-1973	1980	0.0000000000
353	FT911-6-1974	1981	0.0000000000
353	FT911-6-1975	1982	0.0000000000
353	FT911-6-1976	1983	0.0000000000
353	FT911-6-1977	1984	0.0000000000
353	FT911-6-1978	1985	0.0000000000
353	FT911-6-1979	1986	0.0000000000
353	FT911-6-1980	1987	0.0000000000
353	FT911-6-1981	1988	0.0000000000
353	FT911-6-1982	1989	0.0000000000
353	FT911-6-1983	1990	0.0000000000
353	FT911-6-1984	1991	0.0000000000
353	FT911-6-1985	1992	0.0000000000
353	FT911-6-1986	1993	0.0000000000
353	FT911-6-1987	1994	0.0000000000
353	FT911-6-1988	1995	0.0000000000
353	FT911-6-1989	1996	0.0000000000
353	FT911-6-1990	1997	0.0000000000
353	FT911-6-1991	1998	0.0000000000
353	FT911-6-1992	1999	0.0000000000
353	FT911-6-1993	2000	0.0000000000
353	FT911-6-1994	2001	0.0000000000
353	FT911-6-1995	2002	0.0000000000
353	FT911-6-1996	2003	0.0000000000
353	FT911-6-1997	2004	0.0000000000
353	FT911-6-1998	2005	0.0000000000
353	FT911-6-1999	2006	0.0000000000
353	FT911-6-2000	2007	0.0000000000
353	FT911-6-2001	2008	0.0000000000
353	FT911-6-2002	2009	0.0000000000
353	FT911-6-2003	2010	0.0000000000
353	FT911-6-2004	2011	0.0000000000
353	FT911-6-2005	2012	0.0000000000
353	FT911-6-2006	2013	0.0000000000
353	FT911-6-2007	2014	0.0000000000
353	FT911-6-2008	2015	0.0000000000
353	FT911-6-2009	2016	0.0000000000
353	FT911-6-2010	2017	0.0000000000
353	FT911-6-2011	2018	0.0000000000
353	FT911-6-2012	2019	0.0000000000
353	FT911-6-2013	2020	0.0000000000
353	FT911-6-2014	2021	0.0000000000
353	FT911-6-2015	2022	0.0000000000
353	FT911-6-2016	2023	0.0000000000
353	FT911-6-2017	2024	0.0000000000
353	FT911-6-2018	2025	0.0000000000
353	FT911-6-2019	2026	0.0000000000
353	FT911-6-2020	2027	0.0000000000
353	FT911-6-2021	2028	0.0000000000
353	FT911-6-2022	2029	0.0000000000
353	FT911-6-2023	2030	0.0000000000
353	FT911-6-2024	2031	0.0000000000
353	FT911-6-2025	2032	0.0000000000
353	FT911-6-2026	2033	0.0000000000
353	FT911-6-2027	2034	0.0000000000
353	FT911-6-2028	2035	0.0000000000
353	FT911-6-2029	2036	0.0000000000
353	FT911-6-2030	2037	0.0000000000
353	FT911-6-2031	2038	0.0000000000
353	FT911-6-2032	2039	0.0000000000
353	FT911-6-2033	2040	0.0000000000
353	FT911-6-2034	2041	0.0000000000
353	FT911-6-2035	2042	0.0000000000
353	FT911-6-2036	2043	0.0000000000
353	FT911-6-2037	2044	0.0000000000
353	FT911-6-2038	2045	0.0000000000
353	FT911-6-2039	2046	0.0000000000
353	FT911-6-2040	2047	0.0000000000
353	FT911-6-2041	2048	0.0000000000
353	FT911-6-2042	2049	0.0000000000
353	FT911-6-2043	2050	0.0000000000
353	FT911-6-2044	2051	0.0000000000
353	FT911-6-2045	2052	0.0000000000
353	FT911-6-2046	2053	0.0000000000
353	FT911-6-2047	2054	0.0000000000
353	FT911-6-2048	2055	0.0000000000
353	FT911-6-2049	2056	0.0000000000
353	FT911-6-2050	2057	0.0000000000
353	FT911-6-2051	2058	0.0000000000
353	FT911-6-2052	2059	0.0000000000
353	FT911-6-2053	2060	0.0000000000
353	FT911-6-2054	2061	0.0000000000
353	FT911-6-2055	2062	0.0000000000
353	FT911-6-2056	2063	0.0000000000
353	FT911-6-2057	2064	0.0000000000
353	FT911-6-2058	2065	0.0000000000
353	FT911-6-2059	2066	0.0000000000
353	FT911-6-2060	2067	0.0000000000
353	FT911-6-2061	2068	0.0000000000
353	FT911-6-2062	2069	0.0000000000
353	FT911-6-2063	2070	0.0000000000
353	FT911-6-2064	2071	0.0000000000
353	FT911-6-2065	2072	0.0000000000
353	FT911-6-2066	2073	0.0000000000
353	FT911-6-2067	2074	0.0000000000
353	FT911-6-2068	2075	0.0000000000
353	FT911-6-2069	2076	0.0000000000
353	FT911-6-2070	2077	0.0000000000
353	FT911-6-2071	2078	0.0000000000
353	FT911-6-2072	2079	0.0000000000
353	FT911-6-2073	2080	0.0000000000
353	FT911-6-2074	2081	0.0000000000
353	FT911-6-2075	2082	0.0000000000
353	FT911-6-2076	2083	0.0000000000
353	FT911-6-2077	2084	0.0000000000
353	FT911-6-2078	2085	0.0000000000
353	FT911-6-2079	2086	0.0000000000
353	FT911-6-2080	2087	0.0000000000
353	FT911-6-2081	2088	0.0000000000
353	FT911-6-2082	2089	0.0000000000
353	FT911-6-2083	2090	0.0000000000
353	FT911-6-2084	2091	0.0000000000
353	FT911-6-2085	2092	0.0000000000
353	FT911-6-2086	2093	0.0000000000
353	FT911-6-2087	2094	0.0000000000
353	FT911-6-2088	2095	0.0000000000
353	FT911-6-2089	2096	0.0000000000
353	FT911-6-2090	2097	0.0000000000
353	FT911-6-2091	2098	0.0000000000
353	FT911-6-2092	2099	0.0000000000
353	FT911-6-2093	2100	0.0000000000
353	FT911-6-2094	2101	0.0000000000
353	FT911-6-2095	2102	0.0000000000
353	FT911-6-2096	2103	0.0000000000
353	FT911-6-2097	2104	0.0000000000
353	FT911-6-2098	2105	0.0000000000
353	FT911-6-2099	2106	0.0000000000
353	FT911-6-2100	2107	0.0000000000
353	FT911-6-2101	2108	0.0000000000
353	FT911-6-2102	2109	0.0000000000
353	FT911-6-2103	2110	0.0000000000
353	FT911-6-2104	2111	0.0000000000
353	FT911-6-2105	2112	0.0000000000
353	FT911-6-2106	2113	0.0000000000
353	FT911-6-2107	2114	0.0000000000
353	FT911-6-2108	2115	0.0000000000
353	FT911-6-2109	2116	0.0000000000
353	FT911-6-2110	2117	0.0000000000
353	FT911-6-2111	2118	0.0000000000
353	FT911-6-2112	2119	0.0000000000
353	FT911-6-2113	2120	0.0000000000
353	FT911-6-2114	2121	0.0000000000
353	FT911-6-2115	2122	0.0000000000
353	FT911-6-2116	2123	0.0000000000
353	FT911-6-2117	2124	0.0000000000
353	FT911-6-2118	2125	0.0000000000
353	FT911-6-2119	2126	0.0000000000
353	FT911-6-2120	2127	0.0000000000
353	FT911-6-2121	2128	0.0000000000
353	FT911-6-2122	2129	0.0000000000
353	FT911-6-2123	2130	0.0000000000
353	FT911-6-2124	2131	0.0000000000
353	FT911-6-2125	2132	0.0000000000
353	FT911-6-2126	2133	0.0000000000
353	FT911-6-2127	2134	0.0000000000
353	FT911-6-2128	2135	0.0000000000
353	FT911-6-2129	2136	0.0000000000
353	FT911-6-2130	2137	0.0000000000
353	FT911-6-2131	2138	0.0000000000
353	FT911-6-2132	2139	0.0000000000
353	FT911-6-2133	2140	0.0000000000
353	FT911-6-2134	2141	0.0000000000
353	FT911-6-2135	2142	0.0000000000
353	FT911-6-2136	2143	0.0000000000
353	FT911-6-2137	2144	0.0000000000
353	FT911-6-2138	2145	0.0000000000
353	FT911-6-2139	2146	0.0000000000
353	FT911-6-2140	2147	0.0000000000
353	FT911-6-2141	2148	0.0000000000
353	FT911-6-2142	2149	0.0000000000
353	FT911-6-2143	2150	0.0000000000
353	FT911-6-2144	2151	0.0000000000
353	FT911-6-2145	2152	0.0000000000
353	FT911-6-2146	2153	0.0000000000
353	FT911-6-2147	2154	0.0000000000
353	FT911-6-2148	2155	0.0000000000
353	FT911-6-2149	2156	0.0000000000
353	FT911-6-2150	2157	0.0000000000
353	FT911-6-2151	2158	0.0000000000
353	FT911-6-2152	2159	0.0000000000
353	FT911-6-2153	2160	0.0000000000
353	FT911-6-2154	2161	0.0000000000
353	FT911-6-2155	2162	0.0000000000
353	FT911-6-2156	2163	0.0000000000
353	FT911-6-2157	2164	0.0000000000
353	FT911-6-2158	2165	0.0000000000
353	FT911-6-2159	2166	0.0000000000
353	FT911-6-2160	2167	0.0000000000
353	FT911-6-2161	2168	0.0000000000
353	FT911-6-2162	2169	0.0000000000
353	FT911-6-2163	2170	0.0000000000
353	FT911-6-2164	2171	0.0000000000
353	FT911-6-2165	2172	0.0000000000
353	FT911-6-2166	2173	0.0000000000
353	FT911-6-2167	2174	0.0000000000
353	FT911-6-2168	2175	0.0000000000
353	FT911-6-2169	2176	0.0000000000
353	FT911-6-2170	2177	0.0000000000
353	FT911-6-2171	2178	0.0000000000
353	FT911-6-2172	2179	0.0000000000
353	FT911-6-2173	2180	0.0000000000
353	FT911-6-2174	2181	0.0000000000
353	FT911-6-2175	2182	0.0000000000
353	FT911-6-2176	2183	0.0000000000
353	FT911-6-2177	2184	0.0000000000
353	FT911-6-2178	2185	0.0000000000
353	FT911-6-2179	2186	0.0000000000
353	FT911-6-2180	2187	0.0000000000
353	FT911-6-2181	2188	0.0000000000
353	FT911-6-2182	2189	0.0000000000
353	FT911-6-2183	2190	0.0000000000
353	FT911-6-2184	2191	0.0000000000
353	FT911-6-2185	2192	0.0000000000
353	FT911-6-2186	2193	0.0000000000
353	FT911-6-2187	2194	0.0000000000
353	FT911-6-2188	2195	0.0000000000
353	FT911-6-2189	2196	0.0000000000
353	FT911-6-2190	2197	0.0000000000
353	FT911-6-2191	2198	0.0000000000
353	FT911-6-2192	2199	0.0000000000
353	FT911-6-2193	2200	0.0000000000
353	FT911-6-2194	2201	0.0000000000
353	FT911-6-2195	2202	0.0000000000
353	FT911-6-2196	2203	0.0000000000
353	FT911-6-2197	2204	0.0000000000
353	FT911-6-2198	2205	0.0000000000
353	FT911-6-2199	2206	0.0000000000
353	FT911-6-2200	2207	0.0000000000
353	FT911-6-2201	2208	0.0000000000
353	FT911-6-2202	2209	0.0000000000
353	FT911-6-2203	2210	0.0000000000
353	FT911-6-2204	2211	0.0000000000
353	FT911-6-2205	2212	0.0000000000
353	FT911-6-2206	2213	0.0000000000
353	FT911-6-2207	2214	0.0000000000
353	FT911-6-2208	2215	0.0000000000
353	FT911-6-2209	2216	0.0000000000
353	FT911-6-2210	2217	0.0000000000
353	FT911-6-2211	2218	0.0000000000
353	FT911-7-2212	2219	0.0000000000
353	FT911-7-2213	2220	0.0000000000
353	FT911-7-2214	2221	0.0000000000
353	FT911-7-2215	2222	0.0000000000
353	FT911-7-2216	2223	0.0000000000
353	FT911-7-2217	2224	0.0000000000
353	FT911-7-2218	2225	0.0000000000
353	FT911-7-2219	2226	0.0000000000
353	FT911-7-2220	2227	0.0000000000
353	FT911-7-2221	2228	0.0000000000
353	FT911-7-2222	2229	0.0000000000
353	FT911-7-2223	2230	0.0000000000
353	FT911-7-2224	2231	0.0000000000
353	FT911-7-2225	2232	0.0000000000
353	FT911-7-2226	2233	0.0000000000
353	FT911-7-2227	2234	0.0000000000
353	FT911-7-2228	2235	0.0000000000
353	FT911-7-2229	2236	0.0000000000
353	FT911-7-2230	2237	0.0000000000
353	FT911-7-2231	2238	0.0000000000
353	FT911-7-2232	2239	0.0000000000
353	FT911-7-2233	2240	0.0000000000
353	FT911-7-2234	2241	0.0000000000
353	FT911-7-2235	2242	0.0000000000
353	FT911-7-2236	2243	0.0000000000
353	FT911-7-2237	2244	0.0000000000
353	FT911-7-2238	2245	0.0000000000
353	FT911-7-2239	2246	0.0000000000
353	FT911-7-2240	2247	0.0000000000
353	FT911-7-2241	2248	0.0000000000
353	FT911-7-2242	2249	0.0000000000
353	FT911-7-2243	2250	0.0000000000
353	FT911-7-2244	2251	0.0000000000
353	FT911-7-2245	2252	0.0000000000
353	FT911-7-2246	2253	0.0000000000
353	FT911-7-2247	2254	0.0000000000
353	FT911-7-2248	2255	0.0000000000
353	FT911-7-2249	2256	0.0000000000
353	FT911-7-2250	2257	0.0000000000
353	FT911-7-2251	2258	0.0000000000
353	FT911-7-2252	2259	0.0000000000
353	FT911-7-2253	2260	0.0000000000
353	FT911-7-2254	2261	0.0000000000
353	FT911-7-2255	2262	0.0000000000
353	FT911-7-2256	2263	0.0000000000
353	FT911-7-2257	2264	0.0000000000
353	FT911-7-2258	2265	0.0000000000
353	FT911-7-2259	2266	0.0000000000
353	FT911-7-2260	2267	0.0000000000
353	FT911-7-2261	2268	0.0000000000
353	FT911-7-2262	2269	0.0000000000
353	FT911-7-2263	2270	0.0000000000
353	FT911-7-2264	2271	0.0000000000
353	FT911-7-2265	2272	0.0000000000
353	FT911-7-2266	2273	0.0000000000
353	FT911-7-2267	2274	0.0000000000
353	FT911-7-2268	2275	0.0000000000
353	FT911-7-2269	2276	0.0000000000
353	FT911-7-2270	2277	0.0000000000
353	FT911-7-2271	2278	0.0000000000
353	FT911-7-2272	2279	0.0000000000
353	FT911-7-2273	2280	0.0000000000
353	FT911-7-2274	2281	0.0000000000
353	FT911-7-2275	2282	0.0000000000
353	FT911-7-2276	2283	0.0000000000
353	FT911-7-2277	2284	0.0000000000
353	FT911-7-2278	2285	0.0000000000
353	FT911-7-2279	2286	0.0000000000
353	FT911-7-2280	2287	0.0000000000
353	FT911-7-2281	2288	0.0000000000
353	FT911-7-2282	2289	0.0000000000
353	FT911-7-2283	2290	0.0000000000
353	FT911-7-2284	2291	0.0000000000
353	FT911-7-2285	2292	0.0000000000
353	FT911-7-2286	2293	0.0000000000
353	FT911-7-2287	2294	0.0000000000
353	FT911-7-2288	2295	0.0000000000
353	FT911-7-2289	2296	0.0000000000
353	FT911-7-2290	2297	0.0000000000
353	FT911-7-2291	2298	0.0000000000
353	FT911-7-2292	2299	0.0000000000
353	FT911-7-2293	2300	0.0000000000
353	FT911-7-2294	2301	0.0000000000
353	FT911-7-2295	2302	0.0000000000
353	FT911-7-2296	2303	0.0000000000
353	FT911-7-2297	2304	0.0000000000
353	FT911-7-2298	2305	0.0000000000
353	FT911-7-2299	2306	0.0000000000
353	FT911-7-2300	2307	0.0000000000
353	FT911-7-2301	2308	0.0000000000
353	FT911-7-2302	2309	0.0000000000
353	FT911-7-2303	2310	0.0000000000
353	FT911-7-2304	2311	0.0000000000
353	FT911-7-2305	2312	0.0000000000
353	FT911-7-2306	2313	0.0000000000
353	FT911-7-2307	2314	0.0000000000
353	FT911-7-2308	2315	0.0000000000
353	FT911-7-2309	2316	0.0000000000
353	FT911-7-2310	2317	0.0000000000
353	FT911-7-2311	2318	0.0000000000
353	FT911-7-2312	2319	0.0000000000
353	FT911-7-2313	2320	0.0000000000
353	FT911-7-2314	2321	0.0000000000
353	FT911-7-2315	2322	0.0000000000
353	FT911-7-2316	2323	0.0000000000
353	FT911-7-2317	2324	0.0000000000
353	FT911-7-2318	2325	0.0000000000
353	FT911-7-2319	2326	0.0000000000
353	FT911-7-2320	2327	0.0000000000
353	FT911-7-2321	2328	0.0000000000
353	FT911-7-2322	2329	0.0000000000
353	FT911-7-2323	2330	0.0000000000
353	FT911-7-2324	2331	0.0000000000
353	FT911-7-2325	2332	0.0000000000
353	FT911-7-2326	2333	0.0000000000
353	FT911-7-2327	2334	0.0000000000
353	FT911-7-2328	2335	0.0000000000
353	FT911-7-2329	2336	0.0000000000
353	FT911-7-2330	2337	0.0000000000
353	FT911-7-2331	2338	0.0000000000
353	FT911-7-2332	2339	0.0000000000
353	FT911-7-2333	2340	0.0000000000
353	FT911-7-2334	2341	0.0000000000
353	FT911-7-2335	2342	0.0000000000
353	FT911-7-2336	2343	0.0000000000
353	FT911-7-2337	2344	0.0000000000
353	FT911-7-2338	2345	0.0000000000
353	FT911-7-2339	2346	0.0000000000
353	FT911-7-2340	2347	0.0000000000
353	FT911-7-2341	2348	0.0000000000
353	FT911-7-2342	2349	0.0000000000
353	FT911-7-2343	2350	0.0000000000
353	FT911-7-2344	2351	0.0000000000
353	FT911-7-2345	2352	0.0000000000
353	FT911-7-2346	2353	0.0000000000
353	FT911-7-2347	2354	0.0000000000
353	FT911-7-2348	2355	0.0000000000
353	FT911-7-2349	2356	0.0000000000
353	FT911-7-2350	2357	0.0000000000
353	FT911-7-2351	2358	0.0000000000
353	FT911-7-2352	2359	0.0000000000
353	FT911-7-2353	2360	0.0000000000
353	FT911-7-2354	2361	0.0000000000
353	FT911-7-2355	2362	0.0000000000
353	FT911-7-2356	2363	0.0000000000
353	FT911-7-2357	2364	0.0000000000
353	FT911-7-2358	2365	0.0000000000
353	FT911-7-2359	2366	0.0000000000
353	FT911-7-2360	2367	0.0000000000
353	FT911-7-2361	2368	0.0000000000
353	FT911-7-2362	2369	0.0000000000
353	FT911-7-2363	2370	0.0000000000
353	FT911-7-2364	2371	0.0000000000
353	FT911-7-2365	2372	0.0000000000
353	FT911-7-2366	2373	0.0000000000
353	FT911-7-2367	2374	0.0000000000
353	FT911-7-2368	2375	0.0000000000
353	FT911-7-2369	2376	0.0000000000
353	FT911-7-2370	2377	0.0000000000
353	FT911-7-2371	2378	0.0000000000
353	FT911-7-2372	2379	0.0000000000
353	FT911-7-2373	2380	0.0000000000
353	FT911-7-2374	2381	0.0000000000
353	FT911-7-2375	2382	0.0000000000
353	FT911-7-2376	2383	0.0000000000
353	FT911-7-2377	2384	0.0000000000
353	FT911-7-2378	2385	0.0000000000
353	FT911-7-2379	2386	0.0000000000
353	FT911-7-2380	2387	0.0000000000
353	FT911-7-2381	2388	0.0000000000
353	FT911-7-2382	2389	0.0000000000
353	FT911-7-2383	2390	0.0000000000
353	FT911-7-2384	2391	0.0000000000
353	FT911-7-2385	2392	0.0000000000
353	FT911-7-2386	2393	0.0000000000
353	FT911-7-2387	2394	0.0000000000
353	FT911-7-2388	2395	0.0000000000
353	FT911-7-2389	2396	0.0000000000
353	FT911-7-2390	2397	0.0000000000
353	FT911-7-2391	2398	0.0000000000
353	FT911-7-2392	2399	0.0000000000
353	FT911-7-2393	2400	0.0000000000
353	FT911-7-2394	2401	0.0000000000
353	FT911-7-2395	2402	0.0000000000
353	FT911-7-2396	2403	0.0000000000
353	FT911-7-2397	2404	0.0000000000
353	FT911-7-2398	2405	0.0000000000
353	FT911-7-2399	2406	0.0000000000
353	FT911-7-2400	2407	0.0000000000
353	FT911-7-2401	2408	0.0000000000
353	FT911-7-2402	2409	0.0000000000
353	FT911-7-2403	2410	0.0000000000
353	FT911-7-2404	2411	0.0000000000
353	FT911-7-2405	2412	0.0000000000
353	FT911-7-2406	2413	0.0000000000
353	FT911-7-2407	2414	0.0000000000
353	FT911-7-2408	2415	0.0000000000
353	FT911-7-2409	2416	0.0000000000
353	FT911-7-2410	2417	0.0000000000
353	FT911-7-2411	2418	0.0000000000
353	FT911-7-2412	2419	0.0000000000
353	FT911-7-2413	2420	0.0000000000
353	FT911-7-2414	2421	0.0000000000
353	FT911-7-2415	2422	0.0000000000
353	FT911-7-2416	2423	0.0000000000
353	FT911-7-2417	2424	0.0000000000
353	FT911-7-2418	2425	0.0000000000
353	FT911-7-2419	2426	0.0000000000
353	FT911-7-2420	2427	0.0000000000
353	FT911-7-2421	2428	0.0000000000
353	FT911-7-2422	2429	0.0000000000
353	FT911-7-2423	2430	0.0000000000
353	FT911-7-2424	2431	0.0000000000
353	FT911-7-2425	2432	0.0000000000
353	FT911-7-2426	2433	0.0000000000
353	FT911-7-2427	2434	0.0000000000
353	FT911-7-2428	2435	0.0000000000
353	FT911-7-2429	2436	0.0000000000
353	FT911-7-2430	2437	0.0000000000
353	FT911-7-2431	2438	0.0000000000
353	FT911-7-2432	2439	0.0000000000
353	FT911-7-2433	2440	0.0000000000
353	FT911-7-2434	2441	0.0000000000
353	FT911-7-2435	2442	0.0000000000
353	FT911-7-2436	2443	0.0000000000
353	FT911-7-2437	2444	0.0000000000
353	FT911-7-2438	2445	0.0000000000
353	FT911-7-2439	2446	0.0000000000
353	FT911-7-2440	2447	0.0000000000
353	FT911-7-2441	2448	0.0000000000
353	FT911-7-2442	2449	0.0000000000
353	FT911-7-2443	2450	0.0000000000
353	FT911-7-2444	2451	0.0000000000
353	FT911-7-2445	2452	0.0000000000
353	FT911-7-2446	2453	0.0000000000
353	FT911-7-2447	2454	0.0000000000
353	FT911-7-2448	2455	0.0000000000
353	FT911-7-2449	2456	0.0000000000
353	FT911-7-2450	2457	0.0000000000
353	FT911-7-2452	2458	0.0000000000
353	FT911-7-2453	2459	0.0000000000
353	FT911-7-2454	2460	0.0000000000
353	FT911-7-2455	2461	0.0000000000
353	FT911-7-2456	2462	0.0000000000
353	FT911-7-2457	2463	0.0000000000
353	FT911-7-2458	2464	0.0000000000
353	FT911-7-2459	2465	0.0000000000
353	FT911-7-2460	2466	0.0000000000
353	FT911-7-2461	2467	0.0000000000
353	FT911-7-2462	2468	0.0000000000
353	FT911-7-2463	2469	0.0000000000
353	FT911-7-2464	2470	0.0000000000
353	FT911-7-2465	2471	0.0000000000
353	FT911-7-2466	2472	0.0000000000
353	FT911-7-2467	2473	0.0000000000
353	FT911-7-2468	2474	0.0000000000
353	FT911-7-2469	2475	0.0000000000
353	FT911-7-2470	2476	0.0000000000
353	FT911-7-2471	2477	0.0000000000
353	FT911-7-2472	2478	0.0000000000
353	FT911-7-2473	2479	0.0000000000
353	FT911-7-2474	2480	0.0000000000
353	FT911-7-2475	2481	0.0000000000
353	FT911-7-2476	2482	0.0000000000
353	FT911-7-2477	2483	0.0000000000
353	FT911-7-2478	2484	0.0000000000
353	FT911-7-2479	2485	0.0000000000
353	FT911-7-2480	2486	0.0000000000
353	FT911-7-2481	2487	0.0000000000
353	FT911-7-2482	2488	0.0000000000
353	FT911-7-2483	2489	0.0000000000
353	FT911-7-2484	2490	0.0000000000
353	FT911-7-2485	2491	0.0000000000
353	FT911-7-2486	2492	0.0000000000
353	FT911-7-2487	2493	0.0000000000
353	FT911-7-2488	2494	0.0000000000
353	FT911-7-2489	2495	0.0000000000
353	FT911-7-2490	2496	0.0000000000
353	FT911-7-2491	2497	0.0000000000
353	FT911-7-2492	2498	0.0000000000
353	FT911-7-2493	2499	0.0000000000
353	FT911-7-2494	2500	0.0000000000
353	FT911-7-2495	2501	0.0000000000
353	FT911-7-2496	2502	0.0000000000
353	FT911-7-2497	2503	0.0000000000
353	FT911-7-2498	2504	0.0000000000
353	FT911-7-2499	2505	0.0000000000
353	FT911-7-2500	2506	0.0000000000
353	FT911-7-2501	2507	0.0000000000
353	FT911-7-2502	2508	0.0000000000
353	FT911-7-2503	2509	0.0000000000
353	FT911-7-2504	2510	0.0000000000
353	FT911-7-2505	2511	0.0000000000
353	FT911-7-2506	2512	0.0000000000
353	FT911-7-2507	2513	0.0000000000
353	FT911-7-2508	2514	0.0000000000
353	FT911-7-2509	2515	0.0000000000
353	FT911-7-2510	2516	0.0000000000
353	FT911-7-2511	2517	0.0000000000
353	FT911-7-2512	2518	0.0000000000
353	FT911-7-2513	2519	0.0000000000
353	FT911-7-2514	2520	0.0000000000
353	FT911-7-2515	2521	0.0000000000
353	FT911-7-2516	2522	0.0000000000
353	FT911-7-2517	2523	0.0000000000
353	FT911-7-2518	2524	0.0000000000
353	FT911-7-2519	2525	0.0000000000
353	FT911-7-2520	2526	0.0000000000
353	FT911-7-2521	2527	0.0000000000
353	FT911-7-2522	2528	0.0000000000
353	FT911-7-2523	2529	0.0000000000
353	FT911-7-2524	2530	0.0000000000
353	FT911-7-2525	2531	0.0000000000
353	FT911-7-2526	2532	0.0000000000
353	FT911-7-2527	2533	0.0000000000
353	FT911-7-2528	2534	0.0000000000
353	FT911-7-2529	2535	0.0000000000
353	FT911-7-2530	2536	0.0000000000
353	FT911-7-2531	2537	0.0000000000
353	FT911-7-2532	2538	0.0000000000
353	FT911-7-2533	2539	0.0000000000
353	FT911-7-2534	2540	0.0000000000
353	FT911-7-2535	2541	0.0000000000
353	FT911-7-2536	2542	0.0000000000
353	FT911-7-2537	2543	0.0000000000
353	FT911-7-2538	2544	0.0000000000
353	FT911-7-2539	2545	0.0000000000
353	FT911-7-2540	2546	0.0000000000
353	FT911-7-2541	2547	0.0000000000
353	FT911-7-2542	2548	0.0000000000
353	FT911-7-2543	2549	0.0000000000
353	FT911-7-2544	2550	0.0000000000
353	FT911-7-2545	2551	0.0000000000
353	FT911-7-2546	2552	0.0000000000
353	FT911-7-2547	2553	0.0000000000
353	FT911-7-2548	2554	0.0000000000
353	FT911-7-2549	2555	0.0000000000
353	FT911-7-2550	2556	0.0000000000
353	FT911-7-2551	2557	0.0000000000
353	FT911-7-2552	2558	0.0000000000
353	FT911-7-2553	2559	0.0000000000
353	FT911-7-2554	2560	0.0000000000
353	FT911-7-2555	2561	0.0000000000
353	FT911-7-2556	2562	0.0000000000
353	FT911-7-2557	2563	0.0000000000
353	FT911-7-2558	2564	0.0000000000
353	FT911-7-2559	2565	0.0000000000
353	FT911-7-2560	2566	0.0000000000
353	FT911-7-2561	2567	0.0000000000
353	FT911-7-2562	2568	0.0000000000
353	FT911-7-2563	2569	0.0000000000
353	FT911-7-2564	2570	0.0000000000
353	FT911-7-2565	2571	0.0000000000
353	FT911-7-2566	2572	0.0000000000
353	FT911-7-2567	2573	0.0000000000
353	FT911-7-2568	2574	0.0000000000
353	FT911-7-2569	2575	0.0000000000
353	FT911-7-2570	2576	0.0000000000
353	FT911-7-2571	2577	0.0000000000
353	FT911-7-2572	2578	0.0000000000
353	FT911-7-2573	2579	0.0000000000
353	FT911-7-2574	2580	0.0000000000
353	FT911-7-2575	2581	0.0000000000
353	FT911-7-2576	2582	0.0000000000
353	FT911-7-2577	2583	0.0000000000
353	FT911-7-2578	2584	0.0000000000
353	FT911-7-2579	2585	0.0000000000
353	FT911-7-2580	2586	0.0000000000
353	FT911-7-2581	2587	0.0000000000
353	FT911-7-2582	2588	0.0000000000
353	FT911-7-2583	2589	0.0000000000
353	FT911-7-2584	2590	0.0000000000
353	FT911-7-2585	2591	0.0000000000
353	FT911-7-2586	2592	0.0000000000
353	FT911-7-2587	2593	0.0000000000
353	FT911-7-2588	2594	0.0000000000
353	FT911-7-2589	2595	0.0000000000
353	FT911-7-2590	2596	0.0000000000
353	FT911-7-2591	2597	0.0000000000
353	FT911-7-2592	2598	0.0000000000
353	FT911-7-2593	2599	0.0000000000
353	FT911-7-2594	2600	0.0000000000
353	FT911-7-2595	2601	0.0000000000
353	FT911-7-2596	2602	0.0000000000
353	FT911-7-2597	2603	0.0000000000
353	FT911-7-2598	2604	0.0000000000
353	FT911-7-2599	2605	0.0000000000
353	FT911-7-2600	2606	0.0000000000
353	FT911-7-2601	2607	0.0000000000
353	FT911-7-2602	2608	0.0000000000
353	FT911-7-2603	2609	0.0000000000
353	FT911-7-2604	2610	0.0000000000
353	FT911-7-2605	2611	0.0000000000
353	FT911-7-2606	2612	0.0000000000
353	FT911-7-2607	2613	0.0000000000
353	FT911-7-2608	2614	0.0000000000
353	FT911-7-2609	2615	0.0000000000
353	FT911-7-2610	2616	0.0000000000
353	FT911-7-2611	2617	0.0000000000
353	FT911-7-2612	2618	0.0000000000
353	FT911-7-2613	2619	0.0000000000
353	FT911-7-2614	2620	0.0000000000
353	FT911-7-2615	2621	0.0000000000
353	FT911-7-2616	2622	0.0000000000
353	FT911-7-2617	2623	0.0000000000
353	FT911-7-2618	2624	0.0000000000
353	FT911-7-2619	2625	0.0000000000
353	FT911-7-2620	2626	0.0000000000
353	FT911-8-2621	2627	0.0000000000
353	FT911-8-2622	2628	0.0000000000
353	FT911-8-2623	2629	0.0000000000
353	FT911-8-2624	2630	0.0000000000
353	FT911-8-2625	2631	0.0000000000
353	FT911-8-2626	2632	0.0000000000
353	FT911-8-2627	2633	0.0000000000
353	FT911-8-2628	2634	0.0000000000
353	FT911-8-2629	2635	0.0000000000
353	FT911-8-2630	2636	0.0000000000
353	FT911-8-2631	2637	0.0000000000
353	FT911-8-2632	2638	0.0000000000
353	FT911-8-2633	2639	0.0000000000
353	FT911-8-2634	2640	0.0000000000
353	FT911-8-2635	2641	0.0000000000
353	FT911-8-2636	2642	0.0000000000
353	FT911-8-2637	2643	0.0000000000
353	FT911-8-2638	2644	0.0000000000
353	FT911-8-2639	2645	0.0000000000
353	FT911-8-2640	2646	0.0000000000
353	FT911-8-2641	2647	0.0000000000
353	FT911-8-2642	2648	0.0000000000
353	FT911-8-2643	2649	0.0000000000
353	FT911-8-2644	2650	0.0000000000
353	FT911-8-2645	2651	0.0000000000
353	FT911-8-2646	2652	0.0000000000
353	FT911-8-2647	2653	0.0000000000
353	FT911-8-2648	2654	0.0000000000
353	FT911-8-2649	2655	0.0000000000
353	FT911-8-2650	2656	0.0000000000
353	FT911-8-2651	2657	0.0000000000
353	FT911-8-2652	2658	0.0000000000
353	FT911-8-2653	2659	0.0000000000
353	FT911-8-2654	2660	0.0000000000
353	FT911-8-2655	2661	0.0000000000
353	FT911-8-2656	2662	0.0000000000
353	FT911-8-2657	2663	0.0000000000
353	FT911-8-2658	2664	0.0000000000
353	FT911-8-2659	2665	0.0000000000
353	FT911-8-2660	2666	0.0000000000
353	FT911-8-2661	2667	0.0000000000
353	FT911-8-2662	2668	0.0000000000
353	FT911-8-2663	2669	0.0000000000
353	FT911-8-2664	2670	0.0000000000
353	FT911-8-2665	2671	0.0000000000
353	FT911-8-2666	2672	0.0000000000
353	FT911-8-2667	2673	0.0000000000
353	FT911-8-2668	2674	0.0000000000
353	FT911-8-2669	2675	0.0000000000
353	FT911-8-2670	2676	0.0000000000
353	FT911-8-2671	2677	0.0000000000
353	FT911-8-2672	2678	0.0000000000
353	FT911-8-2673	2679	0.0000000000
353	FT911-8-2674	2680	0.0000000000
353	FT911-8-2675	2681	0.0000000000
353	FT911-8-2676	2682	0.0000000000
353	FT911-8-2677	2683	0.0000000000
353	FT911-8-2678	2684	0.0000000000
353	FT911-8-2679	2685	0.0000000000
353	FT911-8-2680	2686	0.0000000000
353	FT911-8-2681	2687	0.0000000000
353	FT911-8-2682	2688	0.0000000000
353	FT911-8-2683	2689	0.0000000000
353	FT911-8-2684	2690	0.0000000000
353	FT911-8-2685	2691	0.0000000000
353	FT911-8-2686	2692	0.0000000000
353	FT911-8-2687	2693	0.0000000000
353	FT911-8-2688	2694	0.0000000000
353	FT911-8-2689	2695	0.0000000000
353	FT911-8-2690	2696	0.0000000000
353	FT911-8-2691	2697	0.0000000000
353	FT911-8-2692	2698	0.0000000000
353	FT911-8-2693	2699	0.0000000000
353	FT911-8-2694	2700	0.0000000000
353	FT911-8-2695	2701	0.0000000000
353	FT911-8-2696	2702	0.0000000000
353	FT911-8-2697	2703	0.0000000000
353	FT911-8-2698	2704	0.0000000000
353	FT911-8-2699	2705	0.0000000000
353	FT911-8-2700	2706	0.0000000000
353	FT911-8-2701	2707	0.0000000000
353	FT911-8-2702	2708	0.0000000000
353	FT911-8-2703	2709	0.0000000000
353	FT911-8-2704	2710	0.0000000000
353	FT911-8-2705	2711	0.0000000000
353	FT911-8-2706	2712	0.0000000000
353	FT911-8-2707	2713	0.0000000000
353	FT911-8-2708	2714	0.0000000000
353	FT911-8-2709	2715	0.0000000000
353	FT911-8-2710	2716	0.0000000000
353	FT911-8-2711	2717	0.0000000000
353	FT911-8-2712	2718	0.0000000000
353	FT911-8-2713	2719	0.0000000000
353	FT911-8-2714	2720	0.0000000000
353	FT911-8-2715	2721	0.0000000000
353	FT911-8-2716	2722	0.0000000000
353	FT911-8-2717	2723	0.0000000000
353	FT911-8-2718	2724	0.0000000000
353	FT911-8-2719	2725	0.0000000000
353	FT911-8-2720	2726	0.0000000000
353	FT911-8-2721	2727	0.0000000000
353	FT911-8-2722	2728	0.0000000000
353	FT911-8-2723	2729	0.0000000000
353	FT911-8-2724	2730	0.0000000000
353	FT911-8-2725	2731	0.0000000000
353	FT911-8-2726	2732	0.0000000000
353	FT911-8-2727	2733	0.0000000000
353	FT911-8-2728	2734	0.0000000000
353	FT911-8-2729	2735	0.0000000000
353	FT911-8-2730	2736	0.0000000000
353	FT911-8-2731	2737	0.0000000000
353	FT911-8-2732	2738	0.0000000000
353	FT911-8-2733	2739	0.0000000000
353	FT911-8-2734	2740	0.0000000000
353	FT911-8-2735	2741	0.0000000000
353	FT911-8-2736	2742	0.0000000000
353	FT911-8-2737	2743	0.0000000000
353	FT911-8-2738	2744	0.0000000000
353	FT911-8-2739	2745	0.0000000000
353	FT911-8-2740	2746	0.0000000000
353	FT911-8-2741	2747	0.0000000000
353	FT911-8-2742	2748	0.0000000000
353	FT911-8-2743	2749	0.0000000000
353	FT911-8-2744	2750	0.0000000000
353	FT911-8-2745	2751	0.0000000000
353	FT911-8-2746	2752	0.0000000000
353	FT911-8-2747	2753	0.0000000000
353	FT911-8-2748	2754	0.0000000000
353	FT911-8-2749	2755	0.0000000000
353	FT911-8-2750	2756	0.0000000000
353	FT911-8-2751	2757	0.0000000000
353	FT911-8-2752	2758	0.0000000000
353	FT911-8-2753	2759	0.0000000000
353	FT911-8-2754	2760	0.0000000000
353	FT911-8-2755	2761	0.0000000000
353	FT911-8-2756	2762	0.0000000000
353	FT911-8-2757	2763	0.0000000000
353	FT911-8-2758	2764	0.0000000000
353	FT911-8-2759	2765	0.0000000000
353	FT911-8-2760	2766	0.0000000000
353	FT911-8-2761	2767	0.0000000000
353	FT911-8-2762	2768	0.0000000000
353	FT911-8-2763	2769	0.0000000000
353	FT911-8-2764	2770	0.0000000000
353	FT911-8-2765	2771	0.0000000000
353	FT911-8-2766	2772	0.0000000000
353	FT911-8-2767	2773	0.0000000000
353	FT911-8-2768	2774	0.0000000000
353	FT911-8-2769	2775	0.0000000000
353	FT911-8-2770	2776	0.0000000000
353	FT911-8-2771	2777	0.0000000000
353	FT911-8-2772	2778	0.0000000000
353	FT911-8-2773	2779	0.0000000000
353	FT911-8-2774	2780	0.0000000000
353	FT911-8-2775	2781	0.0000000000
353	FT911-8-2776	2782	0.0000000000
353	FT911-8-2777	2783	0.0000000000
353	FT911-8-2778	2784	0.0000000000
353	FT911-8-2779	2785	0.0000000000
353	FT911-8-2780	2786	0.0000000000
353	FT911-8-2781	2787	0.0000000000
353	FT911-8-2782	2788	0.0000000000
353	FT911-8-2783	2789	0.0000000000
353	FT911-8-2784	2790	0.0000000000
353	FT911-8-2785	2791	0.0000000000
353	FT911-8-2786	2792	0.0000000000
353	FT911-8-2787	2793	0.0000000000
353	FT911-8-2788	2794	0.0000000000
353	FT911-8-2789	2795	0.0000000000
353	FT911-8-2790	2796	0.0000000000
353	FT911-8-2791	2797	0.0000000000
353	FT911-8-2792	2798	0.0000000000
353	FT911-8-2793	2799	0.0000000000
353	FT911-8-2794	2800	0.0000000000
353	FT911-8-2795	2801	0.0000000000
353	FT911-8-2796	2802	0.0000000000
353	FT911-8-2797	2803	0.0000000000
353	FT911-8-2798	2804	0.0000000000
353	FT911-8-2799	2805	0.0000000000
353	FT911-8-2800	2806	0.0000000000
353	FT911-8-2801	2807	0.0000000000
353	FT911-8-2802	2808	0.0000000000
353	FT911-8-2803	2809	0.0000000000
353	FT911-8-2804	2810	0.0000000000
353	FT911-8-2805	2811	0.0000000000
353	FT911-8-2806	2812	0.0000000000
353	FT911-8-2807	2813	0.0000000000
353	FT911-8-2808	2814	0.0000000000
353	FT911-8-2809	2815	0.0000000000
353	FT911-8-2810	2816	0.0000000000
353	FT911-8-2811	2817	0.0000000000
353	FT911-8-2812	2818	0.0000000000
353	FT911-8-2813	2819	0.0000000000
353	FT911-8-2814	2820	0.0000000000
353	FT911-8-2815	2821	0.0000000000
353	FT911-8-2816	2822	0.0000000000
353	FT911-8-2817	2823	0.0000000000
353	FT911-8-2818	2824	0.0000000000
353	FT911-8-2819	2825	0.0000000000
353	FT911-8-2820	2826	0.0000000000
353	FT911-8-2821	2827	0.0000000000
353	FT911-8-2822	2828	0.0000000000
353	FT911-8-2823	2829	0.0000000000
353	FT911-8-2824	2830	0.0000000000
353	FT911-8-2825	2831	0.0000000000
353	FT911-8-2826	2832	0.0000000000
353	FT911-8-2827	2833	0.0000000000
353	FT911-8-2828	2834	0.0000000000
353	FT911-8-2829	2835	0.0000000000
353	FT911-8-2830	2836	0.0000000000
353	FT911-8-2831	2837	0.0000000000
353	FT911-8-2832	2838	0.0000000000
353	FT911-8-2833	2839	0.0000000000
353	FT911-8-2834	2840	0.0000000000
353	FT911-8-2835	2841	0.0000000000
353	FT911-8-2836	2842	0.0000000000
353	FT911-8-2837	2843	0.0000000000
353	FT911-8-2838	2844	0.0000000000
353	FT911-8-2839	2845	0.0000000000
353	FT911-8-2840	2846	0.0000000000
353	FT911-8-2841	2847	0.0000000000
353	FT911-8-2842	2848	0.0000000000
353	FT911-8-2843	2849	0.0000000000
353	FT911-8-2844	2850	0.0000000000
353	FT911-8-2845	2851	0.0000000000
353	FT911-8-2846	2852	0.0000000000
353	FT911-8-2847	2853	0.0000000000
353	FT911-8-2848	2854	0.0000000000
353	FT911-8-2849	2855	0.0000000000
353	FT911-8-2850	2856	0.0000000000
353	FT911-8-2851	2857	0.0000000000
353	FT911-8-2852	2858	0.0000000000
353	FT911-8-2853	2859	0.0000000000
353	FT911-8-2854	2860	0.0000000000
353	FT911-8-2855	2861	0.0000000000
353	FT911-8-2856	2862	0.0000000000
353	FT911-8-2857	2863	0.0000000000
353	FT911-8-2858	2864	0.0000000000
353	FT911-8-2859	2865	0.0000000000
353	FT911-8-2860	2866	0.0000000000
353	FT911-8-2861	2867	0.0000000000
353	FT911-8-2862	2868	0.0000000000
353	FT911-8-2863	2869	0.0000000000
353	FT911-8-2864	2870	0.0000000000
353	FT911-8-2865	2871	0.0000000000
353	FT911-8-2866	2872	0.0000000000
353	FT911-8-2867	2873	0.0000000000
353	FT911-8-2868	2874	0.0000000000
353	FT911-8-2869	2875	0.0000000000
353	FT911-8-2870	2876	0.0000000000
353	FT911-8-2871	2877	0.0000000000
353	FT911-8-2872	2878	0.0000000000
353	FT911-8-2873	2879	0.0000000000
353	FT911-8-2874	2880	0.0000000000
353	FT911-8-2875	2881	0.0000000000
353	FT911-8-2876	2882	0.0000000000
353	FT911-8-2877	2883	0.0000000000
353	FT911-8-2878	2884	0.0000000000
353	FT911-8-2879	2885	0.0000000000
353	FT911-8-2880	2886	0.0000000000
353	FT911-8-2881	2887	0.0000000000
353	FT911-8-2882	2888	0.0000000000
353	FT911-8-2883	2889	0.0000000000
353	FT911-8-2884	2890	0.0000000000
353	FT911-8-2885	2891	0.0000000000
353	FT911-8-2886	2892	0.0000000000
353	FT911-8-2887	2893	0.0000000000
353	FT911-8-2888	2894	0.0000000000
353	FT911-8-2889	2895	0.0000000000
353	FT911-8-2890	2896	0.0000000000
353	FT911-8-2891	2897	0.0000000000
353	FT911-8-2892	2898	0.0000000000
353	FT911-8-2893	2899	0.0000000000
353	FT911-8-2894	2900	0.0000000000
353	FT911-8-2895	2901	0.0000000000
353	FT911-8-2896	2902	0.0000000000
353	FT911-8-2897	2903	0.0000000000
353	FT911-8-2898	2904	0.0000000000
353	FT911-8-2899	2905	0.0000000000
353	FT911-8-2900	2906	0.0000000000
353	FT911-8-2901	2907	0.0000000000
353	FT911-8-2902	2908	0.0000000000
353	FT911-8-2903	2909	0.0000000000
353	FT911-8-2904	2910	0.0000000000
353	FT911-8-2905	2911	0.0000000000
353	FT911-8-2906	2912	0.0000000000
353	FT911-8-2907	2913	0.0000000000
353	FT911-8-2908	2914	0.0000000000
353	FT911-8-2909	2915	0.0000000000
353	FT911-8-2910	2916	0.0000000000
353	FT911-8-2911	2917	0.0000000000
353	FT911-8-2912	2918	0.0000000000
353	FT911-8-2913	2919	0.0000000000
353	FT911-8-2914	2920	0.0000000000
353	FT911-8-2915	2921	0.0000000000
353	FT911-8-2916	2922	0.0000000000
353	FT911-8-2917	2923	0.0000000000
353	FT911-8-2918	2924	0.0000000000
353	FT911-8-2919	2925	0.0000000000
353	FT911-8-2920	2926	0.0000000000
353	FT911-8-2921	2927	0.0000000000
353	FT911-8-2922	2928	0.0000000000
353	FT911-8-2923	2929	0.0000000000
353	FT911-8-2924	2930	0.0000000000
353	FT911-8-2925	2931	0.0000000000
353	FT911-8-2926	2932	0.0000000000
353	FT911-8-2927	2933	0.0000000000
353	FT911-8-2928	2934	0.0000000000
353	FT911-8-2929	2935	0.0000000000
353	FT911-8-2930	2936	0.0000000000
353	FT911-8-2931	2937	0.0000000000
353	FT911-8-2932	2938	0.0000000000
353	FT911-8-2933	2939	0.0000000000
353	FT911-8-2934	2940	0.0000000000
353	FT911-8-2935	2941	0.0000000000
353	FT911-8-2936	2942	0.0000000000
353	FT911-8-2937	2943	0.0000000000
353	FT911-8-2938	2944	0.0000000000
353	FT911-8-2939	2945	0.0000000000
353	FT911-8-2940	2946	0.0000000000
353	FT911-8-2941	2947	0.0000000000
353	FT911-8-2942	2948	0.0000000000
353	FT911-8-2943	2949	0.0000000000
353	FT911-8-2944	2950	0.0000000000
353	FT911-8-2945	2951	0.0000000000
353	FT911-8-2946	2952	0.0000000000
353	FT911-8-2947	2953	0.0000000000
353	FT911-8-2948	2954	0.0000000000
353	FT911-8-2949	2955	0.0000000000
353	FT911-9-2950	2956	0.0000000000
353	FT911-9-2951	2957	0.0000000000
353	FT911-9-2952	2958	0.0000000000
353	FT911-9-2953	2959	0.0000000000
353	FT911-9-2954	2960	0.0000000000
353	FT911-9-2955	2961	0.0000000000
353	FT911-9-2956	2962	0.0000000000
353	FT911-9-2957	2963	0.0000000000
353	FT911-9-2958	2964	0.0000000000
353	FT911-9-2959	2965	0.0000000000
353	FT911-9-2960	2966	0.0000000000
353	FT911-9-2961	2967	0.0000000000
353	FT911-9-2962	2968	0.0000000000
353	FT911-9-2963	2969	0.0000000000
353	FT911-9-2964	2970	0.0000000000
353	FT911-9-2965	2971	0.0000000000
353	FT911-9-2966	2972	0.0000000000
353	FT911-9-2967	2973	0.0000000000
353	FT911-9-2968	2974	0.0000000000
353	FT911-9-2969	2975	0.0000000000
353	FT911-9-2970	2976	0.0000000000
353	FT911-9-2971	2977	0.0000000000
353	FT911-9-2972	2978	0.0000000000
353	FT911-9-2973	2979	0.0000000000
353	FT911-9-2974	2980	0.0000000000
353	FT911-9-2975	2981	0.0000000000
353	FT911-9-2976	2982	0.0000000000
353	FT911-9-2977	2983	0.0000000000
353	FT911-9-2978	2984	0.0000000000
353	FT911-9-2979	2985	0.0000000000
353	FT911-9-2980	2986	0.0000000000
353	FT911-9-2981	2987	0.0000000000
353	FT911-9-2982	2988	0.0000000000
353	FT911-9-2983	2989	0.0000000000
353	FT911-9-2984	2990	0.0000000000
353	FT911-9-2985	2991	0.0000000000
353	FT911-9-2986	2992	0.0000000000
353	FT911-9-2987	2993	0.0000000000
353	FT911-9-2988	2994	0.0000000000
353	FT911-9-2989	2995	0.0000000000
353	FT911-9-2990	2996	0.0000000000
353	FT911-9-2991	2997	0.0000000000
353	FT911-9-2992	2998	0.0000000000
353	FT911-9-2993	2999	0.0000000000
353	FT911-9-2994	3000	0.0000000000
353	FT911-9-2995	3001	0.0000000000
353	FT911-9-2996	3002	0.0000000000
353	FT911-9-2997	3003	0.0000000000
353	FT911-9-2998	3004	0.0000000000
353	FT911-9-2999	3005	0.0000000000
353	FT911-9-3000	3006	0.0000000000
353	FT911-9-3001	3007	0.0000000000
353	FT911-9-3002	3008	0.0000000000
353	FT911-9-3003	3009	0.0000000000
353	FT911-9-3004	3010	0.0000000000
353	FT911-9-3005	3011	0.0000000000
353	FT911-9-3006	3012	0.0000000000
353	FT911-9-3007	3013	0.0000000000
353	FT911-9-3008	3014	0.0000000000
353	FT911-9-3009	3015	0.0000000000
353	FT911-9-3010	3016	0.0000000000
353	FT911-9-3011	3017	0.0000000000
353	FT911-9-3012	3018	0.0000000000
353	FT911-9-3013	3019	0.0000000000
353	FT911-9-3014	3020	0.0000000000
353	FT911-9-3015	3021	0.0000000000
353	FT911-9-3016	3022	0.0000000000
353	FT911-9-3017	3023	0.0000000000
353	FT911-9-3018	3024	0.0000000000
353	FT911-9-3019	3025	0.0000000000
353	FT911-9-3020	3026	0.0000000000
353	FT911-9-3021	3027	0.0000000000
353	FT911-9-3022	3028	0.0000000000
353	FT911-9-3023	3029	0.0000000000
353	FT911-9-3024	3030	0.0000000000
353	FT911-9-3025	3031	0.0000000000
353	FT911-9-3026	3032	0.0000000000
353	FT911-9-3027	3033	0.0000000000
353	FT911-9-3028	3034	0.0000000000
353	FT911-9-3029	3035	0.0000000000
353	FT911-9-3030	3036	0.0000000000
353	FT911-9-3031	3037	0.0000000000
353	FT911-9-3032	3038	0.0000000000
353	FT911-9-3033	3039	0.0000000000
353	FT911-9-3034	3040	0.0000000000
353	FT911-9-3035	3041	0.0000000000
353	FT911-9-3036	3042	0.0000000000
353	FT911-9-3037	3043	0.0000000000
353	FT911-9-3038	3044	0.0000000000
353	FT911-9-3039	3045	0.0000000000
353	FT911-9-3040	3046	0.0000000000
353	FT911-9-3041	3047	0.0000000000
353	FT911-9-3042	3048	0.0000000000
353	FT911-9-3043	3049	0.0000000000
353	FT911-9-3044	3050	0.0000000000
353	FT911-9-3045	3051	0.0000000000
353	FT911-9-3046	3052	0.0000000000
353	FT911-9-3047	3053	0.0000000000
353	FT911-9-3048	3054	0.0000000000
353	FT911-9-3049	3055	0.0000000000
353	FT911-9-3050	3056	0.0000000000
353	FT911-9-3051	3057	0.0000000000
353	FT911-9-3052	3058	0.0000000000
353	FT911-9-3053	3059	0.0000000000
353	FT911-9-3054	3060	0.0000000000
353	FT911-9-3055	3061	0.0000000000
353	FT911-9-3056	3062	0.0000000000
353	FT911-9-3057	3063	0.0000000000
353	FT911-9-3058	3064	0.0000000000
353	FT911-9-3059	3065	0.0000000000
353	FT911-9-3060	3066	0.0000000000
353	FT911-9-3061	3067	0.0000000000
353	FT911-9-3062	3068	0.0000000000
353	FT911-9-3063	3069	0.0000000000
353	FT911-9-3064	3070	0.0000000000
353	FT911-9-3065	3071	0.0000000000
353	FT911-9-3066	3072	0.0000000000
353	FT911-9-3067	3073	0.0000000000
353	FT911-9-3068	3074	0.0000000000
353	FT911-9-3069	3075	0.0000000000
353	FT911-9-3070	3076	0.0000000000
353	FT911-9-3071	3077	0.0000000000
353	FT911-9-3072	3078	0.0000000000
353	FT911-9-3073	3079	0.0000000000
353	FT911-9-3074	3080	0.0000000000
353	FT911-9-3075	3081	0.0000000000
353	FT911-9-3076	3082	0.0000000000
353	FT911-9-3077	3083	0.0000000000
353	FT911-9-3078	3084	0.0000000000
353	FT911-9-3079	3085	0.0000000000
353	FT911-9-3080	3086	0.0000000000
353	FT911-9-3081	3087	0.0000000000
353	FT911-9-3082	3088	0.0000000000
353	FT911-9-3083	3089	0.0000000000
353	FT911-9-3084	3090	0.0000000000
353	FT911-9-3085	3091	0.0000000000
353	FT911-9-3086	3092	0.0000000000
353	FT911-9-3087	3093	0.0000000000
353	FT911-9-3088	3094	0.0000000000
353	FT911-9-3089	3095	0.0000000000
353	FT911-9-3090	3096	0.0000000000
353	FT911-9-3091	3097	0.0000000000
353	FT911-9-3092	3098	0.0000000000
353	FT911-9-3093	3099	0.0000000000
353	FT911-9-3094	3100	0.0000000000
353	FT911-9-3095	3101	0.0000000000
353	FT911-9-3096	3102	0.0000000000
353	FT911-9-3097	3103	0.0000000000
353	FT911-9-3098	3104	0.0000000000
353	FT911-9-3099	3105	0.0000000000
353	FT911-9-3100	3106	0.0000000000
353	FT911-9-3101	3107	0.0000000000
353	FT911-9-3102	3108	0.0000000000
353	FT911-9-3103	3109	0.0000000000
353	FT911-9-3104	3110	0.0000000000
353	FT911-9-3105	3111	0.0000000000
353	FT911-9-3106	3112	0.0000000000
353	FT911-9-3107	3113	0.0000000000
353	FT911-9-3108	3114	0.0000000000
353	FT911-9-3109	3115	0.0000000000
353	FT911-9-3110	3116	0.0000000000
353	FT911-9-3111	3117	0.0000000000
353	FT911-9-3112	3118	0.0000000000
353	FT911-9-3113	3119	0.0000000000
353	FT911-9-3114	3120	0.0000000000
353	FT911-9-3115	3121	0.0000000000
353	FT911-9-3116	3122	0.0000000000
353	FT911-9-3117	3123	0.0000000000
353	FT911-9-3118	3124	0.0000000000
353	FT911-9-3119	3125	0.0000000000
353	FT911-9-3120	3126	0.0000000000
353	FT911-9-3121	3127	0.0000000000
353	FT911-9-3122	3128	0.0000000000
353	FT911-9-3123	3129	0.0000000000
353	FT911-9-3124	3130	0.0000000000
353	FT911-9-3125	3131	0.0000000000
353	FT911-9-3126	3132	0.0000000000
353	FT911-9-3127	3133	0.0000000000
353	FT911-9-3128	3134	0.0000000000
353	FT911-9-3129	3135	0.0000000000
353	FT911-9-3130	3136	0.0000000000
353	FT911-9-3131	3137	0.0000000000
353	FT911-9-3132	3138	0.0000000000
353	FT911-9-3133	3139	0.0000000000
353	FT911-9-3134	3140	0.0000000000
353	FT911-9-3135	3141	0.0000000000
353	FT911-9-3136	3142	0.0000000000
353	FT911-9-3137	3143	0.0000000000
353	FT911-9-3138	3144	0.0000000000
353	FT911-9-3139	3145	0.0000000000
353	FT911-9-3140	3146	0.0000000000
353	FT911-9-3141	3147	0.0000000000
353	FT911-9-3142	3148	0.0000000000
353	FT911-9-3143	3149	0.0000000000
353	FT911-9-3144	3150	0.0000000000
353	FT911-9-3145	3151	0.0000000000
353	FT911-9-3146	3152	0.0000000000
353	FT911-9-3147	3153	0.0000000000
353	FT911-9-3148	3154	0.0000000000
353	FT911-9-3149	3155	0.0000000000
353	FT911-9-3150	3156	0.0000000000
353	FT911-9-3151	3157	0.0000000000
353	FT911-9-3152	3158	0.0000000000
353	FT911-9-3153	3159	0.0000000000
353	FT911-9-3154	3160	0.0000000000
353	FT911-9-3155	3161	0.0000000000
353	FT911-9-3156	3162	0.0000000000
353	FT911-9-3157	3163	0.0000000000
353	FT911-9-3158	3164	0.0000000000
353	FT911-9-3159	3165	0.0000000000
353	FT911-9-3160	3166	0.0000000000
353	FT911-9-3161	3167	0.0000000000
353	FT911-9-3162	3168	0.0000000000
353	FT911-9-3163	3169	0.0000000000
353	FT911-9-3164	3170	0.0000000000
353	FT911-9-3165	3171	0.0000000000
353	FT911-9-3166	3172	0.0000000000
353	FT911-9-3167	3173	0.0000000000
353	FT911-9-3168	3174	0.0000000000
353	FT911-9-3169	3175	0.0000000000
353	FT911-9-3170	3176	0.0000000000
353	FT911-9-3171	3177	0.0000000000
353	FT911-9-3172	3178	0.0000000000
353	FT911-9-3173	3179	0.0000000000
353	FT911-9-3174	3180	0.0000000000
353	FT911-9-3175	3181	0.0000000000
353	FT911-9-3176	3182	0.0000000000
353	FT911-9-3177	3183	0.0000000000
353	FT911-9-3178	3184	0.0000000000
353	FT911-9-3179	3185	0.0000000000
353	FT911-9-3180	3186	0.0000000000
353	FT911-9-3181	3187	0.0000000000
353	FT911-9-3182	3188	0.0000000000
353	FT911-9-3183	3189	0.0000000000
353	FT911-9-3184	3190	0.0000000000
353	FT911-9-3185	3191	0.0000000000
353	FT911-9-3186	3192	0.0000000000
353	FT911-9-3187	3193	0.0000000000
353	FT911-9-3188	3194	0.0000000000
353	FT911-9-3189	3195	0.0000000000
353	FT911-9-3190	3196	0.0000000000
353	FT911-9-3191	3197	0.0000000000
353	FT911-9-3192	3198	0.0000000000
353	FT911-9-3193	3199	0.0000000000
353	FT911-9-3194	3200	0.0000000000
353	FT911-9-3195	3201	0.0000000000
353	FT911-9-3196	3202	0.0000000000
353	FT911-9-3197	3203	0.0000000000
353	FT911-9-3198	3204	0.0000000000
353	FT911-9-3199	3205	0.0000000000
353	FT911-9-3200	3206	0.0000000000
353	FT911-9-3201	3207	0.0000000000
353	FT911-9-3202	3208	0.0000000000
353	FT911-9-3203	3209	0.0000000000
353	FT911-9-3204	3210	0.0000000000
353	FT911-9-3205	3211	0.0000000000
353	FT911-9-3206	3212	0.0000000000
353	FT911-9-3207	3213	0.0000000000
353	FT911-9-3208	3214	0.0000000000
353	FT911-9-3209	3215	0.0000000000
353	FT911-9-3210	3216	0.0000000000
353	FT911-9-3211	3217	0.0000000000
353	FT911-9-3212	3218	0.0000000000
353	FT911-9-3213	3219	0.0000000000
353	FT911-9-3214	3220	0.0000000000
353	FT911-9-3215	3221	0.0000000000
353	FT911-9-3216	3222	0.0000000000
353	FT911-9-3217	3223	0.0000000000
353	FT911-9-3218	3224	0.0000000000
353	FT911-9-3219	3225	0.0000000000
353	FT911-9-3220	3226	0.0000000000
353	FT911-9-3221	3227	0.0000000000
353	FT911-9-3222	3228	0.0000000000
353	FT911-9-3223	3229	0.0000000000
353	FT911-9-3224	3230	0.0000000000
353	FT911-9-3225	3231	0.0000000000
353	FT911-9-3226	3232	0.0000000000
353	FT911-9-3227	3233	0.0000000000
353	FT911-9-3228	3234	0.0000000000
353	FT911-9-3229	3235	0.0000000000
353	FT911-9-3230	3236	0.0000000000
353	FT911-9-3231	3237	0.0000000000
353	FT911-9-3232	3238	0.0000000000
353	FT911-9-3233	3239	0.0000000000
353	FT911-9-3234	3240	0.0000000000
353	FT911-9-3235	3241	0.0000000000
353	FT911-9-3236	3242	0.0000000000
353	FT911-9-3237	3243	0.0000000000
353	FT911-9-3238	3244	0.0000000000
353	FT911-9-3239	3245	0.0000000000
353	FT911-9-3240	3246	0.0000000000
353	FT911-9-3241	3247	0.0000000000
353	FT911-9-3242	3248	0.0000000000
353	FT911-9-3243	3249	0.0000000000
353	FT911-9-3244	3250	0.0000000000
353	FT911-9-3245	3251	0.0000000000
353	FT911-9-3246	3252	0.0000000000
353	FT911-9-3247	3253	0.0000000000
353	FT911-9-3248	3254	0.0000000000
353	FT911-9-3249	3255	0.0000000000
353	FT911-9-3250	3256	0.0000000000
353	FT911-9-3251	3257	0.0000000000
353	FT911-9-3252	3258	0.0000000000
353	FT911-9-3253	3259	0.0000000000
353	FT911-9-3254	3260	0.0000000000
353	FT911-9-3255	3261	0.0000000000
353	FT911-9-3256	3262	0.0000000000
353	FT911-9-3257	3263	0.0000000000
353	FT911-9-3258	3264	0.0000000000
353	FT911-9-3259	3265	0.0000000000
353	FT911-9-3260	3266	0.0000000000
353	FT911-9-3261	3267	0.0000000000
353	FT911-9-3262	3268	0.0000000000
353	FT911-9-3263	3269	0.0000000000
353	FT911-9-3264	3270	0.0000000000
353	FT911-9-3265	3271	0.0000000000
353	FT911-9-3267	3272	0.0000000000
353	FT911-9-3268	3273	0.0000000000
353	FT911-9-3269	3274	0.0000000000
353	FT911-9-3270	3275	0.0000000000
353	FT911-9-3271	3276	0.0000000000
353	FT911-9-3272	3277	0.0000000000
353	FT911-9-3273	3278	0.0000000000
353	FT911-9-3274	3279	0.0000000000
353	FT911-9-3275	3280	0.0000000000
353	FT911-9-3276	3281	0.0000000000
353	FT911-9-3277	3282	0.0000000000
353	FT911-9-3278	3283	0.0000000000
353	FT911-9-3279	3284	0.0000000000
353	FT911-9-3280	3285	0.0000000000
353	FT911-9-3281	3286	0.0000000000
353	FT911-9-3282	3287	0.0000000000
353	FT911-9-3283	3288	0.0000000000
353	FT911-9-3284	3289	0.0000000000
353	FT911-9-3285	3290	0.0000000000
353	FT911-9-3286	3291	0.0000000000
353	FT911-9-3287	3292	0.0000000000
353	FT911-9-3288	3293	0.0000000000
353	FT911-9-3289	3294	0.0000000000
353	FT911-9-3290	3295	0.0000000000
353	FT911-9-3291	3296	0.0000000000
353	FT911-9-3292	3297	0.0000000000
353	FT911-9-3293	3298	0.0000000000
353	FT911-9-3294	3299	0.0000000000
353	FT911-9-3295	3300	0.0000000000
353	FT911-9-3296	3301	0.0000000000
353	FT911-9-3297	3302	0.0000000000
353	FT911-9-3298	3303	0.0000000000
353	FT911-9-3299	3304	0.0000000000
353	FT911-9-3300	3305	0.0000000000
353	FT911-9-3301	3306	0.0000000000
353	FT911-9-3302	3307	0.0000000000
353	FT911-9-3303	3308	0.0000000000
353	FT911-9-3304	3309	0.0000000000
353	FT911-9-3305	3310	0.0000000000
353	FT911-9-3306	3311	0.0000000000
353	FT911-9-3307	3312	0.0000000000
353	FT911-9-3308	3313	0.0000000000
353	FT911-9-3309	3314	0.0000000000
353	FT911-9-3310	3315	0.0000000000
353	FT911-9-3311	3316	0.0000000000
353	FT911-9-3312	3317	0.0000000000
353	FT911-9-3313	3318	0.0000000000
353	FT911-9-3314	3319	0.0000000000
353	FT911-9-3315	3320	0.0000000000
353	FT911-9-3316	3321	0.0000000000
353	FT911-9-3317	3322	0.0000000000
353	FT911-9-3318	3323	0.0000000000
353	FT911-9-3319	3324	0.0000000000
353	FT911-9-3320	3325	0.0000000000
353	FT911-9-3321	3326	0.0000000000
353	FT911-9-3322	3327	0.0000000000
353	FT911-10-3323	3328	0.0000000000
353	FT911-10-3324	3329	0.0000000000
353	FT911-10-3325	3330	0.0000000000
353	FT911-10-3326	3331	0.0000000000
353	FT911-10-3327	3332	0.0000000000
353	FT911-10-3328	3333	0.0000000000
353	FT911-10-3329	3334	0.0000000000
353	FT911-10-3330	3335	0.0000000000
353	FT911-10-3331	3336	0.0000000000
353	FT911-10-3332	3337	0.0000000000
353	FT911-10-3333	3338	0.0000000000
353	FT911-10-3334	3339	0.0000000000
353	FT911-10-3335	3340	0.0000000000
353	FT911-10-3336	3341	0.0000000000
353	FT911-10-3337	3342	0.0000000000
353	FT911-10-3338	3343	0.0000000000
353	FT911-10-3339	3344	0.0000000000
353	FT911-10-3340	3345	0.0000000000
353	FT911-10-3341	3346	0.0000000000
353	FT911-10-3342	3347	0.0000000000
353	FT911-10-3343	3348	0.0000000000
353	FT911-10-3344	3349	0.0000000000
353	FT911-10-3345	3350	0.0000000000
353	FT911-10-3346	3351	0.0000000000
353	FT911-10-3347	3352	0.0000000000
353	FT911-10-3348	3353	0.0000000000
353	FT911-10-3349	3354	0.0000000000
353	FT911-10-3350	3355	0.0000000000
353	FT911-10-3351	3356	0.0000000000
353	FT911-10-3352	3357	0.0000000000
353	FT911-10-3353	3358	0.0000000000
353	FT911-10-3354	3359	0.0000000000
353	FT911-10-3355	3360	0.0000000000
353	FT911-10-3356	3361	0.0000000000
353	FT911-10-3357	3362	0.0000000000
353	FT911-10-3358	3363	0.0000000000
353	FT911-10-3359	3364	0.0000000000
353	FT911-10-3360	3365	0.0000000000
353	FT911-10-3361	3366	0.0000000000
353	FT911-10-3362	3367	0.0000000000
353	FT911-10-3363	3368	0.0000000000
353	FT911-10-3364	3369	0.0000000000
353	FT911-10-3365	3370	0.0000000000
353	FT911-10-3366	3371	0.0000000000
353	FT911-10-3367	3372	0.0000000000
353	FT911-10-3368	3373	0.0000000000
353	FT911-10-3369	3374	0.0000000000
353	FT911-10-3370	3375	0.0000000000
353	FT911-10-3371	3376	0.0000000000
353	FT911-10-3372	3377	0.0000000000
353	FT911-10-3373	3378	0.0000000000
353	FT911-10-3374	3379	0.0000000000
353	FT911-10-3375	3380	0.0000000000
353	FT911-10-3377	3381	0.0000000000
353	FT911-10-3378	3382	0.0000000000
353	FT911-10-3379	3383	0.0000000000
353	FT911-10-3380	3384	0.0000000000
353	FT911-10-3381	3385	0.0000000000
353	FT911-10-3382	3386	0.0000000000
353	FT911-10-3383	3387	0.0000000000
353	FT911-10-3384	3388	0.0000000000
353	FT911-10-3385	3389	0.0000000000
353	FT911-10-3386	3390	0.0000000000
353	FT911-10-3387	3391	0.0000000000
353	FT911-10-3388	3392	0.0000000000
353	FT911-10-3389	3393	0.0000000000
353	FT911-10-3390	3394	0.0000000000
353	FT911-10-3391	3395	0.0000000000
353	FT911-10-3392	3396	0.0000000000
353	FT911-10-3393	3397	0.0000000000
353	FT911-10-3394	3398	0.0000000000
353	FT911-10-3395	3399	0.0000000000
353	FT911-10-3396	3400	0.0000000000
353	FT911-10-3397	3401	0.0000000000
353	FT911-10-3398	3402	0.0000000000
353	FT911-10-3399	3403	0.0000000000
353	FT911-10-3400	3404	0.0000000000
353	FT911-10-3401	3405	0.0000000000
353	FT911-10-3402	3406	0.0000000000
353	FT911-10-3403	3407	0.0000000000
353	FT911-10-3404	3408	0.0000000000
353	FT911-10-3405	3409	0.0000000000
353	FT911-10-3406	3410	0.0000000000
353	FT911-10-3407	3411	0.0000000000
353	FT911-10-3408	3412	0.0000000000
353	FT911-10-3409	3413	0.0000000000
353	FT911-10-3410	3414	0.0000000000
353	FT911-10-3411	3415	0.0000000000
353	FT911-10-3412	3416	0.0000000000
353	FT911-10-3413	3417	0.0000000000
353	FT911-10-3414	3418	0.0000000000
353	FT911-10-3415	3419	0.0000000000
353	FT911-10-3416	3420	0.0000000000
353	FT911-10-3417	3421	0.0000000000
353	FT911-10-3418	3422	0.0000000000
353	FT911-10-3419	3423	0.0000000000
353	FT911-10-3420	3424	0.0000000000
353	FT911-10-3421	3425	0.0000000000
353	FT911-10-3422	3426	0.0000000000
353	FT911-10-3423	3427	0.0000000000
353	FT911-10-3424	3428	0.0000000000
353	FT911-10-3425	3429	0.0000000000
353	FT911-10-3426	3430	0.0000000000
353	FT911-10-3427	3431	0.0000000000
353	FT911-10-3428	3432	0.0000000000
353	FT911-10-3429	3433	0.0000000000
353	FT911-10-3430	3434	0.0000000000
353	FT911-10-3431	3435	0.0000000000
353	FT911-10-3432	3436	0.0000000000
353	FT911-10-3433	3437	0.0000000000
353	FT911-10-3434	3438	0.0000000000
353	FT911-10-3435	3439	0.0000000000
353	FT911-10-3436	3440	0.0000000000
353	FT911-10-3437	3441	0.0000000000
353	FT911-10-3438	3442	0.0000000000
353	FT911-10-3439	3443	0.0000000000
353	FT911-10-3440	3444	0.0000000000
353	FT911-10-3441	3445	0.0000000000
353	FT911-10-3442	3446	0.0000000000
353	FT911-10-3443	3447	0.0000000000
353	FT911-10-3444	3448	0.0000000000
353	FT911-10-3445	3449	0.0000000000
353	FT911-10-3446	3450	0.0000000000
353	FT911-10-3447	3451	0.0000000000
353	FT911-10-3448	3452	0.0000000000
353	FT911-10-3449	3453	0.0000000000
353	FT911-10-3450	3454	0.0000000000
353	FT911-10-3451	3455	0.0000000000
353	FT911-10-3452	3456	0.0000000000
353	FT911-10-3453	3457	0.0000000000
353	FT911-10-3454	3458	0.0000000000
353	FT911-10-3455	3459	0.0000000000
353	FT911-10-3456	3460	0.0000000000
353	FT911-10-3457	3461	0.0000000000
353	FT911-10-3458	3462	0.0000000000
353	FT911-10-3459	3463	0.0000000000
353	FT911-10-3460	3464	0.0000000000
353	FT911-10-3461	3465	0.0000000000
353	FT911-10-3462	3466	0.0000000000
353	FT911-10-3465	3467	0.0000000000
353	FT911-10-3466	3468	0.0000000000
353	FT911-10-3467	3469	0.0000000000
353	FT911-10-3468	3470	0.0000000000
353	FT911-10-3469	3471	0.0000000000
353	FT911-10-3470	3472	0.0000000000
353	FT911-10-3471	3473	0.0000000000
353	FT911-10-3472	3474	0.0000000000
353	FT911-10-3473	3475	0.0000000000
353	FT911-10-3474	3476	0.0000000000
353	FT911-10-3475	3477	0.0000000000
353	FT911-10-3476	3478	0.0000000000
353	FT911-10-3477	3479	0.0000000000
353	FT911-10-3478	3480	0.0000000000
353	FT911-10-3479	3481	0.0000000000
353	FT911-10-3480	3482	0.0000000000
353	FT911-10-3481	3483	0.0000000000
353	FT911-10-3482	3484	0.0000000000
353	FT911-10-3483	3485	0.0000000000
353	FT911-10-3484	3486	0.0000000000
353	FT911-10-3485	3487	0.0000000000
353	FT911-10-3486	3488	0.0000000000
353	FT911-10-3487	3489	0.0000000000
353	FT911-10-3488	3490	0.0000000000
353	FT911-10-3489	3491	0.0000000000
353	FT911-10-3490	3492	0.0000000000
353	FT911-10-3491	3493	0.0000000000
353	FT911-10-3492	3494	0.0000000000
353	FT911-10-3493	3495	0.0000000000
353	FT911-10-3494	3496	0.0000000000
353	FT911-10-3495	3497	0.0000000000
353	FT911-10-3496	3498	0.0000000000
353	FT911-10-3497	3499	0.0000000000
353	FT911-10-3498	3500	0.0000000000
353	FT911-10-3499	3501	0.0000000000
353	FT911-10-3500	3502	0.0000000000
353	FT911-10-3501	3503	0.0000000000
353	FT911-10-3502	3504	0.0000000000
353	FT911-10-3503	3505	0.0000000000
353	FT911-10-3504	3506	0.0000000000
353	FT911-10-3505	3507	0.0000000000
353	FT911-10-3506	3508	0.0000000000
353	FT911-10-3507	3509	0.0000000000
353	FT911-10-3508	3510	0.0000000000
353	FT911-10-3509	3511	0.0000000000
353	FT911-10-3510	3512	0.0000000000
353	FT911-10-3511	3513	0.0000000000
353	FT911-10-3512	3514	0.0000000000
353	FT911-10-3513	3515	0.0000000000
353	FT911-10-3514	3516	0.0000000000
353	FT911-10-3515	3517	0.0000000000
353	FT911-10-3516	3518	0.0000000000
353	FT911-10-3517	3519	0.0000000000
353	FT911-10-3518	3520	0.0000000000
353	FT911-10-3519	3521	0.0000000000
353	FT911-10-3520	3522	0.0000000000
353	FT911-10-3521	3523	0.0000000000
353	FT911-10-3522	3524	0.0000000000
353	FT911-10-3523	3525	0.0000000000
353	FT911-10-3524	3526	0.0000000000
353	FT911-10-3525	3527	0.0000000000
353	FT911-10-3526	3528	0.0000000000
353	FT911-10-3527	3529	0.0000000000
353	FT911-10-3528	3530	0.0000000000
353	FT911-10-3529	3531	0.0000000000
353	FT911-10-3530	3532	0.0000000000
353	FT911-10-3531	3533	0.0000000000
353	FT911-10-3532	3534	0.0000000000
353	FT911-10-3533	3535	0.0000000000
353	FT911-10-3534	3536	0.0000000000
353	FT911-10-3535	3537	0.0000000000
353	FT911-10-3536	3538	0.0000000000
353	FT911-10-3537	3539	0.0000000000
353	FT911-10-3538	3540	0.0000000000
353	FT911-10-3539	3541	0.0000000000
353	FT911-10-3540	3542	0.0000000000
353	FT911-10-3541	3543	0.0000000000
353	FT911-10-3542	3544	0.0000000000
353	FT911-10-3543	3545	0.0000000000
353	FT911-10-3544	3546	0.0000000000
353	FT911-10-3545	3547	0.0000000000
353	FT911-10-3546	3548	0.0000000000
353	FT911-10-3547	3549	0.0000000000
353	FT911-10-3548	3550	0.0000000000
353	FT911-10-3549	3551	0.0000000000
353	FT911-10-3550	3552	0.0000000000
353	FT911-10-3551	3553	0.0000000000
353	FT911-10-3552	3554	0.0000000000
353	FT911-10-3553	3555	0.0000000000
353	FT911-10-3554	3556	0.0000000000
353	FT911-10-3555	3557	0.0000000000
353	FT911-10-3556	3558	0.0000000000
353	FT911-10-3557	3559	0.0000000000
353	FT911-10-3558	3560	0.0000000000
353	FT911-10-3559	3561	0.0000000000
353	FT911-10-3560	3562	0.0000000000
353	FT911-10-3561	3563	0.0000000000
353	FT911-10-3562	3564	0.0000000000
353	FT911-10-3563	3565	0.0000000000
353	FT911-10-3564	3566	0.0000000000
353	FT911-10-3565	3567	0.0000000000
353	FT911-10-3566	3568	0.0000000000
353	FT911-10-3567	3569	0.0000000000
353	FT911-10-3568	3570	0.0000000000
353	FT911-10-3569	3571	0.0000000000
353	FT911-10-3570	3572	0.0000000000
353	FT911-10-3571	3573	0.0000000000
353	FT911-10-3572	3574	0.0000000000
353	FT911-10-3573	3575	0.0000000000
353	FT911-10-3574	3576	0.0000000000
353	FT911-10-3575	3577	0.0000000000
353	FT911-10-3576	3578	0.0000000000
353	FT911-10-3577	3579	0.0000000000
353	FT911-10-3578	3580	0.0000000000
353	FT911-10-3579	3581	0.0000000000
353	FT911-10-3580	3582	0.0000000000
353	FT911-10-3581	3583	0.0000000000
353	FT911-10-3582	3584	0.0000000000
353	FT911-10-3583	3585	0.0000000000
353	FT911-10-3584	3586	0.0000000000
353	FT911-10-3585	3587	0.0000000000
353	FT911-10-3586	3588	0.0000000000
353	FT911-10-3587	3589	0.0000000000
353	FT911-10-3588	3590	0.0000000000
353	FT911-10-3589	3591	0.0000000000
353	FT911-10-3590	3592	0.0000000000
353	FT911-10-3591	3593	0.0000000000
353	FT911-10-3592	3594	0.0000000000
353	FT911-10-3593	3595	0.0000000000
353	FT911-10-3594	3596	0.0000000000
353	FT911-10-3595	3597	0.0000000000
353	FT911-10-3596	3598	0.0000000000
353	FT911-10-3597	3599	0.0000000000
353	FT911-10-3598	3600	0.0000000000
353	FT911-10-3599	3601	0.0000000000
353	FT911-10-3600	3602	0.0000000000
353	FT911-10-3601	3603	0.0000000000
353	FT911-10-3602	3604	0.0000000000
353	FT911-10-3603	3605	0.0000000000
353	FT911-10-3604	3606	0.0000000000
353	FT911-10-3605	3607	0.0000000000
353	FT911-10-3606	3608	0.0000000000
353	FT911-10-3607	3609	0.0000000000
353	FT911-10-3608	3610	0.0000000000
353	FT911-10-3609	3611	0.0000000000
353	FT911-10-3610	3612	0.0000000000
353	FT911-10-3611	3613	0.0000000000
353	FT911-10-3612	3614	0.0000000000
353	FT911-10-3613	3615	0.0000000000
353	FT911-10-3614	3616	0.0000000000
353	FT911-10-3615	3617	0.0000000000
353	FT911-10-3616	3618	0.0000000000
353	FT911-10-3617	3619	0.0000000000
353	FT911-10-3618	3620	0.0000000000
353	FT911-10-3619	3621	0.0000000000
353	FT911-10-3620	3622	0.0000000000
353	FT911-10-3621	3623	0.0000000000
353	FT911-10-3622	3624	0.0000000000
353	FT911-10-3623	3625	0.0000000000
353	FT911-10-3624	3626	0.0000000000
353	FT911-10-3625	3627	0.0000000000
353	FT911-10-3626	3628	0.0000000000
353	FT911-10-3627	3629	0.0000000000
353	FT911-10-3628	3630	0.0000000000
353	FT911-10-3629	3631	0.0000000000
353	FT911-10-3630	3632	0.0000000000
353	FT911-10-3631	3633	0.0000000000
353	FT911-10-3632	3634	0.0000000000
353	FT911-10-3633	3635	0.0000000000
353	FT911-10-3634	3636	0.0000000000
353	FT911-10-3635	3637	0.0000000000
353	FT911-10-3636	3638	0.0000000000
353	FT911-10-3637	3639	0.0000000000
353	FT911-10-3638	3640	0.0000000000
353	FT911-10-3639	3641	0.0000000000
353	FT911-10-3640	3642	0.0000000000
353	FT911-10-3641	3643	0.0000000000
353	FT911-10-3642	3644	0.0000000000
353	FT911-10-3643	3645	0.0000000000
353	FT911-10-3644	3646	0.0000000000
353	FT911-10-3645	3647	0.0000000000
353	FT911-10-3646	3648	0.0000000000
353	FT911-10-3647	3649	0.0000000000
353	FT911-10-3648	3650	0.0000000000
353	FT911-10-3649	3651	0.0000000000
353	FT911-10-3650	3652	0.0000000000
353	FT911-10-3651	3653	0.0000000000
353	FT911-10-3652	3654	0.0000000000
353	FT911-10-3653	3655	0.0000000000
353	FT911-10-3654	3656	0.0000000000
353	FT911-10-3655	3657	0.0000000000
353	FT911-10-3656	3658	0.0000000000
353	FT911-10-3657	3659	0.0000000000
353	FT911-10-3658	3660	0.0000000000
353	FT911-10-3659	3661	0.0000000000
353	FT911-10-3660	3662	0.0000000000
353	FT911-10-3661	3663	0.0000000000
353	FT911-10-3662	3664	0.0000000000
353	FT911-10-3663	3665	0.0000000000
353	FT911-10-3664	3666	0.0000000000
353	FT911-10-3665	3667	0.0000000000
353	FT911-10-3666	3668	0.0000000000
353	FT911-10-3667	3669	0.0000000000
353	FT911-10-3668	3670	0.0000000000
353	FT911-10-3669	3671	0.0000000000
353	FT911-10-3670	3672	0.0000000000
353	FT911-10-3671	3673	0.0000000000
353	FT911-10-3672	3674	0.0000000000
353	FT911-10-3673	3675	0.0000000000
353	FT911-10-3674	3676	0.0000000000
353	FT911-10-3675	3677	0.0000000000
353	FT911-10-3676	3678	0.0000000000
353	FT911-10-3677	3679	0.0000000000
353	FT911-10-3678	3680	0.0000000000
353	FT911-10-3679	3681	0.0000000000
353	FT911-10-3680	3682	0.0000000000
353	FT911-10-3681	3683	0.0000000000
353	FT911-10-3682	3684	0.0000000000
353	FT911-10-3683	3685	0.0000000000
353	FT911-10-3684	3686	0.0000000000
353	FT911-10-3685	3687	0.0000000000
353	FT911-10-3686	3688	0.0000000000
353	FT911-10-3687	3689	0.0000000000
353	FT911-10-3688	3690	0.0000000000
353	FT911-10-3689	3691	0.0000000000
353	FT911-10-3690	3692	0.0000000000
353	FT911-10-3691	3693	0.0000000000
353	FT911-10-3692	3694	0.0000000000
353	FT911-10-3693	3695	0.0000000000
353	FT911-11-3694	3696	0.0000000000
353	FT911-11-3695	3697	0.0000000000
353	FT911-11-3696	3698	0.0000000000
353	FT911-11-3697	3699	0.0000000000
353	FT911-11-3698	3700	0.0000000000
353	FT911-11-3699	3701	0.0000000000
353	FT911-11-3700	3702	0.0000000000
353	FT911-11-3701	3703	0.0000000000
353	FT911-11-3702	3704	0.0000000000
353	FT911-11-3703	3705	0.0000000000
353	FT911-11-3704	3706	0.0000000000
353	FT911-11-3705	3707	0.0000000000
353	FT911-11-3706	3708	0.0000000000
353	FT911-11-3707	3709	0.0000000000
353	FT911-11-3708	3710	0.0000000000
353	FT911-11-3709	3711	0.0000000000
353	FT911-11-3710	3712	0.0000000000
353	FT911-11-3711	3713	0.0000000000
353	FT911-11-3712	3714	0.0000000000
353	FT911-11-3713	3715	0.0000000000
353	FT911-11-3714	3716	0.0000000000
353	FT911-11-3715	3717	0.0000000000
353	FT911-11-3716	3718	0.0000000000
353	FT911-11-3717	3719	0.0000000000
353	FT911-11-3718	3720	0.0000000000
353	FT911-11-3719	3721	0.0000000000
353	FT911-11-3720	3722	0.0000000000
353	FT911-11-3721	3723	0.0000000000
353	FT911-11-3722	3724	0.0000000000
353	FT911-11-3723	3725	0.0000000000
353	FT911-11-3724	3726	0.0000000000
353	FT911-11-3725	3727	0.0000000000
353	FT911-11-3726	3728	0.0000000000
353	FT911-11-3727	3729	0.0000000000
353	FT911-11-3728	3730	0.0000000000
353	FT911-11-3729	3731	0.0000000000
353	FT911-11-3730	3732	0.0000000000
353	FT911-11-3731	3733	0.0000000000
353	FT911-11-3732	3734	0.0000000000
353	FT911-11-3733	3735	0.0000000000
353	FT911-11-3734	3736	0.0000000000
353	FT911-11-3735	3737	0.0000000000
353	FT911-11-3736	3738	0.0000000000
353	FT911-11-3737	3739	0.0000000000
353	FT911-11-3738	3740	0.0000000000
353	FT911-11-3739	3741	0.0000000000
353	FT911-11-3740	3742	0.0000000000
353	FT911-11-3741	3743	0.0000000000
353	FT911-11-3742	3744	0.0000000000
353	FT911-11-3743	3745	0.0000000000
353	FT911-11-3744	3746	0.0000000000
353	FT911-11-3745	3747	0.0000000000
353	FT911-11-3746	3748	0.0000000000
353	FT911-11-3747	3749	0.0000000000
353	FT911-11-3748	3750	0.0000000000
353	FT911-11-3749	3751	0.0000000000
353	FT911-11-3750	3752	0.0000000000
353	FT911-11-3751	3753	0.0000000000
353	FT911-11-3752	3754	0.0000000000
353	FT911-11-3753	3755	0.0000000000
353	FT911-11-3754	3756	0.0000000000
353	FT911-11-3755	3757	0.0000000000
353	FT911-11-3756	3758	0.0000000000
353	FT911-11-3757	3759	0.0000000000
353	FT911-11-3758	3760	0.0000000000
353	FT911-11-3759	3761	0.0000000000
353	FT911-11-3760	3762	0.0000000000
353	FT911-11-3761	3763	0.0000000000
353	FT911-11-3762	3764	0.0000000000
353	FT911-11-3763	3765	0.0000000000
353	FT911-11-3764	3766	0.0000000000
353	FT911-11-3765	3767	0.0000000000
353	FT911-11-3766	3768	0.0000000000
353	FT911-11-3767	3769	0.0000000000
353	FT911-11-3768	3770	0.0000000000
353	FT911-11-3769	3771	0.0000000000
353	FT911-11-3770	3772	0.0000000000
353	FT911-11-3771	3773	0.0000000000
353	FT911-11-3772	3774	0.0000000000
353	FT911-11-3773	3775	0.0000000000
353	FT911-11-3774	3776	0.0000000000
353	FT911-11-3775	3777	0.0000000000
353	FT911-11-3776	3778	0.0000000000
353	FT911-11-3777	3779	0.0000000000
353	FT911-11-3778	3780	0.0000000000
353	FT911-11-3779	3781	0.0000000000
353	FT911-11-3780	3782	0.0000000000
353	FT911-11-3781	3783	0.0000000000
353	FT911-11-3782	3784	0.0000000000
353	FT911-11-3783	3785	0.0000000000
353	FT911-11-3784	3786	0.0000000000
353	FT911-11-3785	3787	0.0000000000
353	FT911-11-3786	3788	0.0000000000
353	FT911-11-3787	3789	0.0000000000
353	FT911-11-3788	3790	0.0000000000
353	FT911-11-3789	3791	0.0000000000
353	FT911-11-3790	3792	0.0000000000
353	FT911-11-3791	3793	0.0000000000
353	FT911-11-3792	3794	0.0000000000
353	FT911-11-3793	3795	0.0000000000
353	FT911-11-3794	3796	0.0000000000
353	FT911-11-3795	3797	0.0000000000
353	FT911-11-3796	3798	0.0000000000
353	FT911-11-3797	3799	0.0000000000
353	FT911-11-3798	3800	0.0000000000
353	FT911-11-3799	3801	0.0000000000
353	FT911-11-3800	3802	0.0000000000
353	FT911-11-3801	3803	0.0000000000
353	FT911-11-3802	3804	0.0000000000
353	FT911-11-3803	3805	0.0000000000
353	FT911-11-3804	3806	0.0000000000
353	FT911-11-3805	3807	0.0000000000
353	FT911-11-3806	3808	0.0000000000
353	FT911-11-3807	3809	0.0000000000
353	FT911-11-3808	3810	0.0000000000
353	FT911-11-3809	3811	0.0000000000
353	FT911-11-3810	3812	0.0000000000
353	FT911-11-3811	3813	0.0000000000
353	FT911-11-3812	3814	0.0000000000
353	FT911-11-3813	3815	0.0000000000
353	FT911-11-3814	3816	0.0000000000
353	FT911-11-3815	3817	0.0000000000
353	FT911-11-3816	3818	0.0000000000
353	FT911-11-3817	3819	0.0000000000
353	FT911-11-3818	3820	0.0000000000
353	FT911-11-3819	3821	0.0000000000
353	FT911-11-3820	3822	0.0000000000
353	FT911-11-3821	3823	0.0000000000
353	FT911-11-3822	3824	0.0000000000
353	FT911-11-3823	3825	0.0000000000
353	FT911-11-3824	3826	0.0000000000
353	FT911-11-3825	3827	0.0000000000
353	FT911-11-3826	3828	0.0000000000
353	FT911-11-3827	3829	0.0000000000
353	FT911-11-3828	3830	0.0000000000
353	FT911-11-3829	3831	0.0000000000
353	FT911-11-3830	3832	0.0000000000
353	FT911-11-3831	3833	0.0000000000
353	FT911-11-3832	3834	0.0000000000
353	FT911-11-3833	3835	0.0000000000
353	FT911-11-3834	3836	0.0000000000
353	FT911-11-3835	3837	0.0000000000
353	FT911-11-3836	3838	0.0000000000
353	FT911-11-3837	3839	0.0000000000
353	FT911-11-3838	3840	0.0000000000
353	FT911-11-3839	3841	0.0000000000
353	FT911-11-3840	3842	0.0000000000
353	FT911-11-3841	3843	0.0000000000
353	FT911-11-3842	3844	0.0000000000
353	FT911-11-3843	3845	0.0000000000
353	FT911-11-3844	3846	0.0000000000
353	FT911-11-3845	3847	0.0000000000
353	FT911-11-3846	3848	0.0000000000
353	FT911-11-3847	3849	0.0000000000
353	FT911-11-3848	3850	0.0000000000
353	FT911-11-3849	3851	0.0000000000
353	FT911-11-3850	3852	0.0000000000
353	FT911-11-3851	3853	0.0000000000
353	FT911-11-3852	3854	0.0000000000
353	FT911-11-3853	3855	0.0000000000
353	FT911-11-3854	3856	0.0000000000
353	FT911-11-3855	3857	0.0000000000
353	FT911-11-3856	3858	0.0000000000
353	FT911-11-3857	3859	0.0000000000
353	FT911-11-3858	3860	0.0000000000
353	FT911-11-3859	3861	0.0000000000
353	FT911-11-3860	3862	0.0000000000
353	FT911-11-3861	3863	0.0000000000
353	FT911-11-3862	3864	0.0000000000
353	FT911-11-3863	3865	0.0000000000
353	FT911-11-3864	3866	0.0000000000
353	FT911-11-3865	3867	0.0000000000
353	FT911-11-3866	3868	0.0000000000
353	FT911-11-3867	3869	0.0000000000
353	FT911-11-3868	3870	0.0000000000
353	FT911-11-3869	3871	0.0000000000
353	FT911-11-3870	3872	0.0000000000
353	FT911-11-3871	3873	0.0000000000
353	FT911-11-3872	3874	0.0000000000
353	FT911-11-3873	3875	0.0000000000
353	FT911-11-3874	3876	0.0000000000
353	FT911-11-3875	3877	0.0000000000
353	FT911-11-3876	3878	0.0000000000
353	FT911-11-3877	3879	0.0000000000
353	FT911-11-3878	3880	0.0000000000
353	FT911-11-3879	3881	0.0000000000
353	FT911-11-3880	3882	0.0000000000
353	FT911-11-3881	3883	0.0000000000
353	FT911-11-3882	3884	0.0000000000
353	FT911-11-3883	3885	0.0000000000
353	FT911-11-3884	3886	0.0000000000
353	FT911-11-3885	3887	0.0000000000
353	FT911-11-3886	3888	0.0000000000
353	FT911-11-3887	3889	0.0000000000
353	FT911-11-3888	3890	0.0000000000
353	FT911-11-3889	3891	0.0000000000
353	FT911-11-3890	3892	0.0000000000
353	FT911-11-3891	3893	0.0000000000
353	FT911-11-3892	3894	0.0000000000
353	FT911-11-3893	3895	0.0000000000
353	FT911-11-3894	3896	0.0000000000
353	FT911-11-3895	3897	0.0000000000
353	FT911-11-3896	3898	0.0000000000
353	FT911-11-3897	3899	0.0000000000
353	FT911-11-3898	3900	0.0000000000
353	FT911-11-3899	3901	0.0000000000
353	FT911-11-3900	3902	0.0000000000
353	FT911-11-3901	3903	0.0000000000
353	FT911-11-3902	3904	0.0000000000
353	FT911-11-3903	3905	0.0000000000
353	FT911-11-3904	3906	0.0000000000
353	FT911-11-3905	3907	0.0000000000
353	FT911-11-3906	3908	0.0000000000
353	FT911-11-3907	3909	0.0000000000
353	FT911-11-3908	3910	0.0000000000
353	FT911-11-3909	3911	0.0000000000
353	FT911-11-3910	3912	0.0000000000
353	FT911-11-3911	3913	0.0000000000
353	FT911-11-3912	3914	0.0000000000
353	FT911-11-3913	3915	0.0000000000
353	FT911-11-3914	3916	0.0000000000
353	FT911-11-3915	3917	0.0000000000
353	FT911-11-3916	3918	0.0000000000
353	FT911-11-3917	3919	0.0000000000
353	FT911-11-3918	3920	0.0000000000
353	FT911-11-3919	3921	0.0000000000
353	FT911-11-3920	3922	0.0000000000
353	FT911-11-3921	3923	0.0000000000
353	FT911-11-3922	3924	0.0000000000
353	FT911-11-3923	3925	0.0000000000
353	FT911-11-3924	3926	0.0000000000
353	FT911-11-3925	3927	0.0000000000
353	FT911-11-3926	3928	0.0000000000
353	FT911-11-3927	3929	0.0000000000
353	FT911-11-3928	3930	0.0000000000
353	FT911-11-3929	3931	0.0000000000
353	FT911-11-3930	3932	0.0000000000
353	FT911-11-3931	3933	0.0000000000
353	FT911-11-3932	3934	0.0000000000
353	FT911-11-3933	3935	0.0000000000
353	FT911-11-3934	3936	0.0000000000
353	FT911-11-3935	3937	0.0000000000
353	FT911-11-3936	3938	0.0000000000
353	FT911-11-3937	3939	0.0000000000
353	FT911-11-3938	3940	0.0000000000
353	FT911-11-3939	3941	0.0000000000
353	FT911-11-3940	3942	0.0000000000
353	FT911-11-3941	3943	0.0000000000
353	FT911-11-3942	3944	0.0000000000
353	FT911-11-3943	3945	0.0000000000
353	FT911-11-3944	3946	0.0000000000
353	FT911-11-3945	3947	0.0000000000
353	FT911-11-3946	3948	0.0000000000
353	FT911-11-3947	3949	0.0000000000
353	FT911-11-3948	3950	0.0000000000
353	FT911-11-3949	3951	0.0000000000
353	FT911-11-3950	3952	0.0000000000
353	FT911-11-3951	3953	0.0000000000
353	FT911-11-3952	3954	0.0000000000
353	FT911-11-3953	3955	0.0000000000
353	FT911-11-3954	3956	0.0000000000
353	FT911-11-3955	3957	0.0000000000
353	FT911-11-3956	3958	0.0000000000
353	FT911-11-3957	3959	0.0000000000
353	FT911-11-3958	3960	0.0000000000
353	FT911-11-3959	3961	0.0000000000
353	FT911-11-3960	3962	0.0000000000
353	FT911-11-3961	3963	0.0000000000
353	FT911-11-3962	3964	0.0000000000
353	FT911-11-3963	3965	0.0000000000
353	FT911-11-3964	3966	0.0000000000
353	FT911-11-3965	3967	0.0000000000
353	FT911-11-3966	3968	0.0000000000
353	FT911-11-3967	3969	0.0000000000
353	FT911-11-3968	3970	0.0000000000
353	FT911-11-3969	3971	0.0000000000
353	FT911-11-3970	3972	0.0000000000
353	FT911-11-3971	3973	0.0000000000
353	FT911-11-3972	3974	0.0000000000
353	FT911-11-3973	3975	0.0000000000
353	FT911-11-3974	3976	0.0000000000
353	FT911-11-3975	3977	0.0000000000
353	FT911-11-3976	3978	0.0000000000
353	FT911-11-3977	3979	0.0000000000
353	FT911-11-3978	3980	0.0000000000
353	FT911-11-3979	3981	0.0000000000
353	FT911-11-3980	3982	0.0000000000
353	FT911-11-3981	3983	0.0000000000
353	FT911-11-3982	3984	0.0000000000
353	FT911-11-3983	3985	0.0000000000
353	FT911-11-3984	3986	0.0000000000
353	FT911-11-3985	3987	0.0000000000
353	FT911-11-3986	3988	0.0000000000
353	FT911-11-3987	3989	0.0000000000
353	FT911-11-3988	3990	0.0000000000
353	FT911-11-3989	3991	0.0000000000
353	FT911-11-3990	3992	0.0000000000
353	FT911-11-3991	3993	0.0000000000
353	FT911-11-3992	3994	0.0000000000
353	FT911-11-3993	3995	0.0000000000
353	FT911-11-3994	3996	0.0000000000
353	FT911-11-3995	3997	0.0000000000
353	FT911-11-3996	3998	0.0000000000
353	FT911-11-3997	3999	0.0000000000
353	FT911-11-3998	4000	0.0000000000
353	FT911-11-3999	4001	0.0000000000
353	FT911-11-4000	4002	0.0000000000
353	FT911-11-4001	4003	0.0000000000
353	FT911-11-4002	4004	0.0000000000
353	FT911-11-4003	4005	0.0000000000
353	FT911-11-4004	4006	0.0000000000
353	FT911-11-4005	4007	0.0000000000
353	FT911-11-4006	4008	0.0000000000
353	FT911-11-4007	4009	0.0000000000
353	FT911-11-4008	4010	0.0000000000
353	FT911-11-4009	4011	0.0000000000
353	FT911-11-4010	4012	0.0000000000
353	FT911-11-4011	4013	0.0000000000
353	FT911-11-4012	4014	0.0000000000
353	FT911-11-4013	4015	0.0000000000
353	FT911-11-4014	4016	0.0000000000
353	FT911-11-4015	4017	0.0000000000
353	FT911-12-4016	4018	0.0000000000
353	FT911-12-4017	4019	0.0000000000
353	FT911-12-4018	4020	0.0000000000
353	FT911-12-4019	4021	0.0000000000
353	FT911-12-4020	4022	0.0000000000
353	FT911-12-4021	4023	0.0000000000
353	FT911-12-4022	4024	0.0000000000
353	FT911-12-4023	4025	0.0000000000
353	FT911-12-4024	4026	0.0000000000
353	FT911-12-4025	4027	0.0000000000
353	FT911-12-4026	4028	0.0000000000
353	FT911-12-4027	4029	0.0000000000
353	FT911-12-4028	4030	0.0000000000
353	FT911-12-4029	4031	0.0000000000
353	FT911-12-4030	4032	0.0000000000
353	FT911-12-4031	4033	0.0000000000
353	FT911-12-4032	4034	0.0000000000
353	FT911-12-4033	4035	0.0000000000
353	FT911-12-4034	4036	0.0000000000
353	FT911-12-4035	4037	0.0000000000
353	FT911-12-4036	4038	0.0000000000
353	FT911-12-4037	4039	0.0000000000
353	FT911-12-4038	4040	0.0000000000
353	FT911-12-4039	4041	0.0000000000
353	FT911-12-4040	4042	0.0000000000
353	FT911-12-4041	4043	0.0000000000
353	FT911-12-4042	4044	0.0000000000
353	FT911-12-4043	4045	0.0000000000
353	FT911-12-4044	4046	0.0000000000
353	FT911-12-4045	4047	0.0000000000
353	FT911-12-4046	4048	0.0000000000
353	FT911-12-4047	4049	0.0000000000
353	FT911-12-4048	4050	0.0000000000
353	FT911-12-4049	4051	0.0000000000
353	FT911-12-4050	4052	0.0000000000
353	FT911-12-4051	4053	0.0000000000
353	FT911-12-4052	4054	0.0000000000
353	FT911-12-4053	4055	0.0000000000
353	FT911-12-4054	4056	0.0000000000
353	FT911-12-4055	4057	0.0000000000
353	FT911-12-4056	4058	0.0000000000
353	FT911-12-4057	4059	0.0000000000
353	FT911-12-4058	4060	0.0000000000
353	FT911-12-4059	4061	0.0000000000
353	FT911-12-4060	4062	0.0000000000
353	FT911-12-4061	4063	0.0000000000
353	FT911-12-4062	4064	0.0000000000
353	FT911-12-4063	4065	0.0000000000
353	FT911-12-4064	4066	0.0000000000
353	FT911-12-4065	4067	0.0000000000
353	FT911-12-4066	4068	0.0000000000
353	FT911-12-4067	4069	0.0000000000
353	FT911-12-4068	4070	0.0000000000
353	FT911-12-4069	4071	0.0000000000
353	FT911-12-4070	4072	0.0000000000
353	FT911-12-4071	4073	0.0000000000
353	FT911-12-4072	4074	0.0000000000
353	FT911-12-4073	4075	0.0000000000
353	FT911-12-4074	4076	0.0000000000
353	FT911-12-4075	4077	0.0000000000
353	FT911-12-4076	4078	0.0000000000
353	FT911-12-4077	4079	0.0000000000
353	FT911-12-4078	4080	0.0000000000
353	FT911-12-4079	4081	0.0000000000
353	FT911-12-4080	4082	0.0000000000
353	FT911-12-4081	4083	0.0000000000
353	FT911-12-4082	4084	0.0000000000
353	FT911-12-4083	4085	0.0000000000
353	FT911-12-4084	4086	0.0000000000
353	FT911-12-4085	4087	0.0000000000
353	FT911-12-4086	4088	0.0000000000
353	FT911-12-4087	4089	0.0000000000
353	FT911-12-4088	4090	0.0000000000
353	FT911-12-4089	4091	0.0000000000
353	FT911-12-4090	4092	0.0000000000
353	FT911-12-4091	4093	0.0000000000
353	FT911-12-4092	4094	0.0000000000
353	FT911-12-4093	4095	0.0000000000
353	FT911-12-4094	4096	0.0000000000
353	FT911-12-4095	4097	0.0000000000
353	FT911-12-4096	4098	0.0000000000
353	FT911-12-4097	4099	0.0000000000
353	FT911-12-4098	4100	0.0000000000
353	FT911-12-4099	4101	0.0000000000
353	FT911-12-4100	4102	0.0000000000
353	FT911-12-4101	4103	0.0000000000
353	FT911-12-4102	4104	0.0000000000
353	FT911-12-4103	4105	0.0000000000
353	FT911-12-4104	4106	0.0000000000
353	FT911-12-4105	4107	0.0000000000
353	FT911-12-4106	4108	0.0000000000
353	FT911-12-4107	4109	0.0000000000
353	FT911-12-4108	4110	0.0000000000
353	FT911-12-4109	4111	0.0000000000
353	FT911-12-4110	4112	0.0000000000
353	FT911-12-4111	4113	0.0000000000
353	FT911-12-4112	4114	0.0000000000
353	FT911-12-4113	4115	0.0000000000
353	FT911-12-4114	4116	0.0000000000
353	FT911-12-4115	4117	0.0000000000
353	FT911-12-4116	4118	0.0000000000
353	FT911-12-4117	4119	0.0000000000
353	FT911-12-4118	4120	0.0000000000
353	FT911-12-4119	4121	0.0000000000
353	FT911-12-4120	4122	0.0000000000
353	FT911-12-4121	4123	0.0000000000
353	FT911-12-4122	4124	0.0000000000
353	FT911-12-4123	4125	0.0000000000
353	FT911-12-4124	4126	0.0000000000
353	FT911-12-4125	4127	0.0000000000
353	FT911-12-4126	4128	0.0000000000
353	FT911-12-4127	4129	0.0000000000
353	FT911-12-4128	4130	0.0000000000
353	FT911-12-4129	4131	0.0000000000
353	FT911-12-4130	4132	0.0000000000
353	FT911-12-4131	4133	0.0000000000
353	FT911-12-4132	4134	0.0000000000
353	FT911-12-4133	4135	0.0000000000
353	FT911-12-4134	4136	0.0000000000
353	FT911-12-4135	4137	0.0000000000
353	FT911-12-4136	4138	0.0000000000
353	FT911-12-4137	4139	0.0000000000
353	FT911-12-4138	4140	0.0000000000
353	FT911-12-4139	4141	0.0000000000
353	FT911-12-4140	4142	0.0000000000
353	FT911-12-4141	4143	0.0000000000
353	FT911-12-4142	4144	0.0000000000
353	FT911-12-4143	4145	0.0000000000
353	FT911-12-4144	4146	0.0000000000
353	FT911-12-4145	4147	0.0000000000
353	FT911-12-4146	4148	0.0000000000
353	FT911-12-4147	4149	0.0000000000
353	FT911-12-4148	4150	0.0000000000
353	FT911-12-4149	4151	0.0000000000
353	FT911-12-4150	4152	0.0000000000
353	FT911-12-4151	4153	0.0000000000
353	FT911-12-4152	4154	0.0000000000
353	FT911-12-4153	4155	0.0000000000
353	FT911-12-4154	4156	0.0000000000
353	FT911-12-4155	4157	0.0000000000
353	FT911-12-4156	4158	0.0000000000
353	FT911-12-4157	4159	0.0000000000
353	FT911-12-4158	4160	0.0000000000
353	FT911-12-4159	4161	0.0000000000
353	FT911-12-4160	4162	0.0000000000
353	FT911-12-4161	4163	0.0000000000
353	FT911-12-4162	4164	0.0000000000
353	FT911-12-4163	4165	0.0000000000
353	FT911-12-4164	4166	0.0000000000
353	FT911-12-4165	4167	0.0000000000
353	FT911-12-4166	4168	0.0000000000
353	FT911-12-4167	4169	0.0000000000
353	FT911-12-4168	4170	0.0000000000
353	FT911-12-4169	4171	0.0000000000
353	FT911-12-4170	4172	0.0000000000
353	FT911-12-4171	4173	0.0000000000
353	FT911-12-4172	4174	0.0000000000
353	FT911-12-4173	4175	0.0000000000
353	FT911-12-4174	4176	0.0000000000
353	FT911-12-4175	4177	0.0000000000
353	FT911-12-4176	4178	0.0000000000
353	FT911-12-4177	4179	0.0000000000
353	FT911-12-4178	4180	0.0000000000
353	FT911-12-4179	4181	0.0000000000
353	FT911-12-4180	4182	0.0000000000
353	FT911-12-4181	4183	0.0000000000
353	FT911-12-4182	4184	0.0000000000
353	FT911-12-4183	4185	0.0000000000
353	FT911-12-4184	4186	0.0000000000
353	FT911-12-4185	4187	0.0000000000
353	FT911-12-4186	4188	0.0000000000
353	FT911-12-4187	4189	0.0000000000
353	FT911-12-4188	4190	0.0000000000
353	FT911-12-4189	4191	0.0000000000
353	FT911-12-4190	4192	0.0000000000
353	FT911-12-4191	4193	0.0000000000
353	FT911-12-4192	4194	0.0000000000
353	FT911-12-4193	4195	0.0000000000
353	FT911-12-4194	4196	0.0000000000
353	FT911-12-4195	4197	0.0000000000
353	FT911-12-4196	4198	0.0000000000
353	FT911-12-4197	4199	0.0000000000
353	FT911-12-4198	4200	0.0000000000
353	FT911-12-4199	4201	0.0000000000
353	FT911-12-4200	4202	0.0000000000
353	FT911-12-4201	4203	0.0000000000
353	FT911-12-4202	4204	0.0000000000
353	FT911-12-4203	4205	0.0000000000
353	FT911-12-4204	4206	0.0000000000
353	FT911-12-4205	4207	0.0000000000
353	FT911-12-4206	4208	0.0000000000
353	FT911-12-4207	4209	0.0000000000
353	FT911-12-4208	4210	0.0000000000
353	FT911-12-4209	4211	0.0000000000
353	FT911-12-4210	4212	0.0000000000
353	FT911-12-4211	4213	0.0000000000
353	FT911-12-4212	4214	0.0000000000
353	FT911-12-4213	4215	0.0000000000
353	FT911-12-4214	4216	0.0000000000
353	FT911-12-4215	4217	0.0000000000
353	FT911-12-4216	4218	0.0000000000
353	FT911-12-4217	4219	0.0000000000
353	FT911-12-4218	4220	0.0000000000
353	FT911-12-4219	4221	0.0000000000
353	FT911-12-4220	4222	0.0000000000
353	FT911-12-4221	4223	0.0000000000
353	FT911-12-4222	4224	0.0000000000
353	FT911-12-4223	4225	0.0000000000
353	FT911-12-4224	4226	0.0000000000
353	FT911-12-4225	4227	0.0000000000
353	FT911-12-4226	4228	0.0000000000
353	FT911-12-4227	4229	0.0000000000
353	FT911-12-4228	4230	0.0000000000
353	FT911-12-4229	4231	0.0000000000
353	FT911-12-4230	4232	0.0000000000
353	FT911-12-4231	4233	0.0000000000
353	FT911-12-4232	4234	0.0000000000
353	FT911-12-4233	4235	0.0000000000
353	FT911-12-4234	4236	0.0000000000
353	FT911-12-4235	4237	0.0000000000
353	FT911-12-4236	4238	0.0000000000
353	FT911-12-4237	4239	0.0000000000
353	FT911-12-4238	4240	0.0000000000
353	FT911-12-4239	4241	0.0000000000
353	FT911-12-4240	4242	0.0000000000
353	FT911-12-4241	4243	0.0000000000
353	FT911-12-4242	4244	0.0000000000
353	FT911-12-4243	4245	0.0000000000
353	FT911-12-4244	4246	0.0000000000
353	FT911-12-4245	4247	0.0000000000
353	FT911-12-4246	4248	0.0000000000
353	FT911-12-4247	4249	0.0000000000
353	FT911-12-4248	4250	0.0000000000
353	FT911-12-4249	4251	0.0000000000
353	FT911-12-4250	4252	0.0000000000
353	FT911-12-4251	4253	0.0000000000
353	FT911-12-4252	4254	0.0000000000
353	FT911-12-4253	4255	0.0000000000
353	FT911-12-4254	4256	0.0000000000
353	FT911-12-4255	4257	0.0000000000
353	FT911-12-4256	4258	0.0000000000
353	FT911-12-4257	4259	0.0000000000
353	FT911-12-4258	4260	0.0000000000
353	FT911-12-4259	4261	0.0000000000
353	FT911-12-4260	4262	0.0000000000
353	FT911-12-4261	4263	0.0000000000
353	FT911-12-4262	4264	0.0000000000
353	FT911-12-4263	4265	0.0000000000
353	FT911-12-4264	4266	0.0000000000
353	FT911-12-4265	4267	0.0000000000
353	FT911-12-4266	4268	0.0000000000
353	FT911-12-4267	4269	0.0000000000
353	FT911-12-4268	4270	0.0000000000
353	FT911-12-4269	4271	0.0000000000
353	FT911-12-4270	4272	0.0000000000
353	FT911-12-4271	4273	0.0000000000
353	FT911-12-4272	4274	0.0000000000
353	FT911-12-4273	4275	0.0000000000
353	FT911-12-4274	4276	0.0000000000
353	FT911-12-4275	4277	0.0000000000
353	FT911-12-4276	4278	0.0000000000
353	FT911-12-4277	4279	0.0000000000
353	FT911-12-4278	4280	0.0000000000
353	FT911-12-4279	4281	0.0000000000
353	FT911-12-4280	4282	0.0000000000
353	FT911-12-4281	4283	0.0000000000
353	FT911-12-4282	4284	0.0000000000
353	FT911-12-4283	4285	0.0000000000
353	FT911-12-4284	4286	0.0000000000
353	FT911-12-4285	4287	0.0000000000
353	FT911-12-4286	4288	0.0000000000
353	FT911-12-4287	4289	0.0000000000
353	FT911-12-4288	4290	0.0000000000
353	FT911-12-4289	4291	0.0000000000
353	FT911-12-4290	4292	0.0000000000
353	FT911-12-4291	4293	0.0000000000
353	FT911-12-4292	4294	0.0000000000
353	FT911-12-4293	4295	0.0000000000
353	FT911-12-4294	4296	0.0000000000
353	FT911-12-4295	4297	0.0000000000
353	FT911-12-4296	4298	0.0000000000
353	FT911-12-4297	4299	0.0000000000
353	FT911-12-4298	4300	0.0000000000
353	FT911-12-4299	4301	0.0000000000
353	FT911-12-4300	4302	0.0000000000
353	FT911-12-4301	4303	0.0000000000
353	FT911-12-4302	4304	0.0000000000
353	FT911-12-4303	4305	0.0000000000
353	FT911-12-4304	4306	0.0000000000
353	FT911-12-4305	4307	0.0000000000
353	FT911-12-4306	4308	0.0000000000
353	FT911-12-4307	4309	0.0000000000
353	FT911-12-4308	4310	0.0000000000
353	FT911-12-4309	4311	0.0000000000
353	FT911-12-4310	4312	0.0000000000
353	FT911-12-4311	4313	0.0000000000
353	FT911-12-4312	4314	0.0000000000
353	FT911-12-4313	4315	0.0000000000
353	FT911-12-4314	4316	0.0000000000
353	FT911-12-4315	4317	0.0000000000
353	FT911-12-4316	4318	0.0000000000
353	FT911-12-4317	4319	0.0000000000
353	FT911-12-4318	4320	0.0000000000
353	FT911-12-4319	4321	0.0000000000
353	FT911-12-4320	4322	0.0000000000
353	FT911-12-4321	4323	0.0000000000
353	FT911-12-4322	4324	0.0000000000
353	FT911-12-4323	4325	0.0000000000
353	FT911-12-4324	4326	0.0000000000
353	FT911-12-4325	4327	0.0000000000
353	FT911-12-4326	4328	0.0000000000
353	FT911-12-4327	4329	0.0000000000
353	FT911-12-4328	4330	0.0000000000
353	FT911-12-4329	4331	0.0000000000
353	FT911-12-4330	4332	0.0000000000
353	FT911-12-4331	4333	0.0000000000
353	FT911-12-4332	4334	0.0000000000
353	FT911-12-4333	4335	0.0000000000
353	FT911-12-4334	4336	0.0000000000
353	FT911-12-4335	4337	0.0000000000
353	FT911-12-4336	4338	0.0000000000
353	FT911-12-4337	4339	0.0000000000
353	FT911-12-4338	4340	0.0000000000
353	FT911-12-4339	4341	0.0000000000
353	FT911-12-4340	4342	0.0000000000
353	FT911-12-4341	4343	0.0000000000
353	FT911-12-4342	4344	0.0000000000
353	FT911-12-4343	4345	0.0000000000
353	FT911-12-4344	4346	0.0000000000
353	FT911-12-4345	4347	0.0000000000
353	FT911-12-4346	4348	0.0000000000
353	FT911-12-4347	4349	0.0000000000
353	FT911-12-4348	4350	0.0000000000
353	FT911-12-4349	4351	0.0000000000
353	FT911-12-4350	4352	0.0000000000
353	FT911-12-4351	4353	0.0000000000
353	FT911-12-4352	4354	0.0000000000
353	FT911-12-4353	4355	0.0000000000
353	FT911-12-4354	4356	0.0000000000
353	FT911-12-4355	4357	0.0000000000
353	FT911-12-4356	4358	0.0000000000
353	FT911-12-4357	4359	0.0000000000
353	FT911-12-4358	4360	0.0000000000
353	FT911-12-4359	4361	0.0000000000
353	FT911-12-4360	4362	0.0000000000
353	FT911-12-4361	4363	0.0000000000
353	FT911-12-4362	4364	0.0000000000
353	FT911-12-4363	4365	0.0000000000
353	FT911-12-4364	4366	0.0000000000
353	FT911-12-4365	4367	0.0000000000
353	FT911-13-4366	4368	0.0000000000
353	FT911-13-4367	4369	0.0000000000
353	FT911-13-4368	4370	0.0000000000
353	FT911-13-4369	4371	0.0000000000
353	FT911-13-4370	4372	0.0000000000
353	FT911-13-4371	4373	0.0000000000
353	FT911-13-4372	4374	0.0000000000
353	FT911-13-4373	4375	0.0000000000
353	FT911-13-4374	4376	0.0000000000
353	FT911-13-4375	4377	0.0000000000
353	FT911-13-4376	4378	0.0000000000
353	FT911-13-4377	4379	0.0000000000
353	FT911-13-4378	4380	0.0000000000
353	FT911-13-4379	4381	0.0000000000
353	FT911-13-4380	4382	0.0000000000
353	FT911-13-4381	4383	0.0000000000
353	FT911-13-4382	4384	0.0000000000
353	FT911-13-4383	4385	0.0000000000
353	FT911-13-4384	4386	0.0000000000
353	FT911-13-4385	4387	0.0000000000
353	FT911-13-4386	4388	0.0000000000
353	FT911-13-4387	4389	0.0000000000
353	FT911-13-4388	4390	0.0000000000
353	FT911-13-4389	4391	0.0000000000
353	FT911-13-4390	4392	0.0000000000
353	FT911-13-4391	4393	0.0000000000
353	FT911-13-4392	4394	0.0000000000
353	FT911-13-4393	4395	0.0000000000
353	FT911-13-4394	4396	0.0000000000
353	FT911-13-4395	4397	0.0000000000
353	FT911-13-4396	4398	0.0000000000
353	FT911-13-4397	4399	0.0000000000
353	FT911-13-4398	4400	0.0000000000
353	FT911-13-4399	4401	0.0000000000
353	FT911-13-4400	4402	0.0000000000
353	FT911-13-4401	4403	0.0000000000
353	FT911-13-4402	4404	0.0000000000
353	FT911-13-4403	4405	0.0000000000
353	FT911-13-4404	4406	0.0000000000
353	FT911-13-4405	4407	0.0000000000
353	FT911-13-4406	4408	0.0000000000
353	FT911-13-4407	4409	0.0000000000
353	FT911-13-4408	4410	0.0000000000
353	FT911-13-4409	4411	0.0000000000
353	FT911-13-4410	4412	0.0000000000
353	FT911-13-4411	4413	0.0000000000
353	FT911-13-4412	4414	0.0000000000
353	FT911-13-4413	4415	0.0000000000
353	FT911-13-4414	4416	0.0000000000
353	FT911-13-4415	4417	0.0000000000
353	FT911-13-4416	4418	0.0000000000
353	FT911-13-4417	4419	0.0000000000
353	FT911-13-4418	4420	0.0000000000
353	FT911-13-4419	4421	0.0000000000
353	FT911-13-4420	4422	0.0000000000
353	FT911-13-4421	4423	0.0000000000
353	FT911-13-4422	4424	0.0000000000
353	FT911-13-4423	4425	0.0000000000
353	FT911-13-4424	4426	0.0000000000
353	FT911-13-4425	4427	0.0000000000
353	FT911-13-4426	4428	0.0000000000
353	FT911-13-4427	4429	0.0000000000
353	FT911-13-4428	4430	0.0000000000
353	FT911-13-4429	4431	0.0000000000
353	FT911-13-4430	4432	0.0000000000
353	FT911-13-4431	4433	0.0000000000
353	FT911-13-4432	4434	0.0000000000
353	FT911-13-4433	4435	0.0000000000
353	FT911-13-4434	4436	0.0000000000
353	FT911-13-4435	4437	0.0000000000
353	FT911-13-4436	4438	0.0000000000
353	FT911-13-4437	4439	0.0000000000
353	FT911-13-4438	4440	0.0000000000
353	FT911-13-4439	4441	0.0000000000
353	FT911-13-4440	4442	0.0000000000
353	FT911-13-4441	4443	0.0000000000
353	FT911-13-4442	4444	0.0000000000
353	FT911-13-4443	4445	0.0000000000
353	FT911-13-4444	4446	0.0000000000
353	FT911-13-4445	4447	0.0000000000
353	FT911-13-4446	4448	0.0000000000
353	FT911-13-4447	4449	0.0000000000
353	FT911-13-4448	4450	0.0000000000
353	FT911-13-4449	4451	0.0000000000
353	FT911-13-4450	4452	0.0000000000
353	FT911-13-4451	4453	0.0000000000
353	FT911-13-4452	4454	0.0000000000
353	FT911-13-4453	4455	0.0000000000
353	FT911-13-4454	4456	0.0000000000
353	FT911-13-4455	4457	0.0000000000
353	FT911-13-4456	4458	0.0000000000
353	FT911-13-4457	4459	0.0000000000
353	FT911-13-4458	4460	0.0000000000
353	FT911-13-4459	4461	0.0000000000
353	FT911-13-4460	4462	0.0000000000
353	FT911-13-4461	4463	0.0000000000
353	FT911-13-4462	4464	0.0000000000
353	FT911-13-4463	4465	0.0000000000
353	FT911-13-4464	4466	0.0000000000
353	FT911-13-4465	4467	0.0000000000
353	FT911-13-4466	4468	0.0000000000
353	FT911-13-4467	4469	0.0000000000
353	FT911-13-4468	4470	0.0000000000
353	FT911-13-4469	4471	0.0000000000
353	FT911-13-4470	4472	0.0000000000
353	FT911-13-4471	4473	0.0000000000
353	FT911-13-4472	4474	0.0000000000
353	FT911-13-4473	4475	0.0000000000
353	FT911-13-4474	4476	0.0000000000
353	FT911-13-4475	4477	0.0000000000
353	FT911-13-4476	4478	0.0000000000
353	FT911-13-4477	4479	0.0000000000
353	FT911-13-4478	4480	0.0000000000
353	FT911-13-4479	4481	0.0000000000
353	FT911-13-4480	4482	0.0000000000
353	FT911-13-4481	4483	0.0000000000
353	FT911-13-4482	4484	0.0000000000
353	FT911-13-4483	4485	0.0000000000
353	FT911-13-4484	4486	0.0000000000
353	FT911-13-4485	4487	0.0000000000
353	FT911-13-4486	4488	0.0000000000
353	FT911-13-4487	4489	0.0000000000
353	FT911-13-4488	4490	0.0000000000
353	FT911-13-4489	4491	0.0000000000
353	FT911-13-4490	4492	0.0000000000
353	FT911-13-4491	4493	0.0000000000
353	FT911-13-4492	4494	0.0000000000
353	FT911-13-4493	4495	0.0000000000
353	FT911-13-4494	4496	0.0000000000
353	FT911-13-4495	4497	0.0000000000
353	FT911-13-4496	4498	0.0000000000
353	FT911-13-4497	4499	0.0000000000
353	FT911-13-4498	4500	0.0000000000
353	FT911-13-4499	4501	0.0000000000
353	FT911-13-4500	4502	0.0000000000
353	FT911-13-4501	4503	0.0000000000
353	FT911-13-4502	4504	0.0000000000
353	FT911-13-4503	4505	0.0000000000
353	FT911-13-4504	4506	0.0000000000
353	FT911-13-4505	4507	0.0000000000
353	FT911-13-4506	4508	0.0000000000
353	FT911-13-4507	4509	0.0000000000
353	FT911-13-4508	4510	0.0000000000
353	FT911-13-4509	4511	0.0000000000
353	FT911-13-4510	4512	0.0000000000
353	FT911-13-4511	4513	0.0000000000
353	FT911-13-4512	4514	0.0000000000
353	FT911-13-4513	4515	0.0000000000
353	FT911-13-4514	4516	0.0000000000
353	FT911-13-4515	4517	0.0000000000
353	FT911-13-4516	4518	0.0000000000
353	FT911-13-4517	4519	0.0000000000
353	FT911-13-4518	4520	0.0000000000
353	FT911-13-4519	4521	0.0000000000
353	FT911-13-4520	4522	0.0000000000
353	FT911-13-4521	4523	0.0000000000
353	FT911-13-4522	4524	0.0000000000
353	FT911-13-4523	4525	0.0000000000
353	FT911-13-4524	4526	0.0000000000
353	FT911-13-4525	4527	0.0000000000
353	FT911-13-4526	4528	0.0000000000
353	FT911-13-4527	4529	0.0000000000
353	FT911-13-4528	4530	0.0000000000
353	FT911-13-4529	4531	0.0000000000
353	FT911-13-4530	4532	0.0000000000
353	FT911-13-4531	4533	0.0000000000
353	FT911-13-4532	4534	0.0000000000
353	FT911-13-4533	4535	0.0000000000
353	FT911-13-4534	4536	0.0000000000
353	FT911-13-4535	4537	0.0000000000
353	FT911-13-4536	4538	0.0000000000
353	FT911-13-4537	4539	0.0000000000
353	FT911-13-4538	4540	0.0000000000
353	FT911-13-4539	4541	0.0000000000
353	FT911-13-4540	4542	0.0000000000
353	FT911-13-4541	4543	0.0000000000
353	FT911-13-4542	4544	0.0000000000
353	FT911-13-4543	4545	0.0000000000
353	FT911-13-4544	4546	0.0000000000
353	FT911-13-4545	4547	0.0000000000
353	FT911-13-4546	4548	0.0000000000
353	FT911-13-4547	4549	0.0000000000
353	FT911-13-4548	4550	0.0000000000
353	FT911-13-4549	4551	0.0000000000
353	FT911-13-4550	4552	0.0000000000
353	FT911-13-4551	4553	0.0000000000
353	FT911-13-4552	4554	0.0000000000
353	FT911-13-4553	4555	0.0000000000
353	FT911-13-4554	4556	0.0000000000
353	FT911-13-4555	4557	0.0000000000
353	FT911-13-4556	4558	0.0000000000
353	FT911-13-4557	4559	0.0000000000
353	FT911-13-4558	4560	0.0000000000
353	FT911-13-4559	4561	0.0000000000
353	FT911-13-4560	4562	0.0000000000
353	FT911-13-4561	4563	0.0000000000
353	FT911-13-4562	4564	0.0000000000
353	FT911-13-4563	4565	0.0000000000
353	FT911-13-4564	4566	0.0000000000
353	FT911-13-4565	4567	0.0000000000
353	FT911-13-4566	4568	0.0000000000
353	FT911-13-4567	4569	0.0000000000
353	FT911-13-4568	4570	0.0000000000
353	FT911-13-4569	4571	0.0000000000
353	FT911-13-4570	4572	0.0000000000
353	FT911-13-4571	4573	0.0000000000
353	FT911-13-4572	4574	0.0000000000
353	FT911-13-4573	4575	0.0000000000
353	FT911-13-4574	4576	0.0000000000
353	FT911-13-4575	4577	0.0000000000
353	FT911-13-4576	4578	0.0000000000
353	FT911-13-4577	4579	0.0000000000
353	FT911-13-4578	4580	0.0000000000
353	FT911-13-4579	4581	0.0000000000
353	FT911-13-4580	4582	0.0000000000
353	FT911-13-4581	4583	0.0000000000
353	FT911-13-4582	4584	0.0000000000
353	FT911-13-4583	4585	0.0000000000
353	FT911-13-4584	4586	0.0000000000
353	FT911-13-4585	4587	0.0000000000
353	FT911-13-4586	4588	0.0000000000
353	FT911-13-4587	4589	0.0000000000
353	FT911-13-4588	4590	0.0000000000
353	FT911-13-4589	4591	0.0000000000
353	FT911-13-4590	4592	0.0000000000
353	FT911-13-4591	4593	0.0000000000
353	FT911-13-4592	4594	0.0000000000
353	FT911-13-4593	4595	0.0000000000
353	FT911-13-4594	4596	0.0000000000
353	FT911-13-4595	4597	0.0000000000
353	FT911-13-4596	4598	0.0000000000
353	FT911-13-4597	4599	0.0000000000
353	FT911-13-4598	4600	0.0000000000
353	FT911-13-4599	4601	0.0000000000
353	FT911-13-4600	4602	0.0000000000
353	FT911-13-4601	4603	0.0000000000
353	FT911-13-4602	4604	0.0000000000
353	FT911-13-4603	4605	0.0000000000
353	FT911-13-4604	4606	0.0000000000
353	FT911-13-4605	4607	0.0000000000
353	FT911-13-4606	4608	0.0000000000
353	FT911-13-4607	4609	0.0000000000
353	FT911-13-4608	4610	0.0000000000
353	FT911-13-4609	4611	0.0000000000
353	FT911-13-4610	4612	0.0000000000
353	FT911-13-4611	4613	0.0000000000
353	FT911-13-4612	4614	0.0000000000
353	FT911-13-4613	4615	0.0000000000
353	FT911-13-4614	4616	0.0000000000
353	FT911-13-4615	4617	0.0000000000
353	FT911-13-4616	4618	0.0000000000
353	FT911-13-4617	4619	0.0000000000
353	FT911-13-4618	4620	0.0000000000
353	FT911-13-4619	4621	0.0000000000
353	FT911-13-4620	4622	0.0000000000
353	FT911-13-4621	4623	0.0000000000
353	FT911-13-4622	4624	0.0000000000
353	FT911-13-4623	4625	0.0000000000
353	FT911-13-4624	4626	0.0000000000
353	FT911-13-4625	4627	0.0000000000
353	FT911-13-4626	4628	0.0000000000
353	FT911-13-4627	4629	0.0000000000
353	FT911-13-4628	4630	0.0000000000
353	FT911-13-4629	4631	0.0000000000
353	FT911-13-4630	4632	0.0000000000
353	FT911-13-4631	4633	0.0000000000
353	FT911-13-4632	4634	0.0000000000
353	FT911-13-4633	4635	0.0000000000
353	FT911-13-4634	4636	0.0000000000
353	FT911-13-4635	4637	0.0000000000
353	FT911-13-4636	4638	0.0000000000
353	FT911-13-4637	4639	0.0000000000
353	FT911-13-4638	4640	0.0000000000
353	FT911-13-4639	4641	0.0000000000
353	FT911-13-4640	4642	0.0000000000
353	FT911-13-4641	4643	0.0000000000
353	FT911-13-4642	4644	0.0000000000
353	FT911-13-4643	4645	0.0000000000
353	FT911-13-4644	4646	0.0000000000
353	FT911-13-4645	4647	0.0000000000
353	FT911-13-4646	4648	0.0000000000
353	FT911-13-4647	4649	0.0000000000
353	FT911-13-4648	4650	0.0000000000
353	FT911-13-4649	4651	0.0000000000
353	FT911-13-4650	4652	0.0000000000
353	FT911-13-4651	4653	0.0000000000
353	FT911-13-4652	4654	0.0000000000
353	FT911-13-4653	4655	0.0000000000
353	FT911-13-4654	4656	0.0000000000
353	FT911-13-4655	4657	0.0000000000
353	FT911-13-4656	4658	0.0000000000
353	FT911-13-4657	4659	0.0000000000
353	FT911-13-4658	4660	0.0000000000
353	FT911-13-4659	4661	0.0000000000
353	FT911-13-4660	4662	0.0000000000
353	FT911-13-4661	4663	0.0000000000
353	FT911-13-4662	4664	0.0000000000
353	FT911-13-4663	4665	0.0000000000
353	FT911-13-4664	4666	0.0000000000
353	FT911-13-4665	4667	0.0000000000
353	FT911-13-4666	4668	0.0000000000
353	FT911-13-4667	4669	0.0000000000
353	FT911-13-4668	4670	0.0000000000
353	FT911-13-4669	4671	0.0000000000
353	FT911-13-4670	4672	0.0000000000
353	FT911-13-4671	4673	0.0000000000
353	FT911-13-4672	4674	0.0000000000
353	FT911-13-4673	4675	0.0000000000
353	FT911-13-4674	4676	0.0000000000
353	FT911-13-4675	4677	0.0000000000
353	FT911-13-4676	4678	0.0000000000
353	FT911-13-4677	4679	0.0000000000
353	FT911-13-4678	4680	0.0000000000
353	FT911-13-4679	4681	0.0000000000
353	FT911-13-4680	4682	0.0000000000
353	FT911-13-4681	4683	0.0000000000
353	FT911-13-4682	4684	0.0000000000
353	FT911-13-4683	4685	0.0000000000
353	FT911-13-4684	4686	0.0000000000
353	FT911-13-4685	4687	0.0000000000
353	FT911-13-4686	4688	0.0000000000
353	FT911-13-4687	4689	0.0000000000
353	FT911-13-4688	4690	0.0000000000
353	FT911-13-4689	4691	0.0000000000
353	FT911-13-4690	4692	0.0000000000
353	FT911-13-4691	4693	0.0000000000
353	FT911-13-4692	4694	0.0000000000
353	FT911-13-4693	4695	0.0000000000
353	FT911-13-4694	4696	0.0000000000
353	FT911-13-4695	4697	0.0000000000
353	FT911-13-4696	4698	0.0000000000
353	FT911-13-4697	4699	0.0000000000
353	FT911-13-4698	4700	0.0000000000
353	FT911-13-4699	4701	0.0000000000
353	FT911-13-4700	4702	0.0000000000
353	FT911-13-4701	4703	0.0000000000
353	FT911-13-4702	4704	0.0000000000
353	FT911-13-4703	4705	0.0000000000
353	FT911-13-4704	4706	0.0000000000
353	FT911-13-4705	4707	0.0000000000
353	FT911-13-4706	4708	0.0000000000
353	FT911-13-4707	4709	0.0000000000
353	FT911-13-4708	4710	0.0000000000
353	FT911-13-4709	4711	0.0000000000
353	FT911-13-4710	4712	0.0000000000
353	FT911-13-4711	4713	0.0000000000
353	FT911-13-4712	4714	0.0000000000
353	FT911-13-4713	4715	0.0000000000
353	FT911-13-4714	4716	0.0000000000
353	FT911-13-4715	4717	0.0000000000
353	FT911-13-4716	4718	0.0000000000
353	FT911-13-4717	4719	0.0000000000
353	FT911-13-4718	4720	0.0000000000
353	FT911-13-4719	4721	0.0000000000
353	FT911-13-4720	4722	0.0000000000
353	FT911-13-4721	4723	0.0000000000
353	FT911-13-4722	4724	0.0000000000
353	FT911-13-4723	4725	0.0000000000
353	FT911-13-4724	4726	0.0000000000
353	FT911-13-4725	4727	0.0000000000
353	FT911-13-4726	4728	0.0000000000
353	FT911-13-4727	4729	0.0000000000
353	FT911-13-4728	4730	0.0000000000
353	FT911-13-4729	4731	0.0000000000
353	FT911-13-4730	4732	0.0000000000
353	FT911-13-4731	4733	0.0000000000
353	FT911-13-4732	4734	0.0000000000
353	FT911-13-4733	4735	0.0000000000
353	FT911-13-4734	4736	0.0000000000
353	FT911-13-4735	4737	0.0000000000
353	FT911-13-4736	4738	0.0000000000
353	FT911-13-4737	4739	0.0000000000
353	FT911-13-4738	4740	0.0000000000
353	FT911-13-4739	4741	0.0000000000
353	FT911-13-4740	4742	0.0000000000
353	FT911-13-4741	4743	0.0000000000
353	FT911-13-4742	4744	0.0000000000
353	FT911-13-4743	4745	0.0000000000
353	FT911-13-4744	4746	0.0000000000
353	FT911-13-4745	4747	0.0000000000
353	FT911-13-4746	4748	0.0000000000
353	FT911-13-4747	4749	0.0000000000
353	FT911-13-4748	4750	0.0000000000
353	FT911-14-4749	4751	0.0000000000
353	FT911-14-4750	4752	0.0000000000
353	FT911-14-4751	4753	0.0000000000
353	FT911-14-4752	4754	0.0000000000
353	FT911-14-4753	4755	0.0000000000
353	FT911-14-4754	4756	0.0000000000
353	FT911-14-4755	4757	0.0000000000
353	FT911-14-4756	4758	0.0000000000
353	FT911-14-4757	4759	0.0000000000
353	FT911-14-4758	4760	0.0000000000
353	FT911-14-4759	4761	0.0000000000
353	FT911-14-4760	4762	0.0000000000
353	FT911-14-4761	4763	0.0000000000
353	FT911-14-4762	4764	0.0000000000
353	FT911-14-4763	4765	0.0000000000
353	FT911-14-4764	4766	0.0000000000
353	FT911-14-4765	4767	0.0000000000
353	FT911-14-4766	4768	0.0000000000
353	FT911-14-4767	4769	0.0000000000
353	FT911-14-4768	4770	0.0000000000
353	FT911-14-4769	4771	0.0000000000
353	FT911-14-4770	4772	0.0000000000
353	FT911-14-4771	4773	0.0000000000
353	FT911-14-4772	4774	0.0000000000
353	FT911-14-4773	4775	0.0000000000
353	FT911-14-4774	4776	0.0000000000
353	FT911-14-4775	4777	0.0000000000
353	FT911-14-4776	4778	0.0000000000
353	FT911-14-4777	4779	0.0000000000
353	FT911-14-4778	4780	0.0000000000
353	FT911-14-4779	4781	0.0000000000
353	FT911-14-4780	4782	0.0000000000
353	FT911-14-4781	4783	0.0000000000
353	FT911-14-4782	4784	0.0000000000
353	FT911-14-4783	4785	0.0000000000
353	FT911-14-4784	4786	0.0000000000
353	FT911-14-4785	4787	0.0000000000
353	FT911-14-4786	4788	0.0000000000
353	FT911-14-4787	4789	0.0000000000
353	FT911-14-4788	4790	0.0000000000
353	FT911-14-4789	4791	0.0000000000
353	FT911-14-4790	4792	0.0000000000
353	FT911-14-4791	4793	0.0000000000
353	FT911-14-4792	4794	0.0000000000
353	FT911-14-4793	4795	0.0000000000
353	FT911-14-4794	4796	0.0000000000
353	FT911-14-4795	4797	0.0000000000
353	FT911-14-4796	4798	0.0000000000
353	FT911-14-4797	4799	0.0000000000
353	FT911-14-4798	4800	0.0000000000
353	FT911-14-4799	4801	0.0000000000
353	FT911-14-4800	4802	0.0000000000
353	FT911-14-4801	4803	0.0000000000
353	FT911-14-4802	4804	0.0000000000
353	FT911-14-4803	4805	0.0000000000
353	FT911-14-4804	4806	0.0000000000
353	FT911-14-4805	4807	0.0000000000
353	FT911-14-4806	4808	0.0000000000
353	FT911-14-4807	4809	0.0000000000
353	FT911-14-4808	4810	0.0000000000
353	FT911-14-4809	4811	0.0000000000
353	FT911-14-4810	4812	0.0000000000
353	FT911-14-4811	4813	0.0000000000
353	FT911-14-4812	4814	0.0000000000
353	FT911-14-4813	4815	0.0000000000
353	FT911-14-4814	4816	0.0000000000
353	FT911-14-4815	4817	0.0000000000
353	FT911-14-4816	4818	0.0000000000
353	FT911-14-4817	4819	0.0000000000
353	FT911-14-4818	4820	0.0000000000
353	FT911-14-4819	4821	0.0000000000
353	FT911-14-4820	4822	0.0000000000
353	FT911-14-4821	4823	0.0000000000
353	FT911-14-4822	4824	0.0000000000
353	FT911-14-4823	4825	0.0000000000
353	FT911-14-4824	4826	0.0000000000
353	FT911-14-4825	4827	0.0000000000
353	FT911-14-4826	4828	0.0000000000
353	FT911-14-4827	4829	0.0000000000
353	FT911-14-4828	4830	0.0000000000
353	FT911-14-4829	4831	0.0000000000
353	FT911-14-4830	4832	0.0000000000
353	FT911-14-4831	4833	0.0000000000
353	FT911-14-4832	4834	0.0000000000
353	FT911-14-4833	4835	0.0000000000
353	FT911-14-4834	4836	0.0000000000
353	FT911-14-4835	4837	0.0000000000
353	FT911-14-4836	4838	0.0000000000
353	FT911-14-4837	4839	0.0000000000
353	FT911-14-4838	4840	0.0000000000
353	FT911-14-4839	4841	0.0000000000
353	FT911-14-4840	4842	0.0000000000
353	FT911-14-4841	4843	0.0000000000
353	FT911-14-4842	4844	0.0000000000
353	FT911-14-4843	4845	0.0000000000
353	FT911-14-4844	4846	0.0000000000
353	FT911-14-4845	4847	0.0000000000
353	FT911-14-4846	4848	0.0000000000
353	FT911-14-4847	4849	0.0000000000
353	FT911-14-4848	4850	0.0000000000
353	FT911-14-4849	4851	0.0000000000
353	FT911-14-4850	4852	0.0000000000
353	FT911-14-4851	4853	0.0000000000
353	FT911-14-4852	4854	0.0000000000
353	FT911-14-4853	4855	0.0000000000
353	FT911-14-4854	4856	0.0000000000
353	FT911-14-4855	4857	0.0000000000
353	FT911-14-4856	4858	0.0000000000
353	FT911-14-4857	4859	0.0000000000
353	FT911-14-4858	4860	0.0000000000
353	FT911-14-4859	4861	0.0000000000
353	FT911-14-4860	4862	0.0000000000
353	FT911-14-4861	4863	0.0000000000
353	FT911-14-4862	4864	0.0000000000
353	FT911-14-4863	4865	0.0000000000
353	FT911-14-4864	4866	0.0000000000
353	FT911-14-4865	4867	0.0000000000
353	FT911-14-4866	4868	0.0000000000
353	FT911-14-4867	4869	0.0000000000
353	FT911-14-4868	4870	0.0000000000
353	FT911-14-4869	4871	0.0000000000
353	FT911-14-4870	4872	0.0000000000
353	FT911-14-4871	4873	0.0000000000
353	FT911-14-4872	4874	0.0000000000
353	FT911-14-4873	4875	0.0000000000
353	FT911-14-4874	4876	0.0000000000
353	FT911-14-4875	4877	0.0000000000
353	FT911-14-4876	4878	0.0000000000
353	FT911-14-4877	4879	0.0000000000
353	FT911-14-4878	4880	0.0000000000
353	FT911-14-4879	4881	0.0000000000
353	FT911-14-4880	4882	0.0000000000
353	FT911-14-4881	4883	0.0000000000
353	FT911-14-4882	4884	0.0000000000
353	FT911-14-4883	4885	0.0000000000
353	FT911-14-4884	4886	0.0000000000
353	FT911-14-4885	4887	0.0000000000
353	FT911-14-4886	4888	0.0000000000
353	FT911-14-4887	4889	0.0000000000
353	FT911-14-4888	4890	0.0000000000
353	FT911-14-4889	4891	0.0000000000
353	FT911-14-4890	4892	0.0000000000
353	FT911-14-4891	4893	0.0000000000
353	FT911-14-4892	4894	0.0000000000
353	FT911-14-4893	4895	0.0000000000
353	FT911-14-4894	4896	0.0000000000
353	FT911-14-4895	4897	0.0000000000
353	FT911-14-4896	4898	0.0000000000
353	FT911-14-4897	4899	0.0000000000
353	FT911-14-4898	4900	0.0000000000
353	FT911-14-4899	4901	0.0000000000
353	FT911-14-4900	4902	0.0000000000
353	FT911-14-4901	4903	0.0000000000
353	FT911-14-4902	4904	0.0000000000
353	FT911-14-4903	4905	0.0000000000
353	FT911-14-4904	4906	0.0000000000
353	FT911-14-4905	4907	0.0000000000
353	FT911-14-4906	4908	0.0000000000
353	FT911-14-4907	4909	0.0000000000
353	FT911-14-4908	4910	0.0000000000
353	FT911-14-4909	4911	0.0000000000
353	FT911-14-4910	4912	0.0000000000
353	FT911-14-4911	4913	0.0000000000
353	FT911-14-4912	4914	0.0000000000
353	FT911-14-4913	4915	0.0000000000
353	FT911-14-4914	4916	0.0000000000
353	FT911-14-4915	4917	0.0000000000
353	FT911-14-4916	4918	0.0000000000
353	FT911-14-4917	4919	0.0000000000
353	FT911-14-4918	4920	0.0000000000
353	FT911-14-4919	4921	0.0000000000
353	FT911-14-4920	4922	0.0000000000
353	FT911-14-4921	4923	0.0000000000
353	FT911-14-4922	4924	0.0000000000
353	FT911-14-4923	4925	0.0000000000
353	FT911-14-4924	4926	0.0000000000
353	FT911-14-4925	4927	0.0000000000
353	FT911-14-4926	4928	0.0000000000
353	FT911-14-4927	4929	0.0000000000
353	FT911-14-4928	4930	0.0000000000
353	FT911-14-4929	4931	0.0000000000
353	FT911-14-4930	4932	0.0000000000
353	FT911-14-4931	4933	0.0000000000
353	FT911-14-4932	4934	0.0000000000
353	FT911-14-4933	4935	0.0000000000
353	FT911-14-4934	4936	0.0000000000
353	FT911-14-4935	4937	0.0000000000
353	FT911-14-4936	4938	0.0000000000
353	FT911-14-4937	4939	0.0000000000
353	FT911-14-4938	4940	0.0000000000
353	FT911-14-4939	4941	0.0000000000
353	FT911-14-4940	4942	0.0000000000
353	FT911-14-4941	4943	0.0000000000
353	FT911-14-4942	4944	0.0000000000
353	FT911-14-4943	4945	0.0000000000
353	FT911-14-4944	4946	0.0000000000
353	FT911-14-4945	4947	0.0000000000
353	FT911-14-4946	4948	0.0000000000
353	FT911-14-4947	4949	0.0000000000
353	FT911-14-4948	4950	0.0000000000
353	FT911-14-4949	4951	0.0000000000
353	FT911-14-4950	4952	0.0000000000
353	FT911-14-4951	4953	0.0000000000
353	FT911-14-4952	4954	0.0000000000
353	FT911-14-4953	4955	0.0000000000
353	FT911-14-4954	4956	0.0000000000
353	FT911-14-4955	4957	0.0000000000
353	FT911-14-4956	4958	0.0000000000
353	FT911-14-4957	4959	0.0000000000
353	FT911-14-4958	4960	0.0000000000
353	FT911-14-4959	4961	0.0000000000
353	FT911-14-4960	4962	0.0000000000
353	FT911-14-4961	4963	0.0000000000
353	FT911-14-4962	4964	0.0000000000
353	FT911-14-4963	4965	0.0000000000
353	FT911-14-4964	4966	0.0000000000
353	FT911-14-4965	4967	0.0000000000
353	FT911-14-4966	4968	0.0000000000
353	FT911-14-4967	4969	0.0000000000
353	FT911-14-4968	4970	0.0000000000
353	FT911-14-4969	4971	0.0000000000
353	FT911-14-4970	4972	0.0000000000
353	FT911-14-4971	4973	0.0000000000
353	FT911-14-4972	4974	0.0000000000
353	FT911-14-4974	4975	0.0000000000
353	FT911-14-4975	4976	0.0000000000
353	FT911-14-4976	4977	0.0000000000
353	FT911-14-4977	4978	0.0000000000
353	FT911-14-4978	4979	0.0000000000
353	FT911-14-4979	4980	0.0000000000
353	FT911-14-4980	4981	0.0000000000
353	FT911-14-4981	4982	0.0000000000
353	FT911-14-4982	4983	0.0000000000
353	FT911-14-4983	4984	0.0000000000
353	FT911-14-4984	4985	0.0000000000
353	FT911-14-4985	4986	0.0000000000
353	FT911-14-4986	4987	0.0000000000
353	FT911-14-4987	4988	0.0000000000
353	FT911-14-4988	4989	0.0000000000
353	FT911-14-4989	4990	0.0000000000
353	FT911-14-4990	4991	0.0000000000
353	FT911-14-4991	4992	0.0000000000
353	FT911-14-4992	4993	0.0000000000
353	FT911-14-4993	4994	0.0000000000
353	FT911-14-4994	4995	0.0000000000
353	FT911-14-4995	4996	0.0000000000
353	FT911-14-4996	4997	0.0000000000
353	FT911-14-4997	4998	0.0000000000
353	FT911-14-4998	4999	0.0000000000
353	FT911-14-4999	5000	0.0000000000
353	FT911-14-5000	5001	0.0000000000
353	FT911-14-5001	5002	0.0000000000
353	FT911-14-5002	5003	0.0000000000
353	FT911-14-5003	5004	0.0000000000
353	FT911-14-5004	5005	0.0000000000
353	FT911-14-5005	5006	0.0000000000
353	FT911-14-5006	5007	0.0000000000
353	FT911-14-5007	5008	0.0000000000
353	FT911-14-5008	5009	0.0000000000
353	FT911-14-5009	5010	0.0000000000
353	FT911-14-5010	5011	0.0000000000
353	FT911-14-5011	5012	0.0000000000
353	FT911-14-5012	5013	0.0000000000
353	FT911-14-5013	5014	0.0000000000
353	FT911-14-5014	5015	0.0000000000
353	FT911-14-5015	5016	0.0000000000
353	FT911-14-5016	5017	0.0000000000
353	FT911-14-5017	5018	0.0000000000
353	FT911-14-5018	5019	0.0000000000
353	FT911-14-5019	5020	0.0000000000
353	FT911-14-5020	5021	0.0000000000
353	FT911-14-5021	5022	0.0000000000
353	FT911-14-5022	5023	0.0000000000
353	FT911-14-5023	5024	0.0000000000
353	FT911-14-5024	5025	0.0000000000
353	FT911-14-5025	5026	0.0000000000
353	FT911-14-5026	5027	0.0000000000
353	FT911-14-5027	5028	0.0000000000
353	FT911-14-5028	5029	0.0000000000
353	FT911-14-5029	5030	0.0000000000
353	FT911-14-5030	5031	0.0000000000
353	FT911-14-5031	5032	0.0000000000
353	FT911-14-5032	5033	0.0000000000
353	FT911-14-5033	5034	0.0000000000
353	FT911-14-5034	5035	0.0000000000
353	FT911-14-5035	5036	0.0000000000
353	FT911-14-5036	5037	0.0000000000
353	FT911-14-5037	5038	0.0000000000
353	FT911-14-5038	5039	0.0000000000
353	FT911-14-5039	5040	0.0000000000
353	FT911-14-5040	5041	0.0000000000
353	FT911-14-5041	5042	0.0000000000
353	FT911-14-5042	5043	0.0000000000
353	FT911-14-5043	5044	0.0000000000
353	FT911-14-5044	5045	0.0000000000
353	FT911-14-5045	5046	0.0000000000
353	FT911-14-5046	5047	0.0000000000
353	FT911-14-5047	5048	0.0000000000
353	FT911-14-5048	5049	0.0000000000
353	FT911-14-5049	5050	0.0000000000
353	FT911-14-5050	5051	0.0000000000
353	FT911-14-5051	5052	0.0000000000
353	FT911-14-5052	5053	0.0000000000
353	FT911-14-5053	5054	0.0000000000
353	FT911-14-5054	5055	0.0000000000
353	FT911-14-5055	5056	0.0000000000
353	FT911-14-5056	5057	0.0000000000
353	FT911-14-5057	5058	0.0000000000
353	FT911-14-5058	5059	0.0000000000
353	FT911-14-5059	5060	0.0000000000
353	FT911-14-5060	5061	0.0000000000
353	FT911-14-5061	5062	0.0000000000
353	FT911-14-5062	5063	0.0000000000
353	FT911-14-5063	5064	0.0000000000
353	FT911-14-5064	5065	0.0000000000
353	FT911-14-5065	5066	0.0000000000
353	FT911-14-5066	5067	0.0000000000
353	FT911-14-5067	5068	0.0000000000
353	FT911-14-5068	5069	0.0000000000
353	FT911-14-5069	5070	0.0000000000
353	FT911-14-5070	5071	0.0000000000
353	FT911-14-5071	5072	0.0000000000
353	FT911-14-5072	5073	0.0000000000
353	FT911-14-5073	5074	0.0000000000
353	FT911-14-5074	5075	0.0000000000
353	FT911-14-5075	5076	0.0000000000
353	FT911-14-5076	5077	0.0000000000
353	FT911-14-5077	5078	0.0000000000
353	FT911-14-5078	5079	0.0000000000
353	FT911-14-5079	5080	0.0000000000
353	FT911-14-5080	5081	0.0000000000
353	FT911-14-5081	5082	0.0000000000
353	FT911-14-5082	5083	0.0000000000
353	FT911-14-5083	5084	0.0000000000
353	FT911-14-5084	5085	0.0000000000
353	FT911-14-5085	5086	0.0000000000
353	FT911-14-5086	5087	0.0000000000
353	FT911-14-5087	5088	0.0000000000
353	FT911-14-5088	5089	0.0000000000
353	FT911-14-5089	5090	0.0000000000
353	FT911-14-5090	5091	0.0000000000
353	FT911-14-5091	5092	0.0000000000
353	FT911-14-5092	5093	0.0000000000
353	FT911-14-5093	5094	0.0000000000
353	FT911-14-5094	5095	0.0000000000
353	FT911-14-5095	5096	0.0000000000
353	FT911-14-5096	5097	0.0000000000
353	FT911-14-5097	5098	0.0000000000
353	FT911-14-5098	5099	0.0000000000
353	FT911-14-5099	5100	0.0000000000
353	FT911-14-5100	5101	0.0000000000
353	FT911-14-5101	5102	0.0000000000
353	FT911-14-5102	5103	0.0000000000
353	FT911-14-5103	5104	0.0000000000
353	FT911-14-5104	5105	0.0000000000
353	FT911-14-5105	5106	0.0000000000
353	FT911-14-5106	5107	0.0000000000
353	FT911-14-5107	5108	0.0000000000
353	FT911-14-5108	5109	0.0000000000
353	FT911-14-5109	5110	0.0000000000
353	FT911-14-5110	5111	0.0000000000
353	FT911-14-5111	5112	0.0000000000
353	FT911-14-5112	5113	0.0000000000
353	FT911-14-5113	5114	0.0000000000
353	FT911-14-5114	5115	0.0000000000
353	FT911-14-5115	5116	0.0000000000
353	FT911-14-5116	5117	0.0000000000
353	FT911-14-5117	5118	0.0000000000
353	FT911-14-5118	5119	0.0000000000
353	FT911-14-5119	5120	0.0000000000
353	FT911-14-5120	5121	0.0000000000
353	FT911-14-5121	5122	0.0000000000
353	FT911-14-5122	5123	0.0000000000
353	FT911-14-5123	5124	0.0000000000
353	FT911-14-5124	5125	0.0000000000
353	FT911-14-5125	5126	0.0000000000
353	FT911-14-5126	5127	0.0000000000
353	FT911-14-5127	5128	0.0000000000
353	FT911-14-5128	5129	0.0000000000
353	FT911-15-5129	5130	0.0000000000
353	FT911-15-5130	5131	0.0000000000
353	FT911-15-5131	5132	0.0000000000
353	FT911-15-5132	5133	0.0000000000
353	FT911-15-5133	5134	0.0000000000
353	FT911-15-5134	5135	0.0000000000
353	FT911-15-5135	5136	0.0000000000
353	FT911-15-5136	5137	0.0000000000
353	FT911-15-5137	5138	0.0000000000
353	FT911-15-5138	5139	0.0000000000
353	FT911-15-5139	5140	0.0000000000
353	FT911-15-5140	5141	0.0000000000
353	FT911-15-5141	5142	0.0000000000
353	FT911-15-5142	5143	0.0000000000
353	FT911-15-5143	5144	0.0000000000
353	FT911-15-5144	5145	0.0000000000
353	FT911-15-5145	5146	0.0000000000
353	FT911-15-5146	5147	0.0000000000
353	FT911-15-5147	5148	0.0000000000
353	FT911-15-5148	5149	0.0000000000
353	FT911-15-5149	5150	0.0000000000
353	FT911-15-5150	5151	0.0000000000
353	FT911-15-5151	5152	0.0000000000
353	FT911-15-5152	5153	0.0000000000
353	FT911-15-5153	5154	0.0000000000
353	FT911-15-5154	5155	0.0000000000
353	FT911-15-5155	5156	0.0000000000
353	FT911-15-5156	5157	0.0000000000
353	FT911-15-5157	5158	0.0000000000
353	FT911-15-5158	5159	0.0000000000
353	FT911-15-5159	5160	0.0000000000
353	FT911-15-5160	5161	0.0000000000
353	FT911-15-5161	5162	0.0000000000
353	FT911-15-5162	5163	0.0000000000
353	FT911-15-5163	5164	0.0000000000
353	FT911-15-5164	5165	0.0000000000
353	FT911-15-5165	5166	0.0000000000
353	FT911-15-5166	5167	0.0000000000
353	FT911-15-5167	5168	0.0000000000
353	FT911-15-5168	5169	0.0000000000
353	FT911-15-5169	5170	0.0000000000
353	FT911-15-5170	5171	0.0000000000
353	FT911-15-5171	5172	0.0000000000
353	FT911-15-5172	5173	0.0000000000
353	FT911-15-5173	5174	0.0000000000
353	FT911-15-5174	5175	0.0000000000
353	FT911-15-5175	5176	0.0000000000
353	FT911-15-5176	5177	0.0000000000
353	FT911-15-5177	5178	0.0000000000
353	FT911-15-5178	5179	0.0000000000
353	FT911-15-5179	5180	0.0000000000
353	FT911-15-5180	5181	0.0000000000
353	FT911-15-5181	5182	0.0000000000
353	FT911-15-5182	5183	0.0000000000
353	FT911-15-5183	5184	0.0000000000
353	FT911-15-5184	5185	0.0000000000
353	FT911-15-5185	5186	0.0000000000
353	FT911-15-5186	5187	0.0000000000
353	FT911-15-5187	5188	0.0000000000
353	FT911-15-5188	5189	0.0000000000
353	FT911-15-5189	5190	0.0000000000
353	FT911-15-5190	5191	0.0000000000
353	FT911-15-5191	5192	0.0000000000
353	FT911-15-5192	5193	0.0000000000
353	FT911-15-5193	5194	0.0000000000
353	FT911-15-5194	5195	0.0000000000
353	FT911-15-5195	5196	0.0000000000
353	FT911-15-5196	5197	0.0000000000
353	FT911-15-5197	5198	0.0000000000
353	FT911-15-5198	5199	0.0000000000
353	FT911-15-5199	5200	0.0000000000
353	FT911-15-5200	5201	0.0000000000
353	FT911-15-5201	5202	0.0000000000
353	FT911-15-5202	5203	0.0000000000
353	FT911-15-5203	5204	0.0000000000
353	FT911-15-5204	5205	0.0000000000
353	FT911-15-5206	5206	0.0000000000
353	FT911-15-5207	5207	0.0000000000
353	FT911-15-5208	5208	0.0000000000
353	FT911-15-5209	5209	0.0000000000
353	FT911-15-5210	5210	0.0000000000
353	FT911-15-5211	5211	0.0000000000
353	FT911-15-5212	5212	0.0000000000
353	FT911-15-5213	5213	0.0000000000
353	FT911-15-5214	5214	0.0000000000
353	FT911-15-5215	5215	0.0000000000
353	FT911-15-5216	5216	0.0000000000
353	FT911-15-5217	5217	0.0000000000
353	FT911-15-5218	5218	0.0000000000
353	FT911-15-5219	5219	0.0000000000
353	FT911-15-5220	5220	0.0000000000
353	FT911-15-5221	5221	0.0000000000
353	FT911-15-5222	5222	0.0000000000
353	FT911-15-5223	5223	0.0000000000
353	FT911-15-5224	5224	0.0000000000
353	FT911-15-5225	5225	0.0000000000
353	FT911-15-5226	5226	0.0000000000
353	FT911-15-5227	5227	0.0000000000
353	FT911-15-5228	5228	0.0000000000
353	FT911-15-5229	5229	0.0000000000
353	FT911-15-5230	5230	0.0000000000
353	FT911-15-5231	5231	0.0000000000
353	FT911-15-5232	5232	0.0000000000
353	FT911-15-5233	5233	0.0000000000
353	FT911-15-5234	5234	0.0000000000
353	FT911-15-5235	5235	0.0000000000
353	FT911-15-5236	5236	0.0000000000
353	FT911-15-5237	5237	0.0000000000
353	FT911-15-5238	5238	0.0000000000
353	FT911-15-5239	5239	0.0000000000
353	FT911-15-5240	5240	0.0000000000
353	FT911-15-5241	5241	0.0000000000
353	FT911-15-5242	5242	0.0000000000
353	FT911-15-5243	5243	0.0000000000
353	FT911-15-5244	5244	0.0000000000
353	FT911-15-5245	5245	0.0000000000
353	FT911-15-5246	5246	0.0000000000
353	FT911-15-5247	5247	0.0000000000
353	FT911-15-5248	5248	0.0000000000
353	FT911-15-5249	5249	0.0000000000
353	FT911-15-5250	5250	0.0000000000
353	FT911-15-5251	5251	0.0000000000
353	FT911-15-5252	5252	0.0000000000
353	FT911-15-5253	5253	0.0000000000
353	FT911-15-5254	5254	0.0000000000
353	FT911-15-5255	5255	0.0000000000
353	FT911-15-5256	5256	0.0000000000
353	FT911-15-5257	5257	0.0000000000
353	FT911-15-5258	5258	0.0000000000
353	FT911-15-5259	5259	0.0000000000
353	FT911-15-5260	5260	0.0000000000
353	FT911-15-5261	5261	0.0000000000
353	FT911-15-5262	5262	0.0000000000
353	FT911-15-5263	5263	0.0000000000
353	FT911-15-5264	5264	0.0000000000
353	FT911-15-5265	5265	0.0000000000
353	FT911-15-5266	5266	0.0000000000
353	FT911-15-5267	5267	0.0000000000
353	FT911-15-5268	5268	0.0000000000
353	FT911-15-5269	5269	0.0000000000
353	FT911-15-5270	5270	0.0000000000
353	FT911-15-5271	5271	0.0000000000
353	FT911-15-5272	5272	0.0000000000
353	FT911-15-5273	5273	0.0000000000
353	FT911-15-5274	5274	0.0000000000
353	FT911-15-5275	5275	0.0000000000
353	FT911-15-5276	5276	0.0000000000
353	FT911-15-5277	5277	0.0000000000
353	FT911-15-5278	5278	0.0000000000
353	FT911-15-5279	5279	0.0000000000
353	FT911-15-5280	5280	0.0000000000
353	FT911-15-5281	5281	0.0000000000
353	FT911-15-5282	5282	0.0000000000
353	FT911-15-5283	5283	0.0000000000
353	FT911-15-5284	5284	0.0000000000
353	FT911-15-5285	5285	0.0000000000
353	FT911-15-5286	5286	0.0000000000
353	FT911-15-5287	5287	0.0000000000
353	FT911-15-5288	5288	0.0000000000
353	FT911-15-5289	5289	0.0000000000
353	FT911-15-5290	5290	0.0000000000
353	FT911-15-5291	5291	0.0000000000
353	FT911-15-5292	5292	0.0000000000
353	FT911-15-5293	5293	0.0000000000
353	FT911-15-5294	5294	0.0000000000
353	FT911-15-5295	5295	0.0000000000
353	FT911-15-5296	5296	0.0000000000
353	FT911-15-5297	5297	0.0000000000
353	FT911-15-5298	5298	0.0000000000
353	FT911-15-5299	5299	0.0000000000
353	FT911-15-5300	5300	0.0000000000
353	FT911-15-5301	5301	0.0000000000
353	FT911-15-5302	5302	0.0000000000
353	FT911-15-5303	5303	0.0000000000
353	FT911-15-5304	5304	0.0000000000
353	FT911-15-5305	5305	0.0000000000
353	FT911-15-5306	5306	0.0000000000
353	FT911-15-5307	5307	0.0000000000
353	FT911-15-5308	5308	0.0000000000
353	FT911-15-5309	5309	0.0000000000
353	FT911-15-5310	5310	0.0000000000
353	FT911-15-5311	5311	0.0000000000
353	FT911-15-5312	5312	0.0000000000
353	FT911-15-5313	5313	0.0000000000
353	FT911-15-5314	5314	0.0000000000
353	FT911-15-5315	5315	0.0000000000
353	FT911-15-5316	5316	0.0000000000
353	FT911-15-5317	5317	0.0000000000
353	FT911-15-5318	5318	0.0000000000
353	FT911-15-5319	5319	0.0000000000
353	FT911-15-5320	5320	0.0000000000
353	FT911-15-5321	5321	0.0000000000
353	FT911-15-5322	5322	0.0000000000
353	FT911-15-5323	5323	0.0000000000
353	FT911-15-5324	5324	0.0000000000
353	FT911-15-5325	5325	0.0000000000
353	FT911-15-5326	5326	0.0000000000
353	FT911-15-5327	5327	0.0000000000
353	FT911-15-5328	5328	0.0000000000
353	FT911-15-5329	5329	0.0000000000
353	FT911-15-5330	5330	0.0000000000
353	FT911-15-5331	5331	0.0000000000
353	FT911-15-5332	5332	0.0000000000
353	FT911-15-5333	5333	0.0000000000
353	FT911-15-5334	5334	0.0000000000
353	FT911-15-5335	5335	0.0000000000
353	FT911-15-5336	5336	0.0000000000
353	FT911-15-5337	5337	0.0000000000
353	FT911-15-5338	5338	0.0000000000
353	FT911-15-5339	5339	0.0000000000
353	FT911-15-5340	5340	0.0000000000
353	FT911-15-5341	5341	0.0000000000
353	FT911-15-5342	5342	0.0000000000
353	FT911-15-5343	5343	0.0000000000
353	FT911-15-5344	5344	0.0000000000
353	FT911-15-5345	5345	0.0000000000
353	FT911-15-5346	5346	0.0000000000
353	FT911-15-5347	5347	0.0000000000
353	FT911-15-5348	5348	0.0000000000
353	FT911-15-5349	5349	0.0000000000
353	FT911-15-5350	5350	0.0000000000
353	FT911-15-5351	5351	0.0000000000
353	FT911-15-5352	5352	0.0000000000
353	FT911-15-5353	5353	0.0000000000
353	FT911-15-5354	5354	0.0000000000
353	FT911-15-5355	5355	0.0000000000
353	FT911-15-5356	5356	0.0000000000
353	FT911-15-5357	5357	0.0000000000
353	FT911-15-5358	5358	0.0000000000
353	FT911-15-5359	5359	0.0000000000
353	FT911-15-5360	5360	0.0000000000
353	FT911-15-5361	5361	0.0000000000
353	FT911-15-5362	5362	0.0000000000
353	FT911-15-5363	5363	0.0000000000
353	FT911-15-5364	5364	0.0000000000
353	FT911-15-5365	5365	0.0000000000
353	FT911-15-5366	5366	0.0000000000
353	FT911-15-5367	5367	0.0000000000
353	FT911-15-5368	5368	0.0000000000
354	FT911-13-4677	1	0.2843158329
354	FT911-13-4698	2	0.2660125202
354	FT911-7-2270	3	0.2647291332
354	FT911-7-2384	4	0.2277132589
354	FT911-13-4452	5	0.2272692802
354	FT911-6-1849	6	0.1950376906
354	FT911-7-2599	7	0.1648031017
354	FT911-1-192	8	0.1563624671
354	FT911-8-2917	9	0.1553500595
354	FT911-10-3485	10	0.1337434715
354	FT911-1-339	11	0.1309779077
354	FT911-10-3568	12	0.1274674941
354	FT911-9-3117	13	0.1223752525
354	FT911-7-2350	14	0.1217507703
354	FT911-11-3917	15	0.1210674472
354	FT911-2-486	16	0.1119557248
354	FT911-13-4538	17	0.1096267423
354	FT911-11-3887	18	0.1059257202
354	FT911-9-3180	19	0.1036032660
354	FT911-1-42	20	0.1030115688
354	FT911-2-566	21	0.1006273811
354	FT911-8-2630	22	0.0993003162
354	FT911-14-4940	23	0.0975041401
354	FT911-11-3705	24	0.0967377937
354	FT911-15-5258	25	0.0967131678
354	FT911-14-5107	26	0.0962260648
354	FT911-3-947	27	0.0935346861
354	FT911-7-2475	28	0.0933671887
354	FT911-7-2250	29	0.0908685613
354	FT911-7-2592	30	0.0853543131
354	FT911-15-5187	31	0.0846102362
354	FT911-14-5124	32	0.0842528438
354	FT911-10-3639	33	0.0841352918
354	FT911-6-1905	34	0.0833714758
354	FT911-10-3392	35	0.0832310536
354	FT911-15-5150	36	0.0812955954
354	FT911-7-2269	37	0.0808434946
354	FT911-15-5148	38	0.0796237556
354	FT911-7-2267	39	0.0794687906
354	FT911-7-2575	40	0.0755430151
354	FT911-3-949	41	0.0750159274
354	FT911-6-2112	42	0.0747458156
354	FT911-4-1260	43	0.0739826678
354	FT911-11-3911	44	0.0707952549
354	FT911-6-2210	45	0.0707895662
354	FT911-4-1234	46	0.0672276864
354	FT911-13-4639	47	0.0655123295
354	FT911-7-2474	48	0.0648674060
354	FT911-8-2775	49	0.0633237333
354	FT911-11-3920	50	0.0632478386
354	FT911-3-725	51	0.0628569275
354	FT911-6-1898	52	0.0626269162
354	FT911-13-4460	53	0.0617419861
354	FT911-12-4363	54	0.0613861086
354	FT911-7-2257	55	0.0605679323
354	FT911-13-4467	56	0.0590747093
354	FT911-6-1833	57	0.0579419866
354	FT911-13-4472	58	0.0573072265
354	FT911-6-1907	59	0.0558277519
354	FT911-14-5026	60	0.0546251487
354	FT911-11-3889	61	0.0538798465
354	FT911-14-5065	62	0.0538677023
354	FT911-5-1593	63	0.0536650574
354	FT911-14-5118	64	0.0529405285
354	FT911-13-4638	65	0.0486886748
354	FT911-4-1164	66	0.0406409947
354	FT911-9-3202	67	0.0353629926
354	FT911-1-1	68	0.0000000000
354	FT911-1-2	69	0.0000000000
354	FT911-1-3	70	0.0000000000
354	FT911-1-4	71	0.0000000000
354	FT911-1-5	72	0.0000000000
354	FT911-1-6	73	0.0000000000
354	FT911-1-7	74	0.0000000000
354	FT911-1-8	75	0.0000000000
354	FT911-1-9	76	0.0000000000
354	FT911-1-10	77	0.0000000000
354	FT911-1-11	78	0.0000000000
354	FT911-1-12	79	0.0000000000
354	FT911-1-13	80	0.0000000000
354	FT911-1-14	81	0.0000000000
354	FT911-1-15	82	0.0000000000
354	FT911-1-16	83	0.0000000000
354	FT911-1-17	84	0.0000000000
354	FT911-1-18	85	0.0000000000
354	FT911-1-19	86	0.0000000000
354	FT911-1-20	87	0.0000000000
354	FT911-1-21	88	0.0000000000
354	FT911-1-22	89	0.0000000000
354	FT911-1-23	90	0.0000000000
354	FT911-1-24	91	0.0000000000
354	FT911-1-25	92	0.0000000000
354	FT911-1-26	93	0.0000000000
354	FT911-1-27	94	0.0000000000
354	FT911-1-28	95	0.0000000000
354	FT911-1-29	96	0.0000000000
354	FT911-1-30	97	0.0000000000
354	FT911-1-31	98	0.0000000000
354	FT911-1-32	99	0.0000000000
354	FT911-1-33	100	0.0000000000
354	FT911-1-34	101	0.0000000000
354	FT911-1-35	102	0.0000000000
354	FT911-1-36	103	0.0000000000
354	FT911-1-37	104	0.0000000000
354	FT911-1-38	105	0.0000000000
354	FT911-1-39	106	0.0000000000
354	FT911-1-40	107	0.0000000000
354	FT911-1-41	108	0.0000000000
354	FT911-1-43	109	0.0000000000
354	FT911-1-44	110	0.0000000000
354	FT911-1-45	111	0.0000000000
354	FT911-1-46	112	0.0000000000
354	FT911-1-47	113	0.0000000000
354	FT911-1-48	114	0.0000000000
354	FT911-1-49	115	0.0000000000
354	FT911-1-50	116	0.0000000000
354	FT911-1-51	117	0.0000000000
354	FT911-1-52	118	0.0000000000
354	FT911-1-53	119	0.0000000000
354	FT911-1-54	120	0.0000000000
354	FT911-1-55	121	0.0000000000
354	FT911-1-56	122	0.0000000000
354	FT911-1-57	123	0.0000000000
354	FT911-1-58	124	0.0000000000
354	FT911-1-59	125	0.0000000000
354	FT911-1-60	126	0.0000000000
354	FT911-1-61	127	0.0000000000
354	FT911-1-62	128	0.0000000000
354	FT911-1-63	129	0.0000000000
354	FT911-1-64	130	0.0000000000
354	FT911-1-65	131	0.0000000000
354	FT911-1-66	132	0.0000000000
354	FT911-1-67	133	0.0000000000
354	FT911-1-68	134	0.0000000000
354	FT911-1-69	135	0.0000000000
354	FT911-1-70	136	0.0000000000
354	FT911-1-71	137	0.0000000000
354	FT911-1-72	138	0.0000000000
354	FT911-1-73	139	0.0000000000
354	FT911-1-74	140	0.0000000000
354	FT911-1-75	141	0.0000000000
354	FT911-1-76	142	0.0000000000
354	FT911-1-77	143	0.0000000000
354	FT911-1-78	144	0.0000000000
354	FT911-1-79	145	0.0000000000
354	FT911-1-80	146	0.0000000000
354	FT911-1-81	147	0.0000000000
354	FT911-1-82	148	0.0000000000
354	FT911-1-83	149	0.0000000000
354	FT911-1-84	150	0.0000000000
354	FT911-1-85	151	0.0000000000
354	FT911-1-86	152	0.0000000000
354	FT911-1-87	153	0.0000000000
354	FT911-1-88	154	0.0000000000
354	FT911-1-89	155	0.0000000000
354	FT911-1-90	156	0.0000000000
354	FT911-1-91	157	0.0000000000
354	FT911-1-92	158	0.0000000000
354	FT911-1-93	159	0.0000000000
354	FT911-1-94	160	0.0000000000
354	FT911-1-95	161	0.0000000000
354	FT911-1-96	162	0.0000000000
354	FT911-1-97	163	0.0000000000
354	FT911-1-98	164	0.0000000000
354	FT911-1-99	165	0.0000000000
354	FT911-1-100	166	0.0000000000
354	FT911-1-101	167	0.0000000000
354	FT911-1-102	168	0.0000000000
354	FT911-1-103	169	0.0000000000
354	FT911-1-104	170	0.0000000000
354	FT911-1-105	171	0.0000000000
354	FT911-1-106	172	0.0000000000
354	FT911-1-107	173	0.0000000000
354	FT911-1-108	174	0.0000000000
354	FT911-1-109	175	0.0000000000
354	FT911-1-110	176	0.0000000000
354	FT911-1-111	177	0.0000000000
354	FT911-1-112	178	0.0000000000
354	FT911-1-113	179	0.0000000000
354	FT911-1-114	180	0.0000000000
354	FT911-1-115	181	0.0000000000
354	FT911-1-116	182	0.0000000000
354	FT911-1-117	183	0.0000000000
354	FT911-1-118	184	0.0000000000
354	FT911-1-119	185	0.0000000000
354	FT911-1-120	186	0.0000000000
354	FT911-1-121	187	0.0000000000
354	FT911-1-122	188	0.0000000000
354	FT911-1-123	189	0.0000000000
354	FT911-1-124	190	0.0000000000
354	FT911-1-125	191	0.0000000000
354	FT911-1-126	192	0.0000000000
354	FT911-1-127	193	0.0000000000
354	FT911-1-128	194	0.0000000000
354	FT911-1-129	195	0.0000000000
354	FT911-1-130	196	0.0000000000
354	FT911-1-131	197	0.0000000000
354	FT911-1-132	198	0.0000000000
354	FT911-1-133	199	0.0000000000
354	FT911-1-134	200	0.0000000000
354	FT911-1-135	201	0.0000000000
354	FT911-1-136	202	0.0000000000
354	FT911-1-137	203	0.0000000000
354	FT911-1-138	204	0.0000000000
354	FT911-1-139	205	0.0000000000
354	FT911-1-140	206	0.0000000000
354	FT911-1-141	207	0.0000000000
354	FT911-1-142	208	0.0000000000
354	FT911-1-143	209	0.0000000000
354	FT911-1-144	210	0.0000000000
354	FT911-1-145	211	0.0000000000
354	FT911-1-146	212	0.0000000000
354	FT911-1-147	213	0.0000000000
354	FT911-1-148	214	0.0000000000
354	FT911-1-149	215	0.0000000000
354	FT911-1-150	216	0.0000000000
354	FT911-1-151	217	0.0000000000
354	FT911-1-152	218	0.0000000000
354	FT911-1-153	219	0.0000000000
354	FT911-1-154	220	0.0000000000
354	FT911-1-155	221	0.0000000000
354	FT911-1-156	222	0.0000000000
354	FT911-1-157	223	0.0000000000
354	FT911-1-158	224	0.0000000000
354	FT911-1-159	225	0.0000000000
354	FT911-1-160	226	0.0000000000
354	FT911-1-161	227	0.0000000000
354	FT911-1-162	228	0.0000000000
354	FT911-1-163	229	0.0000000000
354	FT911-1-164	230	0.0000000000
354	FT911-1-165	231	0.0000000000
354	FT911-1-166	232	0.0000000000
354	FT911-1-167	233	0.0000000000
354	FT911-1-168	234	0.0000000000
354	FT911-1-169	235	0.0000000000
354	FT911-1-170	236	0.0000000000
354	FT911-1-171	237	0.0000000000
354	FT911-1-172	238	0.0000000000
354	FT911-1-173	239	0.0000000000
354	FT911-1-174	240	0.0000000000
354	FT911-1-175	241	0.0000000000
354	FT911-1-176	242	0.0000000000
354	FT911-1-177	243	0.0000000000
354	FT911-1-178	244	0.0000000000
354	FT911-1-179	245	0.0000000000
354	FT911-1-180	246	0.0000000000
354	FT911-1-181	247	0.0000000000
354	FT911-1-182	248	0.0000000000
354	FT911-1-183	249	0.0000000000
354	FT911-1-184	250	0.0000000000
354	FT911-1-185	251	0.0000000000
354	FT911-1-186	252	0.0000000000
354	FT911-1-187	253	0.0000000000
354	FT911-1-188	254	0.0000000000
354	FT911-1-189	255	0.0000000000
354	FT911-1-190	256	0.0000000000
354	FT911-1-191	257	0.0000000000
354	FT911-1-193	258	0.0000000000
354	FT911-1-194	259	0.0000000000
354	FT911-1-195	260	0.0000000000
354	FT911-1-196	261	0.0000000000
354	FT911-1-197	262	0.0000000000
354	FT911-1-198	263	0.0000000000
354	FT911-1-199	264	0.0000000000
354	FT911-1-200	265	0.0000000000
354	FT911-1-201	266	0.0000000000
354	FT911-1-202	267	0.0000000000
354	FT911-1-203	268	0.0000000000
354	FT911-1-204	269	0.0000000000
354	FT911-1-205	270	0.0000000000
354	FT911-1-206	271	0.0000000000
354	FT911-1-207	272	0.0000000000
354	FT911-1-208	273	0.0000000000
354	FT911-1-209	274	0.0000000000
354	FT911-1-210	275	0.0000000000
354	FT911-1-211	276	0.0000000000
354	FT911-1-212	277	0.0000000000
354	FT911-1-213	278	0.0000000000
354	FT911-1-214	279	0.0000000000
354	FT911-1-215	280	0.0000000000
354	FT911-1-216	281	0.0000000000
354	FT911-1-217	282	0.0000000000
354	FT911-1-218	283	0.0000000000
354	FT911-1-219	284	0.0000000000
354	FT911-1-220	285	0.0000000000
354	FT911-1-221	286	0.0000000000
354	FT911-1-222	287	0.0000000000
354	FT911-1-223	288	0.0000000000
354	FT911-1-224	289	0.0000000000
354	FT911-1-225	290	0.0000000000
354	FT911-1-226	291	0.0000000000
354	FT911-1-227	292	0.0000000000
354	FT911-1-228	293	0.0000000000
354	FT911-1-229	294	0.0000000000
354	FT911-1-230	295	0.0000000000
354	FT911-1-231	296	0.0000000000
354	FT911-1-232	297	0.0000000000
354	FT911-1-233	298	0.0000000000
354	FT911-1-234	299	0.0000000000
354	FT911-1-235	300	0.0000000000
354	FT911-1-236	301	0.0000000000
354	FT911-1-237	302	0.0000000000
354	FT911-1-238	303	0.0000000000
354	FT911-1-239	304	0.0000000000
354	FT911-1-240	305	0.0000000000
354	FT911-1-241	306	0.0000000000
354	FT911-1-242	307	0.0000000000
354	FT911-1-243	308	0.0000000000
354	FT911-1-244	309	0.0000000000
354	FT911-1-245	310	0.0000000000
354	FT911-1-246	311	0.0000000000
354	FT911-1-247	312	0.0000000000
354	FT911-1-248	313	0.0000000000
354	FT911-1-249	314	0.0000000000
354	FT911-1-250	315	0.0000000000
354	FT911-1-251	316	0.0000000000
354	FT911-1-252	317	0.0000000000
354	FT911-1-253	318	0.0000000000
354	FT911-1-254	319	0.0000000000
354	FT911-1-255	320	0.0000000000
354	FT911-1-256	321	0.0000000000
354	FT911-1-257	322	0.0000000000
354	FT911-1-258	323	0.0000000000
354	FT911-1-259	324	0.0000000000
354	FT911-1-260	325	0.0000000000
354	FT911-1-261	326	0.0000000000
354	FT911-1-262	327	0.0000000000
354	FT911-1-263	328	0.0000000000
354	FT911-1-264	329	0.0000000000
354	FT911-1-265	330	0.0000000000
354	FT911-1-266	331	0.0000000000
354	FT911-1-267	332	0.0000000000
354	FT911-1-268	333	0.0000000000
354	FT911-1-269	334	0.0000000000
354	FT911-1-270	335	0.0000000000
354	FT911-1-271	336	0.0000000000
354	FT911-1-272	337	0.0000000000
354	FT911-1-273	338	0.0000000000
354	FT911-1-274	339	0.0000000000
354	FT911-1-275	340	0.0000000000
354	FT911-1-276	341	0.0000000000
354	FT911-1-277	342	0.0000000000
354	FT911-1-278	343	0.0000000000
354	FT911-1-279	344	0.0000000000
354	FT911-1-280	345	0.0000000000
354	FT911-1-281	346	0.0000000000
354	FT911-1-282	347	0.0000000000
354	FT911-1-283	348	0.0000000000
354	FT911-1-284	349	0.0000000000
354	FT911-1-285	350	0.0000000000
354	FT911-1-286	351	0.0000000000
354	FT911-1-287	352	0.0000000000
354	FT911-1-288	353	0.0000000000
354	FT911-1-289	354	0.0000000000
354	FT911-1-290	355	0.0000000000
354	FT911-1-291	356	0.0000000000
354	FT911-1-292	357	0.0000000000
354	FT911-1-293	358	0.0000000000
354	FT911-1-294	359	0.0000000000
354	FT911-1-295	360	0.0000000000
354	FT911-1-296	361	0.0000000000
354	FT911-1-297	362	0.0000000000
354	FT911-1-298	363	0.0000000000
354	FT911-1-299	364	0.0000000000
354	FT911-1-300	365	0.0000000000
354	FT911-1-301	366	0.0000000000
354	FT911-1-302	367	0.0000000000
354	FT911-1-303	368	0.0000000000
354	FT911-1-304	369	0.0000000000
354	FT911-1-305	370	0.0000000000
354	FT911-1-306	371	0.0000000000
354	FT911-1-307	372	0.0000000000
354	FT911-1-308	373	0.0000000000
354	FT911-1-309	374	0.0000000000
354	FT911-1-310	375	0.0000000000
354	FT911-1-311	376	0.0000000000
354	FT911-1-312	377	0.0000000000
354	FT911-1-313	378	0.0000000000
354	FT911-1-314	379	0.0000000000
354	FT911-1-315	380	0.0000000000
354	FT911-1-316	381	0.0000000000
354	FT911-1-317	382	0.0000000000
354	FT911-1-318	383	0.0000000000
354	FT911-1-319	384	0.0000000000
354	FT911-1-320	385	0.0000000000
354	FT911-1-321	386	0.0000000000
354	FT911-1-322	387	0.0000000000
354	FT911-1-323	388	0.0000000000
354	FT911-1-324	389	0.0000000000
354	FT911-1-325	390	0.0000000000
354	FT911-1-326	391	0.0000000000
354	FT911-1-327	392	0.0000000000
354	FT911-1-328	393	0.0000000000
354	FT911-1-329	394	0.0000000000
354	FT911-1-330	395	0.0000000000
354	FT911-1-331	396	0.0000000000
354	FT911-1-332	397	0.0000000000
354	FT911-1-333	398	0.0000000000
354	FT911-1-334	399	0.0000000000
354	FT911-1-335	400	0.0000000000
354	FT911-1-336	401	0.0000000000
354	FT911-1-337	402	0.0000000000
354	FT911-1-338	403	0.0000000000
354	FT911-1-340	404	0.0000000000
354	FT911-1-341	405	0.0000000000
354	FT911-1-342	406	0.0000000000
354	FT911-1-343	407	0.0000000000
354	FT911-1-344	408	0.0000000000
354	FT911-1-345	409	0.0000000000
354	FT911-1-346	410	0.0000000000
354	FT911-1-347	411	0.0000000000
354	FT911-1-348	412	0.0000000000
354	FT911-1-349	413	0.0000000000
354	FT911-1-350	414	0.0000000000
354	FT911-1-351	415	0.0000000000
354	FT911-1-352	416	0.0000000000
354	FT911-1-353	417	0.0000000000
354	FT911-1-354	418	0.0000000000
354	FT911-1-355	419	0.0000000000
354	FT911-1-356	420	0.0000000000
354	FT911-1-357	421	0.0000000000
354	FT911-1-358	422	0.0000000000
354	FT911-1-359	423	0.0000000000
354	FT911-1-360	424	0.0000000000
354	FT911-1-361	425	0.0000000000
354	FT911-1-362	426	0.0000000000
354	FT911-1-363	427	0.0000000000
354	FT911-1-364	428	0.0000000000
354	FT911-1-365	429	0.0000000000
354	FT911-1-366	430	0.0000000000
354	FT911-1-367	431	0.0000000000
354	FT911-1-368	432	0.0000000000
354	FT911-1-369	433	0.0000000000
354	FT911-1-370	434	0.0000000000
354	FT911-1-371	435	0.0000000000
354	FT911-1-372	436	0.0000000000
354	FT911-1-373	437	0.0000000000
354	FT911-1-374	438	0.0000000000
354	FT911-1-375	439	0.0000000000
354	FT911-2-376	440	0.0000000000
354	FT911-2-377	441	0.0000000000
354	FT911-2-378	442	0.0000000000
354	FT911-2-379	443	0.0000000000
354	FT911-2-380	444	0.0000000000
354	FT911-2-381	445	0.0000000000
354	FT911-2-382	446	0.0000000000
354	FT911-2-383	447	0.0000000000
354	FT911-2-384	448	0.0000000000
354	FT911-2-385	449	0.0000000000
354	FT911-2-386	450	0.0000000000
354	FT911-2-387	451	0.0000000000
354	FT911-2-388	452	0.0000000000
354	FT911-2-389	453	0.0000000000
354	FT911-2-390	454	0.0000000000
354	FT911-2-391	455	0.0000000000
354	FT911-2-392	456	0.0000000000
354	FT911-2-393	457	0.0000000000
354	FT911-2-394	458	0.0000000000
354	FT911-2-395	459	0.0000000000
354	FT911-2-396	460	0.0000000000
354	FT911-2-397	461	0.0000000000
354	FT911-2-398	462	0.0000000000
354	FT911-2-399	463	0.0000000000
354	FT911-2-400	464	0.0000000000
354	FT911-2-401	465	0.0000000000
354	FT911-2-402	466	0.0000000000
354	FT911-2-403	467	0.0000000000
354	FT911-2-404	468	0.0000000000
354	FT911-2-405	469	0.0000000000
354	FT911-2-406	470	0.0000000000
354	FT911-2-407	471	0.0000000000
354	FT911-2-408	472	0.0000000000
354	FT911-2-409	473	0.0000000000
354	FT911-2-410	474	0.0000000000
354	FT911-2-411	475	0.0000000000
354	FT911-2-412	476	0.0000000000
354	FT911-2-413	477	0.0000000000
354	FT911-2-414	478	0.0000000000
354	FT911-2-415	479	0.0000000000
354	FT911-2-416	480	0.0000000000
354	FT911-2-417	481	0.0000000000
354	FT911-2-418	482	0.0000000000
354	FT911-2-419	483	0.0000000000
354	FT911-2-420	484	0.0000000000
354	FT911-2-421	485	0.0000000000
354	FT911-2-422	486	0.0000000000
354	FT911-2-423	487	0.0000000000
354	FT911-2-424	488	0.0000000000
354	FT911-2-425	489	0.0000000000
354	FT911-2-426	490	0.0000000000
354	FT911-2-427	491	0.0000000000
354	FT911-2-428	492	0.0000000000
354	FT911-2-429	493	0.0000000000
354	FT911-2-430	494	0.0000000000
354	FT911-2-431	495	0.0000000000
354	FT911-2-432	496	0.0000000000
354	FT911-2-433	497	0.0000000000
354	FT911-2-434	498	0.0000000000
354	FT911-2-435	499	0.0000000000
354	FT911-2-436	500	0.0000000000
354	FT911-2-437	501	0.0000000000
354	FT911-2-438	502	0.0000000000
354	FT911-2-439	503	0.0000000000
354	FT911-2-440	504	0.0000000000
354	FT911-2-441	505	0.0000000000
354	FT911-2-442	506	0.0000000000
354	FT911-2-443	507	0.0000000000
354	FT911-2-444	508	0.0000000000
354	FT911-2-445	509	0.0000000000
354	FT911-2-446	510	0.0000000000
354	FT911-2-447	511	0.0000000000
354	FT911-2-448	512	0.0000000000
354	FT911-2-449	513	0.0000000000
354	FT911-2-450	514	0.0000000000
354	FT911-2-451	515	0.0000000000
354	FT911-2-452	516	0.0000000000
354	FT911-2-453	517	0.0000000000
354	FT911-2-454	518	0.0000000000
354	FT911-2-455	519	0.0000000000
354	FT911-2-456	520	0.0000000000
354	FT911-2-457	521	0.0000000000
354	FT911-2-458	522	0.0000000000
354	FT911-2-459	523	0.0000000000
354	FT911-2-460	524	0.0000000000
354	FT911-2-461	525	0.0000000000
354	FT911-2-462	526	0.0000000000
354	FT911-2-463	527	0.0000000000
354	FT911-2-464	528	0.0000000000
354	FT911-2-465	529	0.0000000000
354	FT911-2-466	530	0.0000000000
354	FT911-2-467	531	0.0000000000
354	FT911-2-468	532	0.0000000000
354	FT911-2-469	533	0.0000000000
354	FT911-2-470	534	0.0000000000
354	FT911-2-471	535	0.0000000000
354	FT911-2-472	536	0.0000000000
354	FT911-2-473	537	0.0000000000
354	FT911-2-474	538	0.0000000000
354	FT911-2-475	539	0.0000000000
354	FT911-2-476	540	0.0000000000
354	FT911-2-477	541	0.0000000000
354	FT911-2-478	542	0.0000000000
354	FT911-2-479	543	0.0000000000
354	FT911-2-480	544	0.0000000000
354	FT911-2-481	545	0.0000000000
354	FT911-2-482	546	0.0000000000
354	FT911-2-483	547	0.0000000000
354	FT911-2-484	548	0.0000000000
354	FT911-2-485	549	0.0000000000
354	FT911-2-487	550	0.0000000000
354	FT911-2-488	551	0.0000000000
354	FT911-2-489	552	0.0000000000
354	FT911-2-490	553	0.0000000000
354	FT911-2-491	554	0.0000000000
354	FT911-2-492	555	0.0000000000
354	FT911-2-493	556	0.0000000000
354	FT911-2-494	557	0.0000000000
354	FT911-2-495	558	0.0000000000
354	FT911-2-496	559	0.0000000000
354	FT911-2-497	560	0.0000000000
354	FT911-2-498	561	0.0000000000
354	FT911-2-499	562	0.0000000000
354	FT911-2-500	563	0.0000000000
354	FT911-2-501	564	0.0000000000
354	FT911-2-502	565	0.0000000000
354	FT911-2-503	566	0.0000000000
354	FT911-2-504	567	0.0000000000
354	FT911-2-505	568	0.0000000000
354	FT911-2-506	569	0.0000000000
354	FT911-2-507	570	0.0000000000
354	FT911-2-508	571	0.0000000000
354	FT911-2-509	572	0.0000000000
354	FT911-2-510	573	0.0000000000
354	FT911-2-511	574	0.0000000000
354	FT911-2-512	575	0.0000000000
354	FT911-2-513	576	0.0000000000
354	FT911-2-514	577	0.0000000000
354	FT911-2-515	578	0.0000000000
354	FT911-2-516	579	0.0000000000
354	FT911-2-517	580	0.0000000000
354	FT911-2-518	581	0.0000000000
354	FT911-2-519	582	0.0000000000
354	FT911-2-520	583	0.0000000000
354	FT911-2-521	584	0.0000000000
354	FT911-2-522	585	0.0000000000
354	FT911-2-523	586	0.0000000000
354	FT911-2-524	587	0.0000000000
354	FT911-2-525	588	0.0000000000
354	FT911-2-526	589	0.0000000000
354	FT911-2-527	590	0.0000000000
354	FT911-2-528	591	0.0000000000
354	FT911-2-529	592	0.0000000000
354	FT911-2-530	593	0.0000000000
354	FT911-2-531	594	0.0000000000
354	FT911-2-532	595	0.0000000000
354	FT911-2-533	596	0.0000000000
354	FT911-2-534	597	0.0000000000
354	FT911-2-535	598	0.0000000000
354	FT911-2-536	599	0.0000000000
354	FT911-2-537	600	0.0000000000
354	FT911-2-538	601	0.0000000000
354	FT911-2-539	602	0.0000000000
354	FT911-2-540	603	0.0000000000
354	FT911-2-541	604	0.0000000000
354	FT911-2-542	605	0.0000000000
354	FT911-2-543	606	0.0000000000
354	FT911-2-544	607	0.0000000000
354	FT911-2-545	608	0.0000000000
354	FT911-2-546	609	0.0000000000
354	FT911-2-547	610	0.0000000000
354	FT911-2-548	611	0.0000000000
354	FT911-2-549	612	0.0000000000
354	FT911-2-550	613	0.0000000000
354	FT911-2-551	614	0.0000000000
354	FT911-2-552	615	0.0000000000
354	FT911-2-553	616	0.0000000000
354	FT911-2-554	617	0.0000000000
354	FT911-2-555	618	0.0000000000
354	FT911-2-556	619	0.0000000000
354	FT911-2-557	620	0.0000000000
354	FT911-2-558	621	0.0000000000
354	FT911-2-559	622	0.0000000000
354	FT911-2-560	623	0.0000000000
354	FT911-2-561	624	0.0000000000
354	FT911-2-562	625	0.0000000000
354	FT911-2-563	626	0.0000000000
354	FT911-2-564	627	0.0000000000
354	FT911-2-565	628	0.0000000000
354	FT911-2-567	629	0.0000000000
354	FT911-2-568	630	0.0000000000
354	FT911-2-569	631	0.0000000000
354	FT911-2-570	632	0.0000000000
354	FT911-2-571	633	0.0000000000
354	FT911-2-572	634	0.0000000000
354	FT911-2-573	635	0.0000000000
354	FT911-2-574	636	0.0000000000
354	FT911-2-575	637	0.0000000000
354	FT911-2-576	638	0.0000000000
354	FT911-2-577	639	0.0000000000
354	FT911-2-578	640	0.0000000000
354	FT911-2-579	641	0.0000000000
354	FT911-2-580	642	0.0000000000
354	FT911-2-581	643	0.0000000000
354	FT911-2-582	644	0.0000000000
354	FT911-2-583	645	0.0000000000
354	FT911-2-584	646	0.0000000000
354	FT911-2-585	647	0.0000000000
354	FT911-2-586	648	0.0000000000
354	FT911-2-587	649	0.0000000000
354	FT911-2-588	650	0.0000000000
354	FT911-2-589	651	0.0000000000
354	FT911-2-590	652	0.0000000000
354	FT911-2-591	653	0.0000000000
354	FT911-2-592	654	0.0000000000
354	FT911-2-593	655	0.0000000000
354	FT911-2-594	656	0.0000000000
354	FT911-2-595	657	0.0000000000
354	FT911-2-596	658	0.0000000000
354	FT911-2-597	659	0.0000000000
354	FT911-2-598	660	0.0000000000
354	FT911-2-599	661	0.0000000000
354	FT911-2-600	662	0.0000000000
354	FT911-2-601	663	0.0000000000
354	FT911-2-602	664	0.0000000000
354	FT911-2-603	665	0.0000000000
354	FT911-2-604	666	0.0000000000
354	FT911-2-605	667	0.0000000000
354	FT911-2-606	668	0.0000000000
354	FT911-2-607	669	0.0000000000
354	FT911-2-608	670	0.0000000000
354	FT911-2-609	671	0.0000000000
354	FT911-2-610	672	0.0000000000
354	FT911-2-611	673	0.0000000000
354	FT911-2-612	674	0.0000000000
354	FT911-2-613	675	0.0000000000
354	FT911-2-614	676	0.0000000000
354	FT911-2-615	677	0.0000000000
354	FT911-2-616	678	0.0000000000
354	FT911-2-617	679	0.0000000000
354	FT911-2-618	680	0.0000000000
354	FT911-2-619	681	0.0000000000
354	FT911-2-620	682	0.0000000000
354	FT911-2-621	683	0.0000000000
354	FT911-2-622	684	0.0000000000
354	FT911-2-623	685	0.0000000000
354	FT911-2-624	686	0.0000000000
354	FT911-2-625	687	0.0000000000
354	FT911-2-626	688	0.0000000000
354	FT911-2-627	689	0.0000000000
354	FT911-2-628	690	0.0000000000
354	FT911-2-629	691	0.0000000000
354	FT911-2-630	692	0.0000000000
354	FT911-2-631	693	0.0000000000
354	FT911-2-632	694	0.0000000000
354	FT911-2-633	695	0.0000000000
354	FT911-2-634	696	0.0000000000
354	FT911-2-635	697	0.0000000000
354	FT911-2-636	698	0.0000000000
354	FT911-2-637	699	0.0000000000
354	FT911-2-638	700	0.0000000000
354	FT911-2-639	701	0.0000000000
354	FT911-2-640	702	0.0000000000
354	FT911-2-641	703	0.0000000000
354	FT911-2-642	704	0.0000000000
354	FT911-2-643	705	0.0000000000
354	FT911-2-644	706	0.0000000000
354	FT911-2-645	707	0.0000000000
354	FT911-2-646	708	0.0000000000
354	FT911-2-647	709	0.0000000000
354	FT911-2-648	710	0.0000000000
354	FT911-2-649	711	0.0000000000
354	FT911-2-650	712	0.0000000000
354	FT911-2-651	713	0.0000000000
354	FT911-2-652	714	0.0000000000
354	FT911-2-653	715	0.0000000000
354	FT911-2-654	716	0.0000000000
354	FT911-2-655	717	0.0000000000
354	FT911-2-656	718	0.0000000000
354	FT911-2-657	719	0.0000000000
354	FT911-2-658	720	0.0000000000
354	FT911-2-659	721	0.0000000000
354	FT911-2-660	722	0.0000000000
354	FT911-2-661	723	0.0000000000
354	FT911-2-662	724	0.0000000000
354	FT911-2-663	725	0.0000000000
354	FT911-2-664	726	0.0000000000
354	FT911-2-665	727	0.0000000000
354	FT911-2-666	728	0.0000000000
354	FT911-2-667	729	0.0000000000
354	FT911-2-668	730	0.0000000000
354	FT911-2-669	731	0.0000000000
354	FT911-2-670	732	0.0000000000
354	FT911-2-671	733	0.0000000000
354	FT911-2-672	734	0.0000000000
354	FT911-2-673	735	0.0000000000
354	FT911-2-674	736	0.0000000000
354	FT911-2-675	737	0.0000000000
354	FT911-2-676	738	0.0000000000
354	FT911-2-677	739	0.0000000000
354	FT911-2-678	740	0.0000000000
354	FT911-2-679	741	0.0000000000
354	FT911-2-680	742	0.0000000000
354	FT911-2-681	743	0.0000000000
354	FT911-2-682	744	0.0000000000
354	FT911-2-683	745	0.0000000000
354	FT911-2-684	746	0.0000000000
354	FT911-2-685	747	0.0000000000
354	FT911-2-686	748	0.0000000000
354	FT911-2-687	749	0.0000000000
354	FT911-2-688	750	0.0000000000
354	FT911-2-689	751	0.0000000000
354	FT911-2-690	752	0.0000000000
354	FT911-2-691	753	0.0000000000
354	FT911-2-692	754	0.0000000000
354	FT911-2-693	755	0.0000000000
354	FT911-2-694	756	0.0000000000
354	FT911-2-695	757	0.0000000000
354	FT911-2-696	758	0.0000000000
354	FT911-2-697	759	0.0000000000
354	FT911-2-698	760	0.0000000000
354	FT911-2-699	761	0.0000000000
354	FT911-2-700	762	0.0000000000
354	FT911-2-701	763	0.0000000000
354	FT911-2-702	764	0.0000000000
354	FT911-2-703	765	0.0000000000
354	FT911-2-704	766	0.0000000000
354	FT911-2-705	767	0.0000000000
354	FT911-2-706	768	0.0000000000
354	FT911-2-707	769	0.0000000000
354	FT911-2-708	770	0.0000000000
354	FT911-2-709	771	0.0000000000
354	FT911-2-710	772	0.0000000000
354	FT911-2-711	773	0.0000000000
354	FT911-2-712	774	0.0000000000
354	FT911-2-713	775	0.0000000000
354	FT911-2-714	776	0.0000000000
354	FT911-2-715	777	0.0000000000
354	FT911-2-716	778	0.0000000000
354	FT911-2-717	779	0.0000000000
354	FT911-2-718	780	0.0000000000
354	FT911-2-719	781	0.0000000000
354	FT911-2-720	782	0.0000000000
354	FT911-2-721	783	0.0000000000
354	FT911-3-722	784	0.0000000000
354	FT911-3-723	785	0.0000000000
354	FT911-3-724	786	0.0000000000
354	FT911-3-726	787	0.0000000000
354	FT911-3-727	788	0.0000000000
354	FT911-3-728	789	0.0000000000
354	FT911-3-729	790	0.0000000000
354	FT911-3-730	791	0.0000000000
354	FT911-3-731	792	0.0000000000
354	FT911-3-732	793	0.0000000000
354	FT911-3-733	794	0.0000000000
354	FT911-3-734	795	0.0000000000
354	FT911-3-735	796	0.0000000000
354	FT911-3-736	797	0.0000000000
354	FT911-3-737	798	0.0000000000
354	FT911-3-738	799	0.0000000000
354	FT911-3-739	800	0.0000000000
354	FT911-3-740	801	0.0000000000
354	FT911-3-741	802	0.0000000000
354	FT911-3-742	803	0.0000000000
354	FT911-3-743	804	0.0000000000
354	FT911-3-744	805	0.0000000000
354	FT911-3-745	806	0.0000000000
354	FT911-3-746	807	0.0000000000
354	FT911-3-747	808	0.0000000000
354	FT911-3-748	809	0.0000000000
354	FT911-3-749	810	0.0000000000
354	FT911-3-750	811	0.0000000000
354	FT911-3-751	812	0.0000000000
354	FT911-3-752	813	0.0000000000
354	FT911-3-753	814	0.0000000000
354	FT911-3-754	815	0.0000000000
354	FT911-3-755	816	0.0000000000
354	FT911-3-756	817	0.0000000000
354	FT911-3-757	818	0.0000000000
354	FT911-3-758	819	0.0000000000
354	FT911-3-759	820	0.0000000000
354	FT911-3-760	821	0.0000000000
354	FT911-3-761	822	0.0000000000
354	FT911-3-762	823	0.0000000000
354	FT911-3-763	824	0.0000000000
354	FT911-3-764	825	0.0000000000
354	FT911-3-765	826	0.0000000000
354	FT911-3-766	827	0.0000000000
354	FT911-3-767	828	0.0000000000
354	FT911-3-768	829	0.0000000000
354	FT911-3-769	830	0.0000000000
354	FT911-3-770	831	0.0000000000
354	FT911-3-771	832	0.0000000000
354	FT911-3-772	833	0.0000000000
354	FT911-3-773	834	0.0000000000
354	FT911-3-774	835	0.0000000000
354	FT911-3-775	836	0.0000000000
354	FT911-3-776	837	0.0000000000
354	FT911-3-777	838	0.0000000000
354	FT911-3-778	839	0.0000000000
354	FT911-3-779	840	0.0000000000
354	FT911-3-780	841	0.0000000000
354	FT911-3-781	842	0.0000000000
354	FT911-3-782	843	0.0000000000
354	FT911-3-783	844	0.0000000000
354	FT911-3-784	845	0.0000000000
354	FT911-3-785	846	0.0000000000
354	FT911-3-786	847	0.0000000000
354	FT911-3-787	848	0.0000000000
354	FT911-3-788	849	0.0000000000
354	FT911-3-789	850	0.0000000000
354	FT911-3-790	851	0.0000000000
354	FT911-3-791	852	0.0000000000
354	FT911-3-792	853	0.0000000000
354	FT911-3-793	854	0.0000000000
354	FT911-3-794	855	0.0000000000
354	FT911-3-795	856	0.0000000000
354	FT911-3-796	857	0.0000000000
354	FT911-3-797	858	0.0000000000
354	FT911-3-798	859	0.0000000000
354	FT911-3-799	860	0.0000000000
354	FT911-3-800	861	0.0000000000
354	FT911-3-801	862	0.0000000000
354	FT911-3-802	863	0.0000000000
354	FT911-3-803	864	0.0000000000
354	FT911-3-804	865	0.0000000000
354	FT911-3-805	866	0.0000000000
354	FT911-3-806	867	0.0000000000
354	FT911-3-807	868	0.0000000000
354	FT911-3-808	869	0.0000000000
354	FT911-3-809	870	0.0000000000
354	FT911-3-810	871	0.0000000000
354	FT911-3-811	872	0.0000000000
354	FT911-3-812	873	0.0000000000
354	FT911-3-813	874	0.0000000000
354	FT911-3-814	875	0.0000000000
354	FT911-3-815	876	0.0000000000
354	FT911-3-816	877	0.0000000000
354	FT911-3-817	878	0.0000000000
354	FT911-3-818	879	0.0000000000
354	FT911-3-819	880	0.0000000000
354	FT911-3-820	881	0.0000000000
354	FT911-3-821	882	0.0000000000
354	FT911-3-822	883	0.0000000000
354	FT911-3-823	884	0.0000000000
354	FT911-3-824	885	0.0000000000
354	FT911-3-825	886	0.0000000000
354	FT911-3-826	887	0.0000000000
354	FT911-3-827	888	0.0000000000
354	FT911-3-828	889	0.0000000000
354	FT911-3-829	890	0.0000000000
354	FT911-3-830	891	0.0000000000
354	FT911-3-831	892	0.0000000000
354	FT911-3-832	893	0.0000000000
354	FT911-3-833	894	0.0000000000
354	FT911-3-834	895	0.0000000000
354	FT911-3-835	896	0.0000000000
354	FT911-3-836	897	0.0000000000
354	FT911-3-837	898	0.0000000000
354	FT911-3-838	899	0.0000000000
354	FT911-3-839	900	0.0000000000
354	FT911-3-840	901	0.0000000000
354	FT911-3-841	902	0.0000000000
354	FT911-3-842	903	0.0000000000
354	FT911-3-843	904	0.0000000000
354	FT911-3-844	905	0.0000000000
354	FT911-3-845	906	0.0000000000
354	FT911-3-846	907	0.0000000000
354	FT911-3-847	908	0.0000000000
354	FT911-3-848	909	0.0000000000
354	FT911-3-849	910	0.0000000000
354	FT911-3-850	911	0.0000000000
354	FT911-3-851	912	0.0000000000
354	FT911-3-852	913	0.0000000000
354	FT911-3-853	914	0.0000000000
354	FT911-3-854	915	0.0000000000
354	FT911-3-855	916	0.0000000000
354	FT911-3-856	917	0.0000000000
354	FT911-3-857	918	0.0000000000
354	FT911-3-858	919	0.0000000000
354	FT911-3-859	920	0.0000000000
354	FT911-3-860	921	0.0000000000
354	FT911-3-861	922	0.0000000000
354	FT911-3-862	923	0.0000000000
354	FT911-3-863	924	0.0000000000
354	FT911-3-864	925	0.0000000000
354	FT911-3-865	926	0.0000000000
354	FT911-3-866	927	0.0000000000
354	FT911-3-867	928	0.0000000000
354	FT911-3-868	929	0.0000000000
354	FT911-3-869	930	0.0000000000
354	FT911-3-870	931	0.0000000000
354	FT911-3-871	932	0.0000000000
354	FT911-3-872	933	0.0000000000
354	FT911-3-873	934	0.0000000000
354	FT911-3-874	935	0.0000000000
354	FT911-3-875	936	0.0000000000
354	FT911-3-876	937	0.0000000000
354	FT911-3-877	938	0.0000000000
354	FT911-3-878	939	0.0000000000
354	FT911-3-879	940	0.0000000000
354	FT911-3-880	941	0.0000000000
354	FT911-3-881	942	0.0000000000
354	FT911-3-882	943	0.0000000000
354	FT911-3-883	944	0.0000000000
354	FT911-3-884	945	0.0000000000
354	FT911-3-885	946	0.0000000000
354	FT911-3-886	947	0.0000000000
354	FT911-3-887	948	0.0000000000
354	FT911-3-888	949	0.0000000000
354	FT911-3-889	950	0.0000000000
354	FT911-3-890	951	0.0000000000
354	FT911-3-891	952	0.0000000000
354	FT911-3-892	953	0.0000000000
354	FT911-3-893	954	0.0000000000
354	FT911-3-894	955	0.0000000000
354	FT911-3-895	956	0.0000000000
354	FT911-3-896	957	0.0000000000
354	FT911-3-897	958	0.0000000000
354	FT911-3-898	959	0.0000000000
354	FT911-3-899	960	0.0000000000
354	FT911-3-900	961	0.0000000000
354	FT911-3-901	962	0.0000000000
354	FT911-3-902	963	0.0000000000
354	FT911-3-903	964	0.0000000000
354	FT911-3-904	965	0.0000000000
354	FT911-3-905	966	0.0000000000
354	FT911-3-906	967	0.0000000000
354	FT911-3-907	968	0.0000000000
354	FT911-3-908	969	0.0000000000
354	FT911-3-909	970	0.0000000000
354	FT911-3-910	971	0.0000000000
354	FT911-3-911	972	0.0000000000
354	FT911-3-912	973	0.0000000000
354	FT911-3-913	974	0.0000000000
354	FT911-3-914	975	0.0000000000
354	FT911-3-915	976	0.0000000000
354	FT911-3-916	977	0.0000000000
354	FT911-3-917	978	0.0000000000
354	FT911-3-918	979	0.0000000000
354	FT911-3-919	980	0.0000000000
354	FT911-3-920	981	0.0000000000
354	FT911-3-921	982	0.0000000000
354	FT911-3-922	983	0.0000000000
354	FT911-3-923	984	0.0000000000
354	FT911-3-924	985	0.0000000000
354	FT911-3-925	986	0.0000000000
354	FT911-3-926	987	0.0000000000
354	FT911-3-927	988	0.0000000000
354	FT911-3-928	989	0.0000000000
354	FT911-3-929	990	0.0000000000
354	FT911-3-930	991	0.0000000000
354	FT911-3-931	992	0.0000000000
354	FT911-3-932	993	0.0000000000
354	FT911-3-933	994	0.0000000000
354	FT911-3-934	995	0.0000000000
354	FT911-3-935	996	0.0000000000
354	FT911-3-936	997	0.0000000000
354	FT911-3-937	998	0.0000000000
354	FT911-3-938	999	0.0000000000
354	FT911-3-939	1000	0.0000000000
354	FT911-3-940	1001	0.0000000000
354	FT911-3-941	1002	0.0000000000
354	FT911-3-942	1003	0.0000000000
354	FT911-3-943	1004	0.0000000000
354	FT911-3-944	1005	0.0000000000
354	FT911-3-945	1006	0.0000000000
354	FT911-3-946	1007	0.0000000000
354	FT911-3-948	1008	0.0000000000
354	FT911-3-950	1009	0.0000000000
354	FT911-3-951	1010	0.0000000000
354	FT911-3-952	1011	0.0000000000
354	FT911-3-953	1012	0.0000000000
354	FT911-3-954	1013	0.0000000000
354	FT911-3-955	1014	0.0000000000
354	FT911-3-956	1015	0.0000000000
354	FT911-3-957	1016	0.0000000000
354	FT911-3-958	1017	0.0000000000
354	FT911-3-959	1018	0.0000000000
354	FT911-3-960	1019	0.0000000000
354	FT911-3-961	1020	0.0000000000
354	FT911-3-962	1021	0.0000000000
354	FT911-3-963	1022	0.0000000000
354	FT911-3-964	1023	0.0000000000
354	FT911-3-965	1024	0.0000000000
354	FT911-3-966	1025	0.0000000000
354	FT911-3-967	1026	0.0000000000
354	FT911-3-968	1027	0.0000000000
354	FT911-3-969	1028	0.0000000000
354	FT911-3-970	1029	0.0000000000
354	FT911-3-971	1030	0.0000000000
354	FT911-3-972	1031	0.0000000000
354	FT911-3-973	1032	0.0000000000
354	FT911-3-974	1033	0.0000000000
354	FT911-3-975	1034	0.0000000000
354	FT911-3-976	1035	0.0000000000
354	FT911-3-977	1036	0.0000000000
354	FT911-3-978	1037	0.0000000000
354	FT911-3-979	1038	0.0000000000
354	FT911-3-980	1039	0.0000000000
354	FT911-3-981	1040	0.0000000000
354	FT911-3-982	1041	0.0000000000
354	FT911-3-983	1042	0.0000000000
354	FT911-3-984	1043	0.0000000000
354	FT911-3-985	1044	0.0000000000
354	FT911-3-986	1045	0.0000000000
354	FT911-3-987	1046	0.0000000000
354	FT911-3-988	1047	0.0000000000
354	FT911-3-989	1048	0.0000000000
354	FT911-3-990	1049	0.0000000000
354	FT911-3-991	1050	0.0000000000
354	FT911-3-992	1051	0.0000000000
354	FT911-3-993	1052	0.0000000000
354	FT911-3-994	1053	0.0000000000
354	FT911-3-995	1054	0.0000000000
354	FT911-3-996	1055	0.0000000000
354	FT911-3-997	1056	0.0000000000
354	FT911-3-998	1057	0.0000000000
354	FT911-3-999	1058	0.0000000000
354	FT911-3-1000	1059	0.0000000000
354	FT911-3-1001	1060	0.0000000000
354	FT911-3-1002	1061	0.0000000000
354	FT911-3-1003	1062	0.0000000000
354	FT911-3-1004	1063	0.0000000000
354	FT911-3-1005	1064	0.0000000000
354	FT911-3-1006	1065	0.0000000000
354	FT911-3-1007	1066	0.0000000000
354	FT911-3-1008	1067	0.0000000000
354	FT911-3-1009	1068	0.0000000000
354	FT911-3-1010	1069	0.0000000000
354	FT911-3-1011	1070	0.0000000000
354	FT911-3-1012	1071	0.0000000000
354	FT911-3-1013	1072	0.0000000000
354	FT911-3-1014	1073	0.0000000000
354	FT911-3-1015	1074	0.0000000000
354	FT911-3-1016	1075	0.0000000000
354	FT911-3-1017	1076	0.0000000000
354	FT911-3-1018	1077	0.0000000000
354	FT911-3-1019	1078	0.0000000000
354	FT911-3-1020	1079	0.0000000000
354	FT911-3-1021	1080	0.0000000000
354	FT911-3-1022	1081	0.0000000000
354	FT911-3-1023	1082	0.0000000000
354	FT911-3-1024	1083	0.0000000000
354	FT911-3-1025	1084	0.0000000000
354	FT911-3-1026	1085	0.0000000000
354	FT911-3-1027	1086	0.0000000000
354	FT911-3-1028	1087	0.0000000000
354	FT911-3-1029	1088	0.0000000000
354	FT911-3-1030	1089	0.0000000000
354	FT911-3-1031	1090	0.0000000000
354	FT911-3-1032	1091	0.0000000000
354	FT911-3-1033	1092	0.0000000000
354	FT911-3-1034	1093	0.0000000000
354	FT911-3-1035	1094	0.0000000000
354	FT911-3-1036	1095	0.0000000000
354	FT911-3-1037	1096	0.0000000000
354	FT911-3-1038	1097	0.0000000000
354	FT911-3-1039	1098	0.0000000000
354	FT911-3-1040	1099	0.0000000000
354	FT911-3-1041	1100	0.0000000000
354	FT911-3-1042	1101	0.0000000000
354	FT911-3-1043	1102	0.0000000000
354	FT911-3-1044	1103	0.0000000000
354	FT911-3-1045	1104	0.0000000000
354	FT911-3-1046	1105	0.0000000000
354	FT911-3-1047	1106	0.0000000000
354	FT911-3-1048	1107	0.0000000000
354	FT911-3-1049	1108	0.0000000000
354	FT911-3-1050	1109	0.0000000000
354	FT911-3-1051	1110	0.0000000000
354	FT911-3-1052	1111	0.0000000000
354	FT911-3-1053	1112	0.0000000000
354	FT911-3-1054	1113	0.0000000000
354	FT911-3-1055	1114	0.0000000000
354	FT911-3-1056	1115	0.0000000000
354	FT911-3-1057	1116	0.0000000000
354	FT911-3-1058	1117	0.0000000000
354	FT911-3-1059	1118	0.0000000000
354	FT911-3-1060	1119	0.0000000000
354	FT911-3-1061	1120	0.0000000000
354	FT911-3-1062	1121	0.0000000000
354	FT911-3-1063	1122	0.0000000000
354	FT911-3-1064	1123	0.0000000000
354	FT911-3-1065	1124	0.0000000000
354	FT911-3-1066	1125	0.0000000000
354	FT911-3-1067	1126	0.0000000000
354	FT911-3-1068	1127	0.0000000000
354	FT911-3-1069	1128	0.0000000000
354	FT911-3-1070	1129	0.0000000000
354	FT911-3-1071	1130	0.0000000000
354	FT911-3-1072	1131	0.0000000000
354	FT911-3-1073	1132	0.0000000000
354	FT911-3-1074	1133	0.0000000000
354	FT911-3-1075	1134	0.0000000000
354	FT911-3-1076	1135	0.0000000000
354	FT911-3-1077	1136	0.0000000000
354	FT911-3-1078	1137	0.0000000000
354	FT911-3-1079	1138	0.0000000000
354	FT911-3-1080	1139	0.0000000000
354	FT911-3-1081	1140	0.0000000000
354	FT911-3-1082	1141	0.0000000000
354	FT911-3-1083	1142	0.0000000000
354	FT911-3-1084	1143	0.0000000000
354	FT911-3-1085	1144	0.0000000000
354	FT911-3-1086	1145	0.0000000000
354	FT911-3-1087	1146	0.0000000000
354	FT911-3-1088	1147	0.0000000000
354	FT911-3-1089	1148	0.0000000000
354	FT911-3-1090	1149	0.0000000000
354	FT911-3-1091	1150	0.0000000000
354	FT911-3-1092	1151	0.0000000000
354	FT911-3-1093	1152	0.0000000000
354	FT911-3-1094	1153	0.0000000000
354	FT911-3-1095	1154	0.0000000000
354	FT911-3-1096	1155	0.0000000000
354	FT911-3-1097	1156	0.0000000000
354	FT911-3-1098	1157	0.0000000000
354	FT911-4-1099	1158	0.0000000000
354	FT911-4-1100	1159	0.0000000000
354	FT911-4-1101	1160	0.0000000000
354	FT911-4-1102	1161	0.0000000000
354	FT911-4-1103	1162	0.0000000000
354	FT911-4-1104	1163	0.0000000000
354	FT911-4-1105	1164	0.0000000000
354	FT911-4-1106	1165	0.0000000000
354	FT911-4-1107	1166	0.0000000000
354	FT911-4-1108	1167	0.0000000000
354	FT911-4-1109	1168	0.0000000000
354	FT911-4-1110	1169	0.0000000000
354	FT911-4-1111	1170	0.0000000000
354	FT911-4-1112	1171	0.0000000000
354	FT911-4-1113	1172	0.0000000000
354	FT911-4-1114	1173	0.0000000000
354	FT911-4-1115	1174	0.0000000000
354	FT911-4-1116	1175	0.0000000000
354	FT911-4-1117	1176	0.0000000000
354	FT911-4-1118	1177	0.0000000000
354	FT911-4-1119	1178	0.0000000000
354	FT911-4-1120	1179	0.0000000000
354	FT911-4-1121	1180	0.0000000000
354	FT911-4-1122	1181	0.0000000000
354	FT911-4-1123	1182	0.0000000000
354	FT911-4-1124	1183	0.0000000000
354	FT911-4-1125	1184	0.0000000000
354	FT911-4-1126	1185	0.0000000000
354	FT911-4-1127	1186	0.0000000000
354	FT911-4-1128	1187	0.0000000000
354	FT911-4-1129	1188	0.0000000000
354	FT911-4-1130	1189	0.0000000000
354	FT911-4-1131	1190	0.0000000000
354	FT911-4-1132	1191	0.0000000000
354	FT911-4-1133	1192	0.0000000000
354	FT911-4-1134	1193	0.0000000000
354	FT911-4-1135	1194	0.0000000000
354	FT911-4-1136	1195	0.0000000000
354	FT911-4-1137	1196	0.0000000000
354	FT911-4-1138	1197	0.0000000000
354	FT911-4-1139	1198	0.0000000000
354	FT911-4-1140	1199	0.0000000000
354	FT911-4-1141	1200	0.0000000000
354	FT911-4-1142	1201	0.0000000000
354	FT911-4-1143	1202	0.0000000000
354	FT911-4-1144	1203	0.0000000000
354	FT911-4-1145	1204	0.0000000000
354	FT911-4-1146	1205	0.0000000000
354	FT911-4-1147	1206	0.0000000000
354	FT911-4-1148	1207	0.0000000000
354	FT911-4-1149	1208	0.0000000000
354	FT911-4-1150	1209	0.0000000000
354	FT911-4-1151	1210	0.0000000000
354	FT911-4-1152	1211	0.0000000000
354	FT911-4-1153	1212	0.0000000000
354	FT911-4-1154	1213	0.0000000000
354	FT911-4-1155	1214	0.0000000000
354	FT911-4-1156	1215	0.0000000000
354	FT911-4-1157	1216	0.0000000000
354	FT911-4-1158	1217	0.0000000000
354	FT911-4-1159	1218	0.0000000000
354	FT911-4-1160	1219	0.0000000000
354	FT911-4-1161	1220	0.0000000000
354	FT911-4-1162	1221	0.0000000000
354	FT911-4-1163	1222	0.0000000000
354	FT911-4-1165	1223	0.0000000000
354	FT911-4-1166	1224	0.0000000000
354	FT911-4-1167	1225	0.0000000000
354	FT911-4-1168	1226	0.0000000000
354	FT911-4-1169	1227	0.0000000000
354	FT911-4-1170	1228	0.0000000000
354	FT911-4-1171	1229	0.0000000000
354	FT911-4-1172	1230	0.0000000000
354	FT911-4-1173	1231	0.0000000000
354	FT911-4-1174	1232	0.0000000000
354	FT911-4-1175	1233	0.0000000000
354	FT911-4-1176	1234	0.0000000000
354	FT911-4-1177	1235	0.0000000000
354	FT911-4-1178	1236	0.0000000000
354	FT911-4-1179	1237	0.0000000000
354	FT911-4-1180	1238	0.0000000000
354	FT911-4-1181	1239	0.0000000000
354	FT911-4-1182	1240	0.0000000000
354	FT911-4-1183	1241	0.0000000000
354	FT911-4-1184	1242	0.0000000000
354	FT911-4-1185	1243	0.0000000000
354	FT911-4-1186	1244	0.0000000000
354	FT911-4-1187	1245	0.0000000000
354	FT911-4-1188	1246	0.0000000000
354	FT911-4-1189	1247	0.0000000000
354	FT911-4-1190	1248	0.0000000000
354	FT911-4-1191	1249	0.0000000000
354	FT911-4-1192	1250	0.0000000000
354	FT911-4-1193	1251	0.0000000000
354	FT911-4-1194	1252	0.0000000000
354	FT911-4-1195	1253	0.0000000000
354	FT911-4-1196	1254	0.0000000000
354	FT911-4-1197	1255	0.0000000000
354	FT911-4-1198	1256	0.0000000000
354	FT911-4-1199	1257	0.0000000000
354	FT911-4-1200	1258	0.0000000000
354	FT911-4-1201	1259	0.0000000000
354	FT911-4-1202	1260	0.0000000000
354	FT911-4-1203	1261	0.0000000000
354	FT911-4-1204	1262	0.0000000000
354	FT911-4-1205	1263	0.0000000000
354	FT911-4-1206	1264	0.0000000000
354	FT911-4-1207	1265	0.0000000000
354	FT911-4-1208	1266	0.0000000000
354	FT911-4-1209	1267	0.0000000000
354	FT911-4-1210	1268	0.0000000000
354	FT911-4-1211	1269	0.0000000000
354	FT911-4-1212	1270	0.0000000000
354	FT911-4-1213	1271	0.0000000000
354	FT911-4-1214	1272	0.0000000000
354	FT911-4-1215	1273	0.0000000000
354	FT911-4-1216	1274	0.0000000000
354	FT911-4-1217	1275	0.0000000000
354	FT911-4-1218	1276	0.0000000000
354	FT911-4-1219	1277	0.0000000000
354	FT911-4-1220	1278	0.0000000000
354	FT911-4-1221	1279	0.0000000000
354	FT911-4-1222	1280	0.0000000000
354	FT911-4-1223	1281	0.0000000000
354	FT911-4-1224	1282	0.0000000000
354	FT911-4-1225	1283	0.0000000000
354	FT911-4-1226	1284	0.0000000000
354	FT911-4-1227	1285	0.0000000000
354	FT911-4-1228	1286	0.0000000000
354	FT911-4-1229	1287	0.0000000000
354	FT911-4-1230	1288	0.0000000000
354	FT911-4-1231	1289	0.0000000000
354	FT911-4-1232	1290	0.0000000000
354	FT911-4-1233	1291	0.0000000000
354	FT911-4-1235	1292	0.0000000000
354	FT911-4-1236	1293	0.0000000000
354	FT911-4-1237	1294	0.0000000000
354	FT911-4-1238	1295	0.0000000000
354	FT911-4-1239	1296	0.0000000000
354	FT911-4-1240	1297	0.0000000000
354	FT911-4-1241	1298	0.0000000000
354	FT911-4-1242	1299	0.0000000000
354	FT911-4-1243	1300	0.0000000000
354	FT911-4-1244	1301	0.0000000000
354	FT911-4-1245	1302	0.0000000000
354	FT911-4-1246	1303	0.0000000000
354	FT911-4-1247	1304	0.0000000000
354	FT911-4-1248	1305	0.0000000000
354	FT911-4-1249	1306	0.0000000000
354	FT911-4-1250	1307	0.0000000000
354	FT911-4-1251	1308	0.0000000000
354	FT911-4-1252	1309	0.0000000000
354	FT911-4-1253	1310	0.0000000000
354	FT911-4-1254	1311	0.0000000000
354	FT911-4-1255	1312	0.0000000000
354	FT911-4-1256	1313	0.0000000000
354	FT911-4-1257	1314	0.0000000000
354	FT911-4-1258	1315	0.0000000000
354	FT911-4-1259	1316	0.0000000000
354	FT911-4-1261	1317	0.0000000000
354	FT911-4-1262	1318	0.0000000000
354	FT911-4-1263	1319	0.0000000000
354	FT911-4-1264	1320	0.0000000000
354	FT911-4-1265	1321	0.0000000000
354	FT911-4-1266	1322	0.0000000000
354	FT911-4-1267	1323	0.0000000000
354	FT911-4-1268	1324	0.0000000000
354	FT911-4-1269	1325	0.0000000000
354	FT911-4-1270	1326	0.0000000000
354	FT911-4-1271	1327	0.0000000000
354	FT911-4-1272	1328	0.0000000000
354	FT911-4-1273	1329	0.0000000000
354	FT911-4-1274	1330	0.0000000000
354	FT911-4-1275	1331	0.0000000000
354	FT911-4-1276	1332	0.0000000000
354	FT911-4-1277	1333	0.0000000000
354	FT911-4-1278	1334	0.0000000000
354	FT911-4-1279	1335	0.0000000000
354	FT911-4-1280	1336	0.0000000000
354	FT911-4-1281	1337	0.0000000000
354	FT911-4-1282	1338	0.0000000000
354	FT911-4-1283	1339	0.0000000000
354	FT911-4-1284	1340	0.0000000000
354	FT911-4-1285	1341	0.0000000000
354	FT911-4-1286	1342	0.0000000000
354	FT911-4-1287	1343	0.0000000000
354	FT911-4-1288	1344	0.0000000000
354	FT911-4-1289	1345	0.0000000000
354	FT911-4-1290	1346	0.0000000000
354	FT911-4-1291	1347	0.0000000000
354	FT911-4-1292	1348	0.0000000000
354	FT911-4-1293	1349	0.0000000000
354	FT911-4-1294	1350	0.0000000000
354	FT911-4-1295	1351	0.0000000000
354	FT911-4-1296	1352	0.0000000000
354	FT911-4-1297	1353	0.0000000000
354	FT911-4-1298	1354	0.0000000000
354	FT911-4-1299	1355	0.0000000000
354	FT911-4-1300	1356	0.0000000000
354	FT911-4-1301	1357	0.0000000000
354	FT911-4-1302	1358	0.0000000000
354	FT911-4-1303	1359	0.0000000000
354	FT911-4-1304	1360	0.0000000000
354	FT911-4-1305	1361	0.0000000000
354	FT911-4-1306	1362	0.0000000000
354	FT911-4-1307	1363	0.0000000000
354	FT911-4-1308	1364	0.0000000000
354	FT911-4-1309	1365	0.0000000000
354	FT911-4-1310	1366	0.0000000000
354	FT911-4-1311	1367	0.0000000000
354	FT911-4-1312	1368	0.0000000000
354	FT911-4-1313	1369	0.0000000000
354	FT911-4-1314	1370	0.0000000000
354	FT911-4-1315	1371	0.0000000000
354	FT911-4-1316	1372	0.0000000000
354	FT911-4-1317	1373	0.0000000000
354	FT911-4-1318	1374	0.0000000000
354	FT911-4-1319	1375	0.0000000000
354	FT911-4-1320	1376	0.0000000000
354	FT911-4-1321	1377	0.0000000000
354	FT911-4-1322	1378	0.0000000000
354	FT911-4-1323	1379	0.0000000000
354	FT911-4-1324	1380	0.0000000000
354	FT911-4-1325	1381	0.0000000000
354	FT911-4-1326	1382	0.0000000000
354	FT911-4-1327	1383	0.0000000000
354	FT911-4-1328	1384	0.0000000000
354	FT911-4-1329	1385	0.0000000000
354	FT911-4-1330	1386	0.0000000000
354	FT911-4-1331	1387	0.0000000000
354	FT911-4-1332	1388	0.0000000000
354	FT911-4-1333	1389	0.0000000000
354	FT911-4-1334	1390	0.0000000000
354	FT911-4-1335	1391	0.0000000000
354	FT911-4-1336	1392	0.0000000000
354	FT911-4-1337	1393	0.0000000000
354	FT911-4-1338	1394	0.0000000000
354	FT911-4-1339	1395	0.0000000000
354	FT911-4-1340	1396	0.0000000000
354	FT911-4-1341	1397	0.0000000000
354	FT911-4-1342	1398	0.0000000000
354	FT911-4-1343	1399	0.0000000000
354	FT911-4-1344	1400	0.0000000000
354	FT911-4-1345	1401	0.0000000000
354	FT911-4-1346	1402	0.0000000000
354	FT911-4-1347	1403	0.0000000000
354	FT911-4-1348	1404	0.0000000000
354	FT911-4-1349	1405	0.0000000000
354	FT911-4-1350	1406	0.0000000000
354	FT911-4-1351	1407	0.0000000000
354	FT911-4-1352	1408	0.0000000000
354	FT911-4-1353	1409	0.0000000000
354	FT911-4-1354	1410	0.0000000000
354	FT911-4-1355	1411	0.0000000000
354	FT911-4-1356	1412	0.0000000000
354	FT911-4-1357	1413	0.0000000000
354	FT911-4-1358	1414	0.0000000000
354	FT911-4-1359	1415	0.0000000000
354	FT911-4-1360	1416	0.0000000000
354	FT911-4-1361	1417	0.0000000000
354	FT911-4-1362	1418	0.0000000000
354	FT911-4-1363	1419	0.0000000000
354	FT911-4-1364	1420	0.0000000000
354	FT911-4-1365	1421	0.0000000000
354	FT911-4-1366	1422	0.0000000000
354	FT911-4-1367	1423	0.0000000000
354	FT911-4-1368	1424	0.0000000000
354	FT911-4-1369	1425	0.0000000000
354	FT911-4-1370	1426	0.0000000000
354	FT911-4-1371	1427	0.0000000000
354	FT911-4-1372	1428	0.0000000000
354	FT911-4-1373	1429	0.0000000000
354	FT911-4-1374	1430	0.0000000000
354	FT911-4-1375	1431	0.0000000000
354	FT911-4-1376	1432	0.0000000000
354	FT911-4-1377	1433	0.0000000000
354	FT911-4-1378	1434	0.0000000000
354	FT911-4-1379	1435	0.0000000000
354	FT911-4-1380	1436	0.0000000000
354	FT911-4-1381	1437	0.0000000000
354	FT911-4-1382	1438	0.0000000000
354	FT911-4-1383	1439	0.0000000000
354	FT911-4-1384	1440	0.0000000000
354	FT911-4-1385	1441	0.0000000000
354	FT911-4-1386	1442	0.0000000000
354	FT911-4-1387	1443	0.0000000000
354	FT911-4-1388	1444	0.0000000000
354	FT911-4-1389	1445	0.0000000000
354	FT911-4-1390	1446	0.0000000000
354	FT911-4-1391	1447	0.0000000000
354	FT911-4-1392	1448	0.0000000000
354	FT911-4-1393	1449	0.0000000000
354	FT911-4-1394	1450	0.0000000000
354	FT911-4-1395	1451	0.0000000000
354	FT911-4-1396	1452	0.0000000000
354	FT911-4-1397	1453	0.0000000000
354	FT911-4-1398	1454	0.0000000000
354	FT911-4-1399	1455	0.0000000000
354	FT911-4-1400	1456	0.0000000000
354	FT911-4-1401	1457	0.0000000000
354	FT911-4-1402	1458	0.0000000000
354	FT911-4-1403	1459	0.0000000000
354	FT911-4-1404	1460	0.0000000000
354	FT911-4-1405	1461	0.0000000000
354	FT911-4-1406	1462	0.0000000000
354	FT911-4-1407	1463	0.0000000000
354	FT911-4-1408	1464	0.0000000000
354	FT911-4-1409	1465	0.0000000000
354	FT911-4-1410	1466	0.0000000000
354	FT911-4-1411	1467	0.0000000000
354	FT911-4-1412	1468	0.0000000000
354	FT911-4-1413	1469	0.0000000000
354	FT911-4-1414	1470	0.0000000000
354	FT911-4-1415	1471	0.0000000000
354	FT911-4-1416	1472	0.0000000000
354	FT911-4-1417	1473	0.0000000000
354	FT911-4-1418	1474	0.0000000000
354	FT911-4-1419	1475	0.0000000000
354	FT911-4-1420	1476	0.0000000000
354	FT911-4-1421	1477	0.0000000000
354	FT911-4-1422	1478	0.0000000000
354	FT911-4-1423	1479	0.0000000000
354	FT911-4-1424	1480	0.0000000000
354	FT911-4-1425	1481	0.0000000000
354	FT911-4-1426	1482	0.0000000000
354	FT911-4-1427	1483	0.0000000000
354	FT911-4-1428	1484	0.0000000000
354	FT911-4-1429	1485	0.0000000000
354	FT911-4-1430	1486	0.0000000000
354	FT911-4-1431	1487	0.0000000000
354	FT911-4-1432	1488	0.0000000000
354	FT911-4-1433	1489	0.0000000000
354	FT911-4-1434	1490	0.0000000000
354	FT911-4-1435	1491	0.0000000000
354	FT911-4-1436	1492	0.0000000000
354	FT911-4-1437	1493	0.0000000000
354	FT911-4-1438	1494	0.0000000000
354	FT911-4-1439	1495	0.0000000000
354	FT911-4-1440	1496	0.0000000000
354	FT911-4-1441	1497	0.0000000000
354	FT911-4-1442	1498	0.0000000000
354	FT911-4-1443	1499	0.0000000000
354	FT911-4-1444	1500	0.0000000000
354	FT911-4-1445	1501	0.0000000000
354	FT911-4-1446	1502	0.0000000000
354	FT911-4-1447	1503	0.0000000000
354	FT911-4-1448	1504	0.0000000000
354	FT911-4-1449	1505	0.0000000000
354	FT911-4-1450	1506	0.0000000000
354	FT911-4-1451	1507	0.0000000000
354	FT911-4-1452	1508	0.0000000000
354	FT911-4-1453	1509	0.0000000000
354	FT911-4-1454	1510	0.0000000000
354	FT911-4-1455	1511	0.0000000000
354	FT911-4-1456	1512	0.0000000000
354	FT911-4-1457	1513	0.0000000000
354	FT911-4-1458	1514	0.0000000000
354	FT911-4-1459	1515	0.0000000000
354	FT911-4-1460	1516	0.0000000000
354	FT911-4-1461	1517	0.0000000000
354	FT911-4-1462	1518	0.0000000000
354	FT911-4-1463	1519	0.0000000000
354	FT911-4-1464	1520	0.0000000000
354	FT911-4-1465	1521	0.0000000000
354	FT911-4-1466	1522	0.0000000000
354	FT911-4-1467	1523	0.0000000000
354	FT911-4-1468	1524	0.0000000000
354	FT911-4-1469	1525	0.0000000000
354	FT911-4-1470	1526	0.0000000000
354	FT911-4-1471	1527	0.0000000000
354	FT911-4-1472	1528	0.0000000000
354	FT911-4-1473	1529	0.0000000000
354	FT911-4-1474	1530	0.0000000000
354	FT911-4-1475	1531	0.0000000000
354	FT911-4-1476	1532	0.0000000000
354	FT911-4-1477	1533	0.0000000000
354	FT911-4-1478	1534	0.0000000000
354	FT911-5-1479	1535	0.0000000000
354	FT911-5-1480	1536	0.0000000000
354	FT911-5-1481	1537	0.0000000000
354	FT911-5-1482	1538	0.0000000000
354	FT911-5-1483	1539	0.0000000000
354	FT911-5-1484	1540	0.0000000000
354	FT911-5-1485	1541	0.0000000000
354	FT911-5-1486	1542	0.0000000000
354	FT911-5-1487	1543	0.0000000000
354	FT911-5-1488	1544	0.0000000000
354	FT911-5-1489	1545	0.0000000000
354	FT911-5-1490	1546	0.0000000000
354	FT911-5-1491	1547	0.0000000000
354	FT911-5-1492	1548	0.0000000000
354	FT911-5-1493	1549	0.0000000000
354	FT911-5-1494	1550	0.0000000000
354	FT911-5-1495	1551	0.0000000000
354	FT911-5-1496	1552	0.0000000000
354	FT911-5-1497	1553	0.0000000000
354	FT911-5-1498	1554	0.0000000000
354	FT911-5-1499	1555	0.0000000000
354	FT911-5-1500	1556	0.0000000000
354	FT911-5-1501	1557	0.0000000000
354	FT911-5-1502	1558	0.0000000000
354	FT911-5-1503	1559	0.0000000000
354	FT911-5-1504	1560	0.0000000000
354	FT911-5-1505	1561	0.0000000000
354	FT911-5-1506	1562	0.0000000000
354	FT911-5-1507	1563	0.0000000000
354	FT911-5-1508	1564	0.0000000000
354	FT911-5-1509	1565	0.0000000000
354	FT911-5-1510	1566	0.0000000000
354	FT911-5-1511	1567	0.0000000000
354	FT911-5-1512	1568	0.0000000000
354	FT911-5-1513	1569	0.0000000000
354	FT911-5-1514	1570	0.0000000000
354	FT911-5-1515	1571	0.0000000000
354	FT911-5-1516	1572	0.0000000000
354	FT911-5-1517	1573	0.0000000000
354	FT911-5-1518	1574	0.0000000000
354	FT911-5-1519	1575	0.0000000000
354	FT911-5-1520	1576	0.0000000000
354	FT911-5-1521	1577	0.0000000000
354	FT911-5-1522	1578	0.0000000000
354	FT911-5-1523	1579	0.0000000000
354	FT911-5-1524	1580	0.0000000000
354	FT911-5-1525	1581	0.0000000000
354	FT911-5-1526	1582	0.0000000000
354	FT911-5-1527	1583	0.0000000000
354	FT911-5-1528	1584	0.0000000000
354	FT911-5-1529	1585	0.0000000000
354	FT911-5-1530	1586	0.0000000000
354	FT911-5-1531	1587	0.0000000000
354	FT911-5-1532	1588	0.0000000000
354	FT911-5-1533	1589	0.0000000000
354	FT911-5-1534	1590	0.0000000000
354	FT911-5-1535	1591	0.0000000000
354	FT911-5-1536	1592	0.0000000000
354	FT911-5-1537	1593	0.0000000000
354	FT911-5-1538	1594	0.0000000000
354	FT911-5-1539	1595	0.0000000000
354	FT911-5-1540	1596	0.0000000000
354	FT911-5-1541	1597	0.0000000000
354	FT911-5-1542	1598	0.0000000000
354	FT911-5-1543	1599	0.0000000000
354	FT911-5-1544	1600	0.0000000000
354	FT911-5-1545	1601	0.0000000000
354	FT911-5-1546	1602	0.0000000000
354	FT911-5-1547	1603	0.0000000000
354	FT911-5-1548	1604	0.0000000000
354	FT911-5-1549	1605	0.0000000000
354	FT911-5-1550	1606	0.0000000000
354	FT911-5-1551	1607	0.0000000000
354	FT911-5-1552	1608	0.0000000000
354	FT911-5-1553	1609	0.0000000000
354	FT911-5-1554	1610	0.0000000000
354	FT911-5-1555	1611	0.0000000000
354	FT911-5-1556	1612	0.0000000000
354	FT911-5-1557	1613	0.0000000000
354	FT911-5-1558	1614	0.0000000000
354	FT911-5-1559	1615	0.0000000000
354	FT911-5-1560	1616	0.0000000000
354	FT911-5-1561	1617	0.0000000000
354	FT911-5-1562	1618	0.0000000000
354	FT911-5-1563	1619	0.0000000000
354	FT911-5-1564	1620	0.0000000000
354	FT911-5-1565	1621	0.0000000000
354	FT911-5-1566	1622	0.0000000000
354	FT911-5-1567	1623	0.0000000000
354	FT911-5-1568	1624	0.0000000000
354	FT911-5-1569	1625	0.0000000000
354	FT911-5-1570	1626	0.0000000000
354	FT911-5-1571	1627	0.0000000000
354	FT911-5-1572	1628	0.0000000000
354	FT911-5-1573	1629	0.0000000000
354	FT911-5-1574	1630	0.0000000000
354	FT911-5-1575	1631	0.0000000000
354	FT911-5-1576	1632	0.0000000000
354	FT911-5-1577	1633	0.0000000000
354	FT911-5-1578	1634	0.0000000000
354	FT911-5-1579	1635	0.0000000000
354	FT911-5-1580	1636	0.0000000000
354	FT911-5-1581	1637	0.0000000000
354	FT911-5-1582	1638	0.0000000000
354	FT911-5-1583	1639	0.0000000000
354	FT911-5-1584	1640	0.0000000000
354	FT911-5-1585	1641	0.0000000000
354	FT911-5-1586	1642	0.0000000000
354	FT911-5-1587	1643	0.0000000000
354	FT911-5-1588	1644	0.0000000000
354	FT911-5-1589	1645	0.0000000000
354	FT911-5-1590	1646	0.0000000000
354	FT911-5-1591	1647	0.0000000000
354	FT911-5-1592	1648	0.0000000000
354	FT911-5-1594	1649	0.0000000000
354	FT911-5-1595	1650	0.0000000000
354	FT911-5-1596	1651	0.0000000000
354	FT911-5-1597	1652	0.0000000000
354	FT911-5-1598	1653	0.0000000000
354	FT911-5-1599	1654	0.0000000000
354	FT911-5-1600	1655	0.0000000000
354	FT911-5-1601	1656	0.0000000000
354	FT911-5-1602	1657	0.0000000000
354	FT911-5-1603	1658	0.0000000000
354	FT911-5-1604	1659	0.0000000000
354	FT911-5-1605	1660	0.0000000000
354	FT911-5-1606	1661	0.0000000000
354	FT911-5-1607	1662	0.0000000000
354	FT911-5-1608	1663	0.0000000000
354	FT911-5-1609	1664	0.0000000000
354	FT911-5-1610	1665	0.0000000000
354	FT911-5-1611	1666	0.0000000000
354	FT911-5-1612	1667	0.0000000000
354	FT911-5-1613	1668	0.0000000000
354	FT911-5-1614	1669	0.0000000000
354	FT911-5-1615	1670	0.0000000000
354	FT911-5-1616	1671	0.0000000000
354	FT911-5-1617	1672	0.0000000000
354	FT911-5-1618	1673	0.0000000000
354	FT911-5-1619	1674	0.0000000000
354	FT911-5-1620	1675	0.0000000000
354	FT911-5-1621	1676	0.0000000000
354	FT911-5-1622	1677	0.0000000000
354	FT911-5-1623	1678	0.0000000000
354	FT911-5-1624	1679	0.0000000000
354	FT911-5-1625	1680	0.0000000000
354	FT911-5-1626	1681	0.0000000000
354	FT911-5-1627	1682	0.0000000000
354	FT911-5-1628	1683	0.0000000000
354	FT911-5-1629	1684	0.0000000000
354	FT911-5-1630	1685	0.0000000000
354	FT911-5-1631	1686	0.0000000000
354	FT911-5-1632	1687	0.0000000000
354	FT911-5-1633	1688	0.0000000000
354	FT911-5-1634	1689	0.0000000000
354	FT911-5-1635	1690	0.0000000000
354	FT911-5-1636	1691	0.0000000000
354	FT911-5-1637	1692	0.0000000000
354	FT911-5-1638	1693	0.0000000000
354	FT911-5-1639	1694	0.0000000000
354	FT911-5-1640	1695	0.0000000000
354	FT911-5-1641	1696	0.0000000000
354	FT911-5-1642	1697	0.0000000000
354	FT911-5-1643	1698	0.0000000000
354	FT911-5-1644	1699	0.0000000000
354	FT911-5-1645	1700	0.0000000000
354	FT911-5-1646	1701	0.0000000000
354	FT911-5-1647	1702	0.0000000000
354	FT911-5-1648	1703	0.0000000000
354	FT911-5-1649	1704	0.0000000000
354	FT911-5-1650	1705	0.0000000000
354	FT911-5-1651	1706	0.0000000000
354	FT911-5-1652	1707	0.0000000000
354	FT911-5-1653	1708	0.0000000000
354	FT911-5-1654	1709	0.0000000000
354	FT911-5-1655	1710	0.0000000000
354	FT911-5-1656	1711	0.0000000000
354	FT911-5-1657	1712	0.0000000000
354	FT911-5-1658	1713	0.0000000000
354	FT911-5-1659	1714	0.0000000000
354	FT911-5-1660	1715	0.0000000000
354	FT911-5-1661	1716	0.0000000000
354	FT911-5-1662	1717	0.0000000000
354	FT911-5-1663	1718	0.0000000000
354	FT911-5-1664	1719	0.0000000000
354	FT911-5-1665	1720	0.0000000000
354	FT911-5-1666	1721	0.0000000000
354	FT911-5-1667	1722	0.0000000000
354	FT911-5-1668	1723	0.0000000000
354	FT911-5-1669	1724	0.0000000000
354	FT911-5-1670	1725	0.0000000000
354	FT911-5-1671	1726	0.0000000000
354	FT911-5-1672	1727	0.0000000000
354	FT911-5-1673	1728	0.0000000000
354	FT911-5-1674	1729	0.0000000000
354	FT911-5-1675	1730	0.0000000000
354	FT911-5-1676	1731	0.0000000000
354	FT911-5-1677	1732	0.0000000000
354	FT911-5-1678	1733	0.0000000000
354	FT911-5-1679	1734	0.0000000000
354	FT911-5-1680	1735	0.0000000000
354	FT911-5-1681	1736	0.0000000000
354	FT911-5-1682	1737	0.0000000000
354	FT911-5-1683	1738	0.0000000000
354	FT911-5-1684	1739	0.0000000000
354	FT911-5-1685	1740	0.0000000000
354	FT911-5-1686	1741	0.0000000000
354	FT911-5-1687	1742	0.0000000000
354	FT911-5-1688	1743	0.0000000000
354	FT911-5-1689	1744	0.0000000000
354	FT911-5-1690	1745	0.0000000000
354	FT911-5-1691	1746	0.0000000000
354	FT911-5-1692	1747	0.0000000000
354	FT911-5-1693	1748	0.0000000000
354	FT911-5-1694	1749	0.0000000000
354	FT911-5-1695	1750	0.0000000000
354	FT911-5-1696	1751	0.0000000000
354	FT911-5-1697	1752	0.0000000000
354	FT911-5-1698	1753	0.0000000000
354	FT911-5-1699	1754	0.0000000000
354	FT911-5-1700	1755	0.0000000000
354	FT911-5-1701	1756	0.0000000000
354	FT911-5-1702	1757	0.0000000000
354	FT911-5-1703	1758	0.0000000000
354	FT911-5-1704	1759	0.0000000000
354	FT911-5-1705	1760	0.0000000000
354	FT911-5-1706	1761	0.0000000000
354	FT911-5-1707	1762	0.0000000000
354	FT911-5-1708	1763	0.0000000000
354	FT911-5-1709	1764	0.0000000000
354	FT911-5-1710	1765	0.0000000000
354	FT911-5-1711	1766	0.0000000000
354	FT911-5-1712	1767	0.0000000000
354	FT911-5-1713	1768	0.0000000000
354	FT911-5-1714	1769	0.0000000000
354	FT911-5-1715	1770	0.0000000000
354	FT911-5-1716	1771	0.0000000000
354	FT911-5-1717	1772	0.0000000000
354	FT911-5-1718	1773	0.0000000000
354	FT911-5-1719	1774	0.0000000000
354	FT911-5-1720	1775	0.0000000000
354	FT911-5-1721	1776	0.0000000000
354	FT911-5-1722	1777	0.0000000000
354	FT911-5-1723	1778	0.0000000000
354	FT911-5-1724	1779	0.0000000000
354	FT911-5-1725	1780	0.0000000000
354	FT911-5-1726	1781	0.0000000000
354	FT911-5-1727	1782	0.0000000000
354	FT911-5-1728	1783	0.0000000000
354	FT911-5-1729	1784	0.0000000000
354	FT911-5-1730	1785	0.0000000000
354	FT911-5-1731	1786	0.0000000000
354	FT911-5-1732	1787	0.0000000000
354	FT911-5-1733	1788	0.0000000000
354	FT911-5-1734	1789	0.0000000000
354	FT911-5-1735	1790	0.0000000000
354	FT911-5-1736	1791	0.0000000000
354	FT911-5-1737	1792	0.0000000000
354	FT911-5-1738	1793	0.0000000000
354	FT911-5-1739	1794	0.0000000000
354	FT911-5-1740	1795	0.0000000000
354	FT911-5-1741	1796	0.0000000000
354	FT911-5-1742	1797	0.0000000000
354	FT911-5-1743	1798	0.0000000000
354	FT911-5-1744	1799	0.0000000000
354	FT911-5-1745	1800	0.0000000000
354	FT911-5-1746	1801	0.0000000000
354	FT911-5-1747	1802	0.0000000000
354	FT911-5-1748	1803	0.0000000000
354	FT911-5-1749	1804	0.0000000000
354	FT911-5-1750	1805	0.0000000000
354	FT911-5-1751	1806	0.0000000000
354	FT911-5-1752	1807	0.0000000000
354	FT911-5-1753	1808	0.0000000000
354	FT911-5-1754	1809	0.0000000000
354	FT911-5-1755	1810	0.0000000000
354	FT911-5-1756	1811	0.0000000000
354	FT911-5-1757	1812	0.0000000000
354	FT911-5-1758	1813	0.0000000000
354	FT911-5-1759	1814	0.0000000000
354	FT911-5-1760	1815	0.0000000000
354	FT911-5-1761	1816	0.0000000000
354	FT911-5-1762	1817	0.0000000000
354	FT911-5-1763	1818	0.0000000000
354	FT911-5-1764	1819	0.0000000000
354	FT911-5-1765	1820	0.0000000000
354	FT911-5-1766	1821	0.0000000000
354	FT911-5-1767	1822	0.0000000000
354	FT911-5-1768	1823	0.0000000000
354	FT911-5-1769	1824	0.0000000000
354	FT911-5-1770	1825	0.0000000000
354	FT911-5-1771	1826	0.0000000000
354	FT911-5-1772	1827	0.0000000000
354	FT911-5-1773	1828	0.0000000000
354	FT911-5-1774	1829	0.0000000000
354	FT911-5-1775	1830	0.0000000000
354	FT911-5-1776	1831	0.0000000000
354	FT911-5-1777	1832	0.0000000000
354	FT911-5-1778	1833	0.0000000000
354	FT911-5-1779	1834	0.0000000000
354	FT911-5-1780	1835	0.0000000000
354	FT911-5-1781	1836	0.0000000000
354	FT911-5-1782	1837	0.0000000000
354	FT911-5-1783	1838	0.0000000000
354	FT911-5-1784	1839	0.0000000000
354	FT911-5-1785	1840	0.0000000000
354	FT911-5-1786	1841	0.0000000000
354	FT911-5-1787	1842	0.0000000000
354	FT911-5-1788	1843	0.0000000000
354	FT911-5-1789	1844	0.0000000000
354	FT911-5-1790	1845	0.0000000000
354	FT911-5-1791	1846	0.0000000000
354	FT911-5-1792	1847	0.0000000000
354	FT911-5-1793	1848	0.0000000000
354	FT911-5-1794	1849	0.0000000000
354	FT911-5-1795	1850	0.0000000000
354	FT911-5-1796	1851	0.0000000000
354	FT911-5-1797	1852	0.0000000000
354	FT911-5-1798	1853	0.0000000000
354	FT911-5-1799	1854	0.0000000000
354	FT911-5-1800	1855	0.0000000000
354	FT911-5-1801	1856	0.0000000000
354	FT911-5-1802	1857	0.0000000000
354	FT911-5-1803	1858	0.0000000000
354	FT911-5-1804	1859	0.0000000000
354	FT911-5-1805	1860	0.0000000000
354	FT911-5-1806	1861	0.0000000000
354	FT911-5-1807	1862	0.0000000000
354	FT911-5-1808	1863	0.0000000000
354	FT911-5-1809	1864	0.0000000000
354	FT911-5-1810	1865	0.0000000000
354	FT911-5-1811	1866	0.0000000000
354	FT911-5-1812	1867	0.0000000000
354	FT911-5-1813	1868	0.0000000000
354	FT911-5-1814	1869	0.0000000000
354	FT911-5-1815	1870	0.0000000000
354	FT911-5-1816	1871	0.0000000000
354	FT911-5-1817	1872	0.0000000000
354	FT911-5-1818	1873	0.0000000000
354	FT911-5-1819	1874	0.0000000000
354	FT911-5-1820	1875	0.0000000000
354	FT911-5-1821	1876	0.0000000000
354	FT911-5-1822	1877	0.0000000000
354	FT911-5-1823	1878	0.0000000000
354	FT911-5-1824	1879	0.0000000000
354	FT911-5-1825	1880	0.0000000000
354	FT911-5-1826	1881	0.0000000000
354	FT911-5-1827	1882	0.0000000000
354	FT911-5-1828	1883	0.0000000000
354	FT911-5-1829	1884	0.0000000000
354	FT911-5-1830	1885	0.0000000000
354	FT911-5-1831	1886	0.0000000000
354	FT911-6-1832	1887	0.0000000000
354	FT911-6-1834	1888	0.0000000000
354	FT911-6-1835	1889	0.0000000000
354	FT911-6-1836	1890	0.0000000000
354	FT911-6-1837	1891	0.0000000000
354	FT911-6-1838	1892	0.0000000000
354	FT911-6-1839	1893	0.0000000000
354	FT911-6-1840	1894	0.0000000000
354	FT911-6-1841	1895	0.0000000000
354	FT911-6-1842	1896	0.0000000000
354	FT911-6-1843	1897	0.0000000000
354	FT911-6-1844	1898	0.0000000000
354	FT911-6-1845	1899	0.0000000000
354	FT911-6-1846	1900	0.0000000000
354	FT911-6-1847	1901	0.0000000000
354	FT911-6-1848	1902	0.0000000000
354	FT911-6-1850	1903	0.0000000000
354	FT911-6-1851	1904	0.0000000000
354	FT911-6-1852	1905	0.0000000000
354	FT911-6-1853	1906	0.0000000000
354	FT911-6-1854	1907	0.0000000000
354	FT911-6-1855	1908	0.0000000000
354	FT911-6-1856	1909	0.0000000000
354	FT911-6-1857	1910	0.0000000000
354	FT911-6-1858	1911	0.0000000000
354	FT911-6-1859	1912	0.0000000000
354	FT911-6-1860	1913	0.0000000000
354	FT911-6-1861	1914	0.0000000000
354	FT911-6-1862	1915	0.0000000000
354	FT911-6-1863	1916	0.0000000000
354	FT911-6-1864	1917	0.0000000000
354	FT911-6-1865	1918	0.0000000000
354	FT911-6-1866	1919	0.0000000000
354	FT911-6-1867	1920	0.0000000000
354	FT911-6-1868	1921	0.0000000000
354	FT911-6-1869	1922	0.0000000000
354	FT911-6-1870	1923	0.0000000000
354	FT911-6-1871	1924	0.0000000000
354	FT911-6-1872	1925	0.0000000000
354	FT911-6-1873	1926	0.0000000000
354	FT911-6-1874	1927	0.0000000000
354	FT911-6-1875	1928	0.0000000000
354	FT911-6-1876	1929	0.0000000000
354	FT911-6-1877	1930	0.0000000000
354	FT911-6-1878	1931	0.0000000000
354	FT911-6-1879	1932	0.0000000000
354	FT911-6-1880	1933	0.0000000000
354	FT911-6-1881	1934	0.0000000000
354	FT911-6-1882	1935	0.0000000000
354	FT911-6-1883	1936	0.0000000000
354	FT911-6-1884	1937	0.0000000000
354	FT911-6-1885	1938	0.0000000000
354	FT911-6-1886	1939	0.0000000000
354	FT911-6-1887	1940	0.0000000000
354	FT911-6-1888	1941	0.0000000000
354	FT911-6-1889	1942	0.0000000000
354	FT911-6-1890	1943	0.0000000000
354	FT911-6-1891	1944	0.0000000000
354	FT911-6-1892	1945	0.0000000000
354	FT911-6-1893	1946	0.0000000000
354	FT911-6-1894	1947	0.0000000000
354	FT911-6-1895	1948	0.0000000000
354	FT911-6-1896	1949	0.0000000000
354	FT911-6-1897	1950	0.0000000000
354	FT911-6-1899	1951	0.0000000000
354	FT911-6-1900	1952	0.0000000000
354	FT911-6-1901	1953	0.0000000000
354	FT911-6-1902	1954	0.0000000000
354	FT911-6-1903	1955	0.0000000000
354	FT911-6-1904	1956	0.0000000000
354	FT911-6-1906	1957	0.0000000000
354	FT911-6-1908	1958	0.0000000000
354	FT911-6-1909	1959	0.0000000000
354	FT911-6-1910	1960	0.0000000000
354	FT911-6-1911	1961	0.0000000000
354	FT911-6-1912	1962	0.0000000000
354	FT911-6-1913	1963	0.0000000000
354	FT911-6-1914	1964	0.0000000000
354	FT911-6-1915	1965	0.0000000000
354	FT911-6-1916	1966	0.0000000000
354	FT911-6-1917	1967	0.0000000000
354	FT911-6-1918	1968	0.0000000000
354	FT911-6-1919	1969	0.0000000000
354	FT911-6-1920	1970	0.0000000000
354	FT911-6-1921	1971	0.0000000000
354	FT911-6-1922	1972	0.0000000000
354	FT911-6-1923	1973	0.0000000000
354	FT911-6-1924	1974	0.0000000000
354	FT911-6-1925	1975	0.0000000000
354	FT911-6-1926	1976	0.0000000000
354	FT911-6-1927	1977	0.0000000000
354	FT911-6-1928	1978	0.0000000000
354	FT911-6-1929	1979	0.0000000000
354	FT911-6-1930	1980	0.0000000000
354	FT911-6-1931	1981	0.0000000000
354	FT911-6-1932	1982	0.0000000000
354	FT911-6-1933	1983	0.0000000000
354	FT911-6-1934	1984	0.0000000000
354	FT911-6-1935	1985	0.0000000000
354	FT911-6-1936	1986	0.0000000000
354	FT911-6-1937	1987	0.0000000000
354	FT911-6-1938	1988	0.0000000000
354	FT911-6-1939	1989	0.0000000000
354	FT911-6-1940	1990	0.0000000000
354	FT911-6-1941	1991	0.0000000000
354	FT911-6-1942	1992	0.0000000000
354	FT911-6-1943	1993	0.0000000000
354	FT911-6-1944	1994	0.0000000000
354	FT911-6-1945	1995	0.0000000000
354	FT911-6-1946	1996	0.0000000000
354	FT911-6-1947	1997	0.0000000000
354	FT911-6-1948	1998	0.0000000000
354	FT911-6-1949	1999	0.0000000000
354	FT911-6-1950	2000	0.0000000000
354	FT911-6-1951	2001	0.0000000000
354	FT911-6-1952	2002	0.0000000000
354	FT911-6-1953	2003	0.0000000000
354	FT911-6-1954	2004	0.0000000000
354	FT911-6-1955	2005	0.0000000000
354	FT911-6-1956	2006	0.0000000000
354	FT911-6-1957	2007	0.0000000000
354	FT911-6-1958	2008	0.0000000000
354	FT911-6-1959	2009	0.0000000000
354	FT911-6-1960	2010	0.0000000000
354	FT911-6-1961	2011	0.0000000000
354	FT911-6-1962	2012	0.0000000000
354	FT911-6-1963	2013	0.0000000000
354	FT911-6-1964	2014	0.0000000000
354	FT911-6-1965	2015	0.0000000000
354	FT911-6-1966	2016	0.0000000000
354	FT911-6-1967	2017	0.0000000000
354	FT911-6-1968	2018	0.0000000000
354	FT911-6-1969	2019	0.0000000000
354	FT911-6-1970	2020	0.0000000000
354	FT911-6-1971	2021	0.0000000000
354	FT911-6-1972	2022	0.0000000000
354	FT911-6-1973	2023	0.0000000000
354	FT911-6-1974	2024	0.0000000000
354	FT911-6-1975	2025	0.0000000000
354	FT911-6-1976	2026	0.0000000000
354	FT911-6-1977	2027	0.0000000000
354	FT911-6-1978	2028	0.0000000000
354	FT911-6-1979	2029	0.0000000000
354	FT911-6-1980	2030	0.0000000000
354	FT911-6-1981	2031	0.0000000000
354	FT911-6-1982	2032	0.0000000000
354	FT911-6-1983	2033	0.0000000000
354	FT911-6-1984	2034	0.0000000000
354	FT911-6-1985	2035	0.0000000000
354	FT911-6-1986	2036	0.0000000000
354	FT911-6-1987	2037	0.0000000000
354	FT911-6-1988	2038	0.0000000000
354	FT911-6-1989	2039	0.0000000000
354	FT911-6-1990	2040	0.0000000000
354	FT911-6-1991	2041	0.0000000000
354	FT911-6-1992	2042	0.0000000000
354	FT911-6-1993	2043	0.0000000000
354	FT911-6-1994	2044	0.0000000000
354	FT911-6-1995	2045	0.0000000000
354	FT911-6-1996	2046	0.0000000000
354	FT911-6-1997	2047	0.0000000000
354	FT911-6-1998	2048	0.0000000000
354	FT911-6-1999	2049	0.0000000000
354	FT911-6-2000	2050	0.0000000000
354	FT911-6-2001	2051	0.0000000000
354	FT911-6-2002	2052	0.0000000000
354	FT911-6-2003	2053	0.0000000000
354	FT911-6-2004	2054	0.0000000000
354	FT911-6-2005	2055	0.0000000000
354	FT911-6-2006	2056	0.0000000000
354	FT911-6-2007	2057	0.0000000000
354	FT911-6-2008	2058	0.0000000000
354	FT911-6-2009	2059	0.0000000000
354	FT911-6-2010	2060	0.0000000000
354	FT911-6-2011	2061	0.0000000000
354	FT911-6-2012	2062	0.0000000000
354	FT911-6-2013	2063	0.0000000000
354	FT911-6-2014	2064	0.0000000000
354	FT911-6-2015	2065	0.0000000000
354	FT911-6-2016	2066	0.0000000000
354	FT911-6-2017	2067	0.0000000000
354	FT911-6-2018	2068	0.0000000000
354	FT911-6-2019	2069	0.0000000000
354	FT911-6-2020	2070	0.0000000000
354	FT911-6-2021	2071	0.0000000000
354	FT911-6-2022	2072	0.0000000000
354	FT911-6-2023	2073	0.0000000000
354	FT911-6-2024	2074	0.0000000000
354	FT911-6-2025	2075	0.0000000000
354	FT911-6-2026	2076	0.0000000000
354	FT911-6-2027	2077	0.0000000000
354	FT911-6-2028	2078	0.0000000000
354	FT911-6-2029	2079	0.0000000000
354	FT911-6-2030	2080	0.0000000000
354	FT911-6-2031	2081	0.0000000000
354	FT911-6-2032	2082	0.0000000000
354	FT911-6-2033	2083	0.0000000000
354	FT911-6-2034	2084	0.0000000000
354	FT911-6-2035	2085	0.0000000000
354	FT911-6-2036	2086	0.0000000000
354	FT911-6-2037	2087	0.0000000000
354	FT911-6-2038	2088	0.0000000000
354	FT911-6-2039	2089	0.0000000000
354	FT911-6-2040	2090	0.0000000000
354	FT911-6-2041	2091	0.0000000000
354	FT911-6-2042	2092	0.0000000000
354	FT911-6-2043	2093	0.0000000000
354	FT911-6-2044	2094	0.0000000000
354	FT911-6-2045	2095	0.0000000000
354	FT911-6-2046	2096	0.0000000000
354	FT911-6-2047	2097	0.0000000000
354	FT911-6-2048	2098	0.0000000000
354	FT911-6-2049	2099	0.0000000000
354	FT911-6-2050	2100	0.0000000000
354	FT911-6-2051	2101	0.0000000000
354	FT911-6-2052	2102	0.0000000000
354	FT911-6-2053	2103	0.0000000000
354	FT911-6-2054	2104	0.0000000000
354	FT911-6-2055	2105	0.0000000000
354	FT911-6-2056	2106	0.0000000000
354	FT911-6-2057	2107	0.0000000000
354	FT911-6-2058	2108	0.0000000000
354	FT911-6-2059	2109	0.0000000000
354	FT911-6-2060	2110	0.0000000000
354	FT911-6-2061	2111	0.0000000000
354	FT911-6-2062	2112	0.0000000000
354	FT911-6-2063	2113	0.0000000000
354	FT911-6-2064	2114	0.0000000000
354	FT911-6-2065	2115	0.0000000000
354	FT911-6-2066	2116	0.0000000000
354	FT911-6-2067	2117	0.0000000000
354	FT911-6-2068	2118	0.0000000000
354	FT911-6-2069	2119	0.0000000000
354	FT911-6-2070	2120	0.0000000000
354	FT911-6-2071	2121	0.0000000000
354	FT911-6-2072	2122	0.0000000000
354	FT911-6-2073	2123	0.0000000000
354	FT911-6-2074	2124	0.0000000000
354	FT911-6-2075	2125	0.0000000000
354	FT911-6-2076	2126	0.0000000000
354	FT911-6-2077	2127	0.0000000000
354	FT911-6-2078	2128	0.0000000000
354	FT911-6-2079	2129	0.0000000000
354	FT911-6-2080	2130	0.0000000000
354	FT911-6-2081	2131	0.0000000000
354	FT911-6-2082	2132	0.0000000000
354	FT911-6-2083	2133	0.0000000000
354	FT911-6-2084	2134	0.0000000000
354	FT911-6-2085	2135	0.0000000000
354	FT911-6-2086	2136	0.0000000000
354	FT911-6-2087	2137	0.0000000000
354	FT911-6-2088	2138	0.0000000000
354	FT911-6-2089	2139	0.0000000000
354	FT911-6-2090	2140	0.0000000000
354	FT911-6-2091	2141	0.0000000000
354	FT911-6-2092	2142	0.0000000000
354	FT911-6-2093	2143	0.0000000000
354	FT911-6-2094	2144	0.0000000000
354	FT911-6-2095	2145	0.0000000000
354	FT911-6-2096	2146	0.0000000000
354	FT911-6-2097	2147	0.0000000000
354	FT911-6-2098	2148	0.0000000000
354	FT911-6-2099	2149	0.0000000000
354	FT911-6-2100	2150	0.0000000000
354	FT911-6-2101	2151	0.0000000000
354	FT911-6-2102	2152	0.0000000000
354	FT911-6-2103	2153	0.0000000000
354	FT911-6-2104	2154	0.0000000000
354	FT911-6-2105	2155	0.0000000000
354	FT911-6-2106	2156	0.0000000000
354	FT911-6-2107	2157	0.0000000000
354	FT911-6-2108	2158	0.0000000000
354	FT911-6-2109	2159	0.0000000000
354	FT911-6-2110	2160	0.0000000000
354	FT911-6-2111	2161	0.0000000000
354	FT911-6-2113	2162	0.0000000000
354	FT911-6-2114	2163	0.0000000000
354	FT911-6-2115	2164	0.0000000000
354	FT911-6-2116	2165	0.0000000000
354	FT911-6-2117	2166	0.0000000000
354	FT911-6-2118	2167	0.0000000000
354	FT911-6-2119	2168	0.0000000000
354	FT911-6-2120	2169	0.0000000000
354	FT911-6-2121	2170	0.0000000000
354	FT911-6-2122	2171	0.0000000000
354	FT911-6-2123	2172	0.0000000000
354	FT911-6-2124	2173	0.0000000000
354	FT911-6-2125	2174	0.0000000000
354	FT911-6-2126	2175	0.0000000000
354	FT911-6-2127	2176	0.0000000000
354	FT911-6-2128	2177	0.0000000000
354	FT911-6-2129	2178	0.0000000000
354	FT911-6-2130	2179	0.0000000000
354	FT911-6-2131	2180	0.0000000000
354	FT911-6-2132	2181	0.0000000000
354	FT911-6-2133	2182	0.0000000000
354	FT911-6-2134	2183	0.0000000000
354	FT911-6-2135	2184	0.0000000000
354	FT911-6-2136	2185	0.0000000000
354	FT911-6-2137	2186	0.0000000000
354	FT911-6-2138	2187	0.0000000000
354	FT911-6-2139	2188	0.0000000000
354	FT911-6-2140	2189	0.0000000000
354	FT911-6-2141	2190	0.0000000000
354	FT911-6-2142	2191	0.0000000000
354	FT911-6-2143	2192	0.0000000000
354	FT911-6-2144	2193	0.0000000000
354	FT911-6-2145	2194	0.0000000000
354	FT911-6-2146	2195	0.0000000000
354	FT911-6-2147	2196	0.0000000000
354	FT911-6-2148	2197	0.0000000000
354	FT911-6-2149	2198	0.0000000000
354	FT911-6-2150	2199	0.0000000000
354	FT911-6-2151	2200	0.0000000000
354	FT911-6-2152	2201	0.0000000000
354	FT911-6-2153	2202	0.0000000000
354	FT911-6-2154	2203	0.0000000000
354	FT911-6-2155	2204	0.0000000000
354	FT911-6-2156	2205	0.0000000000
354	FT911-6-2157	2206	0.0000000000
354	FT911-6-2158	2207	0.0000000000
354	FT911-6-2159	2208	0.0000000000
354	FT911-6-2160	2209	0.0000000000
354	FT911-6-2161	2210	0.0000000000
354	FT911-6-2162	2211	0.0000000000
354	FT911-6-2163	2212	0.0000000000
354	FT911-6-2164	2213	0.0000000000
354	FT911-6-2165	2214	0.0000000000
354	FT911-6-2166	2215	0.0000000000
354	FT911-6-2167	2216	0.0000000000
354	FT911-6-2168	2217	0.0000000000
354	FT911-6-2169	2218	0.0000000000
354	FT911-6-2170	2219	0.0000000000
354	FT911-6-2171	2220	0.0000000000
354	FT911-6-2172	2221	0.0000000000
354	FT911-6-2173	2222	0.0000000000
354	FT911-6-2174	2223	0.0000000000
354	FT911-6-2175	2224	0.0000000000
354	FT911-6-2176	2225	0.0000000000
354	FT911-6-2177	2226	0.0000000000
354	FT911-6-2178	2227	0.0000000000
354	FT911-6-2179	2228	0.0000000000
354	FT911-6-2180	2229	0.0000000000
354	FT911-6-2181	2230	0.0000000000
354	FT911-6-2182	2231	0.0000000000
354	FT911-6-2183	2232	0.0000000000
354	FT911-6-2184	2233	0.0000000000
354	FT911-6-2185	2234	0.0000000000
354	FT911-6-2186	2235	0.0000000000
354	FT911-6-2187	2236	0.0000000000
354	FT911-6-2188	2237	0.0000000000
354	FT911-6-2189	2238	0.0000000000
354	FT911-6-2190	2239	0.0000000000
354	FT911-6-2191	2240	0.0000000000
354	FT911-6-2192	2241	0.0000000000
354	FT911-6-2193	2242	0.0000000000
354	FT911-6-2194	2243	0.0000000000
354	FT911-6-2195	2244	0.0000000000
354	FT911-6-2196	2245	0.0000000000
354	FT911-6-2197	2246	0.0000000000
354	FT911-6-2198	2247	0.0000000000
354	FT911-6-2199	2248	0.0000000000
354	FT911-6-2200	2249	0.0000000000
354	FT911-6-2201	2250	0.0000000000
354	FT911-6-2202	2251	0.0000000000
354	FT911-6-2203	2252	0.0000000000
354	FT911-6-2204	2253	0.0000000000
354	FT911-6-2205	2254	0.0000000000
354	FT911-6-2206	2255	0.0000000000
354	FT911-6-2207	2256	0.0000000000
354	FT911-6-2208	2257	0.0000000000
354	FT911-6-2209	2258	0.0000000000
354	FT911-6-2211	2259	0.0000000000
354	FT911-7-2212	2260	0.0000000000
354	FT911-7-2213	2261	0.0000000000
354	FT911-7-2214	2262	0.0000000000
354	FT911-7-2215	2263	0.0000000000
354	FT911-7-2216	2264	0.0000000000
354	FT911-7-2217	2265	0.0000000000
354	FT911-7-2218	2266	0.0000000000
354	FT911-7-2219	2267	0.0000000000
354	FT911-7-2220	2268	0.0000000000
354	FT911-7-2221	2269	0.0000000000
354	FT911-7-2222	2270	0.0000000000
354	FT911-7-2223	2271	0.0000000000
354	FT911-7-2224	2272	0.0000000000
354	FT911-7-2225	2273	0.0000000000
354	FT911-7-2226	2274	0.0000000000
354	FT911-7-2227	2275	0.0000000000
354	FT911-7-2228	2276	0.0000000000
354	FT911-7-2229	2277	0.0000000000
354	FT911-7-2230	2278	0.0000000000
354	FT911-7-2231	2279	0.0000000000
354	FT911-7-2232	2280	0.0000000000
354	FT911-7-2233	2281	0.0000000000
354	FT911-7-2234	2282	0.0000000000
354	FT911-7-2235	2283	0.0000000000
354	FT911-7-2236	2284	0.0000000000
354	FT911-7-2237	2285	0.0000000000
354	FT911-7-2238	2286	0.0000000000
354	FT911-7-2239	2287	0.0000000000
354	FT911-7-2240	2288	0.0000000000
354	FT911-7-2241	2289	0.0000000000
354	FT911-7-2242	2290	0.0000000000
354	FT911-7-2243	2291	0.0000000000
354	FT911-7-2244	2292	0.0000000000
354	FT911-7-2245	2293	0.0000000000
354	FT911-7-2246	2294	0.0000000000
354	FT911-7-2247	2295	0.0000000000
354	FT911-7-2248	2296	0.0000000000
354	FT911-7-2249	2297	0.0000000000
354	FT911-7-2251	2298	0.0000000000
354	FT911-7-2252	2299	0.0000000000
354	FT911-7-2253	2300	0.0000000000
354	FT911-7-2254	2301	0.0000000000
354	FT911-7-2255	2302	0.0000000000
354	FT911-7-2256	2303	0.0000000000
354	FT911-7-2258	2304	0.0000000000
354	FT911-7-2259	2305	0.0000000000
354	FT911-7-2260	2306	0.0000000000
354	FT911-7-2261	2307	0.0000000000
354	FT911-7-2262	2308	0.0000000000
354	FT911-7-2263	2309	0.0000000000
354	FT911-7-2264	2310	0.0000000000
354	FT911-7-2265	2311	0.0000000000
354	FT911-7-2266	2312	0.0000000000
354	FT911-7-2268	2313	0.0000000000
354	FT911-7-2271	2314	0.0000000000
354	FT911-7-2272	2315	0.0000000000
354	FT911-7-2273	2316	0.0000000000
354	FT911-7-2274	2317	0.0000000000
354	FT911-7-2275	2318	0.0000000000
354	FT911-7-2276	2319	0.0000000000
354	FT911-7-2277	2320	0.0000000000
354	FT911-7-2278	2321	0.0000000000
354	FT911-7-2279	2322	0.0000000000
354	FT911-7-2280	2323	0.0000000000
354	FT911-7-2281	2324	0.0000000000
354	FT911-7-2282	2325	0.0000000000
354	FT911-7-2283	2326	0.0000000000
354	FT911-7-2284	2327	0.0000000000
354	FT911-7-2285	2328	0.0000000000
354	FT911-7-2286	2329	0.0000000000
354	FT911-7-2287	2330	0.0000000000
354	FT911-7-2288	2331	0.0000000000
354	FT911-7-2289	2332	0.0000000000
354	FT911-7-2290	2333	0.0000000000
354	FT911-7-2291	2334	0.0000000000
354	FT911-7-2292	2335	0.0000000000
354	FT911-7-2293	2336	0.0000000000
354	FT911-7-2294	2337	0.0000000000
354	FT911-7-2295	2338	0.0000000000
354	FT911-7-2296	2339	0.0000000000
354	FT911-7-2297	2340	0.0000000000
354	FT911-7-2298	2341	0.0000000000
354	FT911-7-2299	2342	0.0000000000
354	FT911-7-2300	2343	0.0000000000
354	FT911-7-2301	2344	0.0000000000
354	FT911-7-2302	2345	0.0000000000
354	FT911-7-2303	2346	0.0000000000
354	FT911-7-2304	2347	0.0000000000
354	FT911-7-2305	2348	0.0000000000
354	FT911-7-2306	2349	0.0000000000
354	FT911-7-2307	2350	0.0000000000
354	FT911-7-2308	2351	0.0000000000
354	FT911-7-2309	2352	0.0000000000
354	FT911-7-2310	2353	0.0000000000
354	FT911-7-2311	2354	0.0000000000
354	FT911-7-2312	2355	0.0000000000
354	FT911-7-2313	2356	0.0000000000
354	FT911-7-2314	2357	0.0000000000
354	FT911-7-2315	2358	0.0000000000
354	FT911-7-2316	2359	0.0000000000
354	FT911-7-2317	2360	0.0000000000
354	FT911-7-2318	2361	0.0000000000
354	FT911-7-2319	2362	0.0000000000
354	FT911-7-2320	2363	0.0000000000
354	FT911-7-2321	2364	0.0000000000
354	FT911-7-2322	2365	0.0000000000
354	FT911-7-2323	2366	0.0000000000
354	FT911-7-2324	2367	0.0000000000
354	FT911-7-2325	2368	0.0000000000
354	FT911-7-2326	2369	0.0000000000
354	FT911-7-2327	2370	0.0000000000
354	FT911-7-2328	2371	0.0000000000
354	FT911-7-2329	2372	0.0000000000
354	FT911-7-2330	2373	0.0000000000
354	FT911-7-2331	2374	0.0000000000
354	FT911-7-2332	2375	0.0000000000
354	FT911-7-2333	2376	0.0000000000
354	FT911-7-2334	2377	0.0000000000
354	FT911-7-2335	2378	0.0000000000
354	FT911-7-2336	2379	0.0000000000
354	FT911-7-2337	2380	0.0000000000
354	FT911-7-2338	2381	0.0000000000
354	FT911-7-2339	2382	0.0000000000
354	FT911-7-2340	2383	0.0000000000
354	FT911-7-2341	2384	0.0000000000
354	FT911-7-2342	2385	0.0000000000
354	FT911-7-2343	2386	0.0000000000
354	FT911-7-2344	2387	0.0000000000
354	FT911-7-2345	2388	0.0000000000
354	FT911-7-2346	2389	0.0000000000
354	FT911-7-2347	2390	0.0000000000
354	FT911-7-2348	2391	0.0000000000
354	FT911-7-2349	2392	0.0000000000
354	FT911-7-2351	2393	0.0000000000
354	FT911-7-2352	2394	0.0000000000
354	FT911-7-2353	2395	0.0000000000
354	FT911-7-2354	2396	0.0000000000
354	FT911-7-2355	2397	0.0000000000
354	FT911-7-2356	2398	0.0000000000
354	FT911-7-2357	2399	0.0000000000
354	FT911-7-2358	2400	0.0000000000
354	FT911-7-2359	2401	0.0000000000
354	FT911-7-2360	2402	0.0000000000
354	FT911-7-2361	2403	0.0000000000
354	FT911-7-2362	2404	0.0000000000
354	FT911-7-2363	2405	0.0000000000
354	FT911-7-2364	2406	0.0000000000
354	FT911-7-2365	2407	0.0000000000
354	FT911-7-2366	2408	0.0000000000
354	FT911-7-2367	2409	0.0000000000
354	FT911-7-2368	2410	0.0000000000
354	FT911-7-2369	2411	0.0000000000
354	FT911-7-2370	2412	0.0000000000
354	FT911-7-2371	2413	0.0000000000
354	FT911-7-2372	2414	0.0000000000
354	FT911-7-2373	2415	0.0000000000
354	FT911-7-2374	2416	0.0000000000
354	FT911-7-2375	2417	0.0000000000
354	FT911-7-2376	2418	0.0000000000
354	FT911-7-2377	2419	0.0000000000
354	FT911-7-2378	2420	0.0000000000
354	FT911-7-2379	2421	0.0000000000
354	FT911-7-2380	2422	0.0000000000
354	FT911-7-2381	2423	0.0000000000
354	FT911-7-2382	2424	0.0000000000
354	FT911-7-2383	2425	0.0000000000
354	FT911-7-2385	2426	0.0000000000
354	FT911-7-2386	2427	0.0000000000
354	FT911-7-2387	2428	0.0000000000
354	FT911-7-2388	2429	0.0000000000
354	FT911-7-2389	2430	0.0000000000
354	FT911-7-2390	2431	0.0000000000
354	FT911-7-2391	2432	0.0000000000
354	FT911-7-2392	2433	0.0000000000
354	FT911-7-2393	2434	0.0000000000
354	FT911-7-2394	2435	0.0000000000
354	FT911-7-2395	2436	0.0000000000
354	FT911-7-2396	2437	0.0000000000
354	FT911-7-2397	2438	0.0000000000
354	FT911-7-2398	2439	0.0000000000
354	FT911-7-2399	2440	0.0000000000
354	FT911-7-2400	2441	0.0000000000
354	FT911-7-2401	2442	0.0000000000
354	FT911-7-2402	2443	0.0000000000
354	FT911-7-2403	2444	0.0000000000
354	FT911-7-2404	2445	0.0000000000
354	FT911-7-2405	2446	0.0000000000
354	FT911-7-2406	2447	0.0000000000
354	FT911-7-2407	2448	0.0000000000
354	FT911-7-2408	2449	0.0000000000
354	FT911-7-2409	2450	0.0000000000
354	FT911-7-2410	2451	0.0000000000
354	FT911-7-2411	2452	0.0000000000
354	FT911-7-2412	2453	0.0000000000
354	FT911-7-2413	2454	0.0000000000
354	FT911-7-2414	2455	0.0000000000
354	FT911-7-2415	2456	0.0000000000
354	FT911-7-2416	2457	0.0000000000
354	FT911-7-2417	2458	0.0000000000
354	FT911-7-2418	2459	0.0000000000
354	FT911-7-2419	2460	0.0000000000
354	FT911-7-2420	2461	0.0000000000
354	FT911-7-2421	2462	0.0000000000
354	FT911-7-2422	2463	0.0000000000
354	FT911-7-2423	2464	0.0000000000
354	FT911-7-2424	2465	0.0000000000
354	FT911-7-2425	2466	0.0000000000
354	FT911-7-2426	2467	0.0000000000
354	FT911-7-2427	2468	0.0000000000
354	FT911-7-2428	2469	0.0000000000
354	FT911-7-2429	2470	0.0000000000
354	FT911-7-2430	2471	0.0000000000
354	FT911-7-2431	2472	0.0000000000
354	FT911-7-2432	2473	0.0000000000
354	FT911-7-2433	2474	0.0000000000
354	FT911-7-2434	2475	0.0000000000
354	FT911-7-2435	2476	0.0000000000
354	FT911-7-2436	2477	0.0000000000
354	FT911-7-2437	2478	0.0000000000
354	FT911-7-2438	2479	0.0000000000
354	FT911-7-2439	2480	0.0000000000
354	FT911-7-2440	2481	0.0000000000
354	FT911-7-2441	2482	0.0000000000
354	FT911-7-2442	2483	0.0000000000
354	FT911-7-2443	2484	0.0000000000
354	FT911-7-2444	2485	0.0000000000
354	FT911-7-2445	2486	0.0000000000
354	FT911-7-2446	2487	0.0000000000
354	FT911-7-2447	2488	0.0000000000
354	FT911-7-2448	2489	0.0000000000
354	FT911-7-2449	2490	0.0000000000
354	FT911-7-2450	2491	0.0000000000
354	FT911-7-2451	2492	0.0000000000
354	FT911-7-2452	2493	0.0000000000
354	FT911-7-2453	2494	0.0000000000
354	FT911-7-2454	2495	0.0000000000
354	FT911-7-2455	2496	0.0000000000
354	FT911-7-2456	2497	0.0000000000
354	FT911-7-2457	2498	0.0000000000
354	FT911-7-2458	2499	0.0000000000
354	FT911-7-2459	2500	0.0000000000
354	FT911-7-2460	2501	0.0000000000
354	FT911-7-2461	2502	0.0000000000
354	FT911-7-2462	2503	0.0000000000
354	FT911-7-2463	2504	0.0000000000
354	FT911-7-2464	2505	0.0000000000
354	FT911-7-2465	2506	0.0000000000
354	FT911-7-2466	2507	0.0000000000
354	FT911-7-2467	2508	0.0000000000
354	FT911-7-2468	2509	0.0000000000
354	FT911-7-2469	2510	0.0000000000
354	FT911-7-2470	2511	0.0000000000
354	FT911-7-2471	2512	0.0000000000
354	FT911-7-2472	2513	0.0000000000
354	FT911-7-2473	2514	0.0000000000
354	FT911-7-2476	2515	0.0000000000
354	FT911-7-2477	2516	0.0000000000
354	FT911-7-2478	2517	0.0000000000
354	FT911-7-2479	2518	0.0000000000
354	FT911-7-2480	2519	0.0000000000
354	FT911-7-2481	2520	0.0000000000
354	FT911-7-2482	2521	0.0000000000
354	FT911-7-2483	2522	0.0000000000
354	FT911-7-2484	2523	0.0000000000
354	FT911-7-2485	2524	0.0000000000
354	FT911-7-2486	2525	0.0000000000
354	FT911-7-2487	2526	0.0000000000
354	FT911-7-2488	2527	0.0000000000
354	FT911-7-2489	2528	0.0000000000
354	FT911-7-2490	2529	0.0000000000
354	FT911-7-2491	2530	0.0000000000
354	FT911-7-2492	2531	0.0000000000
354	FT911-7-2493	2532	0.0000000000
354	FT911-7-2494	2533	0.0000000000
354	FT911-7-2495	2534	0.0000000000
354	FT911-7-2496	2535	0.0000000000
354	FT911-7-2497	2536	0.0000000000
354	FT911-7-2498	2537	0.0000000000
354	FT911-7-2499	2538	0.0000000000
354	FT911-7-2500	2539	0.0000000000
354	FT911-7-2501	2540	0.0000000000
354	FT911-7-2502	2541	0.0000000000
354	FT911-7-2503	2542	0.0000000000
354	FT911-7-2504	2543	0.0000000000
354	FT911-7-2505	2544	0.0000000000
354	FT911-7-2506	2545	0.0000000000
354	FT911-7-2507	2546	0.0000000000
354	FT911-7-2508	2547	0.0000000000
354	FT911-7-2509	2548	0.0000000000
354	FT911-7-2510	2549	0.0000000000
354	FT911-7-2511	2550	0.0000000000
354	FT911-7-2512	2551	0.0000000000
354	FT911-7-2513	2552	0.0000000000
354	FT911-7-2514	2553	0.0000000000
354	FT911-7-2515	2554	0.0000000000
354	FT911-7-2516	2555	0.0000000000
354	FT911-7-2517	2556	0.0000000000
354	FT911-7-2518	2557	0.0000000000
354	FT911-7-2519	2558	0.0000000000
354	FT911-7-2520	2559	0.0000000000
354	FT911-7-2521	2560	0.0000000000
354	FT911-7-2522	2561	0.0000000000
354	FT911-7-2523	2562	0.0000000000
354	FT911-7-2524	2563	0.0000000000
354	FT911-7-2525	2564	0.0000000000
354	FT911-7-2526	2565	0.0000000000
354	FT911-7-2527	2566	0.0000000000
354	FT911-7-2528	2567	0.0000000000
354	FT911-7-2529	2568	0.0000000000
354	FT911-7-2530	2569	0.0000000000
354	FT911-7-2531	2570	0.0000000000
354	FT911-7-2532	2571	0.0000000000
354	FT911-7-2533	2572	0.0000000000
354	FT911-7-2534	2573	0.0000000000
354	FT911-7-2535	2574	0.0000000000
354	FT911-7-2536	2575	0.0000000000
354	FT911-7-2537	2576	0.0000000000
354	FT911-7-2538	2577	0.0000000000
354	FT911-7-2539	2578	0.0000000000
354	FT911-7-2540	2579	0.0000000000
354	FT911-7-2541	2580	0.0000000000
354	FT911-7-2542	2581	0.0000000000
354	FT911-7-2543	2582	0.0000000000
354	FT911-7-2544	2583	0.0000000000
354	FT911-7-2545	2584	0.0000000000
354	FT911-7-2546	2585	0.0000000000
354	FT911-7-2547	2586	0.0000000000
354	FT911-7-2548	2587	0.0000000000
354	FT911-7-2549	2588	0.0000000000
354	FT911-7-2550	2589	0.0000000000
354	FT911-7-2551	2590	0.0000000000
354	FT911-7-2552	2591	0.0000000000
354	FT911-7-2553	2592	0.0000000000
354	FT911-7-2554	2593	0.0000000000
354	FT911-7-2555	2594	0.0000000000
354	FT911-7-2556	2595	0.0000000000
354	FT911-7-2557	2596	0.0000000000
354	FT911-7-2558	2597	0.0000000000
354	FT911-7-2559	2598	0.0000000000
354	FT911-7-2560	2599	0.0000000000
354	FT911-7-2561	2600	0.0000000000
354	FT911-7-2562	2601	0.0000000000
354	FT911-7-2563	2602	0.0000000000
354	FT911-7-2564	2603	0.0000000000
354	FT911-7-2565	2604	0.0000000000
354	FT911-7-2566	2605	0.0000000000
354	FT911-7-2567	2606	0.0000000000
354	FT911-7-2568	2607	0.0000000000
354	FT911-7-2569	2608	0.0000000000
354	FT911-7-2570	2609	0.0000000000
354	FT911-7-2571	2610	0.0000000000
354	FT911-7-2572	2611	0.0000000000
354	FT911-7-2573	2612	0.0000000000
354	FT911-7-2574	2613	0.0000000000
354	FT911-7-2576	2614	0.0000000000
354	FT911-7-2577	2615	0.0000000000
354	FT911-7-2578	2616	0.0000000000
354	FT911-7-2579	2617	0.0000000000
354	FT911-7-2580	2618	0.0000000000
354	FT911-7-2581	2619	0.0000000000
354	FT911-7-2582	2620	0.0000000000
354	FT911-7-2583	2621	0.0000000000
354	FT911-7-2584	2622	0.0000000000
354	FT911-7-2585	2623	0.0000000000
354	FT911-7-2586	2624	0.0000000000
354	FT911-7-2587	2625	0.0000000000
354	FT911-7-2588	2626	0.0000000000
354	FT911-7-2589	2627	0.0000000000
354	FT911-7-2590	2628	0.0000000000
354	FT911-7-2591	2629	0.0000000000
354	FT911-7-2593	2630	0.0000000000
354	FT911-7-2594	2631	0.0000000000
354	FT911-7-2595	2632	0.0000000000
354	FT911-7-2596	2633	0.0000000000
354	FT911-7-2597	2634	0.0000000000
354	FT911-7-2598	2635	0.0000000000
354	FT911-7-2600	2636	0.0000000000
354	FT911-7-2601	2637	0.0000000000
354	FT911-7-2602	2638	0.0000000000
354	FT911-7-2603	2639	0.0000000000
354	FT911-7-2604	2640	0.0000000000
354	FT911-7-2605	2641	0.0000000000
354	FT911-7-2606	2642	0.0000000000
354	FT911-7-2607	2643	0.0000000000
354	FT911-7-2608	2644	0.0000000000
354	FT911-7-2609	2645	0.0000000000
354	FT911-7-2610	2646	0.0000000000
354	FT911-7-2611	2647	0.0000000000
354	FT911-7-2612	2648	0.0000000000
354	FT911-7-2613	2649	0.0000000000
354	FT911-7-2614	2650	0.0000000000
354	FT911-7-2615	2651	0.0000000000
354	FT911-7-2616	2652	0.0000000000
354	FT911-7-2617	2653	0.0000000000
354	FT911-7-2618	2654	0.0000000000
354	FT911-7-2619	2655	0.0000000000
354	FT911-7-2620	2656	0.0000000000
354	FT911-8-2621	2657	0.0000000000
354	FT911-8-2622	2658	0.0000000000
354	FT911-8-2623	2659	0.0000000000
354	FT911-8-2624	2660	0.0000000000
354	FT911-8-2625	2661	0.0000000000
354	FT911-8-2626	2662	0.0000000000
354	FT911-8-2627	2663	0.0000000000
354	FT911-8-2628	2664	0.0000000000
354	FT911-8-2629	2665	0.0000000000
354	FT911-8-2631	2666	0.0000000000
354	FT911-8-2632	2667	0.0000000000
354	FT911-8-2633	2668	0.0000000000
354	FT911-8-2634	2669	0.0000000000
354	FT911-8-2635	2670	0.0000000000
354	FT911-8-2636	2671	0.0000000000
354	FT911-8-2637	2672	0.0000000000
354	FT911-8-2638	2673	0.0000000000
354	FT911-8-2639	2674	0.0000000000
354	FT911-8-2640	2675	0.0000000000
354	FT911-8-2641	2676	0.0000000000
354	FT911-8-2642	2677	0.0000000000
354	FT911-8-2643	2678	0.0000000000
354	FT911-8-2644	2679	0.0000000000
354	FT911-8-2645	2680	0.0000000000
354	FT911-8-2646	2681	0.0000000000
354	FT911-8-2647	2682	0.0000000000
354	FT911-8-2648	2683	0.0000000000
354	FT911-8-2649	2684	0.0000000000
354	FT911-8-2650	2685	0.0000000000
354	FT911-8-2651	2686	0.0000000000
354	FT911-8-2652	2687	0.0000000000
354	FT911-8-2653	2688	0.0000000000
354	FT911-8-2654	2689	0.0000000000
354	FT911-8-2655	2690	0.0000000000
354	FT911-8-2656	2691	0.0000000000
354	FT911-8-2657	2692	0.0000000000
354	FT911-8-2658	2693	0.0000000000
354	FT911-8-2659	2694	0.0000000000
354	FT911-8-2660	2695	0.0000000000
354	FT911-8-2661	2696	0.0000000000
354	FT911-8-2662	2697	0.0000000000
354	FT911-8-2663	2698	0.0000000000
354	FT911-8-2664	2699	0.0000000000
354	FT911-8-2665	2700	0.0000000000
354	FT911-8-2666	2701	0.0000000000
354	FT911-8-2667	2702	0.0000000000
354	FT911-8-2668	2703	0.0000000000
354	FT911-8-2669	2704	0.0000000000
354	FT911-8-2670	2705	0.0000000000
354	FT911-8-2671	2706	0.0000000000
354	FT911-8-2672	2707	0.0000000000
354	FT911-8-2673	2708	0.0000000000
354	FT911-8-2674	2709	0.0000000000
354	FT911-8-2675	2710	0.0000000000
354	FT911-8-2676	2711	0.0000000000
354	FT911-8-2677	2712	0.0000000000
354	FT911-8-2678	2713	0.0000000000
354	FT911-8-2679	2714	0.0000000000
354	FT911-8-2680	2715	0.0000000000
354	FT911-8-2681	2716	0.0000000000
354	FT911-8-2682	2717	0.0000000000
354	FT911-8-2683	2718	0.0000000000
354	FT911-8-2684	2719	0.0000000000
354	FT911-8-2685	2720	0.0000000000
354	FT911-8-2686	2721	0.0000000000
354	FT911-8-2687	2722	0.0000000000
354	FT911-8-2688	2723	0.0000000000
354	FT911-8-2689	2724	0.0000000000
354	FT911-8-2690	2725	0.0000000000
354	FT911-8-2691	2726	0.0000000000
354	FT911-8-2692	2727	0.0000000000
354	FT911-8-2693	2728	0.0000000000
354	FT911-8-2694	2729	0.0000000000
354	FT911-8-2695	2730	0.0000000000
354	FT911-8-2696	2731	0.0000000000
354	FT911-8-2697	2732	0.0000000000
354	FT911-8-2698	2733	0.0000000000
354	FT911-8-2699	2734	0.0000000000
354	FT911-8-2700	2735	0.0000000000
354	FT911-8-2701	2736	0.0000000000
354	FT911-8-2702	2737	0.0000000000
354	FT911-8-2703	2738	0.0000000000
354	FT911-8-2704	2739	0.0000000000
354	FT911-8-2705	2740	0.0000000000
354	FT911-8-2706	2741	0.0000000000
354	FT911-8-2707	2742	0.0000000000
354	FT911-8-2708	2743	0.0000000000
354	FT911-8-2709	2744	0.0000000000
354	FT911-8-2710	2745	0.0000000000
354	FT911-8-2711	2746	0.0000000000
354	FT911-8-2712	2747	0.0000000000
354	FT911-8-2713	2748	0.0000000000
354	FT911-8-2714	2749	0.0000000000
354	FT911-8-2715	2750	0.0000000000
354	FT911-8-2716	2751	0.0000000000
354	FT911-8-2717	2752	0.0000000000
354	FT911-8-2718	2753	0.0000000000
354	FT911-8-2719	2754	0.0000000000
354	FT911-8-2720	2755	0.0000000000
354	FT911-8-2721	2756	0.0000000000
354	FT911-8-2722	2757	0.0000000000
354	FT911-8-2723	2758	0.0000000000
354	FT911-8-2724	2759	0.0000000000
354	FT911-8-2725	2760	0.0000000000
354	FT911-8-2726	2761	0.0000000000
354	FT911-8-2727	2762	0.0000000000
354	FT911-8-2728	2763	0.0000000000
354	FT911-8-2729	2764	0.0000000000
354	FT911-8-2730	2765	0.0000000000
354	FT911-8-2731	2766	0.0000000000
354	FT911-8-2732	2767	0.0000000000
354	FT911-8-2733	2768	0.0000000000
354	FT911-8-2734	2769	0.0000000000
354	FT911-8-2735	2770	0.0000000000
354	FT911-8-2736	2771	0.0000000000
354	FT911-8-2737	2772	0.0000000000
354	FT911-8-2738	2773	0.0000000000
354	FT911-8-2739	2774	0.0000000000
354	FT911-8-2740	2775	0.0000000000
354	FT911-8-2741	2776	0.0000000000
354	FT911-8-2742	2777	0.0000000000
354	FT911-8-2743	2778	0.0000000000
354	FT911-8-2744	2779	0.0000000000
354	FT911-8-2745	2780	0.0000000000
354	FT911-8-2746	2781	0.0000000000
354	FT911-8-2747	2782	0.0000000000
354	FT911-8-2748	2783	0.0000000000
354	FT911-8-2749	2784	0.0000000000
354	FT911-8-2750	2785	0.0000000000
354	FT911-8-2751	2786	0.0000000000
354	FT911-8-2752	2787	0.0000000000
354	FT911-8-2753	2788	0.0000000000
354	FT911-8-2754	2789	0.0000000000
354	FT911-8-2755	2790	0.0000000000
354	FT911-8-2756	2791	0.0000000000
354	FT911-8-2757	2792	0.0000000000
354	FT911-8-2758	2793	0.0000000000
354	FT911-8-2759	2794	0.0000000000
354	FT911-8-2760	2795	0.0000000000
354	FT911-8-2761	2796	0.0000000000
354	FT911-8-2762	2797	0.0000000000
354	FT911-8-2763	2798	0.0000000000
354	FT911-8-2764	2799	0.0000000000
354	FT911-8-2765	2800	0.0000000000
354	FT911-8-2766	2801	0.0000000000
354	FT911-8-2767	2802	0.0000000000
354	FT911-8-2768	2803	0.0000000000
354	FT911-8-2769	2804	0.0000000000
354	FT911-8-2770	2805	0.0000000000
354	FT911-8-2771	2806	0.0000000000
354	FT911-8-2772	2807	0.0000000000
354	FT911-8-2773	2808	0.0000000000
354	FT911-8-2774	2809	0.0000000000
354	FT911-8-2776	2810	0.0000000000
354	FT911-8-2777	2811	0.0000000000
354	FT911-8-2778	2812	0.0000000000
354	FT911-8-2779	2813	0.0000000000
354	FT911-8-2780	2814	0.0000000000
354	FT911-8-2781	2815	0.0000000000
354	FT911-8-2782	2816	0.0000000000
354	FT911-8-2783	2817	0.0000000000
354	FT911-8-2784	2818	0.0000000000
354	FT911-8-2785	2819	0.0000000000
354	FT911-8-2786	2820	0.0000000000
354	FT911-8-2787	2821	0.0000000000
354	FT911-8-2788	2822	0.0000000000
354	FT911-8-2789	2823	0.0000000000
354	FT911-8-2790	2824	0.0000000000
354	FT911-8-2791	2825	0.0000000000
354	FT911-8-2792	2826	0.0000000000
354	FT911-8-2793	2827	0.0000000000
354	FT911-8-2794	2828	0.0000000000
354	FT911-8-2795	2829	0.0000000000
354	FT911-8-2796	2830	0.0000000000
354	FT911-8-2797	2831	0.0000000000
354	FT911-8-2798	2832	0.0000000000
354	FT911-8-2799	2833	0.0000000000
354	FT911-8-2800	2834	0.0000000000
354	FT911-8-2801	2835	0.0000000000
354	FT911-8-2802	2836	0.0000000000
354	FT911-8-2803	2837	0.0000000000
354	FT911-8-2804	2838	0.0000000000
354	FT911-8-2805	2839	0.0000000000
354	FT911-8-2806	2840	0.0000000000
354	FT911-8-2807	2841	0.0000000000
354	FT911-8-2808	2842	0.0000000000
354	FT911-8-2809	2843	0.0000000000
354	FT911-8-2810	2844	0.0000000000
354	FT911-8-2811	2845	0.0000000000
354	FT911-8-2812	2846	0.0000000000
354	FT911-8-2813	2847	0.0000000000
354	FT911-8-2814	2848	0.0000000000
354	FT911-8-2815	2849	0.0000000000
354	FT911-8-2816	2850	0.0000000000
354	FT911-8-2817	2851	0.0000000000
354	FT911-8-2818	2852	0.0000000000
354	FT911-8-2819	2853	0.0000000000
354	FT911-8-2820	2854	0.0000000000
354	FT911-8-2821	2855	0.0000000000
354	FT911-8-2822	2856	0.0000000000
354	FT911-8-2823	2857	0.0000000000
354	FT911-8-2824	2858	0.0000000000
354	FT911-8-2825	2859	0.0000000000
354	FT911-8-2826	2860	0.0000000000
354	FT911-8-2827	2861	0.0000000000
354	FT911-8-2828	2862	0.0000000000
354	FT911-8-2829	2863	0.0000000000
354	FT911-8-2830	2864	0.0000000000
354	FT911-8-2831	2865	0.0000000000
354	FT911-8-2832	2866	0.0000000000
354	FT911-8-2833	2867	0.0000000000
354	FT911-8-2834	2868	0.0000000000
354	FT911-8-2835	2869	0.0000000000
354	FT911-8-2836	2870	0.0000000000
354	FT911-8-2837	2871	0.0000000000
354	FT911-8-2838	2872	0.0000000000
354	FT911-8-2839	2873	0.0000000000
354	FT911-8-2840	2874	0.0000000000
354	FT911-8-2841	2875	0.0000000000
354	FT911-8-2842	2876	0.0000000000
354	FT911-8-2843	2877	0.0000000000
354	FT911-8-2844	2878	0.0000000000
354	FT911-8-2845	2879	0.0000000000
354	FT911-8-2846	2880	0.0000000000
354	FT911-8-2847	2881	0.0000000000
354	FT911-8-2848	2882	0.0000000000
354	FT911-8-2849	2883	0.0000000000
354	FT911-8-2850	2884	0.0000000000
354	FT911-8-2851	2885	0.0000000000
354	FT911-8-2852	2886	0.0000000000
354	FT911-8-2853	2887	0.0000000000
354	FT911-8-2854	2888	0.0000000000
354	FT911-8-2855	2889	0.0000000000
354	FT911-8-2856	2890	0.0000000000
354	FT911-8-2857	2891	0.0000000000
354	FT911-8-2858	2892	0.0000000000
354	FT911-8-2859	2893	0.0000000000
354	FT911-8-2860	2894	0.0000000000
354	FT911-8-2861	2895	0.0000000000
354	FT911-8-2862	2896	0.0000000000
354	FT911-8-2863	2897	0.0000000000
354	FT911-8-2864	2898	0.0000000000
354	FT911-8-2865	2899	0.0000000000
354	FT911-8-2866	2900	0.0000000000
354	FT911-8-2867	2901	0.0000000000
354	FT911-8-2868	2902	0.0000000000
354	FT911-8-2869	2903	0.0000000000
354	FT911-8-2870	2904	0.0000000000
354	FT911-8-2871	2905	0.0000000000
354	FT911-8-2872	2906	0.0000000000
354	FT911-8-2873	2907	0.0000000000
354	FT911-8-2874	2908	0.0000000000
354	FT911-8-2875	2909	0.0000000000
354	FT911-8-2876	2910	0.0000000000
354	FT911-8-2877	2911	0.0000000000
354	FT911-8-2878	2912	0.0000000000
354	FT911-8-2879	2913	0.0000000000
354	FT911-8-2880	2914	0.0000000000
354	FT911-8-2881	2915	0.0000000000
354	FT911-8-2882	2916	0.0000000000
354	FT911-8-2883	2917	0.0000000000
354	FT911-8-2884	2918	0.0000000000
354	FT911-8-2885	2919	0.0000000000
354	FT911-8-2886	2920	0.0000000000
354	FT911-8-2887	2921	0.0000000000
354	FT911-8-2888	2922	0.0000000000
354	FT911-8-2889	2923	0.0000000000
354	FT911-8-2890	2924	0.0000000000
354	FT911-8-2891	2925	0.0000000000
354	FT911-8-2892	2926	0.0000000000
354	FT911-8-2893	2927	0.0000000000
354	FT911-8-2894	2928	0.0000000000
354	FT911-8-2895	2929	0.0000000000
354	FT911-8-2896	2930	0.0000000000
354	FT911-8-2897	2931	0.0000000000
354	FT911-8-2898	2932	0.0000000000
354	FT911-8-2899	2933	0.0000000000
354	FT911-8-2900	2934	0.0000000000
354	FT911-8-2901	2935	0.0000000000
354	FT911-8-2902	2936	0.0000000000
354	FT911-8-2903	2937	0.0000000000
354	FT911-8-2904	2938	0.0000000000
354	FT911-8-2905	2939	0.0000000000
354	FT911-8-2906	2940	0.0000000000
354	FT911-8-2907	2941	0.0000000000
354	FT911-8-2908	2942	0.0000000000
354	FT911-8-2909	2943	0.0000000000
354	FT911-8-2910	2944	0.0000000000
354	FT911-8-2911	2945	0.0000000000
354	FT911-8-2912	2946	0.0000000000
354	FT911-8-2913	2947	0.0000000000
354	FT911-8-2914	2948	0.0000000000
354	FT911-8-2915	2949	0.0000000000
354	FT911-8-2916	2950	0.0000000000
354	FT911-8-2918	2951	0.0000000000
354	FT911-8-2919	2952	0.0000000000
354	FT911-8-2920	2953	0.0000000000
354	FT911-8-2921	2954	0.0000000000
354	FT911-8-2922	2955	0.0000000000
354	FT911-8-2923	2956	0.0000000000
354	FT911-8-2924	2957	0.0000000000
354	FT911-8-2925	2958	0.0000000000
354	FT911-8-2926	2959	0.0000000000
354	FT911-8-2927	2960	0.0000000000
354	FT911-8-2928	2961	0.0000000000
354	FT911-8-2929	2962	0.0000000000
354	FT911-8-2930	2963	0.0000000000
354	FT911-8-2931	2964	0.0000000000
354	FT911-8-2932	2965	0.0000000000
354	FT911-8-2933	2966	0.0000000000
354	FT911-8-2934	2967	0.0000000000
354	FT911-8-2935	2968	0.0000000000
354	FT911-8-2936	2969	0.0000000000
354	FT911-8-2937	2970	0.0000000000
354	FT911-8-2938	2971	0.0000000000
354	FT911-8-2939	2972	0.0000000000
354	FT911-8-2940	2973	0.0000000000
354	FT911-8-2941	2974	0.0000000000
354	FT911-8-2942	2975	0.0000000000
354	FT911-8-2943	2976	0.0000000000
354	FT911-8-2944	2977	0.0000000000
354	FT911-8-2945	2978	0.0000000000
354	FT911-8-2946	2979	0.0000000000
354	FT911-8-2947	2980	0.0000000000
354	FT911-8-2948	2981	0.0000000000
354	FT911-8-2949	2982	0.0000000000
354	FT911-9-2950	2983	0.0000000000
354	FT911-9-2951	2984	0.0000000000
354	FT911-9-2952	2985	0.0000000000
354	FT911-9-2953	2986	0.0000000000
354	FT911-9-2954	2987	0.0000000000
354	FT911-9-2955	2988	0.0000000000
354	FT911-9-2956	2989	0.0000000000
354	FT911-9-2957	2990	0.0000000000
354	FT911-9-2958	2991	0.0000000000
354	FT911-9-2959	2992	0.0000000000
354	FT911-9-2960	2993	0.0000000000
354	FT911-9-2961	2994	0.0000000000
354	FT911-9-2962	2995	0.0000000000
354	FT911-9-2963	2996	0.0000000000
354	FT911-9-2964	2997	0.0000000000
354	FT911-9-2965	2998	0.0000000000
354	FT911-9-2966	2999	0.0000000000
354	FT911-9-2967	3000	0.0000000000
354	FT911-9-2968	3001	0.0000000000
354	FT911-9-2969	3002	0.0000000000
354	FT911-9-2970	3003	0.0000000000
354	FT911-9-2971	3004	0.0000000000
354	FT911-9-2972	3005	0.0000000000
354	FT911-9-2973	3006	0.0000000000
354	FT911-9-2974	3007	0.0000000000
354	FT911-9-2975	3008	0.0000000000
354	FT911-9-2976	3009	0.0000000000
354	FT911-9-2977	3010	0.0000000000
354	FT911-9-2978	3011	0.0000000000
354	FT911-9-2979	3012	0.0000000000
354	FT911-9-2980	3013	0.0000000000
354	FT911-9-2981	3014	0.0000000000
354	FT911-9-2982	3015	0.0000000000
354	FT911-9-2983	3016	0.0000000000
354	FT911-9-2984	3017	0.0000000000
354	FT911-9-2985	3018	0.0000000000
354	FT911-9-2986	3019	0.0000000000
354	FT911-9-2987	3020	0.0000000000
354	FT911-9-2988	3021	0.0000000000
354	FT911-9-2989	3022	0.0000000000
354	FT911-9-2990	3023	0.0000000000
354	FT911-9-2991	3024	0.0000000000
354	FT911-9-2992	3025	0.0000000000
354	FT911-9-2993	3026	0.0000000000
354	FT911-9-2994	3027	0.0000000000
354	FT911-9-2995	3028	0.0000000000
354	FT911-9-2996	3029	0.0000000000
354	FT911-9-2997	3030	0.0000000000
354	FT911-9-2998	3031	0.0000000000
354	FT911-9-2999	3032	0.0000000000
354	FT911-9-3000	3033	0.0000000000
354	FT911-9-3001	3034	0.0000000000
354	FT911-9-3002	3035	0.0000000000
354	FT911-9-3003	3036	0.0000000000
354	FT911-9-3004	3037	0.0000000000
354	FT911-9-3005	3038	0.0000000000
354	FT911-9-3006	3039	0.0000000000
354	FT911-9-3007	3040	0.0000000000
354	FT911-9-3008	3041	0.0000000000
354	FT911-9-3009	3042	0.0000000000
354	FT911-9-3010	3043	0.0000000000
354	FT911-9-3011	3044	0.0000000000
354	FT911-9-3012	3045	0.0000000000
354	FT911-9-3013	3046	0.0000000000
354	FT911-9-3014	3047	0.0000000000
354	FT911-9-3015	3048	0.0000000000
354	FT911-9-3016	3049	0.0000000000
354	FT911-9-3017	3050	0.0000000000
354	FT911-9-3018	3051	0.0000000000
354	FT911-9-3019	3052	0.0000000000
354	FT911-9-3020	3053	0.0000000000
354	FT911-9-3021	3054	0.0000000000
354	FT911-9-3022	3055	0.0000000000
354	FT911-9-3023	3056	0.0000000000
354	FT911-9-3024	3057	0.0000000000
354	FT911-9-3025	3058	0.0000000000
354	FT911-9-3026	3059	0.0000000000
354	FT911-9-3027	3060	0.0000000000
354	FT911-9-3028	3061	0.0000000000
354	FT911-9-3029	3062	0.0000000000
354	FT911-9-3030	3063	0.0000000000
354	FT911-9-3031	3064	0.0000000000
354	FT911-9-3032	3065	0.0000000000
354	FT911-9-3033	3066	0.0000000000
354	FT911-9-3034	3067	0.0000000000
354	FT911-9-3035	3068	0.0000000000
354	FT911-9-3036	3069	0.0000000000
354	FT911-9-3037	3070	0.0000000000
354	FT911-9-3038	3071	0.0000000000
354	FT911-9-3039	3072	0.0000000000
354	FT911-9-3040	3073	0.0000000000
354	FT911-9-3041	3074	0.0000000000
354	FT911-9-3042	3075	0.0000000000
354	FT911-9-3043	3076	0.0000000000
354	FT911-9-3044	3077	0.0000000000
354	FT911-9-3045	3078	0.0000000000
354	FT911-9-3046	3079	0.0000000000
354	FT911-9-3047	3080	0.0000000000
354	FT911-9-3048	3081	0.0000000000
354	FT911-9-3049	3082	0.0000000000
354	FT911-9-3050	3083	0.0000000000
354	FT911-9-3051	3084	0.0000000000
354	FT911-9-3052	3085	0.0000000000
354	FT911-9-3053	3086	0.0000000000
354	FT911-9-3054	3087	0.0000000000
354	FT911-9-3055	3088	0.0000000000
354	FT911-9-3056	3089	0.0000000000
354	FT911-9-3057	3090	0.0000000000
354	FT911-9-3058	3091	0.0000000000
354	FT911-9-3059	3092	0.0000000000
354	FT911-9-3060	3093	0.0000000000
354	FT911-9-3061	3094	0.0000000000
354	FT911-9-3062	3095	0.0000000000
354	FT911-9-3063	3096	0.0000000000
354	FT911-9-3064	3097	0.0000000000
354	FT911-9-3065	3098	0.0000000000
354	FT911-9-3066	3099	0.0000000000
354	FT911-9-3067	3100	0.0000000000
354	FT911-9-3068	3101	0.0000000000
354	FT911-9-3069	3102	0.0000000000
354	FT911-9-3070	3103	0.0000000000
354	FT911-9-3071	3104	0.0000000000
354	FT911-9-3072	3105	0.0000000000
354	FT911-9-3073	3106	0.0000000000
354	FT911-9-3074	3107	0.0000000000
354	FT911-9-3075	3108	0.0000000000
354	FT911-9-3076	3109	0.0000000000
354	FT911-9-3077	3110	0.0000000000
354	FT911-9-3078	3111	0.0000000000
354	FT911-9-3079	3112	0.0000000000
354	FT911-9-3080	3113	0.0000000000
354	FT911-9-3081	3114	0.0000000000
354	FT911-9-3082	3115	0.0000000000
354	FT911-9-3083	3116	0.0000000000
354	FT911-9-3084	3117	0.0000000000
354	FT911-9-3085	3118	0.0000000000
354	FT911-9-3086	3119	0.0000000000
354	FT911-9-3087	3120	0.0000000000
354	FT911-9-3088	3121	0.0000000000
354	FT911-9-3089	3122	0.0000000000
354	FT911-9-3090	3123	0.0000000000
354	FT911-9-3091	3124	0.0000000000
354	FT911-9-3092	3125	0.0000000000
354	FT911-9-3093	3126	0.0000000000
354	FT911-9-3094	3127	0.0000000000
354	FT911-9-3095	3128	0.0000000000
354	FT911-9-3096	3129	0.0000000000
354	FT911-9-3097	3130	0.0000000000
354	FT911-9-3098	3131	0.0000000000
354	FT911-9-3099	3132	0.0000000000
354	FT911-9-3100	3133	0.0000000000
354	FT911-9-3101	3134	0.0000000000
354	FT911-9-3102	3135	0.0000000000
354	FT911-9-3103	3136	0.0000000000
354	FT911-9-3104	3137	0.0000000000
354	FT911-9-3105	3138	0.0000000000
354	FT911-9-3106	3139	0.0000000000
354	FT911-9-3107	3140	0.0000000000
354	FT911-9-3108	3141	0.0000000000
354	FT911-9-3109	3142	0.0000000000
354	FT911-9-3110	3143	0.0000000000
354	FT911-9-3111	3144	0.0000000000
354	FT911-9-3112	3145	0.0000000000
354	FT911-9-3113	3146	0.0000000000
354	FT911-9-3114	3147	0.0000000000
354	FT911-9-3115	3148	0.0000000000
354	FT911-9-3116	3149	0.0000000000
354	FT911-9-3118	3150	0.0000000000
354	FT911-9-3119	3151	0.0000000000
354	FT911-9-3120	3152	0.0000000000
354	FT911-9-3121	3153	0.0000000000
354	FT911-9-3122	3154	0.0000000000
354	FT911-9-3123	3155	0.0000000000
354	FT911-9-3124	3156	0.0000000000
354	FT911-9-3125	3157	0.0000000000
354	FT911-9-3126	3158	0.0000000000
354	FT911-9-3127	3159	0.0000000000
354	FT911-9-3128	3160	0.0000000000
354	FT911-9-3129	3161	0.0000000000
354	FT911-9-3130	3162	0.0000000000
354	FT911-9-3131	3163	0.0000000000
354	FT911-9-3132	3164	0.0000000000
354	FT911-9-3133	3165	0.0000000000
354	FT911-9-3134	3166	0.0000000000
354	FT911-9-3135	3167	0.0000000000
354	FT911-9-3136	3168	0.0000000000
354	FT911-9-3137	3169	0.0000000000
354	FT911-9-3138	3170	0.0000000000
354	FT911-9-3139	3171	0.0000000000
354	FT911-9-3140	3172	0.0000000000
354	FT911-9-3141	3173	0.0000000000
354	FT911-9-3142	3174	0.0000000000
354	FT911-9-3143	3175	0.0000000000
354	FT911-9-3144	3176	0.0000000000
354	FT911-9-3145	3177	0.0000000000
354	FT911-9-3146	3178	0.0000000000
354	FT911-9-3147	3179	0.0000000000
354	FT911-9-3148	3180	0.0000000000
354	FT911-9-3149	3181	0.0000000000
354	FT911-9-3150	3182	0.0000000000
354	FT911-9-3151	3183	0.0000000000
354	FT911-9-3152	3184	0.0000000000
354	FT911-9-3153	3185	0.0000000000
354	FT911-9-3154	3186	0.0000000000
354	FT911-9-3155	3187	0.0000000000
354	FT911-9-3156	3188	0.0000000000
354	FT911-9-3157	3189	0.0000000000
354	FT911-9-3158	3190	0.0000000000
354	FT911-9-3159	3191	0.0000000000
354	FT911-9-3160	3192	0.0000000000
354	FT911-9-3161	3193	0.0000000000
354	FT911-9-3162	3194	0.0000000000
354	FT911-9-3163	3195	0.0000000000
354	FT911-9-3164	3196	0.0000000000
354	FT911-9-3165	3197	0.0000000000
354	FT911-9-3166	3198	0.0000000000
354	FT911-9-3167	3199	0.0000000000
354	FT911-9-3168	3200	0.0000000000
354	FT911-9-3169	3201	0.0000000000
354	FT911-9-3170	3202	0.0000000000
354	FT911-9-3171	3203	0.0000000000
354	FT911-9-3172	3204	0.0000000000
354	FT911-9-3173	3205	0.0000000000
354	FT911-9-3174	3206	0.0000000000
354	FT911-9-3175	3207	0.0000000000
354	FT911-9-3176	3208	0.0000000000
354	FT911-9-3177	3209	0.0000000000
354	FT911-9-3178	3210	0.0000000000
354	FT911-9-3179	3211	0.0000000000
354	FT911-9-3181	3212	0.0000000000
354	FT911-9-3182	3213	0.0000000000
354	FT911-9-3183	3214	0.0000000000
354	FT911-9-3184	3215	0.0000000000
354	FT911-9-3185	3216	0.0000000000
354	FT911-9-3186	3217	0.0000000000
354	FT911-9-3187	3218	0.0000000000
354	FT911-9-3188	3219	0.0000000000
354	FT911-9-3189	3220	0.0000000000
354	FT911-9-3190	3221	0.0000000000
354	FT911-9-3191	3222	0.0000000000
354	FT911-9-3192	3223	0.0000000000
354	FT911-9-3193	3224	0.0000000000
354	FT911-9-3194	3225	0.0000000000
354	FT911-9-3195	3226	0.0000000000
354	FT911-9-3196	3227	0.0000000000
354	FT911-9-3197	3228	0.0000000000
354	FT911-9-3198	3229	0.0000000000
354	FT911-9-3199	3230	0.0000000000
354	FT911-9-3200	3231	0.0000000000
354	FT911-9-3201	3232	0.0000000000
354	FT911-9-3203	3233	0.0000000000
354	FT911-9-3204	3234	0.0000000000
354	FT911-9-3205	3235	0.0000000000
354	FT911-9-3206	3236	0.0000000000
354	FT911-9-3207	3237	0.0000000000
354	FT911-9-3208	3238	0.0000000000
354	FT911-9-3209	3239	0.0000000000
354	FT911-9-3210	3240	0.0000000000
354	FT911-9-3211	3241	0.0000000000
354	FT911-9-3212	3242	0.0000000000
354	FT911-9-3213	3243	0.0000000000
354	FT911-9-3214	3244	0.0000000000
354	FT911-9-3215	3245	0.0000000000
354	FT911-9-3216	3246	0.0000000000
354	FT911-9-3217	3247	0.0000000000
354	FT911-9-3218	3248	0.0000000000
354	FT911-9-3219	3249	0.0000000000
354	FT911-9-3220	3250	0.0000000000
354	FT911-9-3221	3251	0.0000000000
354	FT911-9-3222	3252	0.0000000000
354	FT911-9-3223	3253	0.0000000000
354	FT911-9-3224	3254	0.0000000000
354	FT911-9-3225	3255	0.0000000000
354	FT911-9-3226	3256	0.0000000000
354	FT911-9-3227	3257	0.0000000000
354	FT911-9-3228	3258	0.0000000000
354	FT911-9-3229	3259	0.0000000000
354	FT911-9-3230	3260	0.0000000000
354	FT911-9-3231	3261	0.0000000000
354	FT911-9-3232	3262	0.0000000000
354	FT911-9-3233	3263	0.0000000000
354	FT911-9-3234	3264	0.0000000000
354	FT911-9-3235	3265	0.0000000000
354	FT911-9-3236	3266	0.0000000000
354	FT911-9-3237	3267	0.0000000000
354	FT911-9-3238	3268	0.0000000000
354	FT911-9-3239	3269	0.0000000000
354	FT911-9-3240	3270	0.0000000000
354	FT911-9-3241	3271	0.0000000000
354	FT911-9-3242	3272	0.0000000000
354	FT911-9-3243	3273	0.0000000000
354	FT911-9-3244	3274	0.0000000000
354	FT911-9-3245	3275	0.0000000000
354	FT911-9-3246	3276	0.0000000000
354	FT911-9-3247	3277	0.0000000000
354	FT911-9-3248	3278	0.0000000000
354	FT911-9-3249	3279	0.0000000000
354	FT911-9-3250	3280	0.0000000000
354	FT911-9-3251	3281	0.0000000000
354	FT911-9-3252	3282	0.0000000000
354	FT911-9-3253	3283	0.0000000000
354	FT911-9-3254	3284	0.0000000000
354	FT911-9-3255	3285	0.0000000000
354	FT911-9-3256	3286	0.0000000000
354	FT911-9-3257	3287	0.0000000000
354	FT911-9-3258	3288	0.0000000000
354	FT911-9-3259	3289	0.0000000000
354	FT911-9-3260	3290	0.0000000000
354	FT911-9-3261	3291	0.0000000000
354	FT911-9-3262	3292	0.0000000000
354	FT911-9-3263	3293	0.0000000000
354	FT911-9-3264	3294	0.0000000000
354	FT911-9-3265	3295	0.0000000000
354	FT911-9-3266	3296	0.0000000000
354	FT911-9-3267	3297	0.0000000000
354	FT911-9-3268	3298	0.0000000000
354	FT911-9-3269	3299	0.0000000000
354	FT911-9-3270	3300	0.0000000000
354	FT911-9-3271	3301	0.0000000000
354	FT911-9-3272	3302	0.0000000000
354	FT911-9-3273	3303	0.0000000000
354	FT911-9-3274	3304	0.0000000000
354	FT911-9-3275	3305	0.0000000000
354	FT911-9-3276	3306	0.0000000000
354	FT911-9-3277	3307	0.0000000000
354	FT911-9-3278	3308	0.0000000000
354	FT911-9-3279	3309	0.0000000000
354	FT911-9-3280	3310	0.0000000000
354	FT911-9-3281	3311	0.0000000000
354	FT911-9-3282	3312	0.0000000000
354	FT911-9-3283	3313	0.0000000000
354	FT911-9-3284	3314	0.0000000000
354	FT911-9-3285	3315	0.0000000000
354	FT911-9-3286	3316	0.0000000000
354	FT911-9-3287	3317	0.0000000000
354	FT911-9-3288	3318	0.0000000000
354	FT911-9-3289	3319	0.0000000000
354	FT911-9-3290	3320	0.0000000000
354	FT911-9-3291	3321	0.0000000000
354	FT911-9-3292	3322	0.0000000000
354	FT911-9-3293	3323	0.0000000000
354	FT911-9-3294	3324	0.0000000000
354	FT911-9-3295	3325	0.0000000000
354	FT911-9-3296	3326	0.0000000000
354	FT911-9-3297	3327	0.0000000000
354	FT911-9-3298	3328	0.0000000000
354	FT911-9-3299	3329	0.0000000000
354	FT911-9-3300	3330	0.0000000000
354	FT911-9-3301	3331	0.0000000000
354	FT911-9-3302	3332	0.0000000000
354	FT911-9-3303	3333	0.0000000000
354	FT911-9-3304	3334	0.0000000000
354	FT911-9-3305	3335	0.0000000000
354	FT911-9-3306	3336	0.0000000000
354	FT911-9-3307	3337	0.0000000000
354	FT911-9-3308	3338	0.0000000000
354	FT911-9-3309	3339	0.0000000000
354	FT911-9-3310	3340	0.0000000000
354	FT911-9-3311	3341	0.0000000000
354	FT911-9-3312	3342	0.0000000000
354	FT911-9-3313	3343	0.0000000000
354	FT911-9-3314	3344	0.0000000000
354	FT911-9-3315	3345	0.0000000000
354	FT911-9-3316	3346	0.0000000000
354	FT911-9-3317	3347	0.0000000000
354	FT911-9-3318	3348	0.0000000000
354	FT911-9-3319	3349	0.0000000000
354	FT911-9-3320	3350	0.0000000000
354	FT911-9-3321	3351	0.0000000000
354	FT911-9-3322	3352	0.0000000000
354	FT911-10-3323	3353	0.0000000000
354	FT911-10-3324	3354	0.0000000000
354	FT911-10-3325	3355	0.0000000000
354	FT911-10-3326	3356	0.0000000000
354	FT911-10-3327	3357	0.0000000000
354	FT911-10-3328	3358	0.0000000000
354	FT911-10-3329	3359	0.0000000000
354	FT911-10-3330	3360	0.0000000000
354	FT911-10-3331	3361	0.0000000000
354	FT911-10-3332	3362	0.0000000000
354	FT911-10-3333	3363	0.0000000000
354	FT911-10-3334	3364	0.0000000000
354	FT911-10-3335	3365	0.0000000000
354	FT911-10-3336	3366	0.0000000000
354	FT911-10-3337	3367	0.0000000000
354	FT911-10-3338	3368	0.0000000000
354	FT911-10-3339	3369	0.0000000000
354	FT911-10-3340	3370	0.0000000000
354	FT911-10-3341	3371	0.0000000000
354	FT911-10-3342	3372	0.0000000000
354	FT911-10-3343	3373	0.0000000000
354	FT911-10-3344	3374	0.0000000000
354	FT911-10-3345	3375	0.0000000000
354	FT911-10-3346	3376	0.0000000000
354	FT911-10-3347	3377	0.0000000000
354	FT911-10-3348	3378	0.0000000000
354	FT911-10-3349	3379	0.0000000000
354	FT911-10-3350	3380	0.0000000000
354	FT911-10-3351	3381	0.0000000000
354	FT911-10-3352	3382	0.0000000000
354	FT911-10-3353	3383	0.0000000000
354	FT911-10-3354	3384	0.0000000000
354	FT911-10-3355	3385	0.0000000000
354	FT911-10-3356	3386	0.0000000000
354	FT911-10-3357	3387	0.0000000000
354	FT911-10-3358	3388	0.0000000000
354	FT911-10-3359	3389	0.0000000000
354	FT911-10-3360	3390	0.0000000000
354	FT911-10-3361	3391	0.0000000000
354	FT911-10-3362	3392	0.0000000000
354	FT911-10-3363	3393	0.0000000000
354	FT911-10-3364	3394	0.0000000000
354	FT911-10-3365	3395	0.0000000000
354	FT911-10-3366	3396	0.0000000000
354	FT911-10-3367	3397	0.0000000000
354	FT911-10-3368	3398	0.0000000000
354	FT911-10-3369	3399	0.0000000000
354	FT911-10-3370	3400	0.0000000000
354	FT911-10-3371	3401	0.0000000000
354	FT911-10-3372	3402	0.0000000000
354	FT911-10-3373	3403	0.0000000000
354	FT911-10-3374	3404	0.0000000000
354	FT911-10-3375	3405	0.0000000000
354	FT911-10-3376	3406	0.0000000000
354	FT911-10-3377	3407	0.0000000000
354	FT911-10-3378	3408	0.0000000000
354	FT911-10-3379	3409	0.0000000000
354	FT911-10-3380	3410	0.0000000000
354	FT911-10-3381	3411	0.0000000000
354	FT911-10-3382	3412	0.0000000000
354	FT911-10-3383	3413	0.0000000000
354	FT911-10-3384	3414	0.0000000000
354	FT911-10-3385	3415	0.0000000000
354	FT911-10-3386	3416	0.0000000000
354	FT911-10-3387	3417	0.0000000000
354	FT911-10-3388	3418	0.0000000000
354	FT911-10-3389	3419	0.0000000000
354	FT911-10-3390	3420	0.0000000000
354	FT911-10-3391	3421	0.0000000000
354	FT911-10-3393	3422	0.0000000000
354	FT911-10-3394	3423	0.0000000000
354	FT911-10-3395	3424	0.0000000000
354	FT911-10-3396	3425	0.0000000000
354	FT911-10-3397	3426	0.0000000000
354	FT911-10-3398	3427	0.0000000000
354	FT911-10-3399	3428	0.0000000000
354	FT911-10-3400	3429	0.0000000000
354	FT911-10-3401	3430	0.0000000000
354	FT911-10-3402	3431	0.0000000000
354	FT911-10-3403	3432	0.0000000000
354	FT911-10-3404	3433	0.0000000000
354	FT911-10-3405	3434	0.0000000000
354	FT911-10-3406	3435	0.0000000000
354	FT911-10-3407	3436	0.0000000000
354	FT911-10-3408	3437	0.0000000000
354	FT911-10-3409	3438	0.0000000000
354	FT911-10-3410	3439	0.0000000000
354	FT911-10-3411	3440	0.0000000000
354	FT911-10-3412	3441	0.0000000000
354	FT911-10-3413	3442	0.0000000000
354	FT911-10-3414	3443	0.0000000000
354	FT911-10-3415	3444	0.0000000000
354	FT911-10-3416	3445	0.0000000000
354	FT911-10-3417	3446	0.0000000000
354	FT911-10-3418	3447	0.0000000000
354	FT911-10-3419	3448	0.0000000000
354	FT911-10-3420	3449	0.0000000000
354	FT911-10-3421	3450	0.0000000000
354	FT911-10-3422	3451	0.0000000000
354	FT911-10-3423	3452	0.0000000000
354	FT911-10-3424	3453	0.0000000000
354	FT911-10-3425	3454	0.0000000000
354	FT911-10-3426	3455	0.0000000000
354	FT911-10-3427	3456	0.0000000000
354	FT911-10-3428	3457	0.0000000000
354	FT911-10-3429	3458	0.0000000000
354	FT911-10-3430	3459	0.0000000000
354	FT911-10-3431	3460	0.0000000000
354	FT911-10-3432	3461	0.0000000000
354	FT911-10-3433	3462	0.0000000000
354	FT911-10-3434	3463	0.0000000000
354	FT911-10-3435	3464	0.0000000000
354	FT911-10-3436	3465	0.0000000000
354	FT911-10-3437	3466	0.0000000000
354	FT911-10-3438	3467	0.0000000000
354	FT911-10-3439	3468	0.0000000000
354	FT911-10-3440	3469	0.0000000000
354	FT911-10-3441	3470	0.0000000000
354	FT911-10-3442	3471	0.0000000000
354	FT911-10-3443	3472	0.0000000000
354	FT911-10-3444	3473	0.0000000000
354	FT911-10-3445	3474	0.0000000000
354	FT911-10-3446	3475	0.0000000000
354	FT911-10-3447	3476	0.0000000000
354	FT911-10-3448	3477	0.0000000000
354	FT911-10-3449	3478	0.0000000000
354	FT911-10-3450	3479	0.0000000000
354	FT911-10-3451	3480	0.0000000000
354	FT911-10-3452	3481	0.0000000000
354	FT911-10-3453	3482	0.0000000000
354	FT911-10-3454	3483	0.0000000000
354	FT911-10-3455	3484	0.0000000000
354	FT911-10-3456	3485	0.0000000000
354	FT911-10-3457	3486	0.0000000000
354	FT911-10-3458	3487	0.0000000000
354	FT911-10-3459	3488	0.0000000000
354	FT911-10-3460	3489	0.0000000000
354	FT911-10-3461	3490	0.0000000000
354	FT911-10-3462	3491	0.0000000000
354	FT911-10-3463	3492	0.0000000000
354	FT911-10-3464	3493	0.0000000000
354	FT911-10-3465	3494	0.0000000000
354	FT911-10-3466	3495	0.0000000000
354	FT911-10-3467	3496	0.0000000000
354	FT911-10-3468	3497	0.0000000000
354	FT911-10-3469	3498	0.0000000000
354	FT911-10-3470	3499	0.0000000000
354	FT911-10-3471	3500	0.0000000000
354	FT911-10-3472	3501	0.0000000000
354	FT911-10-3473	3502	0.0000000000
354	FT911-10-3474	3503	0.0000000000
354	FT911-10-3475	3504	0.0000000000
354	FT911-10-3476	3505	0.0000000000
354	FT911-10-3477	3506	0.0000000000
354	FT911-10-3478	3507	0.0000000000
354	FT911-10-3479	3508	0.0000000000
354	FT911-10-3480	3509	0.0000000000
354	FT911-10-3481	3510	0.0000000000
354	FT911-10-3482	3511	0.0000000000
354	FT911-10-3483	3512	0.0000000000
354	FT911-10-3484	3513	0.0000000000
354	FT911-10-3486	3514	0.0000000000
354	FT911-10-3487	3515	0.0000000000
354	FT911-10-3488	3516	0.0000000000
354	FT911-10-3489	3517	0.0000000000
354	FT911-10-3490	3518	0.0000000000
354	FT911-10-3491	3519	0.0000000000
354	FT911-10-3492	3520	0.0000000000
354	FT911-10-3493	3521	0.0000000000
354	FT911-10-3494	3522	0.0000000000
354	FT911-10-3495	3523	0.0000000000
354	FT911-10-3496	3524	0.0000000000
354	FT911-10-3497	3525	0.0000000000
354	FT911-10-3498	3526	0.0000000000
354	FT911-10-3499	3527	0.0000000000
354	FT911-10-3500	3528	0.0000000000
354	FT911-10-3501	3529	0.0000000000
354	FT911-10-3502	3530	0.0000000000
354	FT911-10-3503	3531	0.0000000000
354	FT911-10-3504	3532	0.0000000000
354	FT911-10-3505	3533	0.0000000000
354	FT911-10-3506	3534	0.0000000000
354	FT911-10-3507	3535	0.0000000000
354	FT911-10-3508	3536	0.0000000000
354	FT911-10-3509	3537	0.0000000000
354	FT911-10-3510	3538	0.0000000000
354	FT911-10-3511	3539	0.0000000000
354	FT911-10-3512	3540	0.0000000000
354	FT911-10-3513	3541	0.0000000000
354	FT911-10-3514	3542	0.0000000000
354	FT911-10-3515	3543	0.0000000000
354	FT911-10-3516	3544	0.0000000000
354	FT911-10-3517	3545	0.0000000000
354	FT911-10-3518	3546	0.0000000000
354	FT911-10-3519	3547	0.0000000000
354	FT911-10-3520	3548	0.0000000000
354	FT911-10-3521	3549	0.0000000000
354	FT911-10-3522	3550	0.0000000000
354	FT911-10-3523	3551	0.0000000000
354	FT911-10-3524	3552	0.0000000000
354	FT911-10-3525	3553	0.0000000000
354	FT911-10-3526	3554	0.0000000000
354	FT911-10-3527	3555	0.0000000000
354	FT911-10-3528	3556	0.0000000000
354	FT911-10-3529	3557	0.0000000000
354	FT911-10-3530	3558	0.0000000000
354	FT911-10-3531	3559	0.0000000000
354	FT911-10-3532	3560	0.0000000000
354	FT911-10-3533	3561	0.0000000000
354	FT911-10-3534	3562	0.0000000000
354	FT911-10-3535	3563	0.0000000000
354	FT911-10-3536	3564	0.0000000000
354	FT911-10-3537	3565	0.0000000000
354	FT911-10-3538	3566	0.0000000000
354	FT911-10-3539	3567	0.0000000000
354	FT911-10-3540	3568	0.0000000000
354	FT911-10-3541	3569	0.0000000000
354	FT911-10-3542	3570	0.0000000000
354	FT911-10-3543	3571	0.0000000000
354	FT911-10-3544	3572	0.0000000000
354	FT911-10-3545	3573	0.0000000000
354	FT911-10-3546	3574	0.0000000000
354	FT911-10-3547	3575	0.0000000000
354	FT911-10-3548	3576	0.0000000000
354	FT911-10-3549	3577	0.0000000000
354	FT911-10-3550	3578	0.0000000000
354	FT911-10-3551	3579	0.0000000000
354	FT911-10-3552	3580	0.0000000000
354	FT911-10-3553	3581	0.0000000000
354	FT911-10-3554	3582	0.0000000000
354	FT911-10-3555	3583	0.0000000000
354	FT911-10-3556	3584	0.0000000000
354	FT911-10-3557	3585	0.0000000000
354	FT911-10-3558	3586	0.0000000000
354	FT911-10-3559	3587	0.0000000000
354	FT911-10-3560	3588	0.0000000000
354	FT911-10-3561	3589	0.0000000000
354	FT911-10-3562	3590	0.0000000000
354	FT911-10-3563	3591	0.0000000000
354	FT911-10-3564	3592	0.0000000000
354	FT911-10-3565	3593	0.0000000000
354	FT911-10-3566	3594	0.0000000000
354	FT911-10-3567	3595	0.0000000000
354	FT911-10-3569	3596	0.0000000000
354	FT911-10-3570	3597	0.0000000000
354	FT911-10-3571	3598	0.0000000000
354	FT911-10-3572	3599	0.0000000000
354	FT911-10-3573	3600	0.0000000000
354	FT911-10-3574	3601	0.0000000000
354	FT911-10-3575	3602	0.0000000000
354	FT911-10-3576	3603	0.0000000000
354	FT911-10-3577	3604	0.0000000000
354	FT911-10-3578	3605	0.0000000000
354	FT911-10-3579	3606	0.0000000000
354	FT911-10-3580	3607	0.0000000000
354	FT911-10-3581	3608	0.0000000000
354	FT911-10-3582	3609	0.0000000000
354	FT911-10-3583	3610	0.0000000000
354	FT911-10-3584	3611	0.0000000000
354	FT911-10-3585	3612	0.0000000000
354	FT911-10-3586	3613	0.0000000000
354	FT911-10-3587	3614	0.0000000000
354	FT911-10-3588	3615	0.0000000000
354	FT911-10-3589	3616	0.0000000000
354	FT911-10-3590	3617	0.0000000000
354	FT911-10-3591	3618	0.0000000000
354	FT911-10-3592	3619	0.0000000000
354	FT911-10-3593	3620	0.0000000000
354	FT911-10-3594	3621	0.0000000000
354	FT911-10-3595	3622	0.0000000000
354	FT911-10-3596	3623	0.0000000000
354	FT911-10-3597	3624	0.0000000000
354	FT911-10-3598	3625	0.0000000000
354	FT911-10-3599	3626	0.0000000000
354	FT911-10-3600	3627	0.0000000000
354	FT911-10-3601	3628	0.0000000000
354	FT911-10-3602	3629	0.0000000000
354	FT911-10-3603	3630	0.0000000000
354	FT911-10-3604	3631	0.0000000000
354	FT911-10-3605	3632	0.0000000000
354	FT911-10-3606	3633	0.0000000000
354	FT911-10-3607	3634	0.0000000000
354	FT911-10-3608	3635	0.0000000000
354	FT911-10-3609	3636	0.0000000000
354	FT911-10-3610	3637	0.0000000000
354	FT911-10-3611	3638	0.0000000000
354	FT911-10-3612	3639	0.0000000000
354	FT911-10-3613	3640	0.0000000000
354	FT911-10-3614	3641	0.0000000000
354	FT911-10-3615	3642	0.0000000000
354	FT911-10-3616	3643	0.0000000000
354	FT911-10-3617	3644	0.0000000000
354	FT911-10-3618	3645	0.0000000000
354	FT911-10-3619	3646	0.0000000000
354	FT911-10-3620	3647	0.0000000000
354	FT911-10-3621	3648	0.0000000000
354	FT911-10-3622	3649	0.0000000000
354	FT911-10-3623	3650	0.0000000000
354	FT911-10-3624	3651	0.0000000000
354	FT911-10-3625	3652	0.0000000000
354	FT911-10-3626	3653	0.0000000000
354	FT911-10-3627	3654	0.0000000000
354	FT911-10-3628	3655	0.0000000000
354	FT911-10-3629	3656	0.0000000000
354	FT911-10-3630	3657	0.0000000000
354	FT911-10-3631	3658	0.0000000000
354	FT911-10-3632	3659	0.0000000000
354	FT911-10-3633	3660	0.0000000000
354	FT911-10-3634	3661	0.0000000000
354	FT911-10-3635	3662	0.0000000000
354	FT911-10-3636	3663	0.0000000000
354	FT911-10-3637	3664	0.0000000000
354	FT911-10-3638	3665	0.0000000000
354	FT911-10-3640	3666	0.0000000000
354	FT911-10-3641	3667	0.0000000000
354	FT911-10-3642	3668	0.0000000000
354	FT911-10-3643	3669	0.0000000000
354	FT911-10-3644	3670	0.0000000000
354	FT911-10-3645	3671	0.0000000000
354	FT911-10-3646	3672	0.0000000000
354	FT911-10-3647	3673	0.0000000000
354	FT911-10-3648	3674	0.0000000000
354	FT911-10-3649	3675	0.0000000000
354	FT911-10-3650	3676	0.0000000000
354	FT911-10-3651	3677	0.0000000000
354	FT911-10-3652	3678	0.0000000000
354	FT911-10-3653	3679	0.0000000000
354	FT911-10-3654	3680	0.0000000000
354	FT911-10-3655	3681	0.0000000000
354	FT911-10-3656	3682	0.0000000000
354	FT911-10-3657	3683	0.0000000000
354	FT911-10-3658	3684	0.0000000000
354	FT911-10-3659	3685	0.0000000000
354	FT911-10-3660	3686	0.0000000000
354	FT911-10-3661	3687	0.0000000000
354	FT911-10-3662	3688	0.0000000000
354	FT911-10-3663	3689	0.0000000000
354	FT911-10-3664	3690	0.0000000000
354	FT911-10-3665	3691	0.0000000000
354	FT911-10-3666	3692	0.0000000000
354	FT911-10-3667	3693	0.0000000000
354	FT911-10-3668	3694	0.0000000000
354	FT911-10-3669	3695	0.0000000000
354	FT911-10-3670	3696	0.0000000000
354	FT911-10-3671	3697	0.0000000000
354	FT911-10-3672	3698	0.0000000000
354	FT911-10-3673	3699	0.0000000000
354	FT911-10-3674	3700	0.0000000000
354	FT911-10-3675	3701	0.0000000000
354	FT911-10-3676	3702	0.0000000000
354	FT911-10-3677	3703	0.0000000000
354	FT911-10-3678	3704	0.0000000000
354	FT911-10-3679	3705	0.0000000000
354	FT911-10-3680	3706	0.0000000000
354	FT911-10-3681	3707	0.0000000000
354	FT911-10-3682	3708	0.0000000000
354	FT911-10-3683	3709	0.0000000000
354	FT911-10-3684	3710	0.0000000000
354	FT911-10-3685	3711	0.0000000000
354	FT911-10-3686	3712	0.0000000000
354	FT911-10-3687	3713	0.0000000000
354	FT911-10-3688	3714	0.0000000000
354	FT911-10-3689	3715	0.0000000000
354	FT911-10-3690	3716	0.0000000000
354	FT911-10-3691	3717	0.0000000000
354	FT911-10-3692	3718	0.0000000000
354	FT911-10-3693	3719	0.0000000000
354	FT911-11-3694	3720	0.0000000000
354	FT911-11-3695	3721	0.0000000000
354	FT911-11-3696	3722	0.0000000000
354	FT911-11-3697	3723	0.0000000000
354	FT911-11-3698	3724	0.0000000000
354	FT911-11-3699	3725	0.0000000000
354	FT911-11-3700	3726	0.0000000000
354	FT911-11-3701	3727	0.0000000000
354	FT911-11-3702	3728	0.0000000000
354	FT911-11-3703	3729	0.0000000000
354	FT911-11-3704	3730	0.0000000000
354	FT911-11-3706	3731	0.0000000000
354	FT911-11-3707	3732	0.0000000000
354	FT911-11-3708	3733	0.0000000000
354	FT911-11-3709	3734	0.0000000000
354	FT911-11-3710	3735	0.0000000000
354	FT911-11-3711	3736	0.0000000000
354	FT911-11-3712	3737	0.0000000000
354	FT911-11-3713	3738	0.0000000000
354	FT911-11-3714	3739	0.0000000000
354	FT911-11-3715	3740	0.0000000000
354	FT911-11-3716	3741	0.0000000000
354	FT911-11-3717	3742	0.0000000000
354	FT911-11-3718	3743	0.0000000000
354	FT911-11-3719	3744	0.0000000000
354	FT911-11-3720	3745	0.0000000000
354	FT911-11-3721	3746	0.0000000000
354	FT911-11-3722	3747	0.0000000000
354	FT911-11-3723	3748	0.0000000000
354	FT911-11-3724	3749	0.0000000000
354	FT911-11-3725	3750	0.0000000000
354	FT911-11-3726	3751	0.0000000000
354	FT911-11-3727	3752	0.0000000000
354	FT911-11-3728	3753	0.0000000000
354	FT911-11-3729	3754	0.0000000000
354	FT911-11-3730	3755	0.0000000000
354	FT911-11-3731	3756	0.0000000000
354	FT911-11-3732	3757	0.0000000000
354	FT911-11-3733	3758	0.0000000000
354	FT911-11-3734	3759	0.0000000000
354	FT911-11-3735	3760	0.0000000000
354	FT911-11-3736	3761	0.0000000000
354	FT911-11-3737	3762	0.0000000000
354	FT911-11-3738	3763	0.0000000000
354	FT911-11-3739	3764	0.0000000000
354	FT911-11-3740	3765	0.0000000000
354	FT911-11-3741	3766	0.0000000000
354	FT911-11-3742	3767	0.0000000000
354	FT911-11-3743	3768	0.0000000000
354	FT911-11-3744	3769	0.0000000000
354	FT911-11-3745	3770	0.0000000000
354	FT911-11-3746	3771	0.0000000000
354	FT911-11-3747	3772	0.0000000000
354	FT911-11-3748	3773	0.0000000000
354	FT911-11-3749	3774	0.0000000000
354	FT911-11-3750	3775	0.0000000000
354	FT911-11-3751	3776	0.0000000000
354	FT911-11-3752	3777	0.0000000000
354	FT911-11-3753	3778	0.0000000000
354	FT911-11-3754	3779	0.0000000000
354	FT911-11-3755	3780	0.0000000000
354	FT911-11-3756	3781	0.0000000000
354	FT911-11-3757	3782	0.0000000000
354	FT911-11-3758	3783	0.0000000000
354	FT911-11-3759	3784	0.0000000000
354	FT911-11-3760	3785	0.0000000000
354	FT911-11-3761	3786	0.0000000000
354	FT911-11-3762	3787	0.0000000000
354	FT911-11-3763	3788	0.0000000000
354	FT911-11-3764	3789	0.0000000000
354	FT911-11-3765	3790	0.0000000000
354	FT911-11-3766	3791	0.0000000000
354	FT911-11-3767	3792	0.0000000000
354	FT911-11-3768	3793	0.0000000000
354	FT911-11-3769	3794	0.0000000000
354	FT911-11-3770	3795	0.0000000000
354	FT911-11-3771	3796	0.0000000000
354	FT911-11-3772	3797	0.0000000000
354	FT911-11-3773	3798	0.0000000000
354	FT911-11-3774	3799	0.0000000000
354	FT911-11-3775	3800	0.0000000000
354	FT911-11-3776	3801	0.0000000000
354	FT911-11-3777	3802	0.0000000000
354	FT911-11-3778	3803	0.0000000000
354	FT911-11-3779	3804	0.0000000000
354	FT911-11-3780	3805	0.0000000000
354	FT911-11-3781	3806	0.0000000000
354	FT911-11-3782	3807	0.0000000000
354	FT911-11-3783	3808	0.0000000000
354	FT911-11-3784	3809	0.0000000000
354	FT911-11-3785	3810	0.0000000000
354	FT911-11-3786	3811	0.0000000000
354	FT911-11-3787	3812	0.0000000000
354	FT911-11-3788	3813	0.0000000000
354	FT911-11-3789	3814	0.0000000000
354	FT911-11-3790	3815	0.0000000000
354	FT911-11-3791	3816	0.0000000000
354	FT911-11-3792	3817	0.0000000000
354	FT911-11-3793	3818	0.0000000000
354	FT911-11-3794	3819	0.0000000000
354	FT911-11-3795	3820	0.0000000000
354	FT911-11-3796	3821	0.0000000000
354	FT911-11-3797	3822	0.0000000000
354	FT911-11-3798	3823	0.0000000000
354	FT911-11-3799	3824	0.0000000000
354	FT911-11-3800	3825	0.0000000000
354	FT911-11-3801	3826	0.0000000000
354	FT911-11-3802	3827	0.0000000000
354	FT911-11-3803	3828	0.0000000000
354	FT911-11-3804	3829	0.0000000000
354	FT911-11-3805	3830	0.0000000000
354	FT911-11-3806	3831	0.0000000000
354	FT911-11-3807	3832	0.0000000000
354	FT911-11-3808	3833	0.0000000000
354	FT911-11-3809	3834	0.0000000000
354	FT911-11-3810	3835	0.0000000000
354	FT911-11-3811	3836	0.0000000000
354	FT911-11-3812	3837	0.0000000000
354	FT911-11-3813	3838	0.0000000000
354	FT911-11-3814	3839	0.0000000000
354	FT911-11-3815	3840	0.0000000000
354	FT911-11-3816	3841	0.0000000000
354	FT911-11-3817	3842	0.0000000000
354	FT911-11-3818	3843	0.0000000000
354	FT911-11-3819	3844	0.0000000000
354	FT911-11-3820	3845	0.0000000000
354	FT911-11-3821	3846	0.0000000000
354	FT911-11-3822	3847	0.0000000000
354	FT911-11-3823	3848	0.0000000000
354	FT911-11-3824	3849	0.0000000000
354	FT911-11-3825	3850	0.0000000000
354	FT911-11-3826	3851	0.0000000000
354	FT911-11-3827	3852	0.0000000000
354	FT911-11-3828	3853	0.0000000000
354	FT911-11-3829	3854	0.0000000000
354	FT911-11-3830	3855	0.0000000000
354	FT911-11-3831	3856	0.0000000000
354	FT911-11-3832	3857	0.0000000000
354	FT911-11-3833	3858	0.0000000000
354	FT911-11-3834	3859	0.0000000000
354	FT911-11-3835	3860	0.0000000000
354	FT911-11-3836	3861	0.0000000000
354	FT911-11-3837	3862	0.0000000000
354	FT911-11-3838	3863	0.0000000000
354	FT911-11-3839	3864	0.0000000000
354	FT911-11-3840	3865	0.0000000000
354	FT911-11-3841	3866	0.0000000000
354	FT911-11-3842	3867	0.0000000000
354	FT911-11-3843	3868	0.0000000000
354	FT911-11-3844	3869	0.0000000000
354	FT911-11-3845	3870	0.0000000000
354	FT911-11-3846	3871	0.0000000000
354	FT911-11-3847	3872	0.0000000000
354	FT911-11-3848	3873	0.0000000000
354	FT911-11-3849	3874	0.0000000000
354	FT911-11-3850	3875	0.0000000000
354	FT911-11-3851	3876	0.0000000000
354	FT911-11-3852	3877	0.0000000000
354	FT911-11-3853	3878	0.0000000000
354	FT911-11-3854	3879	0.0000000000
354	FT911-11-3855	3880	0.0000000000
354	FT911-11-3856	3881	0.0000000000
354	FT911-11-3857	3882	0.0000000000
354	FT911-11-3858	3883	0.0000000000
354	FT911-11-3859	3884	0.0000000000
354	FT911-11-3860	3885	0.0000000000
354	FT911-11-3861	3886	0.0000000000
354	FT911-11-3862	3887	0.0000000000
354	FT911-11-3863	3888	0.0000000000
354	FT911-11-3864	3889	0.0000000000
354	FT911-11-3865	3890	0.0000000000
354	FT911-11-3866	3891	0.0000000000
354	FT911-11-3867	3892	0.0000000000
354	FT911-11-3868	3893	0.0000000000
354	FT911-11-3869	3894	0.0000000000
354	FT911-11-3870	3895	0.0000000000
354	FT911-11-3871	3896	0.0000000000
354	FT911-11-3872	3897	0.0000000000
354	FT911-11-3873	3898	0.0000000000
354	FT911-11-3874	3899	0.0000000000
354	FT911-11-3875	3900	0.0000000000
354	FT911-11-3876	3901	0.0000000000
354	FT911-11-3877	3902	0.0000000000
354	FT911-11-3878	3903	0.0000000000
354	FT911-11-3879	3904	0.0000000000
354	FT911-11-3880	3905	0.0000000000
354	FT911-11-3881	3906	0.0000000000
354	FT911-11-3882	3907	0.0000000000
354	FT911-11-3883	3908	0.0000000000
354	FT911-11-3884	3909	0.0000000000
354	FT911-11-3885	3910	0.0000000000
354	FT911-11-3886	3911	0.0000000000
354	FT911-11-3888	3912	0.0000000000
354	FT911-11-3890	3913	0.0000000000
354	FT911-11-3891	3914	0.0000000000
354	FT911-11-3892	3915	0.0000000000
354	FT911-11-3893	3916	0.0000000000
354	FT911-11-3894	3917	0.0000000000
354	FT911-11-3895	3918	0.0000000000
354	FT911-11-3896	3919	0.0000000000
354	FT911-11-3897	3920	0.0000000000
354	FT911-11-3898	3921	0.0000000000
354	FT911-11-3899	3922	0.0000000000
354	FT911-11-3900	3923	0.0000000000
354	FT911-11-3901	3924	0.0000000000
354	FT911-11-3902	3925	0.0000000000
354	FT911-11-3903	3926	0.0000000000
354	FT911-11-3904	3927	0.0000000000
354	FT911-11-3905	3928	0.0000000000
354	FT911-11-3906	3929	0.0000000000
354	FT911-11-3907	3930	0.0000000000
354	FT911-11-3908	3931	0.0000000000
354	FT911-11-3909	3932	0.0000000000
354	FT911-11-3910	3933	0.0000000000
354	FT911-11-3912	3934	0.0000000000
354	FT911-11-3913	3935	0.0000000000
354	FT911-11-3914	3936	0.0000000000
354	FT911-11-3915	3937	0.0000000000
354	FT911-11-3916	3938	0.0000000000
354	FT911-11-3918	3939	0.0000000000
354	FT911-11-3919	3940	0.0000000000
354	FT911-11-3921	3941	0.0000000000
354	FT911-11-3922	3942	0.0000000000
354	FT911-11-3923	3943	0.0000000000
354	FT911-11-3924	3944	0.0000000000
354	FT911-11-3925	3945	0.0000000000
354	FT911-11-3926	3946	0.0000000000
354	FT911-11-3927	3947	0.0000000000
354	FT911-11-3928	3948	0.0000000000
354	FT911-11-3929	3949	0.0000000000
354	FT911-11-3930	3950	0.0000000000
354	FT911-11-3931	3951	0.0000000000
354	FT911-11-3932	3952	0.0000000000
354	FT911-11-3933	3953	0.0000000000
354	FT911-11-3934	3954	0.0000000000
354	FT911-11-3935	3955	0.0000000000
354	FT911-11-3936	3956	0.0000000000
354	FT911-11-3937	3957	0.0000000000
354	FT911-11-3938	3958	0.0000000000
354	FT911-11-3939	3959	0.0000000000
354	FT911-11-3940	3960	0.0000000000
354	FT911-11-3941	3961	0.0000000000
354	FT911-11-3942	3962	0.0000000000
354	FT911-11-3943	3963	0.0000000000
354	FT911-11-3944	3964	0.0000000000
354	FT911-11-3945	3965	0.0000000000
354	FT911-11-3946	3966	0.0000000000
354	FT911-11-3947	3967	0.0000000000
354	FT911-11-3948	3968	0.0000000000
354	FT911-11-3949	3969	0.0000000000
354	FT911-11-3950	3970	0.0000000000
354	FT911-11-3951	3971	0.0000000000
354	FT911-11-3952	3972	0.0000000000
354	FT911-11-3953	3973	0.0000000000
354	FT911-11-3954	3974	0.0000000000
354	FT911-11-3955	3975	0.0000000000
354	FT911-11-3956	3976	0.0000000000
354	FT911-11-3957	3977	0.0000000000
354	FT911-11-3958	3978	0.0000000000
354	FT911-11-3959	3979	0.0000000000
354	FT911-11-3960	3980	0.0000000000
354	FT911-11-3961	3981	0.0000000000
354	FT911-11-3962	3982	0.0000000000
354	FT911-11-3963	3983	0.0000000000
354	FT911-11-3964	3984	0.0000000000
354	FT911-11-3965	3985	0.0000000000
354	FT911-11-3966	3986	0.0000000000
354	FT911-11-3967	3987	0.0000000000
354	FT911-11-3968	3988	0.0000000000
354	FT911-11-3969	3989	0.0000000000
354	FT911-11-3970	3990	0.0000000000
354	FT911-11-3971	3991	0.0000000000
354	FT911-11-3972	3992	0.0000000000
354	FT911-11-3973	3993	0.0000000000
354	FT911-11-3974	3994	0.0000000000
354	FT911-11-3975	3995	0.0000000000
354	FT911-11-3976	3996	0.0000000000
354	FT911-11-3977	3997	0.0000000000
354	FT911-11-3978	3998	0.0000000000
354	FT911-11-3979	3999	0.0000000000
354	FT911-11-3980	4000	0.0000000000
354	FT911-11-3981	4001	0.0000000000
354	FT911-11-3982	4002	0.0000000000
354	FT911-11-3983	4003	0.0000000000
354	FT911-11-3984	4004	0.0000000000
354	FT911-11-3985	4005	0.0000000000
354	FT911-11-3986	4006	0.0000000000
354	FT911-11-3987	4007	0.0000000000
354	FT911-11-3988	4008	0.0000000000
354	FT911-11-3989	4009	0.0000000000
354	FT911-11-3990	4010	0.0000000000
354	FT911-11-3991	4011	0.0000000000
354	FT911-11-3992	4012	0.0000000000
354	FT911-11-3993	4013	0.0000000000
354	FT911-11-3994	4014	0.0000000000
354	FT911-11-3995	4015	0.0000000000
354	FT911-11-3996	4016	0.0000000000
354	FT911-11-3997	4017	0.0000000000
354	FT911-11-3998	4018	0.0000000000
354	FT911-11-3999	4019	0.0000000000
354	FT911-11-4000	4020	0.0000000000
354	FT911-11-4001	4021	0.0000000000
354	FT911-11-4002	4022	0.0000000000
354	FT911-11-4003	4023	0.0000000000
354	FT911-11-4004	4024	0.0000000000
354	FT911-11-4005	4025	0.0000000000
354	FT911-11-4006	4026	0.0000000000
354	FT911-11-4007	4027	0.0000000000
354	FT911-11-4008	4028	0.0000000000
354	FT911-11-4009	4029	0.0000000000
354	FT911-11-4010	4030	0.0000000000
354	FT911-11-4011	4031	0.0000000000
354	FT911-11-4012	4032	0.0000000000
354	FT911-11-4013	4033	0.0000000000
354	FT911-11-4014	4034	0.0000000000
354	FT911-11-4015	4035	0.0000000000
354	FT911-12-4016	4036	0.0000000000
354	FT911-12-4017	4037	0.0000000000
354	FT911-12-4018	4038	0.0000000000
354	FT911-12-4019	4039	0.0000000000
354	FT911-12-4020	4040	0.0000000000
354	FT911-12-4021	4041	0.0000000000
354	FT911-12-4022	4042	0.0000000000
354	FT911-12-4023	4043	0.0000000000
354	FT911-12-4024	4044	0.0000000000
354	FT911-12-4025	4045	0.0000000000
354	FT911-12-4026	4046	0.0000000000
354	FT911-12-4027	4047	0.0000000000
354	FT911-12-4028	4048	0.0000000000
354	FT911-12-4029	4049	0.0000000000
354	FT911-12-4030	4050	0.0000000000
354	FT911-12-4031	4051	0.0000000000
354	FT911-12-4032	4052	0.0000000000
354	FT911-12-4033	4053	0.0000000000
354	FT911-12-4034	4054	0.0000000000
354	FT911-12-4035	4055	0.0000000000
354	FT911-12-4036	4056	0.0000000000
354	FT911-12-4037	4057	0.0000000000
354	FT911-12-4038	4058	0.0000000000
354	FT911-12-4039	4059	0.0000000000
354	FT911-12-4040	4060	0.0000000000
354	FT911-12-4041	4061	0.0000000000
354	FT911-12-4042	4062	0.0000000000
354	FT911-12-4043	4063	0.0000000000
354	FT911-12-4044	4064	0.0000000000
354	FT911-12-4045	4065	0.0000000000
354	FT911-12-4046	4066	0.0000000000
354	FT911-12-4047	4067	0.0000000000
354	FT911-12-4048	4068	0.0000000000
354	FT911-12-4049	4069	0.0000000000
354	FT911-12-4050	4070	0.0000000000
354	FT911-12-4051	4071	0.0000000000
354	FT911-12-4052	4072	0.0000000000
354	FT911-12-4053	4073	0.0000000000
354	FT911-12-4054	4074	0.0000000000
354	FT911-12-4055	4075	0.0000000000
354	FT911-12-4056	4076	0.0000000000
354	FT911-12-4057	4077	0.0000000000
354	FT911-12-4058	4078	0.0000000000
354	FT911-12-4059	4079	0.0000000000
354	FT911-12-4060	4080	0.0000000000
354	FT911-12-4061	4081	0.0000000000
354	FT911-12-4062	4082	0.0000000000
354	FT911-12-4063	4083	0.0000000000
354	FT911-12-4064	4084	0.0000000000
354	FT911-12-4065	4085	0.0000000000
354	FT911-12-4066	4086	0.0000000000
354	FT911-12-4067	4087	0.0000000000
354	FT911-12-4068	4088	0.0000000000
354	FT911-12-4069	4089	0.0000000000
354	FT911-12-4070	4090	0.0000000000
354	FT911-12-4071	4091	0.0000000000
354	FT911-12-4072	4092	0.0000000000
354	FT911-12-4073	4093	0.0000000000
354	FT911-12-4074	4094	0.0000000000
354	FT911-12-4075	4095	0.0000000000
354	FT911-12-4076	4096	0.0000000000
354	FT911-12-4077	4097	0.0000000000
354	FT911-12-4078	4098	0.0000000000
354	FT911-12-4079	4099	0.0000000000
354	FT911-12-4080	4100	0.0000000000
354	FT911-12-4081	4101	0.0000000000
354	FT911-12-4082	4102	0.0000000000
354	FT911-12-4083	4103	0.0000000000
354	FT911-12-4084	4104	0.0000000000
354	FT911-12-4085	4105	0.0000000000
354	FT911-12-4086	4106	0.0000000000
354	FT911-12-4087	4107	0.0000000000
354	FT911-12-4088	4108	0.0000000000
354	FT911-12-4089	4109	0.0000000000
354	FT911-12-4090	4110	0.0000000000
354	FT911-12-4091	4111	0.0000000000
354	FT911-12-4092	4112	0.0000000000
354	FT911-12-4093	4113	0.0000000000
354	FT911-12-4094	4114	0.0000000000
354	FT911-12-4095	4115	0.0000000000
354	FT911-12-4096	4116	0.0000000000
354	FT911-12-4097	4117	0.0000000000
354	FT911-12-4098	4118	0.0000000000
354	FT911-12-4099	4119	0.0000000000
354	FT911-12-4100	4120	0.0000000000
354	FT911-12-4101	4121	0.0000000000
354	FT911-12-4102	4122	0.0000000000
354	FT911-12-4103	4123	0.0000000000
354	FT911-12-4104	4124	0.0000000000
354	FT911-12-4105	4125	0.0000000000
354	FT911-12-4106	4126	0.0000000000
354	FT911-12-4107	4127	0.0000000000
354	FT911-12-4108	4128	0.0000000000
354	FT911-12-4109	4129	0.0000000000
354	FT911-12-4110	4130	0.0000000000
354	FT911-12-4111	4131	0.0000000000
354	FT911-12-4112	4132	0.0000000000
354	FT911-12-4113	4133	0.0000000000
354	FT911-12-4114	4134	0.0000000000
354	FT911-12-4115	4135	0.0000000000
354	FT911-12-4116	4136	0.0000000000
354	FT911-12-4117	4137	0.0000000000
354	FT911-12-4118	4138	0.0000000000
354	FT911-12-4119	4139	0.0000000000
354	FT911-12-4120	4140	0.0000000000
354	FT911-12-4121	4141	0.0000000000
354	FT911-12-4122	4142	0.0000000000
354	FT911-12-4123	4143	0.0000000000
354	FT911-12-4124	4144	0.0000000000
354	FT911-12-4125	4145	0.0000000000
354	FT911-12-4126	4146	0.0000000000
354	FT911-12-4127	4147	0.0000000000
354	FT911-12-4128	4148	0.0000000000
354	FT911-12-4129	4149	0.0000000000
354	FT911-12-4130	4150	0.0000000000
354	FT911-12-4131	4151	0.0000000000
354	FT911-12-4132	4152	0.0000000000
354	FT911-12-4133	4153	0.0000000000
354	FT911-12-4134	4154	0.0000000000
354	FT911-12-4135	4155	0.0000000000
354	FT911-12-4136	4156	0.0000000000
354	FT911-12-4137	4157	0.0000000000
354	FT911-12-4138	4158	0.0000000000
354	FT911-12-4139	4159	0.0000000000
354	FT911-12-4140	4160	0.0000000000
354	FT911-12-4141	4161	0.0000000000
354	FT911-12-4142	4162	0.0000000000
354	FT911-12-4143	4163	0.0000000000
354	FT911-12-4144	4164	0.0000000000
354	FT911-12-4145	4165	0.0000000000
354	FT911-12-4146	4166	0.0000000000
354	FT911-12-4147	4167	0.0000000000
354	FT911-12-4148	4168	0.0000000000
354	FT911-12-4149	4169	0.0000000000
354	FT911-12-4150	4170	0.0000000000
354	FT911-12-4151	4171	0.0000000000
354	FT911-12-4152	4172	0.0000000000
354	FT911-12-4153	4173	0.0000000000
354	FT911-12-4154	4174	0.0000000000
354	FT911-12-4155	4175	0.0000000000
354	FT911-12-4156	4176	0.0000000000
354	FT911-12-4157	4177	0.0000000000
354	FT911-12-4158	4178	0.0000000000
354	FT911-12-4159	4179	0.0000000000
354	FT911-12-4160	4180	0.0000000000
354	FT911-12-4161	4181	0.0000000000
354	FT911-12-4162	4182	0.0000000000
354	FT911-12-4163	4183	0.0000000000
354	FT911-12-4164	4184	0.0000000000
354	FT911-12-4165	4185	0.0000000000
354	FT911-12-4166	4186	0.0000000000
354	FT911-12-4167	4187	0.0000000000
354	FT911-12-4168	4188	0.0000000000
354	FT911-12-4169	4189	0.0000000000
354	FT911-12-4170	4190	0.0000000000
354	FT911-12-4171	4191	0.0000000000
354	FT911-12-4172	4192	0.0000000000
354	FT911-12-4173	4193	0.0000000000
354	FT911-12-4174	4194	0.0000000000
354	FT911-12-4175	4195	0.0000000000
354	FT911-12-4176	4196	0.0000000000
354	FT911-12-4177	4197	0.0000000000
354	FT911-12-4178	4198	0.0000000000
354	FT911-12-4179	4199	0.0000000000
354	FT911-12-4180	4200	0.0000000000
354	FT911-12-4181	4201	0.0000000000
354	FT911-12-4182	4202	0.0000000000
354	FT911-12-4183	4203	0.0000000000
354	FT911-12-4184	4204	0.0000000000
354	FT911-12-4185	4205	0.0000000000
354	FT911-12-4186	4206	0.0000000000
354	FT911-12-4187	4207	0.0000000000
354	FT911-12-4188	4208	0.0000000000
354	FT911-12-4189	4209	0.0000000000
354	FT911-12-4190	4210	0.0000000000
354	FT911-12-4191	4211	0.0000000000
354	FT911-12-4192	4212	0.0000000000
354	FT911-12-4193	4213	0.0000000000
354	FT911-12-4194	4214	0.0000000000
354	FT911-12-4195	4215	0.0000000000
354	FT911-12-4196	4216	0.0000000000
354	FT911-12-4197	4217	0.0000000000
354	FT911-12-4198	4218	0.0000000000
354	FT911-12-4199	4219	0.0000000000
354	FT911-12-4200	4220	0.0000000000
354	FT911-12-4201	4221	0.0000000000
354	FT911-12-4202	4222	0.0000000000
354	FT911-12-4203	4223	0.0000000000
354	FT911-12-4204	4224	0.0000000000
354	FT911-12-4205	4225	0.0000000000
354	FT911-12-4206	4226	0.0000000000
354	FT911-12-4207	4227	0.0000000000
354	FT911-12-4208	4228	0.0000000000
354	FT911-12-4209	4229	0.0000000000
354	FT911-12-4210	4230	0.0000000000
354	FT911-12-4211	4231	0.0000000000
354	FT911-12-4212	4232	0.0000000000
354	FT911-12-4213	4233	0.0000000000
354	FT911-12-4214	4234	0.0000000000
354	FT911-12-4215	4235	0.0000000000
354	FT911-12-4216	4236	0.0000000000
354	FT911-12-4217	4237	0.0000000000
354	FT911-12-4218	4238	0.0000000000
354	FT911-12-4219	4239	0.0000000000
354	FT911-12-4220	4240	0.0000000000
354	FT911-12-4221	4241	0.0000000000
354	FT911-12-4222	4242	0.0000000000
354	FT911-12-4223	4243	0.0000000000
354	FT911-12-4224	4244	0.0000000000
354	FT911-12-4225	4245	0.0000000000
354	FT911-12-4226	4246	0.0000000000
354	FT911-12-4227	4247	0.0000000000
354	FT911-12-4228	4248	0.0000000000
354	FT911-12-4229	4249	0.0000000000
354	FT911-12-4230	4250	0.0000000000
354	FT911-12-4231	4251	0.0000000000
354	FT911-12-4232	4252	0.0000000000
354	FT911-12-4233	4253	0.0000000000
354	FT911-12-4234	4254	0.0000000000
354	FT911-12-4235	4255	0.0000000000
354	FT911-12-4236	4256	0.0000000000
354	FT911-12-4237	4257	0.0000000000
354	FT911-12-4238	4258	0.0000000000
354	FT911-12-4239	4259	0.0000000000
354	FT911-12-4240	4260	0.0000000000
354	FT911-12-4241	4261	0.0000000000
354	FT911-12-4242	4262	0.0000000000
354	FT911-12-4243	4263	0.0000000000
354	FT911-12-4244	4264	0.0000000000
354	FT911-12-4245	4265	0.0000000000
354	FT911-12-4246	4266	0.0000000000
354	FT911-12-4247	4267	0.0000000000
354	FT911-12-4248	4268	0.0000000000
354	FT911-12-4249	4269	0.0000000000
354	FT911-12-4250	4270	0.0000000000
354	FT911-12-4251	4271	0.0000000000
354	FT911-12-4252	4272	0.0000000000
354	FT911-12-4253	4273	0.0000000000
354	FT911-12-4254	4274	0.0000000000
354	FT911-12-4255	4275	0.0000000000
354	FT911-12-4256	4276	0.0000000000
354	FT911-12-4257	4277	0.0000000000
354	FT911-12-4258	4278	0.0000000000
354	FT911-12-4259	4279	0.0000000000
354	FT911-12-4260	4280	0.0000000000
354	FT911-12-4261	4281	0.0000000000
354	FT911-12-4262	4282	0.0000000000
354	FT911-12-4263	4283	0.0000000000
354	FT911-12-4264	4284	0.0000000000
354	FT911-12-4265	4285	0.0000000000
354	FT911-12-4266	4286	0.0000000000
354	FT911-12-4267	4287	0.0000000000
354	FT911-12-4268	4288	0.0000000000
354	FT911-12-4269	4289	0.0000000000
354	FT911-12-4270	4290	0.0000000000
354	FT911-12-4271	4291	0.0000000000
354	FT911-12-4272	4292	0.0000000000
354	FT911-12-4273	4293	0.0000000000
354	FT911-12-4274	4294	0.0000000000
354	FT911-12-4275	4295	0.0000000000
354	FT911-12-4276	4296	0.0000000000
354	FT911-12-4277	4297	0.0000000000
354	FT911-12-4278	4298	0.0000000000
354	FT911-12-4279	4299	0.0000000000
354	FT911-12-4280	4300	0.0000000000
354	FT911-12-4281	4301	0.0000000000
354	FT911-12-4282	4302	0.0000000000
354	FT911-12-4283	4303	0.0000000000
354	FT911-12-4284	4304	0.0000000000
354	FT911-12-4285	4305	0.0000000000
354	FT911-12-4286	4306	0.0000000000
354	FT911-12-4287	4307	0.0000000000
354	FT911-12-4288	4308	0.0000000000
354	FT911-12-4289	4309	0.0000000000
354	FT911-12-4290	4310	0.0000000000
354	FT911-12-4291	4311	0.0000000000
354	FT911-12-4292	4312	0.0000000000
354	FT911-12-4293	4313	0.0000000000
354	FT911-12-4294	4314	0.0000000000
354	FT911-12-4295	4315	0.0000000000
354	FT911-12-4296	4316	0.0000000000
354	FT911-12-4297	4317	0.0000000000
354	FT911-12-4298	4318	0.0000000000
354	FT911-12-4299	4319	0.0000000000
354	FT911-12-4300	4320	0.0000000000
354	FT911-12-4301	4321	0.0000000000
354	FT911-12-4302	4322	0.0000000000
354	FT911-12-4303	4323	0.0000000000
354	FT911-12-4304	4324	0.0000000000
354	FT911-12-4305	4325	0.0000000000
354	FT911-12-4306	4326	0.0000000000
354	FT911-12-4307	4327	0.0000000000
354	FT911-12-4308	4328	0.0000000000
354	FT911-12-4309	4329	0.0000000000
354	FT911-12-4310	4330	0.0000000000
354	FT911-12-4311	4331	0.0000000000
354	FT911-12-4312	4332	0.0000000000
354	FT911-12-4313	4333	0.0000000000
354	FT911-12-4314	4334	0.0000000000
354	FT911-12-4315	4335	0.0000000000
354	FT911-12-4316	4336	0.0000000000
354	FT911-12-4317	4337	0.0000000000
354	FT911-12-4318	4338	0.0000000000
354	FT911-12-4319	4339	0.0000000000
354	FT911-12-4320	4340	0.0000000000
354	FT911-12-4321	4341	0.0000000000
354	FT911-12-4322	4342	0.0000000000
354	FT911-12-4323	4343	0.0000000000
354	FT911-12-4324	4344	0.0000000000
354	FT911-12-4325	4345	0.0000000000
354	FT911-12-4326	4346	0.0000000000
354	FT911-12-4327	4347	0.0000000000
354	FT911-12-4328	4348	0.0000000000
354	FT911-12-4329	4349	0.0000000000
354	FT911-12-4330	4350	0.0000000000
354	FT911-12-4331	4351	0.0000000000
354	FT911-12-4332	4352	0.0000000000
354	FT911-12-4333	4353	0.0000000000
354	FT911-12-4334	4354	0.0000000000
354	FT911-12-4335	4355	0.0000000000
354	FT911-12-4336	4356	0.0000000000
354	FT911-12-4337	4357	0.0000000000
354	FT911-12-4338	4358	0.0000000000
354	FT911-12-4339	4359	0.0000000000
354	FT911-12-4340	4360	0.0000000000
354	FT911-12-4341	4361	0.0000000000
354	FT911-12-4342	4362	0.0000000000
354	FT911-12-4343	4363	0.0000000000
354	FT911-12-4344	4364	0.0000000000
354	FT911-12-4345	4365	0.0000000000
354	FT911-12-4346	4366	0.0000000000
354	FT911-12-4347	4367	0.0000000000
354	FT911-12-4348	4368	0.0000000000
354	FT911-12-4349	4369	0.0000000000
354	FT911-12-4350	4370	0.0000000000
354	FT911-12-4351	4371	0.0000000000
354	FT911-12-4352	4372	0.0000000000
354	FT911-12-4353	4373	0.0000000000
354	FT911-12-4354	4374	0.0000000000
354	FT911-12-4355	4375	0.0000000000
354	FT911-12-4356	4376	0.0000000000
354	FT911-12-4357	4377	0.0000000000
354	FT911-12-4358	4378	0.0000000000
354	FT911-12-4359	4379	0.0000000000
354	FT911-12-4360	4380	0.0000000000
354	FT911-12-4361	4381	0.0000000000
354	FT911-12-4362	4382	0.0000000000
354	FT911-12-4364	4383	0.0000000000
354	FT911-12-4365	4384	0.0000000000
354	FT911-13-4366	4385	0.0000000000
354	FT911-13-4367	4386	0.0000000000
354	FT911-13-4368	4387	0.0000000000
354	FT911-13-4369	4388	0.0000000000
354	FT911-13-4370	4389	0.0000000000
354	FT911-13-4371	4390	0.0000000000
354	FT911-13-4372	4391	0.0000000000
354	FT911-13-4373	4392	0.0000000000
354	FT911-13-4374	4393	0.0000000000
354	FT911-13-4375	4394	0.0000000000
354	FT911-13-4376	4395	0.0000000000
354	FT911-13-4377	4396	0.0000000000
354	FT911-13-4378	4397	0.0000000000
354	FT911-13-4379	4398	0.0000000000
354	FT911-13-4380	4399	0.0000000000
354	FT911-13-4381	4400	0.0000000000
354	FT911-13-4382	4401	0.0000000000
354	FT911-13-4383	4402	0.0000000000
354	FT911-13-4384	4403	0.0000000000
354	FT911-13-4385	4404	0.0000000000
354	FT911-13-4386	4405	0.0000000000
354	FT911-13-4387	4406	0.0000000000
354	FT911-13-4388	4407	0.0000000000
354	FT911-13-4389	4408	0.0000000000
354	FT911-13-4390	4409	0.0000000000
354	FT911-13-4391	4410	0.0000000000
354	FT911-13-4392	4411	0.0000000000
354	FT911-13-4393	4412	0.0000000000
354	FT911-13-4394	4413	0.0000000000
354	FT911-13-4395	4414	0.0000000000
354	FT911-13-4396	4415	0.0000000000
354	FT911-13-4397	4416	0.0000000000
354	FT911-13-4398	4417	0.0000000000
354	FT911-13-4399	4418	0.0000000000
354	FT911-13-4400	4419	0.0000000000
354	FT911-13-4401	4420	0.0000000000
354	FT911-13-4402	4421	0.0000000000
354	FT911-13-4403	4422	0.0000000000
354	FT911-13-4404	4423	0.0000000000
354	FT911-13-4405	4424	0.0000000000
354	FT911-13-4406	4425	0.0000000000
354	FT911-13-4407	4426	0.0000000000
354	FT911-13-4408	4427	0.0000000000
354	FT911-13-4409	4428	0.0000000000
354	FT911-13-4410	4429	0.0000000000
354	FT911-13-4411	4430	0.0000000000
354	FT911-13-4412	4431	0.0000000000
354	FT911-13-4413	4432	0.0000000000
354	FT911-13-4414	4433	0.0000000000
354	FT911-13-4415	4434	0.0000000000
354	FT911-13-4416	4435	0.0000000000
354	FT911-13-4417	4436	0.0000000000
354	FT911-13-4418	4437	0.0000000000
354	FT911-13-4419	4438	0.0000000000
354	FT911-13-4420	4439	0.0000000000
354	FT911-13-4421	4440	0.0000000000
354	FT911-13-4422	4441	0.0000000000
354	FT911-13-4423	4442	0.0000000000
354	FT911-13-4424	4443	0.0000000000
354	FT911-13-4425	4444	0.0000000000
354	FT911-13-4426	4445	0.0000000000
354	FT911-13-4427	4446	0.0000000000
354	FT911-13-4428	4447	0.0000000000
354	FT911-13-4429	4448	0.0000000000
354	FT911-13-4430	4449	0.0000000000
354	FT911-13-4431	4450	0.0000000000
354	FT911-13-4432	4451	0.0000000000
354	FT911-13-4433	4452	0.0000000000
354	FT911-13-4434	4453	0.0000000000
354	FT911-13-4435	4454	0.0000000000
354	FT911-13-4436	4455	0.0000000000
354	FT911-13-4437	4456	0.0000000000
354	FT911-13-4438	4457	0.0000000000
354	FT911-13-4439	4458	0.0000000000
354	FT911-13-4440	4459	0.0000000000
354	FT911-13-4441	4460	0.0000000000
354	FT911-13-4442	4461	0.0000000000
354	FT911-13-4443	4462	0.0000000000
354	FT911-13-4444	4463	0.0000000000
354	FT911-13-4445	4464	0.0000000000
354	FT911-13-4446	4465	0.0000000000
354	FT911-13-4447	4466	0.0000000000
354	FT911-13-4448	4467	0.0000000000
354	FT911-13-4449	4468	0.0000000000
354	FT911-13-4450	4469	0.0000000000
354	FT911-13-4451	4470	0.0000000000
354	FT911-13-4453	4471	0.0000000000
354	FT911-13-4454	4472	0.0000000000
354	FT911-13-4455	4473	0.0000000000
354	FT911-13-4456	4474	0.0000000000
354	FT911-13-4457	4475	0.0000000000
354	FT911-13-4458	4476	0.0000000000
354	FT911-13-4459	4477	0.0000000000
354	FT911-13-4461	4478	0.0000000000
354	FT911-13-4462	4479	0.0000000000
354	FT911-13-4463	4480	0.0000000000
354	FT911-13-4464	4481	0.0000000000
354	FT911-13-4465	4482	0.0000000000
354	FT911-13-4466	4483	0.0000000000
354	FT911-13-4468	4484	0.0000000000
354	FT911-13-4469	4485	0.0000000000
354	FT911-13-4470	4486	0.0000000000
354	FT911-13-4471	4487	0.0000000000
354	FT911-13-4473	4488	0.0000000000
354	FT911-13-4474	4489	0.0000000000
354	FT911-13-4475	4490	0.0000000000
354	FT911-13-4476	4491	0.0000000000
354	FT911-13-4477	4492	0.0000000000
354	FT911-13-4478	4493	0.0000000000
354	FT911-13-4479	4494	0.0000000000
354	FT911-13-4480	4495	0.0000000000
354	FT911-13-4481	4496	0.0000000000
354	FT911-13-4482	4497	0.0000000000
354	FT911-13-4483	4498	0.0000000000
354	FT911-13-4484	4499	0.0000000000
354	FT911-13-4485	4500	0.0000000000
354	FT911-13-4486	4501	0.0000000000
354	FT911-13-4487	4502	0.0000000000
354	FT911-13-4488	4503	0.0000000000
354	FT911-13-4489	4504	0.0000000000
354	FT911-13-4490	4505	0.0000000000
354	FT911-13-4491	4506	0.0000000000
354	FT911-13-4492	4507	0.0000000000
354	FT911-13-4493	4508	0.0000000000
354	FT911-13-4494	4509	0.0000000000
354	FT911-13-4495	4510	0.0000000000
354	FT911-13-4496	4511	0.0000000000
354	FT911-13-4497	4512	0.0000000000
354	FT911-13-4498	4513	0.0000000000
354	FT911-13-4499	4514	0.0000000000
354	FT911-13-4500	4515	0.0000000000
354	FT911-13-4501	4516	0.0000000000
354	FT911-13-4502	4517	0.0000000000
354	FT911-13-4503	4518	0.0000000000
354	FT911-13-4504	4519	0.0000000000
354	FT911-13-4505	4520	0.0000000000
354	FT911-13-4506	4521	0.0000000000
354	FT911-13-4507	4522	0.0000000000
354	FT911-13-4508	4523	0.0000000000
354	FT911-13-4509	4524	0.0000000000
354	FT911-13-4510	4525	0.0000000000
354	FT911-13-4511	4526	0.0000000000
354	FT911-13-4512	4527	0.0000000000
354	FT911-13-4513	4528	0.0000000000
354	FT911-13-4514	4529	0.0000000000
354	FT911-13-4515	4530	0.0000000000
354	FT911-13-4516	4531	0.0000000000
354	FT911-13-4517	4532	0.0000000000
354	FT911-13-4518	4533	0.0000000000
354	FT911-13-4519	4534	0.0000000000
354	FT911-13-4520	4535	0.0000000000
354	FT911-13-4521	4536	0.0000000000
354	FT911-13-4522	4537	0.0000000000
354	FT911-13-4523	4538	0.0000000000
354	FT911-13-4524	4539	0.0000000000
354	FT911-13-4525	4540	0.0000000000
354	FT911-13-4526	4541	0.0000000000
354	FT911-13-4527	4542	0.0000000000
354	FT911-13-4528	4543	0.0000000000
354	FT911-13-4529	4544	0.0000000000
354	FT911-13-4530	4545	0.0000000000
354	FT911-13-4531	4546	0.0000000000
354	FT911-13-4532	4547	0.0000000000
354	FT911-13-4533	4548	0.0000000000
354	FT911-13-4534	4549	0.0000000000
354	FT911-13-4535	4550	0.0000000000
354	FT911-13-4536	4551	0.0000000000
354	FT911-13-4537	4552	0.0000000000
354	FT911-13-4539	4553	0.0000000000
354	FT911-13-4540	4554	0.0000000000
354	FT911-13-4541	4555	0.0000000000
354	FT911-13-4542	4556	0.0000000000
354	FT911-13-4543	4557	0.0000000000
354	FT911-13-4544	4558	0.0000000000
354	FT911-13-4545	4559	0.0000000000
354	FT911-13-4546	4560	0.0000000000
354	FT911-13-4547	4561	0.0000000000
354	FT911-13-4548	4562	0.0000000000
354	FT911-13-4549	4563	0.0000000000
354	FT911-13-4550	4564	0.0000000000
354	FT911-13-4551	4565	0.0000000000
354	FT911-13-4552	4566	0.0000000000
354	FT911-13-4553	4567	0.0000000000
354	FT911-13-4554	4568	0.0000000000
354	FT911-13-4555	4569	0.0000000000
354	FT911-13-4556	4570	0.0000000000
354	FT911-13-4557	4571	0.0000000000
354	FT911-13-4558	4572	0.0000000000
354	FT911-13-4559	4573	0.0000000000
354	FT911-13-4560	4574	0.0000000000
354	FT911-13-4561	4575	0.0000000000
354	FT911-13-4562	4576	0.0000000000
354	FT911-13-4563	4577	0.0000000000
354	FT911-13-4564	4578	0.0000000000
354	FT911-13-4565	4579	0.0000000000
354	FT911-13-4566	4580	0.0000000000
354	FT911-13-4567	4581	0.0000000000
354	FT911-13-4568	4582	0.0000000000
354	FT911-13-4569	4583	0.0000000000
354	FT911-13-4570	4584	0.0000000000
354	FT911-13-4571	4585	0.0000000000
354	FT911-13-4572	4586	0.0000000000
354	FT911-13-4573	4587	0.0000000000
354	FT911-13-4574	4588	0.0000000000
354	FT911-13-4575	4589	0.0000000000
354	FT911-13-4576	4590	0.0000000000
354	FT911-13-4577	4591	0.0000000000
354	FT911-13-4578	4592	0.0000000000
354	FT911-13-4579	4593	0.0000000000
354	FT911-13-4580	4594	0.0000000000
354	FT911-13-4581	4595	0.0000000000
354	FT911-13-4582	4596	0.0000000000
354	FT911-13-4583	4597	0.0000000000
354	FT911-13-4584	4598	0.0000000000
354	FT911-13-4585	4599	0.0000000000
354	FT911-13-4586	4600	0.0000000000
354	FT911-13-4587	4601	0.0000000000
354	FT911-13-4588	4602	0.0000000000
354	FT911-13-4589	4603	0.0000000000
354	FT911-13-4590	4604	0.0000000000
354	FT911-13-4591	4605	0.0000000000
354	FT911-13-4592	4606	0.0000000000
354	FT911-13-4593	4607	0.0000000000
354	FT911-13-4594	4608	0.0000000000
354	FT911-13-4595	4609	0.0000000000
354	FT911-13-4596	4610	0.0000000000
354	FT911-13-4597	4611	0.0000000000
354	FT911-13-4598	4612	0.0000000000
354	FT911-13-4599	4613	0.0000000000
354	FT911-13-4600	4614	0.0000000000
354	FT911-13-4601	4615	0.0000000000
354	FT911-13-4602	4616	0.0000000000
354	FT911-13-4603	4617	0.0000000000
354	FT911-13-4604	4618	0.0000000000
354	FT911-13-4605	4619	0.0000000000
354	FT911-13-4606	4620	0.0000000000
354	FT911-13-4607	4621	0.0000000000
354	FT911-13-4608	4622	0.0000000000
354	FT911-13-4609	4623	0.0000000000
354	FT911-13-4610	4624	0.0000000000
354	FT911-13-4611	4625	0.0000000000
354	FT911-13-4612	4626	0.0000000000
354	FT911-13-4613	4627	0.0000000000
354	FT911-13-4614	4628	0.0000000000
354	FT911-13-4615	4629	0.0000000000
354	FT911-13-4616	4630	0.0000000000
354	FT911-13-4617	4631	0.0000000000
354	FT911-13-4618	4632	0.0000000000
354	FT911-13-4619	4633	0.0000000000
354	FT911-13-4620	4634	0.0000000000
354	FT911-13-4621	4635	0.0000000000
354	FT911-13-4622	4636	0.0000000000
354	FT911-13-4623	4637	0.0000000000
354	FT911-13-4624	4638	0.0000000000
354	FT911-13-4625	4639	0.0000000000
354	FT911-13-4626	4640	0.0000000000
354	FT911-13-4627	4641	0.0000000000
354	FT911-13-4628	4642	0.0000000000
354	FT911-13-4629	4643	0.0000000000
354	FT911-13-4630	4644	0.0000000000
354	FT911-13-4631	4645	0.0000000000
354	FT911-13-4632	4646	0.0000000000
354	FT911-13-4633	4647	0.0000000000
354	FT911-13-4634	4648	0.0000000000
354	FT911-13-4635	4649	0.0000000000
354	FT911-13-4636	4650	0.0000000000
354	FT911-13-4637	4651	0.0000000000
354	FT911-13-4640	4652	0.0000000000
354	FT911-13-4641	4653	0.0000000000
354	FT911-13-4642	4654	0.0000000000
354	FT911-13-4643	4655	0.0000000000
354	FT911-13-4644	4656	0.0000000000
354	FT911-13-4645	4657	0.0000000000
354	FT911-13-4646	4658	0.0000000000
354	FT911-13-4647	4659	0.0000000000
354	FT911-13-4648	4660	0.0000000000
354	FT911-13-4649	4661	0.0000000000
354	FT911-13-4650	4662	0.0000000000
354	FT911-13-4651	4663	0.0000000000
354	FT911-13-4652	4664	0.0000000000
354	FT911-13-4653	4665	0.0000000000
354	FT911-13-4654	4666	0.0000000000
354	FT911-13-4655	4667	0.0000000000
354	FT911-13-4656	4668	0.0000000000
354	FT911-13-4657	4669	0.0000000000
354	FT911-13-4658	4670	0.0000000000
354	FT911-13-4659	4671	0.0000000000
354	FT911-13-4660	4672	0.0000000000
354	FT911-13-4661	4673	0.0000000000
354	FT911-13-4662	4674	0.0000000000
354	FT911-13-4663	4675	0.0000000000
354	FT911-13-4664	4676	0.0000000000
354	FT911-13-4665	4677	0.0000000000
354	FT911-13-4666	4678	0.0000000000
354	FT911-13-4667	4679	0.0000000000
354	FT911-13-4668	4680	0.0000000000
354	FT911-13-4669	4681	0.0000000000
354	FT911-13-4670	4682	0.0000000000
354	FT911-13-4671	4683	0.0000000000
354	FT911-13-4672	4684	0.0000000000
354	FT911-13-4673	4685	0.0000000000
354	FT911-13-4674	4686	0.0000000000
354	FT911-13-4675	4687	0.0000000000
354	FT911-13-4676	4688	0.0000000000
354	FT911-13-4678	4689	0.0000000000
354	FT911-13-4679	4690	0.0000000000
354	FT911-13-4680	4691	0.0000000000
354	FT911-13-4681	4692	0.0000000000
354	FT911-13-4682	4693	0.0000000000
354	FT911-13-4683	4694	0.0000000000
354	FT911-13-4684	4695	0.0000000000
354	FT911-13-4685	4696	0.0000000000
354	FT911-13-4686	4697	0.0000000000
354	FT911-13-4687	4698	0.0000000000
354	FT911-13-4688	4699	0.0000000000
354	FT911-13-4689	4700	0.0000000000
354	FT911-13-4690	4701	0.0000000000
354	FT911-13-4691	4702	0.0000000000
354	FT911-13-4692	4703	0.0000000000
354	FT911-13-4693	4704	0.0000000000
354	FT911-13-4694	4705	0.0000000000
354	FT911-13-4695	4706	0.0000000000
354	FT911-13-4696	4707	0.0000000000
354	FT911-13-4697	4708	0.0000000000
354	FT911-13-4699	4709	0.0000000000
354	FT911-13-4700	4710	0.0000000000
354	FT911-13-4701	4711	0.0000000000
354	FT911-13-4702	4712	0.0000000000
354	FT911-13-4703	4713	0.0000000000
354	FT911-13-4704	4714	0.0000000000
354	FT911-13-4705	4715	0.0000000000
354	FT911-13-4706	4716	0.0000000000
354	FT911-13-4707	4717	0.0000000000
354	FT911-13-4708	4718	0.0000000000
354	FT911-13-4709	4719	0.0000000000
354	FT911-13-4710	4720	0.0000000000
354	FT911-13-4711	4721	0.0000000000
354	FT911-13-4712	4722	0.0000000000
354	FT911-13-4713	4723	0.0000000000
354	FT911-13-4714	4724	0.0000000000
354	FT911-13-4715	4725	0.0000000000
354	FT911-13-4716	4726	0.0000000000
354	FT911-13-4717	4727	0.0000000000
354	FT911-13-4718	4728	0.0000000000
354	FT911-13-4719	4729	0.0000000000
354	FT911-13-4720	4730	0.0000000000
354	FT911-13-4721	4731	0.0000000000
354	FT911-13-4722	4732	0.0000000000
354	FT911-13-4723	4733	0.0000000000
354	FT911-13-4724	4734	0.0000000000
354	FT911-13-4725	4735	0.0000000000
354	FT911-13-4726	4736	0.0000000000
354	FT911-13-4727	4737	0.0000000000
354	FT911-13-4728	4738	0.0000000000
354	FT911-13-4729	4739	0.0000000000
354	FT911-13-4730	4740	0.0000000000
354	FT911-13-4731	4741	0.0000000000
354	FT911-13-4732	4742	0.0000000000
354	FT911-13-4733	4743	0.0000000000
354	FT911-13-4734	4744	0.0000000000
354	FT911-13-4735	4745	0.0000000000
354	FT911-13-4736	4746	0.0000000000
354	FT911-13-4737	4747	0.0000000000
354	FT911-13-4738	4748	0.0000000000
354	FT911-13-4739	4749	0.0000000000
354	FT911-13-4740	4750	0.0000000000
354	FT911-13-4741	4751	0.0000000000
354	FT911-13-4742	4752	0.0000000000
354	FT911-13-4743	4753	0.0000000000
354	FT911-13-4744	4754	0.0000000000
354	FT911-13-4745	4755	0.0000000000
354	FT911-13-4746	4756	0.0000000000
354	FT911-13-4747	4757	0.0000000000
354	FT911-13-4748	4758	0.0000000000
354	FT911-14-4749	4759	0.0000000000
354	FT911-14-4750	4760	0.0000000000
354	FT911-14-4751	4761	0.0000000000
354	FT911-14-4752	4762	0.0000000000
354	FT911-14-4753	4763	0.0000000000
354	FT911-14-4754	4764	0.0000000000
354	FT911-14-4755	4765	0.0000000000
354	FT911-14-4756	4766	0.0000000000
354	FT911-14-4757	4767	0.0000000000
354	FT911-14-4758	4768	0.0000000000
354	FT911-14-4759	4769	0.0000000000
354	FT911-14-4760	4770	0.0000000000
354	FT911-14-4761	4771	0.0000000000
354	FT911-14-4762	4772	0.0000000000
354	FT911-14-4763	4773	0.0000000000
354	FT911-14-4764	4774	0.0000000000
354	FT911-14-4765	4775	0.0000000000
354	FT911-14-4766	4776	0.0000000000
354	FT911-14-4767	4777	0.0000000000
354	FT911-14-4768	4778	0.0000000000
354	FT911-14-4769	4779	0.0000000000
354	FT911-14-4770	4780	0.0000000000
354	FT911-14-4771	4781	0.0000000000
354	FT911-14-4772	4782	0.0000000000
354	FT911-14-4773	4783	0.0000000000
354	FT911-14-4774	4784	0.0000000000
354	FT911-14-4775	4785	0.0000000000
354	FT911-14-4776	4786	0.0000000000
354	FT911-14-4777	4787	0.0000000000
354	FT911-14-4778	4788	0.0000000000
354	FT911-14-4779	4789	0.0000000000
354	FT911-14-4780	4790	0.0000000000
354	FT911-14-4781	4791	0.0000000000
354	FT911-14-4782	4792	0.0000000000
354	FT911-14-4783	4793	0.0000000000
354	FT911-14-4784	4794	0.0000000000
354	FT911-14-4785	4795	0.0000000000
354	FT911-14-4786	4796	0.0000000000
354	FT911-14-4787	4797	0.0000000000
354	FT911-14-4788	4798	0.0000000000
354	FT911-14-4789	4799	0.0000000000
354	FT911-14-4790	4800	0.0000000000
354	FT911-14-4791	4801	0.0000000000
354	FT911-14-4792	4802	0.0000000000
354	FT911-14-4793	4803	0.0000000000
354	FT911-14-4794	4804	0.0000000000
354	FT911-14-4795	4805	0.0000000000
354	FT911-14-4796	4806	0.0000000000
354	FT911-14-4797	4807	0.0000000000
354	FT911-14-4798	4808	0.0000000000
354	FT911-14-4799	4809	0.0000000000
354	FT911-14-4800	4810	0.0000000000
354	FT911-14-4801	4811	0.0000000000
354	FT911-14-4802	4812	0.0000000000
354	FT911-14-4803	4813	0.0000000000
354	FT911-14-4804	4814	0.0000000000
354	FT911-14-4805	4815	0.0000000000
354	FT911-14-4806	4816	0.0000000000
354	FT911-14-4807	4817	0.0000000000
354	FT911-14-4808	4818	0.0000000000
354	FT911-14-4809	4819	0.0000000000
354	FT911-14-4810	4820	0.0000000000
354	FT911-14-4811	4821	0.0000000000
354	FT911-14-4812	4822	0.0000000000
354	FT911-14-4813	4823	0.0000000000
354	FT911-14-4814	4824	0.0000000000
354	FT911-14-4815	4825	0.0000000000
354	FT911-14-4816	4826	0.0000000000
354	FT911-14-4817	4827	0.0000000000
354	FT911-14-4818	4828	0.0000000000
354	FT911-14-4819	4829	0.0000000000
354	FT911-14-4820	4830	0.0000000000
354	FT911-14-4821	4831	0.0000000000
354	FT911-14-4822	4832	0.0000000000
354	FT911-14-4823	4833	0.0000000000
354	FT911-14-4824	4834	0.0000000000
354	FT911-14-4825	4835	0.0000000000
354	FT911-14-4826	4836	0.0000000000
354	FT911-14-4827	4837	0.0000000000
354	FT911-14-4828	4838	0.0000000000
354	FT911-14-4829	4839	0.0000000000
354	FT911-14-4830	4840	0.0000000000
354	FT911-14-4831	4841	0.0000000000
354	FT911-14-4832	4842	0.0000000000
354	FT911-14-4833	4843	0.0000000000
354	FT911-14-4834	4844	0.0000000000
354	FT911-14-4835	4845	0.0000000000
354	FT911-14-4836	4846	0.0000000000
354	FT911-14-4837	4847	0.0000000000
354	FT911-14-4838	4848	0.0000000000
354	FT911-14-4839	4849	0.0000000000
354	FT911-14-4840	4850	0.0000000000
354	FT911-14-4841	4851	0.0000000000
354	FT911-14-4842	4852	0.0000000000
354	FT911-14-4843	4853	0.0000000000
354	FT911-14-4844	4854	0.0000000000
354	FT911-14-4845	4855	0.0000000000
354	FT911-14-4846	4856	0.0000000000
354	FT911-14-4847	4857	0.0000000000
354	FT911-14-4848	4858	0.0000000000
354	FT911-14-4849	4859	0.0000000000
354	FT911-14-4850	4860	0.0000000000
354	FT911-14-4851	4861	0.0000000000
354	FT911-14-4852	4862	0.0000000000
354	FT911-14-4853	4863	0.0000000000
354	FT911-14-4854	4864	0.0000000000
354	FT911-14-4855	4865	0.0000000000
354	FT911-14-4856	4866	0.0000000000
354	FT911-14-4857	4867	0.0000000000
354	FT911-14-4858	4868	0.0000000000
354	FT911-14-4859	4869	0.0000000000
354	FT911-14-4860	4870	0.0000000000
354	FT911-14-4861	4871	0.0000000000
354	FT911-14-4862	4872	0.0000000000
354	FT911-14-4863	4873	0.0000000000
354	FT911-14-4864	4874	0.0000000000
354	FT911-14-4865	4875	0.0000000000
354	FT911-14-4866	4876	0.0000000000
354	FT911-14-4867	4877	0.0000000000
354	FT911-14-4868	4878	0.0000000000
354	FT911-14-4869	4879	0.0000000000
354	FT911-14-4870	4880	0.0000000000
354	FT911-14-4871	4881	0.0000000000
354	FT911-14-4872	4882	0.0000000000
354	FT911-14-4873	4883	0.0000000000
354	FT911-14-4874	4884	0.0000000000
354	FT911-14-4875	4885	0.0000000000
354	FT911-14-4876	4886	0.0000000000
354	FT911-14-4877	4887	0.0000000000
354	FT911-14-4878	4888	0.0000000000
354	FT911-14-4879	4889	0.0000000000
354	FT911-14-4880	4890	0.0000000000
354	FT911-14-4881	4891	0.0000000000
354	FT911-14-4882	4892	0.0000000000
354	FT911-14-4883	4893	0.0000000000
354	FT911-14-4884	4894	0.0000000000
354	FT911-14-4885	4895	0.0000000000
354	FT911-14-4886	4896	0.0000000000
354	FT911-14-4887	4897	0.0000000000
354	FT911-14-4888	4898	0.0000000000
354	FT911-14-4889	4899	0.0000000000
354	FT911-14-4890	4900	0.0000000000
354	FT911-14-4891	4901	0.0000000000
354	FT911-14-4892	4902	0.0000000000
354	FT911-14-4893	4903	0.0000000000
354	FT911-14-4894	4904	0.0000000000
354	FT911-14-4895	4905	0.0000000000
354	FT911-14-4896	4906	0.0000000000
354	FT911-14-4897	4907	0.0000000000
354	FT911-14-4898	4908	0.0000000000
354	FT911-14-4899	4909	0.0000000000
354	FT911-14-4900	4910	0.0000000000
354	FT911-14-4901	4911	0.0000000000
354	FT911-14-4902	4912	0.0000000000
354	FT911-14-4903	4913	0.0000000000
354	FT911-14-4904	4914	0.0000000000
354	FT911-14-4905	4915	0.0000000000
354	FT911-14-4906	4916	0.0000000000
354	FT911-14-4907	4917	0.0000000000
354	FT911-14-4908	4918	0.0000000000
354	FT911-14-4909	4919	0.0000000000
354	FT911-14-4910	4920	0.0000000000
354	FT911-14-4911	4921	0.0000000000
354	FT911-14-4912	4922	0.0000000000
354	FT911-14-4913	4923	0.0000000000
354	FT911-14-4914	4924	0.0000000000
354	FT911-14-4915	4925	0.0000000000
354	FT911-14-4916	4926	0.0000000000
354	FT911-14-4917	4927	0.0000000000
354	FT911-14-4918	4928	0.0000000000
354	FT911-14-4919	4929	0.0000000000
354	FT911-14-4920	4930	0.0000000000
354	FT911-14-4921	4931	0.0000000000
354	FT911-14-4922	4932	0.0000000000
354	FT911-14-4923	4933	0.0000000000
354	FT911-14-4924	4934	0.0000000000
354	FT911-14-4925	4935	0.0000000000
354	FT911-14-4926	4936	0.0000000000
354	FT911-14-4927	4937	0.0000000000
354	FT911-14-4928	4938	0.0000000000
354	FT911-14-4929	4939	0.0000000000
354	FT911-14-4930	4940	0.0000000000
354	FT911-14-4931	4941	0.0000000000
354	FT911-14-4932	4942	0.0000000000
354	FT911-14-4933	4943	0.0000000000
354	FT911-14-4934	4944	0.0000000000
354	FT911-14-4935	4945	0.0000000000
354	FT911-14-4936	4946	0.0000000000
354	FT911-14-4937	4947	0.0000000000
354	FT911-14-4938	4948	0.0000000000
354	FT911-14-4939	4949	0.0000000000
354	FT911-14-4941	4950	0.0000000000
354	FT911-14-4942	4951	0.0000000000
354	FT911-14-4943	4952	0.0000000000
354	FT911-14-4944	4953	0.0000000000
354	FT911-14-4945	4954	0.0000000000
354	FT911-14-4946	4955	0.0000000000
354	FT911-14-4947	4956	0.0000000000
354	FT911-14-4948	4957	0.0000000000
354	FT911-14-4949	4958	0.0000000000
354	FT911-14-4950	4959	0.0000000000
354	FT911-14-4951	4960	0.0000000000
354	FT911-14-4952	4961	0.0000000000
354	FT911-14-4953	4962	0.0000000000
354	FT911-14-4954	4963	0.0000000000
354	FT911-14-4955	4964	0.0000000000
354	FT911-14-4956	4965	0.0000000000
354	FT911-14-4957	4966	0.0000000000
354	FT911-14-4958	4967	0.0000000000
354	FT911-14-4959	4968	0.0000000000
354	FT911-14-4960	4969	0.0000000000
354	FT911-14-4961	4970	0.0000000000
354	FT911-14-4962	4971	0.0000000000
354	FT911-14-4963	4972	0.0000000000
354	FT911-14-4964	4973	0.0000000000
354	FT911-14-4965	4974	0.0000000000
354	FT911-14-4966	4975	0.0000000000
354	FT911-14-4967	4976	0.0000000000
354	FT911-14-4968	4977	0.0000000000
354	FT911-14-4969	4978	0.0000000000
354	FT911-14-4970	4979	0.0000000000
354	FT911-14-4971	4980	0.0000000000
354	FT911-14-4972	4981	0.0000000000
354	FT911-14-4973	4982	0.0000000000
354	FT911-14-4974	4983	0.0000000000
354	FT911-14-4975	4984	0.0000000000
354	FT911-14-4976	4985	0.0000000000
354	FT911-14-4977	4986	0.0000000000
354	FT911-14-4978	4987	0.0000000000
354	FT911-14-4979	4988	0.0000000000
354	FT911-14-4980	4989	0.0000000000
354	FT911-14-4981	4990	0.0000000000
354	FT911-14-4982	4991	0.0000000000
354	FT911-14-4983	4992	0.0000000000
354	FT911-14-4984	4993	0.0000000000
354	FT911-14-4985	4994	0.0000000000
354	FT911-14-4986	4995	0.0000000000
354	FT911-14-4987	4996	0.0000000000
354	FT911-14-4988	4997	0.0000000000
354	FT911-14-4989	4998	0.0000000000
354	FT911-14-4990	4999	0.0000000000
354	FT911-14-4991	5000	0.0000000000
354	FT911-14-4992	5001	0.0000000000
354	FT911-14-4993	5002	0.0000000000
354	FT911-14-4994	5003	0.0000000000
354	FT911-14-4995	5004	0.0000000000
354	FT911-14-4996	5005	0.0000000000
354	FT911-14-4997	5006	0.0000000000
354	FT911-14-4998	5007	0.0000000000
354	FT911-14-4999	5008	0.0000000000
354	FT911-14-5000	5009	0.0000000000
354	FT911-14-5001	5010	0.0000000000
354	FT911-14-5002	5011	0.0000000000
354	FT911-14-5003	5012	0.0000000000
354	FT911-14-5004	5013	0.0000000000
354	FT911-14-5005	5014	0.0000000000
354	FT911-14-5006	5015	0.0000000000
354	FT911-14-5007	5016	0.0000000000
354	FT911-14-5008	5017	0.0000000000
354	FT911-14-5009	5018	0.0000000000
354	FT911-14-5010	5019	0.0000000000
354	FT911-14-5011	5020	0.0000000000
354	FT911-14-5012	5021	0.0000000000
354	FT911-14-5013	5022	0.0000000000
354	FT911-14-5014	5023	0.0000000000
354	FT911-14-5015	5024	0.0000000000
354	FT911-14-5016	5025	0.0000000000
354	FT911-14-5017	5026	0.0000000000
354	FT911-14-5018	5027	0.0000000000
354	FT911-14-5019	5028	0.0000000000
354	FT911-14-5020	5029	0.0000000000
354	FT911-14-5021	5030	0.0000000000
354	FT911-14-5022	5031	0.0000000000
354	FT911-14-5023	5032	0.0000000000
354	FT911-14-5024	5033	0.0000000000
354	FT911-14-5025	5034	0.0000000000
354	FT911-14-5027	5035	0.0000000000
354	FT911-14-5028	5036	0.0000000000
354	FT911-14-5029	5037	0.0000000000
354	FT911-14-5030	5038	0.0000000000
354	FT911-14-5031	5039	0.0000000000
354	FT911-14-5032	5040	0.0000000000
354	FT911-14-5033	5041	0.0000000000
354	FT911-14-5034	5042	0.0000000000
354	FT911-14-5035	5043	0.0000000000
354	FT911-14-5036	5044	0.0000000000
354	FT911-14-5037	5045	0.0000000000
354	FT911-14-5038	5046	0.0000000000
354	FT911-14-5039	5047	0.0000000000
354	FT911-14-5040	5048	0.0000000000
354	FT911-14-5041	5049	0.0000000000
354	FT911-14-5042	5050	0.0000000000
354	FT911-14-5043	5051	0.0000000000
354	FT911-14-5044	5052	0.0000000000
354	FT911-14-5045	5053	0.0000000000
354	FT911-14-5046	5054	0.0000000000
354	FT911-14-5047	5055	0.0000000000
354	FT911-14-5048	5056	0.0000000000
354	FT911-14-5049	5057	0.0000000000
354	FT911-14-5050	5058	0.0000000000
354	FT911-14-5051	5059	0.0000000000
354	FT911-14-5052	5060	0.0000000000
354	FT911-14-5053	5061	0.0000000000
354	FT911-14-5054	5062	0.0000000000
354	FT911-14-5055	5063	0.0000000000
354	FT911-14-5056	5064	0.0000000000
354	FT911-14-5057	5065	0.0000000000
354	FT911-14-5058	5066	0.0000000000
354	FT911-14-5059	5067	0.0000000000
354	FT911-14-5060	5068	0.0000000000
354	FT911-14-5061	5069	0.0000000000
354	FT911-14-5062	5070	0.0000000000
354	FT911-14-5063	5071	0.0000000000
354	FT911-14-5064	5072	0.0000000000
354	FT911-14-5066	5073	0.0000000000
354	FT911-14-5067	5074	0.0000000000
354	FT911-14-5068	5075	0.0000000000
354	FT911-14-5069	5076	0.0000000000
354	FT911-14-5070	5077	0.0000000000
354	FT911-14-5071	5078	0.0000000000
354	FT911-14-5072	5079	0.0000000000
354	FT911-14-5073	5080	0.0000000000
354	FT911-14-5074	5081	0.0000000000
354	FT911-14-5075	5082	0.0000000000
354	FT911-14-5076	5083	0.0000000000
354	FT911-14-5077	5084	0.0000000000
354	FT911-14-5078	5085	0.0000000000
354	FT911-14-5079	5086	0.0000000000
354	FT911-14-5080	5087	0.0000000000
354	FT911-14-5081	5088	0.0000000000
354	FT911-14-5082	5089	0.0000000000
354	FT911-14-5083	5090	0.0000000000
354	FT911-14-5084	5091	0.0000000000
354	FT911-14-5085	5092	0.0000000000
354	FT911-14-5086	5093	0.0000000000
354	FT911-14-5087	5094	0.0000000000
354	FT911-14-5088	5095	0.0000000000
354	FT911-14-5089	5096	0.0000000000
354	FT911-14-5090	5097	0.0000000000
354	FT911-14-5091	5098	0.0000000000
354	FT911-14-5092	5099	0.0000000000
354	FT911-14-5093	5100	0.0000000000
354	FT911-14-5094	5101	0.0000000000
354	FT911-14-5095	5102	0.0000000000
354	FT911-14-5096	5103	0.0000000000
354	FT911-14-5097	5104	0.0000000000
354	FT911-14-5098	5105	0.0000000000
354	FT911-14-5099	5106	0.0000000000
354	FT911-14-5100	5107	0.0000000000
354	FT911-14-5101	5108	0.0000000000
354	FT911-14-5102	5109	0.0000000000
354	FT911-14-5103	5110	0.0000000000
354	FT911-14-5104	5111	0.0000000000
354	FT911-14-5105	5112	0.0000000000
354	FT911-14-5106	5113	0.0000000000
354	FT911-14-5108	5114	0.0000000000
354	FT911-14-5109	5115	0.0000000000
354	FT911-14-5110	5116	0.0000000000
354	FT911-14-5111	5117	0.0000000000
354	FT911-14-5112	5118	0.0000000000
354	FT911-14-5113	5119	0.0000000000
354	FT911-14-5114	5120	0.0000000000
354	FT911-14-5115	5121	0.0000000000
354	FT911-14-5116	5122	0.0000000000
354	FT911-14-5117	5123	0.0000000000
354	FT911-14-5119	5124	0.0000000000
354	FT911-14-5120	5125	0.0000000000
354	FT911-14-5121	5126	0.0000000000
354	FT911-14-5122	5127	0.0000000000
354	FT911-14-5123	5128	0.0000000000
354	FT911-14-5125	5129	0.0000000000
354	FT911-14-5126	5130	0.0000000000
354	FT911-14-5127	5131	0.0000000000
354	FT911-14-5128	5132	0.0000000000
354	FT911-15-5129	5133	0.0000000000
354	FT911-15-5130	5134	0.0000000000
354	FT911-15-5131	5135	0.0000000000
354	FT911-15-5132	5136	0.0000000000
354	FT911-15-5133	5137	0.0000000000
354	FT911-15-5134	5138	0.0000000000
354	FT911-15-5135	5139	0.0000000000
354	FT911-15-5136	5140	0.0000000000
354	FT911-15-5137	5141	0.0000000000
354	FT911-15-5138	5142	0.0000000000
354	FT911-15-5139	5143	0.0000000000
354	FT911-15-5140	5144	0.0000000000
354	FT911-15-5141	5145	0.0000000000
354	FT911-15-5142	5146	0.0000000000
354	FT911-15-5143	5147	0.0000000000
354	FT911-15-5144	5148	0.0000000000
354	FT911-15-5145	5149	0.0000000000
354	FT911-15-5146	5150	0.0000000000
354	FT911-15-5147	5151	0.0000000000
354	FT911-15-5149	5152	0.0000000000
354	FT911-15-5151	5153	0.0000000000
354	FT911-15-5152	5154	0.0000000000
354	FT911-15-5153	5155	0.0000000000
354	FT911-15-5154	5156	0.0000000000
354	FT911-15-5155	5157	0.0000000000
354	FT911-15-5156	5158	0.0000000000
354	FT911-15-5157	5159	0.0000000000
354	FT911-15-5158	5160	0.0000000000
354	FT911-15-5159	5161	0.0000000000
354	FT911-15-5160	5162	0.0000000000
354	FT911-15-5161	5163	0.0000000000
354	FT911-15-5162	5164	0.0000000000
354	FT911-15-5163	5165	0.0000000000
354	FT911-15-5164	5166	0.0000000000
354	FT911-15-5165	5167	0.0000000000
354	FT911-15-5166	5168	0.0000000000
354	FT911-15-5167	5169	0.0000000000
354	FT911-15-5168	5170	0.0000000000
354	FT911-15-5169	5171	0.0000000000
354	FT911-15-5170	5172	0.0000000000
354	FT911-15-5171	5173	0.0000000000
354	FT911-15-5172	5174	0.0000000000
354	FT911-15-5173	5175	0.0000000000
354	FT911-15-5174	5176	0.0000000000
354	FT911-15-5175	5177	0.0000000000
354	FT911-15-5176	5178	0.0000000000
354	FT911-15-5177	5179	0.0000000000
354	FT911-15-5178	5180	0.0000000000
354	FT911-15-5179	5181	0.0000000000
354	FT911-15-5180	5182	0.0000000000
354	FT911-15-5181	5183	0.0000000000
354	FT911-15-5182	5184	0.0000000000
354	FT911-15-5183	5185	0.0000000000
354	FT911-15-5184	5186	0.0000000000
354	FT911-15-5185	5187	0.0000000000
354	FT911-15-5186	5188	0.0000000000
354	FT911-15-5188	5189	0.0000000000
354	FT911-15-5189	5190	0.0000000000
354	FT911-15-5190	5191	0.0000000000
354	FT911-15-5191	5192	0.0000000000
354	FT911-15-5192	5193	0.0000000000
354	FT911-15-5193	5194	0.0000000000
354	FT911-15-5194	5195	0.0000000000
354	FT911-15-5195	5196	0.0000000000
354	FT911-15-5196	5197	0.0000000000
354	FT911-15-5197	5198	0.0000000000
354	FT911-15-5198	5199	0.0000000000
354	FT911-15-5199	5200	0.0000000000
354	FT911-15-5200	5201	0.0000000000
354	FT911-15-5201	5202	0.0000000000
354	FT911-15-5202	5203	0.0000000000
354	FT911-15-5203	5204	0.0000000000
354	FT911-15-5204	5205	0.0000000000
354	FT911-15-5205	5206	0.0000000000
354	FT911-15-5206	5207	0.0000000000
354	FT911-15-5207	5208	0.0000000000
354	FT911-15-5208	5209	0.0000000000
354	FT911-15-5209	5210	0.0000000000
354	FT911-15-5210	5211	0.0000000000
354	FT911-15-5211	5212	0.0000000000
354	FT911-15-5212	5213	0.0000000000
354	FT911-15-5213	5214	0.0000000000
354	FT911-15-5214	5215	0.0000000000
354	FT911-15-5215	5216	0.0000000000
354	FT911-15-5216	5217	0.0000000000
354	FT911-15-5217	5218	0.0000000000
354	FT911-15-5218	5219	0.0000000000
354	FT911-15-5219	5220	0.0000000000
354	FT911-15-5220	5221	0.0000000000
354	FT911-15-5221	5222	0.0000000000
354	FT911-15-5222	5223	0.0000000000
354	FT911-15-5223	5224	0.0000000000
354	FT911-15-5224	5225	0.0000000000
354	FT911-15-5225	5226	0.0000000000
354	FT911-15-5226	5227	0.0000000000
354	FT911-15-5227	5228	0.0000000000
354	FT911-15-5228	5229	0.0000000000
354	FT911-15-5229	5230	0.0000000000
354	FT911-15-5230	5231	0.0000000000
354	FT911-15-5231	5232	0.0000000000
354	FT911-15-5232	5233	0.0000000000
354	FT911-15-5233	5234	0.0000000000
354	FT911-15-5234	5235	0.0000000000
354	FT911-15-5235	5236	0.0000000000
354	FT911-15-5236	5237	0.0000000000
354	FT911-15-5237	5238	0.0000000000
354	FT911-15-5238	5239	0.0000000000
354	FT911-15-5239	5240	0.0000000000
354	FT911-15-5240	5241	0.0000000000
354	FT911-15-5241	5242	0.0000000000
354	FT911-15-5242	5243	0.0000000000
354	FT911-15-5243	5244	0.0000000000
354	FT911-15-5244	5245	0.0000000000
354	FT911-15-5245	5246	0.0000000000
354	FT911-15-5246	5247	0.0000000000
354	FT911-15-5247	5248	0.0000000000
354	FT911-15-5248	5249	0.0000000000
354	FT911-15-5249	5250	0.0000000000
354	FT911-15-5250	5251	0.0000000000
354	FT911-15-5251	5252	0.0000000000
354	FT911-15-5252	5253	0.0000000000
354	FT911-15-5253	5254	0.0000000000
354	FT911-15-5254	5255	0.0000000000
354	FT911-15-5255	5256	0.0000000000
354	FT911-15-5256	5257	0.0000000000
354	FT911-15-5257	5258	0.0000000000
354	FT911-15-5259	5259	0.0000000000
354	FT911-15-5260	5260	0.0000000000
354	FT911-15-5261	5261	0.0000000000
354	FT911-15-5262	5262	0.0000000000
354	FT911-15-5263	5263	0.0000000000
354	FT911-15-5264	5264	0.0000000000
354	FT911-15-5265	5265	0.0000000000
354	FT911-15-5266	5266	0.0000000000
354	FT911-15-5267	5267	0.0000000000
354	FT911-15-5268	5268	0.0000000000
354	FT911-15-5269	5269	0.0000000000
354	FT911-15-5270	5270	0.0000000000
354	FT911-15-5271	5271	0.0000000000
354	FT911-15-5272	5272	0.0000000000
354	FT911-15-5273	5273	0.0000000000
354	FT911-15-5274	5274	0.0000000000
354	FT911-15-5275	5275	0.0000000000
354	FT911-15-5276	5276	0.0000000000
354	FT911-15-5277	5277	0.0000000000
354	FT911-15-5278	5278	0.0000000000
354	FT911-15-5279	5279	0.0000000000
354	FT911-15-5280	5280	0.0000000000
354	FT911-15-5281	5281	0.0000000000
354	FT911-15-5282	5282	0.0000000000
354	FT911-15-5283	5283	0.0000000000
354	FT911-15-5284	5284	0.0000000000
354	FT911-15-5285	5285	0.0000000000
354	FT911-15-5286	5286	0.0000000000
354	FT911-15-5287	5287	0.0000000000
354	FT911-15-5288	5288	0.0000000000
354	FT911-15-5289	5289	0.0000000000
354	FT911-15-5290	5290	0.0000000000
354	FT911-15-5291	5291	0.0000000000
354	FT911-15-5292	5292	0.0000000000
354	FT911-15-5293	5293	0.0000000000
354	FT911-15-5294	5294	0.0000000000
354	FT911-15-5295	5295	0.0000000000
354	FT911-15-5296	5296	0.0000000000
354	FT911-15-5297	5297	0.0000000000
354	FT911-15-5298	5298	0.0000000000
354	FT911-15-5299	5299	0.0000000000
354	FT911-15-5300	5300	0.0000000000
354	FT911-15-5301	5301	0.0000000000
354	FT911-15-5302	5302	0.0000000000
354	FT911-15-5303	5303	0.0000000000
354	FT911-15-5304	5304	0.0000000000
354	FT911-15-5305	5305	0.0000000000
354	FT911-15-5306	5306	0.0000000000
354	FT911-15-5307	5307	0.0000000000
354	FT911-15-5308	5308	0.0000000000
354	FT911-15-5309	5309	0.0000000000
354	FT911-15-5310	5310	0.0000000000
354	FT911-15-5311	5311	0.0000000000
354	FT911-15-5312	5312	0.0000000000
354	FT911-15-5313	5313	0.0000000000
354	FT911-15-5314	5314	0.0000000000
354	FT911-15-5315	5315	0.0000000000
354	FT911-15-5316	5316	0.0000000000
354	FT911-15-5317	5317	0.0000000000
354	FT911-15-5318	5318	0.0000000000
354	FT911-15-5319	5319	0.0000000000
354	FT911-15-5320	5320	0.0000000000
354	FT911-15-5321	5321	0.0000000000
354	FT911-15-5322	5322	0.0000000000
354	FT911-15-5323	5323	0.0000000000
354	FT911-15-5324	5324	0.0000000000
354	FT911-15-5325	5325	0.0000000000
354	FT911-15-5326	5326	0.0000000000
354	FT911-15-5327	5327	0.0000000000
354	FT911-15-5328	5328	0.0000000000
354	FT911-15-5329	5329	0.0000000000
354	FT911-15-5330	5330	0.0000000000
354	FT911-15-5331	5331	0.0000000000
354	FT911-15-5332	5332	0.0000000000
354	FT911-15-5333	5333	0.0000000000
354	FT911-15-5334	5334	0.0000000000
354	FT911-15-5335	5335	0.0000000000
354	FT911-15-5336	5336	0.0000000000
354	FT911-15-5337	5337	0.0000000000
354	FT911-15-5338	5338	0.0000000000
354	FT911-15-5339	5339	0.0000000000
354	FT911-15-5340	5340	0.0000000000
354	FT911-15-5341	5341	0.0000000000
354	FT911-15-5342	5342	0.0000000000
354	FT911-15-5343	5343	0.0000000000
354	FT911-15-5344	5344	0.0000000000
354	FT911-15-5345	5345	0.0000000000
354	FT911-15-5346	5346	0.0000000000
354	FT911-15-5347	5347	0.0000000000
354	FT911-15-5348	5348	0.0000000000
354	FT911-15-5349	5349	0.0000000000
354	FT911-15-5350	5350	0.0000000000
354	FT911-15-5351	5351	0.0000000000
354	FT911-15-5352	5352	0.0000000000
354	FT911-15-5353	5353	0.0000000000
354	FT911-15-5354	5354	0.0000000000
354	FT911-15-5355	5355	0.0000000000
354	FT911-15-5356	5356	0.0000000000
354	FT911-15-5357	5357	0.0000000000
354	FT911-15-5358	5358	0.0000000000
354	FT911-15-5359	5359	0.0000000000
354	FT911-15-5360	5360	0.0000000000
354	FT911-15-5361	5361	0.0000000000
354	FT911-15-5362	5362	0.0000000000
354	FT911-15-5363	5363	0.0000000000
354	FT911-15-5364	5364	0.0000000000
354	FT911-15-5365	5365	0.0000000000
354	FT911-15-5366	5366	0.0000000000
354	FT911-15-5367	5367	0.0000000000
354	FT911-15-5368	5368	0.0000000000
359	FT911-6-1846	1	0.1876488043
359	FT911-14-5015	2	0.1645147981
359	FT911-3-1085	3	0.1443742011
359	FT911-5-1711	4	0.1423344124
359	FT911-12-4216	5	0.1422400179
359	FT911-13-4446	6	0.1410145123
359	FT911-12-4182	7	0.1394027352
359	FT911-14-5038	8	0.1359703662
359	FT911-9-2966	9	0.1308007703
359	FT911-12-4089	10	0.1296261801
359	FT911-6-1958	11	0.1263156628
359	FT911-14-5075	12	0.1256819874
359	FT911-8-2629	13	0.1231645894
359	FT911-14-4980	14	0.1228281400
359	FT911-11-3749	15	0.1191327762
359	FT911-2-536	16	0.1172713661
359	FT911-5-1684	17	0.1118583669
359	FT911-15-5327	18	0.1071424748
359	FT911-13-4394	19	0.1051625028
359	FT911-1-224	20	0.1029337610
359	FT911-4-1400	21	0.1025431290
359	FT911-7-2310	22	0.1014869237
359	FT911-6-2012	23	0.1014608671
359	FT911-10-3379	24	0.1001446075
359	FT911-14-4881	25	0.0997242128
359	FT911-7-2401	26	0.0974049947
359	FT911-1-82	27	0.0948293652
359	FT911-3-1039	28	0.0904730799
359	FT911-15-5248	29	0.0892274696
359	FT911-5-1677	30	0.0888945483
359	FT911-11-3738	31	0.0843734064
359	FT911-1-174	32	0.0843650643
359	FT911-14-4759	33	0.0832284210
359	FT911-1-84	34	0.0766363027
359	FT911-5-1682	35	0.0762845401
359	FT911-6-1921	36	0.0749292045
359	FT911-13-4443	37	0.0742565790
359	FT911-6-2049	38	0.0731442566
359	FT911-5-1499	39	0.0728196532
359	FT911-11-3940	40	0.0715231080
359	FT911-10-3386	41	0.0714640986
359	FT911-6-2068	42	0.0712741930
359	FT911-15-5158	43	0.0709599139
359	FT911-2-569	44	0.0692160213
359	FT911-4-1277	45	0.0684059911
359	FT911-13-4473	46	0.0677755477
359	FT911-4-1361	47	0.0675987176
359	FT911-11-3721	48	0.0674060000
359	FT911-11-3959	49	0.0661024629
359	FT911-6-1981	50	0.0628022456
359	FT911-15-5312	51	0.0622405531
359	FT911-3-967	52	0.0608551624
359	FT911-10-3470	53	0.0591127706
359	FT911-10-3643	54	0.0589729613
359	FT911-14-4866	55	0.0587459289
359	FT911-2-509	56	0.0580904991
359	FT911-11-3728	57	0.0578284911
359	FT911-10-3557	58	0.0562373181
359	FT911-6-1912	59	0.0558365133
359	FT911-9-3291	60	0.0550291154
359	FT911-13-4576	61	0.0549075408
359	FT911-11-3853	62	0.0538248318
359	FT911-13-4638	63	0.0533739020
359	FT911-4-1319	64	0.0525741824
359	FT911-1-323	65	0.0523075647
359	FT911-13-4734	66	0.0520102056
359	FT911-2-432	67	0.0513070563
359	FT911-12-4049	68	0.0511102262
359	FT911-5-1506	69	0.0499629917
359	FT911-2-470	70	0.0490566187
359	FT911-12-4188	71	0.0476256451
359	FT911-9-2997	72	0.0456724086
359	FT911-6-2124	73	0.0436317958
359	FT911-12-4223	74	0.0427638195
359	FT911-14-5054	75	0.0421422083
359	FT911-7-2535	76	0.0415315377
359	FT911-13-4578	77	0.0410839610
359	FT911-2-575	78	0.0408821355
359	FT911-5-1540	79	0.0404612009
359	FT911-15-5162	80	0.0398391127
359	FT911-5-1628	81	0.0391544244
359	FT911-8-2794	82	0.0386089900
359	FT911-15-5161	83	0.0383965569
359	FT911-1-56	84	0.0381986401
359	FT911-7-2384	85	0.0375884500
359	FT911-13-4452	86	0.0375151627
359	FT911-5-1640	87	0.0373184429
359	FT911-12-4149	88	0.0353430376
359	FT911-13-4458	89	0.0350846975
359	FT911-1-296	90	0.0349843366
359	FT911-5-1570	91	0.0347918749
359	FT911-9-3213	92	0.0344035448
359	FT911-5-1759	93	0.0343401490
359	FT911-15-5360	94	0.0334953479
359	FT911-7-2254	95	0.0332327056
359	FT911-5-1659	96	0.0328710330
359	FT911-5-1518	97	0.0324374704
359	FT911-10-3454	98	0.0321587602
359	FT911-8-2694	99	0.0316366673
359	FT911-10-3556	100	0.0313420599
359	FT911-1-269	101	0.0307826042
359	FT911-5-1615	102	0.0306547161
359	FT911-10-3437	103	0.0303812827
359	FT911-6-2203	104	0.0301937685
359	FT911-2-523	105	0.0300802449
359	FT911-14-4829	106	0.0299300937
359	FT911-14-4754	107	0.0299251847
359	FT911-10-3693	108	0.0298980160
359	FT911-4-1221	109	0.0298610545
359	FT911-7-2383	110	0.0298610545
359	FT911-9-3277	111	0.0298610545
359	FT911-14-5099	112	0.0298610545
359	FT911-9-2950	113	0.0298422901
359	FT911-1-8	114	0.0298157229
359	FT911-1-237	115	0.0297665060
359	FT911-2-499	116	0.0297665060
359	FT911-3-827	117	0.0297665060
359	FT911-4-1405	118	0.0297665060
359	FT911-5-1671	119	0.0297665060
359	FT911-6-1891	120	0.0297665060
359	FT911-6-2143	121	0.0297665060
359	FT911-11-3918	122	0.0297665060
359	FT911-12-4221	123	0.0297665060
359	FT911-12-4289	124	0.0297665060
359	FT911-14-4777	125	0.0297665060
359	FT911-14-4993	126	0.0297665060
359	FT911-15-5321	127	0.0297665060
359	FT911-14-4958	128	0.0297449514
359	FT911-13-4627	129	0.0295326514
359	FT911-1-176	130	0.0295146823
359	FT911-15-5277	131	0.0293075656
359	FT911-13-4742	132	0.0292765269
359	FT911-2-702	133	0.0291699378
359	FT911-3-883	134	0.0288868626
359	FT911-7-2542	135	0.0287711144
359	FT911-10-3385	136	0.0286615153
359	FT911-5-1797	137	0.0281021793
359	FT911-6-2114	138	0.0281011111
359	FT911-9-3317	139	0.0280216973
359	FT911-14-4955	140	0.0279818829
359	FT911-11-3967	141	0.0279197201
359	FT911-4-1474	142	0.0275929669
359	FT911-10-3611	143	0.0274297576
359	FT911-14-5016	144	0.0273640173
359	FT911-2-404	145	0.0272896295
359	FT911-5-1791	146	0.0272237915
359	FT911-13-4743	147	0.0272201574
359	FT911-7-2599	148	0.0272039194
359	FT911-11-3706	149	0.0271758053
359	FT911-8-2669	150	0.0271499762
359	FT911-2-695	151	0.0269516609
359	FT911-13-4409	152	0.0266489420
359	FT911-12-4024	153	0.0266191029
359	FT911-14-4764	154	0.0266119131
359	FT911-7-2296	155	0.0265699733
359	FT911-2-393	156	0.0264790129
359	FT911-4-1464	157	0.0264610145
359	FT911-2-561	158	0.0264298120
359	FT911-15-5178	159	0.0263620990
359	FT911-13-4679	160	0.0263094059
359	FT911-5-1583	161	0.0262798862
359	FT911-10-3665	162	0.0262423785
359	FT911-12-4197	163	0.0260984021
359	FT911-4-1274	164	0.0260747907
359	FT911-3-796	165	0.0260499556
359	FT911-14-5083	166	0.0259512562
359	FT911-12-4169	167	0.0259447572
359	FT911-10-3675	168	0.0259275541
359	FT911-8-2931	169	0.0258982741
359	FT911-12-4247	170	0.0257364674
359	FT911-9-3058	171	0.0257075154
359	FT911-12-4269	172	0.0256605176
359	FT911-5-1815	173	0.0256419488
359	FT911-2-391	174	0.0256319695
359	FT911-5-1731	175	0.0256287035
359	FT911-12-4215	176	0.0256205867
359	FT911-5-1482	177	0.0255788502
359	FT911-12-4344	178	0.0255600928
359	FT911-7-2514	179	0.0253170451
359	FT911-3-762	180	0.0251374798
359	FT911-12-4017	181	0.0250740283
359	FT911-12-4042	182	0.0250711212
359	FT911-14-4914	183	0.0250663792
359	FT911-4-1292	184	0.0249994453
359	FT911-2-669	185	0.0249785202
359	FT911-11-3954	186	0.0249535906
359	FT911-15-5334	187	0.0249524392
359	FT911-7-2238	188	0.0249460758
359	FT911-7-2581	189	0.0249283035
359	FT911-9-3059	190	0.0249181120
359	FT911-1-229	191	0.0248721477
359	FT911-8-2757	192	0.0248541877
359	FT911-1-58	193	0.0247113313
359	FT911-1-98	194	0.0245580563
359	FT911-5-1717	195	0.0243701862
359	FT911-10-3567	196	0.0243575332
359	FT911-1-1	197	0.0242789489
359	FT911-9-2984	198	0.0242755184
359	FT911-10-3491	199	0.0241206023
359	FT911-14-5082	200	0.0240839942
359	FT911-5-1621	201	0.0239784018
359	FT911-12-4343	202	0.0239707221
359	FT911-14-4822	203	0.0239336689
359	FT911-2-641	204	0.0238340649
359	FT911-2-591	205	0.0238281062
359	FT911-6-1974	206	0.0237646228
359	FT911-14-5012	207	0.0236525559
359	FT911-2-697	208	0.0236497569
359	FT911-8-2680	209	0.0235026992
359	FT911-6-2199	210	0.0234667889
359	FT911-3-1032	211	0.0234171612
359	FT911-8-2654	212	0.0234127010
359	FT911-13-4548	213	0.0233996087
359	FT911-15-5181	214	0.0233658968
359	FT911-4-1184	215	0.0233490503
359	FT911-14-5004	216	0.0233462636
359	FT911-9-3236	217	0.0232445874
359	FT911-12-4251	218	0.0232077842
359	FT911-15-5332	219	0.0231926265
359	FT911-14-4962	220	0.0231319720
359	FT911-15-5343	221	0.0230884207
359	FT911-7-2586	222	0.0230356807
359	FT911-6-1859	223	0.0229910092
359	FT911-9-2970	224	0.0229654150
359	FT911-7-2547	225	0.0229638195
359	FT911-5-1584	226	0.0229437685
359	FT911-9-2989	227	0.0229009181
359	FT911-10-3690	228	0.0228781359
359	FT911-11-3983	229	0.0228769140
359	FT911-10-3341	230	0.0228738722
359	FT911-10-3368	231	0.0228284651
359	FT911-11-3755	232	0.0228127203
359	FT911-11-3772	233	0.0227851949
359	FT911-1-201	234	0.0227824672
359	FT911-5-1712	235	0.0227520633
359	FT911-13-4429	236	0.0227496429
359	FT911-10-3449	237	0.0227454735
359	FT911-13-4610	238	0.0227310051
359	FT911-7-2346	239	0.0227076419
359	FT911-2-398	240	0.0226586100
359	FT911-8-2659	241	0.0226108175
359	FT911-1-241	242	0.0225733617
359	FT911-6-2160	243	0.0225687020
359	FT911-8-2625	244	0.0225673859
359	FT911-12-4314	245	0.0225514624
359	FT911-11-3938	246	0.0224819897
359	FT911-9-3008	247	0.0224204897
359	FT911-7-2317	248	0.0223645129
359	FT911-6-1858	249	0.0223257219
359	FT911-1-307	250	0.0222617722
359	FT911-14-4789	251	0.0222578994
359	FT911-6-1975	252	0.0222164119
359	FT911-4-1312	253	0.0222063584
359	FT911-14-4769	254	0.0221424784
359	FT911-14-5013	255	0.0221417854
359	FT911-5-1627	256	0.0221260926
359	FT911-9-2962	257	0.0221111412
359	FT911-9-3252	258	0.0220968153
359	FT911-10-3688	259	0.0220270895
359	FT911-14-4815	260	0.0219965649
359	FT911-7-2329	261	0.0219818183
359	FT911-11-3735	262	0.0219583997
359	FT911-12-4355	263	0.0219225448
359	FT911-2-410	264	0.0218731101
359	FT911-9-3223	265	0.0218574334
359	FT911-11-3871	266	0.0218514074
359	FT911-9-3128	267	0.0217996575
359	FT911-11-3964	268	0.0217641602
359	FT911-1-311	269	0.0217539330
359	FT911-13-4609	270	0.0217390022
359	FT911-12-4081	271	0.0217091470
359	FT911-7-2413	272	0.0217087525
359	FT911-1-25	273	0.0216710313
359	FT911-10-3683	274	0.0216513765
359	FT911-3-795	275	0.0216426511
359	FT911-15-5251	276	0.0216415857
359	FT911-14-4757	277	0.0216311228
359	FT911-6-1848	278	0.0216302962
359	FT911-11-3757	279	0.0216116368
359	FT911-14-4874	280	0.0216080764
359	FT911-4-1302	281	0.0216063603
359	FT911-2-519	282	0.0215807118
359	FT911-3-953	283	0.0215741027
359	FT911-12-4198	284	0.0215724541
359	FT911-6-1995	285	0.0215559667
359	FT911-15-5195	286	0.0215326122
359	FT911-7-2375	287	0.0215056080
359	FT911-10-3499	288	0.0215008709
359	FT911-4-1296	289	0.0214692575
359	FT911-11-3789	290	0.0214687809
359	FT911-8-2861	291	0.0214427719
359	FT911-4-1132	292	0.0214375322
359	FT911-7-2378	293	0.0213675938
359	FT911-1-249	294	0.0213221225
359	FT911-12-4124	295	0.0213004576
359	FT911-15-5223	296	0.0212681662
359	FT911-13-4623	297	0.0212419075
359	FT911-8-2876	298	0.0212007437
359	FT911-5-1697	299	0.0211700003
359	FT911-1-308	300	0.0210725431
359	FT911-4-1210	301	0.0210697210
359	FT911-7-2246	302	0.0210602955
359	FT911-10-3568	303	0.0210409598
359	FT911-8-2709	304	0.0210355926
359	FT911-12-4358	305	0.0210309497
359	FT911-7-2321	306	0.0210251261
359	FT911-9-3091	307	0.0209617305
359	FT911-7-2522	308	0.0209558050
359	FT911-9-3166	309	0.0209320242
359	FT911-4-1423	310	0.0209297672
359	FT911-14-5108	311	0.0209104246
359	FT911-11-4011	312	0.0209060765
359	FT911-9-2974	313	0.0208714028
359	FT911-7-2327	314	0.0208709852
359	FT911-8-2902	315	0.0208655411
359	FT911-9-3087	316	0.0208627655
359	FT911-1-254	317	0.0208219601
359	FT911-4-1469	318	0.0208198735
359	FT911-10-3517	319	0.0207967860
359	FT911-4-1165	320	0.0207905374
359	FT911-10-3566	321	0.0207409156
359	FT911-5-1788	322	0.0207080858
359	FT911-11-3978	323	0.0207021865
359	FT911-15-5287	324	0.0206639882
359	FT911-6-2004	325	0.0206520725
359	FT911-4-1428	326	0.0206346079
359	FT911-7-2546	327	0.0206213681
359	FT911-4-1125	328	0.0206167771
359	FT911-13-4572	329	0.0206076130
359	FT911-12-4121	330	0.0206033600
359	FT911-12-4359	331	0.0205837715
359	FT911-4-1465	332	0.0205739828
359	FT911-6-1934	333	0.0205690958
359	FT911-8-2935	334	0.0205373727
359	FT911-1-23	335	0.0204861575
359	FT911-9-3255	336	0.0204304081
359	FT911-8-2944	337	0.0204225160
359	FT911-10-3610	338	0.0204223510
359	FT911-14-4801	339	0.0203634714
359	FT911-15-5366	340	0.0202965448
359	FT911-4-1131	341	0.0202945058
359	FT911-11-3966	342	0.0202900199
359	FT911-9-3321	343	0.0202413676
359	FT911-13-4668	344	0.0202275687
359	FT911-14-4832	345	0.0202037249
359	FT911-2-513	346	0.0201985814
359	FT911-14-4790	347	0.0201710737
359	FT911-1-5	348	0.0201450476
359	FT911-15-5282	349	0.0201421258
359	FT911-13-4625	350	0.0201364294
359	FT911-14-4924	351	0.0201297596
359	FT911-1-341	352	0.0200911414
359	FT911-12-4077	353	0.0200888591
359	FT911-4-1359	354	0.0200799206
359	FT911-11-3927	355	0.0200744268
359	FT911-15-5250	356	0.0200586393
359	FT911-13-4719	357	0.0200472128
359	FT911-14-5039	358	0.0200367366
359	FT911-6-2003	359	0.0200244923
359	FT911-14-4867	360	0.0200108362
359	FT911-3-921	361	0.0200102658
359	FT911-15-5344	362	0.0199464128
359	FT911-12-4288	363	0.0199459757
359	FT911-12-4196	364	0.0198695214
359	FT911-6-1943	365	0.0198527506
359	FT911-15-5311	366	0.0197852409
359	FT911-11-3928	367	0.0197801092
359	FT911-6-2064	368	0.0197785874
359	FT911-5-1817	369	0.0197631389
359	FT911-8-2767	370	0.0197516822
359	FT911-14-4912	371	0.0197453357
359	FT911-14-5005	372	0.0197175527
359	FT911-1-177	373	0.0196731862
359	FT911-5-1696	374	0.0196725226
359	FT911-2-463	375	0.0196554595
359	FT911-13-4553	376	0.0196391237
359	FT911-8-2724	377	0.0195859162
359	FT911-10-3689	378	0.0195636896
359	FT911-6-2145	379	0.0195399050
359	FT911-2-405	380	0.0195333130
359	FT911-2-653	381	0.0195290566
359	FT911-3-821	382	0.0195118982
359	FT911-9-3061	383	0.0194667806
359	FT911-4-1202	384	0.0194525496
359	FT911-7-2305	385	0.0194159338
359	FT911-10-3492	386	0.0193699249
359	FT911-11-3865	387	0.0192845949
359	FT911-3-764	388	0.0192633776
359	FT911-11-3864	389	0.0192090082
359	FT911-8-2685	390	0.0191866718
359	FT911-1-348	391	0.0191861404
359	FT911-4-1220	392	0.0191748505
359	FT911-6-1976	393	0.0191728886
359	FT911-15-5197	394	0.0191558179
359	FT911-5-1491	395	0.0191314068
359	FT911-5-1830	396	0.0191199252
359	FT911-11-3952	397	0.0191109971
359	FT911-2-581	398	0.0190939055
359	FT911-4-1371	399	0.0190902482
359	FT911-7-2282	400	0.0190654173
359	FT911-1-212	401	0.0190428301
359	FT911-10-3366	402	0.0190287107
359	FT911-7-2557	403	0.0190114348
359	FT911-14-4875	404	0.0190030955
359	FT911-1-256	405	0.0189429966
359	FT911-12-4032	406	0.0189018563
359	FT911-5-1536	407	0.0188689687
359	FT911-14-4929	408	0.0188628838
359	FT911-14-5043	409	0.0188268963
359	FT911-1-146	410	0.0187741856
359	FT911-3-886	411	0.0187686852
359	FT911-2-407	412	0.0187586590
359	FT911-10-3605	413	0.0187386228
359	FT911-5-1810	414	0.0187264859
359	FT911-12-4200	415	0.0186993167
359	FT911-3-858	416	0.0186937777
359	FT911-2-522	417	0.0186653945
359	FT911-11-3858	418	0.0186012577
359	FT911-2-406	419	0.0185996994
359	FT911-11-3945	420	0.0185980297
359	FT911-4-1451	421	0.0185920484
359	FT911-7-2228	422	0.0185535958
359	FT911-11-3986	423	0.0184609334
359	FT911-8-2638	424	0.0184516503
359	FT911-12-4318	425	0.0184475804
359	FT911-9-3142	426	0.0183884501
359	FT911-4-1224	427	0.0183853871
359	FT911-7-2370	428	0.0183563380
359	FT911-11-3802	429	0.0183423977
359	FT911-2-558	430	0.0183162922
359	FT911-4-1120	431	0.0183056501
359	FT911-15-5180	432	0.0183040483
359	FT911-15-5211	433	0.0182993857
359	FT911-1-169	434	0.0182830515
359	FT911-8-2759	435	0.0182813961
359	FT911-5-1679	436	0.0182741043
359	FT911-2-621	437	0.0182335501
359	FT911-8-2792	438	0.0181886706
359	FT911-1-301	439	0.0181846449
359	FT911-9-3051	440	0.0181787529
359	FT911-7-2411	441	0.0181469822
359	FT911-11-3984	442	0.0180376368
359	FT911-2-528	443	0.0180051157
359	FT911-14-4756	444	0.0179419857
359	FT911-7-2585	445	0.0179270152
359	FT911-7-2445	446	0.0179255888
359	FT911-1-263	447	0.0179197776
359	FT911-1-140	448	0.0179100996
359	FT911-4-1281	449	0.0178934989
359	FT911-11-3783	450	0.0178424376
359	FT911-7-2324	451	0.0178338779
359	FT911-9-3080	452	0.0177716276
359	FT911-1-332	453	0.0177595561
359	FT911-2-685	454	0.0177461097
359	FT911-1-20	455	0.0177393541
359	FT911-5-1620	456	0.0176998968
359	FT911-7-2266	457	0.0176998255
359	FT911-5-1785	458	0.0176995014
359	FT911-13-4476	459	0.0176863387
359	FT911-10-3393	460	0.0176647615
359	FT911-12-4286	461	0.0176232118
359	FT911-7-2373	462	0.0176217886
359	FT911-11-3707	463	0.0175576546
359	FT911-8-2877	464	0.0175356554
359	FT911-1-162	465	0.0175154047
359	FT911-10-3468	466	0.0175076210
359	FT911-13-4480	467	0.0174439686
359	FT911-9-3088	468	0.0174153515
359	FT911-2-623	469	0.0174126671
359	FT911-5-1734	470	0.0173981476
359	FT911-11-3825	471	0.0173837735
359	FT911-5-1752	472	0.0173676409
359	FT911-14-4796	473	0.0172938895
359	FT911-15-5242	474	0.0172668208
359	FT911-3-943	475	0.0172300345
359	FT911-9-3322	476	0.0172041593
359	FT911-5-1680	477	0.0171937029
359	FT911-11-3941	478	0.0171659583
359	FT911-9-2981	479	0.0171492657
359	FT911-14-4933	480	0.0171466043
359	FT911-2-707	481	0.0171356925
359	FT911-1-333	482	0.0171322994
359	FT911-3-1084	483	0.0171071781
359	FT911-1-350	484	0.0170889139
359	FT911-13-4535	485	0.0170544874
359	FT911-10-3355	486	0.0170538457
359	FT911-14-4992	487	0.0170308515
359	FT911-12-4311	488	0.0170288306
359	FT911-12-4287	489	0.0170073746
359	FT911-12-4199	490	0.0169974783
359	FT911-4-1222	491	0.0169513437
359	FT911-7-2394	492	0.0169327552
359	FT911-7-2364	493	0.0169036118
359	FT911-6-2134	494	0.0168821867
359	FT911-5-1646	495	0.0168567191
359	FT911-7-2485	496	0.0168265281
359	FT911-7-2543	497	0.0168058688
359	FT911-6-2013	498	0.0167431332
359	FT911-13-4481	499	0.0167050296
359	FT911-9-3173	500	0.0167050221
359	FT911-2-587	501	0.0166658435
359	FT911-13-4681	502	0.0166630252
359	FT911-13-4386	503	0.0166569099
359	FT911-1-14	504	0.0165424065
359	FT911-8-2787	505	0.0165413877
359	FT911-8-2744	506	0.0164735872
359	FT911-6-2130	507	0.0164676311
359	FT911-3-754	508	0.0164499369
359	FT911-4-1122	509	0.0164265544
359	FT911-7-2616	510	0.0163877033
359	FT911-3-1062	511	0.0163497166
359	FT911-10-3612	512	0.0163418092
359	FT911-14-5010	513	0.0163292396
359	FT911-2-383	514	0.0162902781
359	FT911-14-4996	515	0.0162700467
359	FT911-9-3139	516	0.0162571535
359	FT911-11-3932	517	0.0162024443
359	FT911-15-5326	518	0.0161788287
359	FT911-8-2842	519	0.0161699176
359	FT911-9-3315	520	0.0161164096
359	FT911-7-2223	521	0.0161155065
359	FT911-4-1160	522	0.0161019225
359	FT911-8-2862	523	0.0160950014
359	FT911-13-4733	524	0.0160621539
359	FT911-4-1364	525	0.0160610959
359	FT911-6-2193	526	0.0159913853
359	FT911-11-3705	527	0.0159684321
359	FT911-5-1685	528	0.0159401211
359	FT911-3-1058	529	0.0159247477
359	FT911-14-4932	530	0.0159025873
359	FT911-3-929	531	0.0158842409
359	FT911-3-1072	532	0.0157611770
359	FT911-6-2146	533	0.0156999484
359	FT911-3-857	534	0.0156926585
359	FT911-12-4252	535	0.0156636540
359	FT911-7-2283	536	0.0156142536
359	FT911-6-2154	537	0.0156003227
359	FT911-12-4271	538	0.0155765935
359	FT911-11-3944	539	0.0155425840
359	FT911-11-3804	540	0.0155024065
359	FT911-7-2423	541	0.0154986451
359	FT911-6-2036	542	0.0154852007
359	FT911-14-5014	543	0.0154815913
359	FT911-11-3923	544	0.0154420908
359	FT911-12-4229	545	0.0154358347
359	FT911-5-1689	546	0.0154152379
359	FT911-11-3937	547	0.0153892195
359	FT911-6-1873	548	0.0153678524
359	FT911-6-2123	549	0.0153167206
359	FT911-4-1119	550	0.0152996229
359	FT911-1-128	551	0.0152907864
359	FT911-8-2797	552	0.0152837151
359	FT911-12-4123	553	0.0152188154
359	FT911-7-2382	554	0.0151594807
359	FT911-10-3589	555	0.0151300819
359	FT911-13-4692	556	0.0150594792
359	FT911-12-4094	557	0.0149783698
359	FT911-4-1137	558	0.0149714089
359	FT911-13-4626	559	0.0149300504
359	FT911-6-1915	560	0.0148664797
359	FT911-7-2509	561	0.0148631932
359	FT911-7-2298	562	0.0148576319
359	FT911-7-2274	563	0.0147603554
359	FT911-7-2213	564	0.0147565280
359	FT911-11-3884	565	0.0147433837
359	FT911-13-4730	566	0.0146927211
359	FT911-11-3929	567	0.0146766951
359	FT911-7-2561	568	0.0146383383
359	FT911-3-840	569	0.0146364598
359	FT911-5-1676	570	0.0146121241
359	FT911-11-3902	571	0.0145520989
359	FT911-13-4406	572	0.0144964406
359	FT911-5-1657	573	0.0144959249
359	FT911-2-477	574	0.0143988525
359	FT911-2-572	575	0.0143918361
359	FT911-10-3328	576	0.0143721723
359	FT911-11-3935	577	0.0143654486
359	FT911-4-1301	578	0.0143600239
359	FT911-11-3814	579	0.0143520117
359	FT911-7-2512	580	0.0143416624
359	FT911-9-3191	581	0.0143364933
359	FT911-14-4763	582	0.0142589918
359	FT911-11-3948	583	0.0142238917
359	FT911-10-3433	584	0.0141855941
359	FT911-1-110	585	0.0141653638
359	FT911-13-4680	586	0.0141620297
359	FT911-8-2831	587	0.0140384032
359	FT911-11-3930	588	0.0140162618
359	FT911-13-4575	589	0.0140109320
359	FT911-6-2018	590	0.0139720102
359	FT911-15-5187	591	0.0139665457
359	FT911-1-172	592	0.0139639109
359	FT911-4-1140	593	0.0139601256
359	FT911-15-5155	594	0.0139125259
359	FT911-2-392	595	0.0139105835
359	FT911-7-2553	596	0.0138628223
359	FT911-11-3943	597	0.0138611018
359	FT911-11-3925	598	0.0138344825
359	FT911-3-950	599	0.0137612657
359	FT911-9-3175	600	0.0137115991
359	FT911-7-2217	601	0.0137009622
359	FT911-12-4244	602	0.0136821608
359	FT911-9-3124	603	0.0136749227
359	FT911-11-3838	604	0.0136001800
359	FT911-2-514	605	0.0135760734
359	FT911-12-4233	606	0.0135414517
359	FT911-7-2355	607	0.0135209189
359	FT911-14-4798	608	0.0135144818
359	FT911-2-683	609	0.0135142617
359	FT911-4-1298	610	0.0135002525
359	FT911-5-1681	611	0.0134786610
359	FT911-13-4678	612	0.0134588261
359	FT911-8-2735	613	0.0134583571
359	FT911-3-836	614	0.0134550704
359	FT911-2-568	615	0.0134549120
359	FT911-6-1894	616	0.0134113587
359	FT911-6-2158	617	0.0133937980
359	FT911-6-1903	618	0.0133613811
359	FT911-7-2269	619	0.0133447726
359	FT911-9-3140	620	0.0133071947
359	FT911-13-4482	621	0.0132924381
359	FT911-8-2681	622	0.0132496461
359	FT911-11-3790	623	0.0132151281
359	FT911-4-1341	624	0.0131874113
359	FT911-8-2684	625	0.0131768929
359	FT911-11-3922	626	0.0131735734
359	FT911-14-5023	627	0.0131650502
359	FT911-6-2204	628	0.0131482240
359	FT911-9-3249	629	0.0131306056
359	FT911-11-3934	630	0.0131038007
359	FT911-5-1674	631	0.0130919673
359	FT911-11-3734	632	0.0130704414
359	FT911-3-844	633	0.0130627276
359	FT911-3-1075	634	0.0130562864
359	FT911-4-1141	635	0.0130051632
359	FT911-6-2051	636	0.0129751629
359	FT911-13-4569	637	0.0129558552
359	FT911-15-5177	638	0.0129498239
359	FT911-14-4823	639	0.0129390942
359	FT911-15-5241	640	0.0129363338
359	FT911-10-3339	641	0.0129345896
359	FT911-1-73	642	0.0128917094
359	FT911-6-1966	643	0.0128635747
359	FT911-6-2211	644	0.0128611860
359	FT911-3-741	645	0.0128297900
359	FT911-9-2968	646	0.0128228154
359	FT911-3-992	647	0.0126750932
359	FT911-3-1073	648	0.0126605718
359	FT911-6-2016	649	0.0126587856
359	FT911-2-540	650	0.0126484078
359	FT911-11-3963	651	0.0126394826
359	FT911-9-3210	652	0.0126107848
359	FT911-15-5340	653	0.0126094178
359	FT911-5-1683	654	0.0125783209
359	FT911-5-1678	655	0.0125633286
359	FT911-14-5086	656	0.0125552181
359	FT911-13-4478	657	0.0125239367
359	FT911-4-1290	658	0.0125079045
359	FT911-4-1144	659	0.0125034339
359	FT911-7-2575	660	0.0124698266
359	FT911-2-686	661	0.0123869757
359	FT911-6-1927	662	0.0123777386
359	FT911-3-948	663	0.0123746427
359	FT911-13-4390	664	0.0123614704
359	FT911-3-745	665	0.0123545861
359	FT911-5-1585	666	0.0123308586
359	FT911-3-1092	667	0.0123186131
359	FT911-5-1687	668	0.0122689860
359	FT911-10-3331	669	0.0122579240
359	FT911-13-4405	670	0.0122463710
359	FT911-11-3931	671	0.0122283331
359	FT911-8-2702	672	0.0121969725
359	FT911-13-4412	673	0.0121925291
359	FT911-13-4684	674	0.0121882966
359	FT911-5-1686	675	0.0121811891
359	FT911-13-4691	676	0.0121672316
359	FT911-11-3820	677	0.0121456928
359	FT911-11-3958	678	0.0121321542
359	FT911-8-2874	679	0.0121252423
359	FT911-8-2723	680	0.0121238443
359	FT911-2-699	681	0.0121015546
359	FT911-5-1673	682	0.0120993520
359	FT911-5-1675	683	0.0120772926
359	FT911-7-2397	684	0.0120682434
359	FT911-3-1066	685	0.0120058431
359	FT911-1-80	686	0.0119964503
359	FT911-4-1299	687	0.0119883302
359	FT911-1-118	688	0.0119500362
359	FT911-7-2363	689	0.0119354916
359	FT911-13-4688	690	0.0119231979
359	FT911-1-248	691	0.0119126029
359	FT911-15-5159	692	0.0118972430
359	FT911-13-4411	693	0.0118852702
359	FT911-14-4930	694	0.0118672346
359	FT911-14-4783	695	0.0118439658
359	FT911-8-2708	696	0.0118311640
359	FT911-4-1146	697	0.0118292144
359	FT911-4-1264	698	0.0118128578
359	FT911-14-4788	699	0.0118114586
359	FT911-8-2822	700	0.0117807348
359	FT911-6-1899	701	0.0117790309
359	FT911-3-848	702	0.0117699814
359	FT911-7-2216	703	0.0117693126
359	FT911-8-2934	704	0.0117661027
359	FT911-6-1911	705	0.0117548243
359	FT911-7-2462	706	0.0117525166
359	FT911-11-3824	707	0.0117145567
359	FT911-5-1495	708	0.0116698980
359	FT911-2-619	709	0.0116482784
359	FT911-11-3924	710	0.0116446121
359	FT911-1-213	711	0.0116292023
359	FT911-9-3217	712	0.0116287682
359	FT911-1-96	713	0.0115725425
359	FT911-12-4034	714	0.0115203419
359	FT911-7-2371	715	0.0115104638
359	FT911-14-4864	716	0.0115032835
359	FT911-1-95	717	0.0114654102
359	FT911-6-1914	718	0.0114399032
359	FT911-2-682	719	0.0113738726
359	FT911-5-1688	720	0.0113244987
359	FT911-9-3234	721	0.0113161645
359	FT911-3-1000	722	0.0113141424
359	FT911-1-221	723	0.0112862228
359	FT911-13-4686	724	0.0112855537
359	FT911-7-2311	725	0.0112600625
359	FT911-4-1370	726	0.0112482200
359	FT911-11-3953	727	0.0112427634
359	FT911-12-4096	728	0.0112330878
359	FT911-11-3817	729	0.0112194402
359	FT911-8-2788	730	0.0111671956
359	FT911-9-3305	731	0.0111621989
359	FT911-6-2002	732	0.0111504162
359	FT911-4-1159	733	0.0110770304
359	FT911-13-4683	734	0.0110501820
359	FT911-1-113	735	0.0110430606
359	FT911-10-3378	736	0.0110247039
359	FT911-14-4946	737	0.0110131629
359	FT911-10-3637	738	0.0110090887
359	FT911-14-4997	739	0.0110086573
359	FT911-3-834	740	0.0110020643
359	FT911-2-597	741	0.0109557733
359	FT911-13-4685	742	0.0109491883
359	FT911-1-116	743	0.0109463367
359	FT911-5-1519	744	0.0109220671
359	FT911-1-245	745	0.0109078333
359	FT911-7-2277	746	0.0109037852
359	FT911-2-636	747	0.0108964594
359	FT911-2-559	748	0.0108878156
359	FT911-4-1388	749	0.0108474214
359	FT911-6-1902	750	0.0108453370
359	FT911-5-1672	751	0.0108286017
359	FT911-1-85	752	0.0108129486
359	FT911-9-3174	753	0.0108018313
359	FT911-1-86	754	0.0108006371
359	FT911-5-1695	755	0.0107857134
359	FT911-1-40	756	0.0107847156
359	FT911-9-3095	757	0.0107811614
359	FT911-8-2802	758	0.0107727359
359	FT911-2-557	759	0.0107713226
359	FT911-11-3720	760	0.0107261896
359	FT911-11-3808	761	0.0107107813
359	FT911-7-2474	762	0.0107076121
359	FT911-9-3155	763	0.0106851511
359	FT911-9-3207	764	0.0106545590
359	FT911-11-3812	765	0.0106319474
359	FT911-7-2571	766	0.0105878544
359	FT911-4-1289	767	0.0105418648
359	FT911-6-1920	768	0.0105163849
359	FT911-7-2497	769	0.0105082418
359	FT911-8-2679	770	0.0105036111
359	FT911-9-3301	771	0.0104871330
359	FT911-11-3723	772	0.0104565809
359	FT911-11-3920	773	0.0104402714
359	FT911-11-3891	774	0.0104396786
359	FT911-3-845	775	0.0103995952
359	FT911-3-725	776	0.0103757440
359	FT911-6-1928	777	0.0103611182
359	FT911-9-3182	778	0.0103605353
359	FT911-1-115	779	0.0103584027
359	FT911-8-2885	780	0.0103498001
359	FT911-13-4468	781	0.0103376624
359	FT911-13-4387	782	0.0103240229
359	FT911-5-1490	783	0.0103127545
359	FT911-4-1340	784	0.0102928153
359	FT911-2-504	785	0.0102924909
359	FT911-6-2177	786	0.0102899379
359	FT911-13-4507	787	0.0102579372
359	FT911-3-971	788	0.0102517390
359	FT911-9-3038	789	0.0102051679
359	FT911-3-980	790	0.0102035428
359	FT911-6-2208	791	0.0102024396
359	FT911-3-960	792	0.0101665190
359	FT911-14-4935	793	0.0101387907
359	FT911-3-839	794	0.0100865119
359	FT911-14-5024	795	0.0100761823
359	FT911-13-4619	796	0.0100597514
359	FT911-12-4273	797	0.0100073291
359	FT911-9-3232	798	0.0099925777
359	FT911-8-2936	799	0.0099830401
359	FT911-9-3132	800	0.0099696284
359	FT911-7-2263	801	0.0099267360
359	FT911-14-5113	802	0.0099112345
359	FT911-7-2570	803	0.0099021822
359	FT911-15-5145	804	0.0098487690
359	FT911-3-846	805	0.0097858106
359	FT911-6-1895	806	0.0097457081
359	FT911-13-4695	807	0.0096965864
359	FT911-3-835	808	0.0096860391
359	FT911-1-121	809	0.0096782588
359	FT911-7-2617	810	0.0096761536
359	FT911-12-4170	811	0.0096513250
359	FT911-7-2591	812	0.0096370465
359	FT911-7-2455	813	0.0096291584
359	FT911-13-4466	814	0.0096270740
359	FT911-6-2183	815	0.0096197664
359	FT911-4-1148	816	0.0095882889
359	FT911-9-3308	817	0.0094855271
359	FT911-14-4936	818	0.0094781302
359	FT911-6-2190	819	0.0094656938
359	FT911-14-5027	820	0.0094066747
359	FT911-4-1257	821	0.0094064235
359	FT911-14-5061	822	0.0093886855
359	FT911-11-3946	823	0.0093294070
359	FT911-14-5125	824	0.0093275669
359	FT911-14-4795	825	0.0091679714
359	FT911-4-1271	826	0.0091673903
359	FT911-1-76	827	0.0091057690
359	FT911-11-3889	828	0.0088939042
359	FT911-6-2181	829	0.0088833718
359	FT911-11-3936	830	0.0088197317
359	FT911-7-2562	831	0.0086604312
359	FT911-8-2887	832	0.0085607258
359	FT911-9-3292	833	0.0084794825
359	FT911-1-124	834	0.0084704966
359	FT911-2-612	835	0.0084207110
359	FT911-14-5030	836	0.0084131703
359	FT911-3-779	837	0.0083953557
359	FT911-11-3830	838	0.0082430468
359	FT911-9-3110	839	0.0081810874
359	FT911-3-1098	840	0.0080836535
359	FT911-13-4647	841	0.0077628441
359	FT911-14-5029	842	0.0076604619
359	FT911-8-2853	843	0.0075153305
359	FT911-6-2067	844	0.0074518723
359	FT911-9-3102	845	0.0074471303
359	FT911-9-3218	846	0.0073639658
359	FT911-3-1068	847	0.0073228898
359	FT911-7-2221	848	0.0072599278
359	FT911-2-512	849	0.0071378953
359	FT911-7-2513	850	0.0070932477
359	FT911-15-5232	851	0.0069315214
359	FT911-9-3074	852	0.0068796512
359	FT911-6-2031	853	0.0068065292
359	FT911-7-2299	854	0.0067969255
359	FT911-15-5168	855	0.0067339720
359	FT911-15-5131	856	0.0065998252
359	FT911-14-5048	857	0.0065761921
359	FT911-12-4127	858	0.0064606834
359	FT911-4-1363	859	0.0063198310
359	FT911-7-2381	860	0.0062319099
359	FT911-1-137	861	0.0061968188
359	FT911-4-1171	862	0.0061390181
359	FT911-13-4534	863	0.0061118100
359	FT911-14-4784	864	0.0061059255
359	FT911-14-4909	865	0.0060903104
359	FT911-10-3603	866	0.0060514847
359	FT911-5-1563	867	0.0059967099
359	FT911-10-3340	868	0.0058188702
359	FT911-1-371	869	0.0057503518
359	FT911-9-3172	870	0.0056280382
359	FT911-4-1416	871	0.0056148139
359	FT911-3-722	872	0.0051036757
359	FT911-4-1109	873	0.0049640438
359	FT911-1-2	874	0.0000000000
359	FT911-1-3	875	0.0000000000
359	FT911-1-4	876	0.0000000000
359	FT911-1-6	877	0.0000000000
359	FT911-1-7	878	0.0000000000
359	FT911-1-9	879	0.0000000000
359	FT911-1-10	880	0.0000000000
359	FT911-1-11	881	0.0000000000
359	FT911-1-12	882	0.0000000000
359	FT911-1-13	883	0.0000000000
359	FT911-1-15	884	0.0000000000
359	FT911-1-16	885	0.0000000000
359	FT911-1-17	886	0.0000000000
359	FT911-1-18	887	0.0000000000
359	FT911-1-19	888	0.0000000000
359	FT911-1-21	889	0.0000000000
359	FT911-1-22	890	0.0000000000
359	FT911-1-24	891	0.0000000000
359	FT911-1-26	892	0.0000000000
359	FT911-1-27	893	0.0000000000
359	FT911-1-28	894	0.0000000000
359	FT911-1-29	895	0.0000000000
359	FT911-1-30	896	0.0000000000
359	FT911-1-31	897	0.0000000000
359	FT911-1-32	898	0.0000000000
359	FT911-1-33	899	0.0000000000
359	FT911-1-34	900	0.0000000000
359	FT911-1-35	901	0.0000000000
359	FT911-1-36	902	0.0000000000
359	FT911-1-37	903	0.0000000000
359	FT911-1-38	904	0.0000000000
359	FT911-1-39	905	0.0000000000
359	FT911-1-41	906	0.0000000000
359	FT911-1-42	907	0.0000000000
359	FT911-1-43	908	0.0000000000
359	FT911-1-44	909	0.0000000000
359	FT911-1-45	910	0.0000000000
359	FT911-1-46	911	0.0000000000
359	FT911-1-47	912	0.0000000000
359	FT911-1-48	913	0.0000000000
359	FT911-1-49	914	0.0000000000
359	FT911-1-50	915	0.0000000000
359	FT911-1-51	916	0.0000000000
359	FT911-1-52	917	0.0000000000
359	FT911-1-53	918	0.0000000000
359	FT911-1-54	919	0.0000000000
359	FT911-1-55	920	0.0000000000
359	FT911-1-57	921	0.0000000000
359	FT911-1-59	922	0.0000000000
359	FT911-1-60	923	0.0000000000
359	FT911-1-61	924	0.0000000000
359	FT911-1-62	925	0.0000000000
359	FT911-1-63	926	0.0000000000
359	FT911-1-64	927	0.0000000000
359	FT911-1-65	928	0.0000000000
359	FT911-1-66	929	0.0000000000
359	FT911-1-67	930	0.0000000000
359	FT911-1-68	931	0.0000000000
359	FT911-1-69	932	0.0000000000
359	FT911-1-70	933	0.0000000000
359	FT911-1-71	934	0.0000000000
359	FT911-1-72	935	0.0000000000
359	FT911-1-74	936	0.0000000000
359	FT911-1-75	937	0.0000000000
359	FT911-1-77	938	0.0000000000
359	FT911-1-78	939	0.0000000000
359	FT911-1-79	940	0.0000000000
359	FT911-1-81	941	0.0000000000
359	FT911-1-83	942	0.0000000000
359	FT911-1-87	943	0.0000000000
359	FT911-1-88	944	0.0000000000
359	FT911-1-89	945	0.0000000000
359	FT911-1-90	946	0.0000000000
359	FT911-1-91	947	0.0000000000
359	FT911-1-92	948	0.0000000000
359	FT911-1-93	949	0.0000000000
359	FT911-1-94	950	0.0000000000
359	FT911-1-97	951	0.0000000000
359	FT911-1-99	952	0.0000000000
359	FT911-1-100	953	0.0000000000
359	FT911-1-101	954	0.0000000000
359	FT911-1-102	955	0.0000000000
359	FT911-1-103	956	0.0000000000
359	FT911-1-104	957	0.0000000000
359	FT911-1-105	958	0.0000000000
359	FT911-1-106	959	0.0000000000
359	FT911-1-107	960	0.0000000000
359	FT911-1-108	961	0.0000000000
359	FT911-1-109	962	0.0000000000
359	FT911-1-111	963	0.0000000000
359	FT911-1-112	964	0.0000000000
359	FT911-1-114	965	0.0000000000
359	FT911-1-117	966	0.0000000000
359	FT911-1-119	967	0.0000000000
359	FT911-1-120	968	0.0000000000
359	FT911-1-122	969	0.0000000000
359	FT911-1-123	970	0.0000000000
359	FT911-1-125	971	0.0000000000
359	FT911-1-126	972	0.0000000000
359	FT911-1-127	973	0.0000000000
359	FT911-1-129	974	0.0000000000
359	FT911-1-130	975	0.0000000000
359	FT911-1-131	976	0.0000000000
359	FT911-1-132	977	0.0000000000
359	FT911-1-133	978	0.0000000000
359	FT911-1-134	979	0.0000000000
359	FT911-1-135	980	0.0000000000
359	FT911-1-136	981	0.0000000000
359	FT911-1-138	982	0.0000000000
359	FT911-1-139	983	0.0000000000
359	FT911-1-141	984	0.0000000000
359	FT911-1-142	985	0.0000000000
359	FT911-1-143	986	0.0000000000
359	FT911-1-144	987	0.0000000000
359	FT911-1-145	988	0.0000000000
359	FT911-1-147	989	0.0000000000
359	FT911-1-148	990	0.0000000000
359	FT911-1-149	991	0.0000000000
359	FT911-1-150	992	0.0000000000
359	FT911-1-151	993	0.0000000000
359	FT911-1-152	994	0.0000000000
359	FT911-1-153	995	0.0000000000
359	FT911-1-154	996	0.0000000000
359	FT911-1-155	997	0.0000000000
359	FT911-1-156	998	0.0000000000
359	FT911-1-157	999	0.0000000000
359	FT911-1-158	1000	0.0000000000
359	FT911-1-159	1001	0.0000000000
359	FT911-1-160	1002	0.0000000000
359	FT911-1-161	1003	0.0000000000
359	FT911-1-163	1004	0.0000000000
359	FT911-1-164	1005	0.0000000000
359	FT911-1-165	1006	0.0000000000
359	FT911-1-166	1007	0.0000000000
359	FT911-1-167	1008	0.0000000000
359	FT911-1-168	1009	0.0000000000
359	FT911-1-170	1010	0.0000000000
359	FT911-1-171	1011	0.0000000000
359	FT911-1-173	1012	0.0000000000
359	FT911-1-175	1013	0.0000000000
359	FT911-1-178	1014	0.0000000000
359	FT911-1-179	1015	0.0000000000
359	FT911-1-180	1016	0.0000000000
359	FT911-1-181	1017	0.0000000000
359	FT911-1-182	1018	0.0000000000
359	FT911-1-183	1019	0.0000000000
359	FT911-1-184	1020	0.0000000000
359	FT911-1-185	1021	0.0000000000
359	FT911-1-186	1022	0.0000000000
359	FT911-1-187	1023	0.0000000000
359	FT911-1-188	1024	0.0000000000
359	FT911-1-189	1025	0.0000000000
359	FT911-1-190	1026	0.0000000000
359	FT911-1-191	1027	0.0000000000
359	FT911-1-192	1028	0.0000000000
359	FT911-1-193	1029	0.0000000000
359	FT911-1-194	1030	0.0000000000
359	FT911-1-195	1031	0.0000000000
359	FT911-1-196	1032	0.0000000000
359	FT911-1-197	1033	0.0000000000
359	FT911-1-198	1034	0.0000000000
359	FT911-1-199	1035	0.0000000000
359	FT911-1-200	1036	0.0000000000
359	FT911-1-202	1037	0.0000000000
359	FT911-1-203	1038	0.0000000000
359	FT911-1-204	1039	0.0000000000
359	FT911-1-205	1040	0.0000000000
359	FT911-1-206	1041	0.0000000000
359	FT911-1-207	1042	0.0000000000
359	FT911-1-208	1043	0.0000000000
359	FT911-1-209	1044	0.0000000000
359	FT911-1-210	1045	0.0000000000
359	FT911-1-211	1046	0.0000000000
359	FT911-1-214	1047	0.0000000000
359	FT911-1-215	1048	0.0000000000
359	FT911-1-216	1049	0.0000000000
359	FT911-1-217	1050	0.0000000000
359	FT911-1-218	1051	0.0000000000
359	FT911-1-219	1052	0.0000000000
359	FT911-1-220	1053	0.0000000000
359	FT911-1-222	1054	0.0000000000
359	FT911-1-223	1055	0.0000000000
359	FT911-1-225	1056	0.0000000000
359	FT911-1-226	1057	0.0000000000
359	FT911-1-227	1058	0.0000000000
359	FT911-1-228	1059	0.0000000000
359	FT911-1-230	1060	0.0000000000
359	FT911-1-231	1061	0.0000000000
359	FT911-1-232	1062	0.0000000000
359	FT911-1-233	1063	0.0000000000
359	FT911-1-234	1064	0.0000000000
359	FT911-1-235	1065	0.0000000000
359	FT911-1-236	1066	0.0000000000
359	FT911-1-238	1067	0.0000000000
359	FT911-1-239	1068	0.0000000000
359	FT911-1-240	1069	0.0000000000
359	FT911-1-242	1070	0.0000000000
359	FT911-1-243	1071	0.0000000000
359	FT911-1-244	1072	0.0000000000
359	FT911-1-246	1073	0.0000000000
359	FT911-1-247	1074	0.0000000000
359	FT911-1-250	1075	0.0000000000
359	FT911-1-251	1076	0.0000000000
359	FT911-1-252	1077	0.0000000000
359	FT911-1-253	1078	0.0000000000
359	FT911-1-255	1079	0.0000000000
359	FT911-1-257	1080	0.0000000000
359	FT911-1-258	1081	0.0000000000
359	FT911-1-259	1082	0.0000000000
359	FT911-1-260	1083	0.0000000000
359	FT911-1-261	1084	0.0000000000
359	FT911-1-262	1085	0.0000000000
359	FT911-1-264	1086	0.0000000000
359	FT911-1-265	1087	0.0000000000
359	FT911-1-266	1088	0.0000000000
359	FT911-1-267	1089	0.0000000000
359	FT911-1-268	1090	0.0000000000
359	FT911-1-270	1091	0.0000000000
359	FT911-1-271	1092	0.0000000000
359	FT911-1-272	1093	0.0000000000
359	FT911-1-273	1094	0.0000000000
359	FT911-1-274	1095	0.0000000000
359	FT911-1-275	1096	0.0000000000
359	FT911-1-276	1097	0.0000000000
359	FT911-1-277	1098	0.0000000000
359	FT911-1-278	1099	0.0000000000
359	FT911-1-279	1100	0.0000000000
359	FT911-1-280	1101	0.0000000000
359	FT911-1-281	1102	0.0000000000
359	FT911-1-282	1103	0.0000000000
359	FT911-1-283	1104	0.0000000000
359	FT911-1-284	1105	0.0000000000
359	FT911-1-285	1106	0.0000000000
359	FT911-1-286	1107	0.0000000000
359	FT911-1-287	1108	0.0000000000
359	FT911-1-288	1109	0.0000000000
359	FT911-1-289	1110	0.0000000000
359	FT911-1-290	1111	0.0000000000
359	FT911-1-291	1112	0.0000000000
359	FT911-1-292	1113	0.0000000000
359	FT911-1-293	1114	0.0000000000
359	FT911-1-294	1115	0.0000000000
359	FT911-1-295	1116	0.0000000000
359	FT911-1-297	1117	0.0000000000
359	FT911-1-298	1118	0.0000000000
359	FT911-1-299	1119	0.0000000000
359	FT911-1-300	1120	0.0000000000
359	FT911-1-302	1121	0.0000000000
359	FT911-1-303	1122	0.0000000000
359	FT911-1-304	1123	0.0000000000
359	FT911-1-305	1124	0.0000000000
359	FT911-1-306	1125	0.0000000000
359	FT911-1-309	1126	0.0000000000
359	FT911-1-310	1127	0.0000000000
359	FT911-1-312	1128	0.0000000000
359	FT911-1-313	1129	0.0000000000
359	FT911-1-314	1130	0.0000000000
359	FT911-1-315	1131	0.0000000000
359	FT911-1-316	1132	0.0000000000
359	FT911-1-317	1133	0.0000000000
359	FT911-1-318	1134	0.0000000000
359	FT911-1-319	1135	0.0000000000
359	FT911-1-320	1136	0.0000000000
359	FT911-1-321	1137	0.0000000000
359	FT911-1-322	1138	0.0000000000
359	FT911-1-324	1139	0.0000000000
359	FT911-1-325	1140	0.0000000000
359	FT911-1-326	1141	0.0000000000
359	FT911-1-327	1142	0.0000000000
359	FT911-1-328	1143	0.0000000000
359	FT911-1-329	1144	0.0000000000
359	FT911-1-330	1145	0.0000000000
359	FT911-1-331	1146	0.0000000000
359	FT911-1-334	1147	0.0000000000
359	FT911-1-335	1148	0.0000000000
359	FT911-1-336	1149	0.0000000000
359	FT911-1-337	1150	0.0000000000
359	FT911-1-338	1151	0.0000000000
359	FT911-1-339	1152	0.0000000000
359	FT911-1-340	1153	0.0000000000
359	FT911-1-342	1154	0.0000000000
359	FT911-1-343	1155	0.0000000000
359	FT911-1-344	1156	0.0000000000
359	FT911-1-345	1157	0.0000000000
359	FT911-1-346	1158	0.0000000000
359	FT911-1-347	1159	0.0000000000
359	FT911-1-349	1160	0.0000000000
359	FT911-1-351	1161	0.0000000000
359	FT911-1-352	1162	0.0000000000
359	FT911-1-353	1163	0.0000000000
359	FT911-1-354	1164	0.0000000000
359	FT911-1-355	1165	0.0000000000
359	FT911-1-356	1166	0.0000000000
359	FT911-1-357	1167	0.0000000000
359	FT911-1-358	1168	0.0000000000
359	FT911-1-359	1169	0.0000000000
359	FT911-1-360	1170	0.0000000000
359	FT911-1-361	1171	0.0000000000
359	FT911-1-362	1172	0.0000000000
359	FT911-1-363	1173	0.0000000000
359	FT911-1-364	1174	0.0000000000
359	FT911-1-365	1175	0.0000000000
359	FT911-1-366	1176	0.0000000000
359	FT911-1-367	1177	0.0000000000
359	FT911-1-368	1178	0.0000000000
359	FT911-1-369	1179	0.0000000000
359	FT911-1-370	1180	0.0000000000
359	FT911-1-372	1181	0.0000000000
359	FT911-1-373	1182	0.0000000000
359	FT911-1-374	1183	0.0000000000
359	FT911-1-375	1184	0.0000000000
359	FT911-2-376	1185	0.0000000000
359	FT911-2-377	1186	0.0000000000
359	FT911-2-378	1187	0.0000000000
359	FT911-2-379	1188	0.0000000000
359	FT911-2-380	1189	0.0000000000
359	FT911-2-381	1190	0.0000000000
359	FT911-2-382	1191	0.0000000000
359	FT911-2-384	1192	0.0000000000
359	FT911-2-385	1193	0.0000000000
359	FT911-2-386	1194	0.0000000000
359	FT911-2-387	1195	0.0000000000
359	FT911-2-388	1196	0.0000000000
359	FT911-2-389	1197	0.0000000000
359	FT911-2-390	1198	0.0000000000
359	FT911-2-394	1199	0.0000000000
359	FT911-2-395	1200	0.0000000000
359	FT911-2-396	1201	0.0000000000
359	FT911-2-397	1202	0.0000000000
359	FT911-2-399	1203	0.0000000000
359	FT911-2-400	1204	0.0000000000
359	FT911-2-401	1205	0.0000000000
359	FT911-2-402	1206	0.0000000000
359	FT911-2-403	1207	0.0000000000
359	FT911-2-408	1208	0.0000000000
359	FT911-2-409	1209	0.0000000000
359	FT911-2-411	1210	0.0000000000
359	FT911-2-412	1211	0.0000000000
359	FT911-2-413	1212	0.0000000000
359	FT911-2-414	1213	0.0000000000
359	FT911-2-415	1214	0.0000000000
359	FT911-2-416	1215	0.0000000000
359	FT911-2-417	1216	0.0000000000
359	FT911-2-418	1217	0.0000000000
359	FT911-2-419	1218	0.0000000000
359	FT911-2-420	1219	0.0000000000
359	FT911-2-421	1220	0.0000000000
359	FT911-2-422	1221	0.0000000000
359	FT911-2-423	1222	0.0000000000
359	FT911-2-424	1223	0.0000000000
359	FT911-2-425	1224	0.0000000000
359	FT911-2-426	1225	0.0000000000
359	FT911-2-427	1226	0.0000000000
359	FT911-2-428	1227	0.0000000000
359	FT911-2-429	1228	0.0000000000
359	FT911-2-430	1229	0.0000000000
359	FT911-2-431	1230	0.0000000000
359	FT911-2-433	1231	0.0000000000
359	FT911-2-434	1232	0.0000000000
359	FT911-2-435	1233	0.0000000000
359	FT911-2-436	1234	0.0000000000
359	FT911-2-437	1235	0.0000000000
359	FT911-2-438	1236	0.0000000000
359	FT911-2-439	1237	0.0000000000
359	FT911-2-440	1238	0.0000000000
359	FT911-2-441	1239	0.0000000000
359	FT911-2-442	1240	0.0000000000
359	FT911-2-443	1241	0.0000000000
359	FT911-2-444	1242	0.0000000000
359	FT911-2-445	1243	0.0000000000
359	FT911-2-446	1244	0.0000000000
359	FT911-2-447	1245	0.0000000000
359	FT911-2-448	1246	0.0000000000
359	FT911-2-449	1247	0.0000000000
359	FT911-2-450	1248	0.0000000000
359	FT911-2-451	1249	0.0000000000
359	FT911-2-452	1250	0.0000000000
359	FT911-2-453	1251	0.0000000000
359	FT911-2-454	1252	0.0000000000
359	FT911-2-455	1253	0.0000000000
359	FT911-2-456	1254	0.0000000000
359	FT911-2-457	1255	0.0000000000
359	FT911-2-458	1256	0.0000000000
359	FT911-2-459	1257	0.0000000000
359	FT911-2-460	1258	0.0000000000
359	FT911-2-461	1259	0.0000000000
359	FT911-2-462	1260	0.0000000000
359	FT911-2-464	1261	0.0000000000
359	FT911-2-465	1262	0.0000000000
359	FT911-2-466	1263	0.0000000000
359	FT911-2-467	1264	0.0000000000
359	FT911-2-468	1265	0.0000000000
359	FT911-2-469	1266	0.0000000000
359	FT911-2-471	1267	0.0000000000
359	FT911-2-472	1268	0.0000000000
359	FT911-2-473	1269	0.0000000000
359	FT911-2-474	1270	0.0000000000
359	FT911-2-475	1271	0.0000000000
359	FT911-2-476	1272	0.0000000000
359	FT911-2-478	1273	0.0000000000
359	FT911-2-479	1274	0.0000000000
359	FT911-2-480	1275	0.0000000000
359	FT911-2-481	1276	0.0000000000
359	FT911-2-482	1277	0.0000000000
359	FT911-2-483	1278	0.0000000000
359	FT911-2-484	1279	0.0000000000
359	FT911-2-485	1280	0.0000000000
359	FT911-2-486	1281	0.0000000000
359	FT911-2-487	1282	0.0000000000
359	FT911-2-488	1283	0.0000000000
359	FT911-2-489	1284	0.0000000000
359	FT911-2-490	1285	0.0000000000
359	FT911-2-491	1286	0.0000000000
359	FT911-2-492	1287	0.0000000000
359	FT911-2-493	1288	0.0000000000
359	FT911-2-494	1289	0.0000000000
359	FT911-2-495	1290	0.0000000000
359	FT911-2-496	1291	0.0000000000
359	FT911-2-497	1292	0.0000000000
359	FT911-2-498	1293	0.0000000000
359	FT911-2-500	1294	0.0000000000
359	FT911-2-501	1295	0.0000000000
359	FT911-2-502	1296	0.0000000000
359	FT911-2-503	1297	0.0000000000
359	FT911-2-505	1298	0.0000000000
359	FT911-2-506	1299	0.0000000000
359	FT911-2-507	1300	0.0000000000
359	FT911-2-508	1301	0.0000000000
359	FT911-2-510	1302	0.0000000000
359	FT911-2-511	1303	0.0000000000
359	FT911-2-515	1304	0.0000000000
359	FT911-2-516	1305	0.0000000000
359	FT911-2-517	1306	0.0000000000
359	FT911-2-518	1307	0.0000000000
359	FT911-2-520	1308	0.0000000000
359	FT911-2-521	1309	0.0000000000
359	FT911-2-524	1310	0.0000000000
359	FT911-2-525	1311	0.0000000000
359	FT911-2-526	1312	0.0000000000
359	FT911-2-527	1313	0.0000000000
359	FT911-2-529	1314	0.0000000000
359	FT911-2-530	1315	0.0000000000
359	FT911-2-531	1316	0.0000000000
359	FT911-2-532	1317	0.0000000000
359	FT911-2-533	1318	0.0000000000
359	FT911-2-534	1319	0.0000000000
359	FT911-2-535	1320	0.0000000000
359	FT911-2-537	1321	0.0000000000
359	FT911-2-538	1322	0.0000000000
359	FT911-2-539	1323	0.0000000000
359	FT911-2-541	1324	0.0000000000
359	FT911-2-542	1325	0.0000000000
359	FT911-2-543	1326	0.0000000000
359	FT911-2-544	1327	0.0000000000
359	FT911-2-545	1328	0.0000000000
359	FT911-2-546	1329	0.0000000000
359	FT911-2-547	1330	0.0000000000
359	FT911-2-548	1331	0.0000000000
359	FT911-2-549	1332	0.0000000000
359	FT911-2-550	1333	0.0000000000
359	FT911-2-551	1334	0.0000000000
359	FT911-2-552	1335	0.0000000000
359	FT911-2-553	1336	0.0000000000
359	FT911-2-554	1337	0.0000000000
359	FT911-2-555	1338	0.0000000000
359	FT911-2-556	1339	0.0000000000
359	FT911-2-560	1340	0.0000000000
359	FT911-2-562	1341	0.0000000000
359	FT911-2-563	1342	0.0000000000
359	FT911-2-564	1343	0.0000000000
359	FT911-2-565	1344	0.0000000000
359	FT911-2-566	1345	0.0000000000
359	FT911-2-567	1346	0.0000000000
359	FT911-2-570	1347	0.0000000000
359	FT911-2-571	1348	0.0000000000
359	FT911-2-573	1349	0.0000000000
359	FT911-2-574	1350	0.0000000000
359	FT911-2-576	1351	0.0000000000
359	FT911-2-577	1352	0.0000000000
359	FT911-2-578	1353	0.0000000000
359	FT911-2-579	1354	0.0000000000
359	FT911-2-580	1355	0.0000000000
359	FT911-2-582	1356	0.0000000000
359	FT911-2-583	1357	0.0000000000
359	FT911-2-584	1358	0.0000000000
359	FT911-2-585	1359	0.0000000000
359	FT911-2-586	1360	0.0000000000
359	FT911-2-588	1361	0.0000000000
359	FT911-2-589	1362	0.0000000000
359	FT911-2-590	1363	0.0000000000
359	FT911-2-592	1364	0.0000000000
359	FT911-2-593	1365	0.0000000000
359	FT911-2-594	1366	0.0000000000
359	FT911-2-595	1367	0.0000000000
359	FT911-2-596	1368	0.0000000000
359	FT911-2-598	1369	0.0000000000
359	FT911-2-599	1370	0.0000000000
359	FT911-2-600	1371	0.0000000000
359	FT911-2-601	1372	0.0000000000
359	FT911-2-602	1373	0.0000000000
359	FT911-2-603	1374	0.0000000000
359	FT911-2-604	1375	0.0000000000
359	FT911-2-605	1376	0.0000000000
359	FT911-2-606	1377	0.0000000000
359	FT911-2-607	1378	0.0000000000
359	FT911-2-608	1379	0.0000000000
359	FT911-2-609	1380	0.0000000000
359	FT911-2-610	1381	0.0000000000
359	FT911-2-611	1382	0.0000000000
359	FT911-2-613	1383	0.0000000000
359	FT911-2-614	1384	0.0000000000
359	FT911-2-615	1385	0.0000000000
359	FT911-2-616	1386	0.0000000000
359	FT911-2-617	1387	0.0000000000
359	FT911-2-618	1388	0.0000000000
359	FT911-2-620	1389	0.0000000000
359	FT911-2-622	1390	0.0000000000
359	FT911-2-624	1391	0.0000000000
359	FT911-2-625	1392	0.0000000000
359	FT911-2-626	1393	0.0000000000
359	FT911-2-627	1394	0.0000000000
359	FT911-2-628	1395	0.0000000000
359	FT911-2-629	1396	0.0000000000
359	FT911-2-630	1397	0.0000000000
359	FT911-2-631	1398	0.0000000000
359	FT911-2-632	1399	0.0000000000
359	FT911-2-633	1400	0.0000000000
359	FT911-2-634	1401	0.0000000000
359	FT911-2-635	1402	0.0000000000
359	FT911-2-637	1403	0.0000000000
359	FT911-2-638	1404	0.0000000000
359	FT911-2-639	1405	0.0000000000
359	FT911-2-640	1406	0.0000000000
359	FT911-2-642	1407	0.0000000000
359	FT911-2-643	1408	0.0000000000
359	FT911-2-644	1409	0.0000000000
359	FT911-2-645	1410	0.0000000000
359	FT911-2-646	1411	0.0000000000
359	FT911-2-647	1412	0.0000000000
359	FT911-2-648	1413	0.0000000000
359	FT911-2-649	1414	0.0000000000
359	FT911-2-650	1415	0.0000000000
359	FT911-2-651	1416	0.0000000000
359	FT911-2-652	1417	0.0000000000
359	FT911-2-654	1418	0.0000000000
359	FT911-2-655	1419	0.0000000000
359	FT911-2-656	1420	0.0000000000
359	FT911-2-657	1421	0.0000000000
359	FT911-2-658	1422	0.0000000000
359	FT911-2-659	1423	0.0000000000
359	FT911-2-660	1424	0.0000000000
359	FT911-2-661	1425	0.0000000000
359	FT911-2-662	1426	0.0000000000
359	FT911-2-663	1427	0.0000000000
359	FT911-2-664	1428	0.0000000000
359	FT911-2-665	1429	0.0000000000
359	FT911-2-666	1430	0.0000000000
359	FT911-2-667	1431	0.0000000000
359	FT911-2-668	1432	0.0000000000
359	FT911-2-670	1433	0.0000000000
359	FT911-2-671	1434	0.0000000000
359	FT911-2-672	1435	0.0000000000
359	FT911-2-673	1436	0.0000000000
359	FT911-2-674	1437	0.0000000000
359	FT911-2-675	1438	0.0000000000
359	FT911-2-676	1439	0.0000000000
359	FT911-2-677	1440	0.0000000000
359	FT911-2-678	1441	0.0000000000
359	FT911-2-679	1442	0.0000000000
359	FT911-2-680	1443	0.0000000000
359	FT911-2-681	1444	0.0000000000
359	FT911-2-684	1445	0.0000000000
359	FT911-2-687	1446	0.0000000000
359	FT911-2-688	1447	0.0000000000
359	FT911-2-689	1448	0.0000000000
359	FT911-2-690	1449	0.0000000000
359	FT911-2-691	1450	0.0000000000
359	FT911-2-692	1451	0.0000000000
359	FT911-2-693	1452	0.0000000000
359	FT911-2-694	1453	0.0000000000
359	FT911-2-696	1454	0.0000000000
359	FT911-2-698	1455	0.0000000000
359	FT911-2-700	1456	0.0000000000
359	FT911-2-701	1457	0.0000000000
359	FT911-2-703	1458	0.0000000000
359	FT911-2-704	1459	0.0000000000
359	FT911-2-705	1460	0.0000000000
359	FT911-2-706	1461	0.0000000000
359	FT911-2-708	1462	0.0000000000
359	FT911-2-709	1463	0.0000000000
359	FT911-2-710	1464	0.0000000000
359	FT911-2-711	1465	0.0000000000
359	FT911-2-712	1466	0.0000000000
359	FT911-2-713	1467	0.0000000000
359	FT911-2-714	1468	0.0000000000
359	FT911-2-715	1469	0.0000000000
359	FT911-2-716	1470	0.0000000000
359	FT911-2-717	1471	0.0000000000
359	FT911-2-718	1472	0.0000000000
359	FT911-2-719	1473	0.0000000000
359	FT911-2-720	1474	0.0000000000
359	FT911-2-721	1475	0.0000000000
359	FT911-3-723	1476	0.0000000000
359	FT911-3-724	1477	0.0000000000
359	FT911-3-726	1478	0.0000000000
359	FT911-3-727	1479	0.0000000000
359	FT911-3-728	1480	0.0000000000
359	FT911-3-729	1481	0.0000000000
359	FT911-3-730	1482	0.0000000000
359	FT911-3-731	1483	0.0000000000
359	FT911-3-732	1484	0.0000000000
359	FT911-3-733	1485	0.0000000000
359	FT911-3-734	1486	0.0000000000
359	FT911-3-735	1487	0.0000000000
359	FT911-3-736	1488	0.0000000000
359	FT911-3-737	1489	0.0000000000
359	FT911-3-738	1490	0.0000000000
359	FT911-3-739	1491	0.0000000000
359	FT911-3-740	1492	0.0000000000
359	FT911-3-742	1493	0.0000000000
359	FT911-3-743	1494	0.0000000000
359	FT911-3-744	1495	0.0000000000
359	FT911-3-746	1496	0.0000000000
359	FT911-3-747	1497	0.0000000000
359	FT911-3-748	1498	0.0000000000
359	FT911-3-749	1499	0.0000000000
359	FT911-3-750	1500	0.0000000000
359	FT911-3-751	1501	0.0000000000
359	FT911-3-752	1502	0.0000000000
359	FT911-3-753	1503	0.0000000000
359	FT911-3-755	1504	0.0000000000
359	FT911-3-756	1505	0.0000000000
359	FT911-3-757	1506	0.0000000000
359	FT911-3-758	1507	0.0000000000
359	FT911-3-759	1508	0.0000000000
359	FT911-3-760	1509	0.0000000000
359	FT911-3-761	1510	0.0000000000
359	FT911-3-763	1511	0.0000000000
359	FT911-3-765	1512	0.0000000000
359	FT911-3-766	1513	0.0000000000
359	FT911-3-767	1514	0.0000000000
359	FT911-3-768	1515	0.0000000000
359	FT911-3-769	1516	0.0000000000
359	FT911-3-770	1517	0.0000000000
359	FT911-3-771	1518	0.0000000000
359	FT911-3-772	1519	0.0000000000
359	FT911-3-773	1520	0.0000000000
359	FT911-3-774	1521	0.0000000000
359	FT911-3-775	1522	0.0000000000
359	FT911-3-776	1523	0.0000000000
359	FT911-3-777	1524	0.0000000000
359	FT911-3-778	1525	0.0000000000
359	FT911-3-780	1526	0.0000000000
359	FT911-3-781	1527	0.0000000000
359	FT911-3-782	1528	0.0000000000
359	FT911-3-783	1529	0.0000000000
359	FT911-3-784	1530	0.0000000000
359	FT911-3-785	1531	0.0000000000
359	FT911-3-786	1532	0.0000000000
359	FT911-3-787	1533	0.0000000000
359	FT911-3-788	1534	0.0000000000
359	FT911-3-789	1535	0.0000000000
359	FT911-3-790	1536	0.0000000000
359	FT911-3-791	1537	0.0000000000
359	FT911-3-792	1538	0.0000000000
359	FT911-3-793	1539	0.0000000000
359	FT911-3-794	1540	0.0000000000
359	FT911-3-797	1541	0.0000000000
359	FT911-3-798	1542	0.0000000000
359	FT911-3-799	1543	0.0000000000
359	FT911-3-800	1544	0.0000000000
359	FT911-3-801	1545	0.0000000000
359	FT911-3-802	1546	0.0000000000
359	FT911-3-803	1547	0.0000000000
359	FT911-3-804	1548	0.0000000000
359	FT911-3-805	1549	0.0000000000
359	FT911-3-806	1550	0.0000000000
359	FT911-3-807	1551	0.0000000000
359	FT911-3-808	1552	0.0000000000
359	FT911-3-809	1553	0.0000000000
359	FT911-3-810	1554	0.0000000000
359	FT911-3-811	1555	0.0000000000
359	FT911-3-812	1556	0.0000000000
359	FT911-3-813	1557	0.0000000000
359	FT911-3-814	1558	0.0000000000
359	FT911-3-815	1559	0.0000000000
359	FT911-3-816	1560	0.0000000000
359	FT911-3-817	1561	0.0000000000
359	FT911-3-818	1562	0.0000000000
359	FT911-3-819	1563	0.0000000000
359	FT911-3-820	1564	0.0000000000
359	FT911-3-822	1565	0.0000000000
359	FT911-3-823	1566	0.0000000000
359	FT911-3-824	1567	0.0000000000
359	FT911-3-825	1568	0.0000000000
359	FT911-3-826	1569	0.0000000000
359	FT911-3-828	1570	0.0000000000
359	FT911-3-829	1571	0.0000000000
359	FT911-3-830	1572	0.0000000000
359	FT911-3-831	1573	0.0000000000
359	FT911-3-832	1574	0.0000000000
359	FT911-3-833	1575	0.0000000000
359	FT911-3-837	1576	0.0000000000
359	FT911-3-838	1577	0.0000000000
359	FT911-3-841	1578	0.0000000000
359	FT911-3-842	1579	0.0000000000
359	FT911-3-843	1580	0.0000000000
359	FT911-3-847	1581	0.0000000000
359	FT911-3-849	1582	0.0000000000
359	FT911-3-850	1583	0.0000000000
359	FT911-3-851	1584	0.0000000000
359	FT911-3-852	1585	0.0000000000
359	FT911-3-853	1586	0.0000000000
359	FT911-3-854	1587	0.0000000000
359	FT911-3-855	1588	0.0000000000
359	FT911-3-856	1589	0.0000000000
359	FT911-3-859	1590	0.0000000000
359	FT911-3-860	1591	0.0000000000
359	FT911-3-861	1592	0.0000000000
359	FT911-3-862	1593	0.0000000000
359	FT911-3-863	1594	0.0000000000
359	FT911-3-864	1595	0.0000000000
359	FT911-3-865	1596	0.0000000000
359	FT911-3-866	1597	0.0000000000
359	FT911-3-867	1598	0.0000000000
359	FT911-3-868	1599	0.0000000000
359	FT911-3-869	1600	0.0000000000
359	FT911-3-870	1601	0.0000000000
359	FT911-3-871	1602	0.0000000000
359	FT911-3-872	1603	0.0000000000
359	FT911-3-873	1604	0.0000000000
359	FT911-3-874	1605	0.0000000000
359	FT911-3-875	1606	0.0000000000
359	FT911-3-876	1607	0.0000000000
359	FT911-3-877	1608	0.0000000000
359	FT911-3-878	1609	0.0000000000
359	FT911-3-879	1610	0.0000000000
359	FT911-3-880	1611	0.0000000000
359	FT911-3-881	1612	0.0000000000
359	FT911-3-882	1613	0.0000000000
359	FT911-3-884	1614	0.0000000000
359	FT911-3-885	1615	0.0000000000
359	FT911-3-887	1616	0.0000000000
359	FT911-3-888	1617	0.0000000000
359	FT911-3-889	1618	0.0000000000
359	FT911-3-890	1619	0.0000000000
359	FT911-3-891	1620	0.0000000000
359	FT911-3-892	1621	0.0000000000
359	FT911-3-893	1622	0.0000000000
359	FT911-3-894	1623	0.0000000000
359	FT911-3-895	1624	0.0000000000
359	FT911-3-896	1625	0.0000000000
359	FT911-3-897	1626	0.0000000000
359	FT911-3-898	1627	0.0000000000
359	FT911-3-899	1628	0.0000000000
359	FT911-3-900	1629	0.0000000000
359	FT911-3-901	1630	0.0000000000
359	FT911-3-902	1631	0.0000000000
359	FT911-3-903	1632	0.0000000000
359	FT911-3-904	1633	0.0000000000
359	FT911-3-905	1634	0.0000000000
359	FT911-3-906	1635	0.0000000000
359	FT911-3-907	1636	0.0000000000
359	FT911-3-908	1637	0.0000000000
359	FT911-3-909	1638	0.0000000000
359	FT911-3-910	1639	0.0000000000
359	FT911-3-911	1640	0.0000000000
359	FT911-3-912	1641	0.0000000000
359	FT911-3-913	1642	0.0000000000
359	FT911-3-914	1643	0.0000000000
359	FT911-3-915	1644	0.0000000000
359	FT911-3-916	1645	0.0000000000
359	FT911-3-917	1646	0.0000000000
359	FT911-3-918	1647	0.0000000000
359	FT911-3-919	1648	0.0000000000
359	FT911-3-920	1649	0.0000000000
359	FT911-3-922	1650	0.0000000000
359	FT911-3-923	1651	0.0000000000
359	FT911-3-924	1652	0.0000000000
359	FT911-3-925	1653	0.0000000000
359	FT911-3-926	1654	0.0000000000
359	FT911-3-927	1655	0.0000000000
359	FT911-3-928	1656	0.0000000000
359	FT911-3-930	1657	0.0000000000
359	FT911-3-931	1658	0.0000000000
359	FT911-3-932	1659	0.0000000000
359	FT911-3-933	1660	0.0000000000
359	FT911-3-934	1661	0.0000000000
359	FT911-3-935	1662	0.0000000000
359	FT911-3-936	1663	0.0000000000
359	FT911-3-937	1664	0.0000000000
359	FT911-3-938	1665	0.0000000000
359	FT911-3-939	1666	0.0000000000
359	FT911-3-940	1667	0.0000000000
359	FT911-3-941	1668	0.0000000000
359	FT911-3-942	1669	0.0000000000
359	FT911-3-944	1670	0.0000000000
359	FT911-3-945	1671	0.0000000000
359	FT911-3-946	1672	0.0000000000
359	FT911-3-947	1673	0.0000000000
359	FT911-3-949	1674	0.0000000000
359	FT911-3-951	1675	0.0000000000
359	FT911-3-952	1676	0.0000000000
359	FT911-3-954	1677	0.0000000000
359	FT911-3-955	1678	0.0000000000
359	FT911-3-956	1679	0.0000000000
359	FT911-3-957	1680	0.0000000000
359	FT911-3-958	1681	0.0000000000
359	FT911-3-959	1682	0.0000000000
359	FT911-3-961	1683	0.0000000000
359	FT911-3-962	1684	0.0000000000
359	FT911-3-963	1685	0.0000000000
359	FT911-3-964	1686	0.0000000000
359	FT911-3-965	1687	0.0000000000
359	FT911-3-966	1688	0.0000000000
359	FT911-3-968	1689	0.0000000000
359	FT911-3-969	1690	0.0000000000
359	FT911-3-970	1691	0.0000000000
359	FT911-3-972	1692	0.0000000000
359	FT911-3-973	1693	0.0000000000
359	FT911-3-974	1694	0.0000000000
359	FT911-3-975	1695	0.0000000000
359	FT911-3-976	1696	0.0000000000
359	FT911-3-977	1697	0.0000000000
359	FT911-3-978	1698	0.0000000000
359	FT911-3-979	1699	0.0000000000
359	FT911-3-981	1700	0.0000000000
359	FT911-3-982	1701	0.0000000000
359	FT911-3-983	1702	0.0000000000
359	FT911-3-984	1703	0.0000000000
359	FT911-3-985	1704	0.0000000000
359	FT911-3-986	1705	0.0000000000
359	FT911-3-987	1706	0.0000000000
359	FT911-3-988	1707	0.0000000000
359	FT911-3-989	1708	0.0000000000
359	FT911-3-990	1709	0.0000000000
359	FT911-3-991	1710	0.0000000000
359	FT911-3-993	1711	0.0000000000
359	FT911-3-994	1712	0.0000000000
359	FT911-3-995	1713	0.0000000000
359	FT911-3-996	1714	0.0000000000
359	FT911-3-997	1715	0.0000000000
359	FT911-3-998	1716	0.0000000000
359	FT911-3-999	1717	0.0000000000
359	FT911-3-1001	1718	0.0000000000
359	FT911-3-1002	1719	0.0000000000
359	FT911-3-1003	1720	0.0000000000
359	FT911-3-1004	1721	0.0000000000
359	FT911-3-1005	1722	0.0000000000
359	FT911-3-1006	1723	0.0000000000
359	FT911-3-1007	1724	0.0000000000
359	FT911-3-1008	1725	0.0000000000
359	FT911-3-1009	1726	0.0000000000
359	FT911-3-1010	1727	0.0000000000
359	FT911-3-1011	1728	0.0000000000
359	FT911-3-1012	1729	0.0000000000
359	FT911-3-1013	1730	0.0000000000
359	FT911-3-1014	1731	0.0000000000
359	FT911-3-1015	1732	0.0000000000
359	FT911-3-1016	1733	0.0000000000
359	FT911-3-1017	1734	0.0000000000
359	FT911-3-1018	1735	0.0000000000
359	FT911-3-1019	1736	0.0000000000
359	FT911-3-1020	1737	0.0000000000
359	FT911-3-1021	1738	0.0000000000
359	FT911-3-1022	1739	0.0000000000
359	FT911-3-1023	1740	0.0000000000
359	FT911-3-1024	1741	0.0000000000
359	FT911-3-1025	1742	0.0000000000
359	FT911-3-1026	1743	0.0000000000
359	FT911-3-1027	1744	0.0000000000
359	FT911-3-1028	1745	0.0000000000
359	FT911-3-1029	1746	0.0000000000
359	FT911-3-1030	1747	0.0000000000
359	FT911-3-1031	1748	0.0000000000
359	FT911-3-1033	1749	0.0000000000
359	FT911-3-1034	1750	0.0000000000
359	FT911-3-1035	1751	0.0000000000
359	FT911-3-1036	1752	0.0000000000
359	FT911-3-1037	1753	0.0000000000
359	FT911-3-1038	1754	0.0000000000
359	FT911-3-1040	1755	0.0000000000
359	FT911-3-1041	1756	0.0000000000
359	FT911-3-1042	1757	0.0000000000
359	FT911-3-1043	1758	0.0000000000
359	FT911-3-1044	1759	0.0000000000
359	FT911-3-1045	1760	0.0000000000
359	FT911-3-1046	1761	0.0000000000
359	FT911-3-1047	1762	0.0000000000
359	FT911-3-1048	1763	0.0000000000
359	FT911-3-1049	1764	0.0000000000
359	FT911-3-1050	1765	0.0000000000
359	FT911-3-1051	1766	0.0000000000
359	FT911-3-1052	1767	0.0000000000
359	FT911-3-1053	1768	0.0000000000
359	FT911-3-1054	1769	0.0000000000
359	FT911-3-1055	1770	0.0000000000
359	FT911-3-1056	1771	0.0000000000
359	FT911-3-1057	1772	0.0000000000
359	FT911-3-1059	1773	0.0000000000
359	FT911-3-1060	1774	0.0000000000
359	FT911-3-1061	1775	0.0000000000
359	FT911-3-1063	1776	0.0000000000
359	FT911-3-1064	1777	0.0000000000
359	FT911-3-1065	1778	0.0000000000
359	FT911-3-1067	1779	0.0000000000
359	FT911-3-1069	1780	0.0000000000
359	FT911-3-1070	1781	0.0000000000
359	FT911-3-1071	1782	0.0000000000
359	FT911-3-1074	1783	0.0000000000
359	FT911-3-1076	1784	0.0000000000
359	FT911-3-1077	1785	0.0000000000
359	FT911-3-1078	1786	0.0000000000
359	FT911-3-1079	1787	0.0000000000
359	FT911-3-1080	1788	0.0000000000
359	FT911-3-1081	1789	0.0000000000
359	FT911-3-1082	1790	0.0000000000
359	FT911-3-1083	1791	0.0000000000
359	FT911-3-1086	1792	0.0000000000
359	FT911-3-1087	1793	0.0000000000
359	FT911-3-1088	1794	0.0000000000
359	FT911-3-1089	1795	0.0000000000
359	FT911-3-1090	1796	0.0000000000
359	FT911-3-1091	1797	0.0000000000
359	FT911-3-1093	1798	0.0000000000
359	FT911-3-1094	1799	0.0000000000
359	FT911-3-1095	1800	0.0000000000
359	FT911-3-1096	1801	0.0000000000
359	FT911-3-1097	1802	0.0000000000
359	FT911-4-1099	1803	0.0000000000
359	FT911-4-1100	1804	0.0000000000
359	FT911-4-1101	1805	0.0000000000
359	FT911-4-1102	1806	0.0000000000
359	FT911-4-1103	1807	0.0000000000
359	FT911-4-1104	1808	0.0000000000
359	FT911-4-1105	1809	0.0000000000
359	FT911-4-1106	1810	0.0000000000
359	FT911-4-1107	1811	0.0000000000
359	FT911-4-1108	1812	0.0000000000
359	FT911-4-1110	1813	0.0000000000
359	FT911-4-1111	1814	0.0000000000
359	FT911-4-1112	1815	0.0000000000
359	FT911-4-1113	1816	0.0000000000
359	FT911-4-1114	1817	0.0000000000
359	FT911-4-1115	1818	0.0000000000
359	FT911-4-1116	1819	0.0000000000
359	FT911-4-1117	1820	0.0000000000
359	FT911-4-1118	1821	0.0000000000
359	FT911-4-1121	1822	0.0000000000
359	FT911-4-1123	1823	0.0000000000
359	FT911-4-1124	1824	0.0000000000
359	FT911-4-1126	1825	0.0000000000
359	FT911-4-1127	1826	0.0000000000
359	FT911-4-1128	1827	0.0000000000
359	FT911-4-1129	1828	0.0000000000
359	FT911-4-1130	1829	0.0000000000
359	FT911-4-1133	1830	0.0000000000
359	FT911-4-1134	1831	0.0000000000
359	FT911-4-1135	1832	0.0000000000
359	FT911-4-1136	1833	0.0000000000
359	FT911-4-1138	1834	0.0000000000
359	FT911-4-1139	1835	0.0000000000
359	FT911-4-1142	1836	0.0000000000
359	FT911-4-1143	1837	0.0000000000
359	FT911-4-1145	1838	0.0000000000
359	FT911-4-1147	1839	0.0000000000
359	FT911-4-1149	1840	0.0000000000
359	FT911-4-1150	1841	0.0000000000
359	FT911-4-1151	1842	0.0000000000
359	FT911-4-1152	1843	0.0000000000
359	FT911-4-1153	1844	0.0000000000
359	FT911-4-1154	1845	0.0000000000
359	FT911-4-1155	1846	0.0000000000
359	FT911-4-1156	1847	0.0000000000
359	FT911-4-1157	1848	0.0000000000
359	FT911-4-1158	1849	0.0000000000
359	FT911-4-1161	1850	0.0000000000
359	FT911-4-1162	1851	0.0000000000
359	FT911-4-1163	1852	0.0000000000
359	FT911-4-1164	1853	0.0000000000
359	FT911-4-1166	1854	0.0000000000
359	FT911-4-1167	1855	0.0000000000
359	FT911-4-1168	1856	0.0000000000
359	FT911-4-1169	1857	0.0000000000
359	FT911-4-1170	1858	0.0000000000
359	FT911-4-1172	1859	0.0000000000
359	FT911-4-1173	1860	0.0000000000
359	FT911-4-1174	1861	0.0000000000
359	FT911-4-1175	1862	0.0000000000
359	FT911-4-1176	1863	0.0000000000
359	FT911-4-1177	1864	0.0000000000
359	FT911-4-1178	1865	0.0000000000
359	FT911-4-1179	1866	0.0000000000
359	FT911-4-1180	1867	0.0000000000
359	FT911-4-1181	1868	0.0000000000
359	FT911-4-1182	1869	0.0000000000
359	FT911-4-1183	1870	0.0000000000
359	FT911-4-1185	1871	0.0000000000
359	FT911-4-1186	1872	0.0000000000
359	FT911-4-1187	1873	0.0000000000
359	FT911-4-1188	1874	0.0000000000
359	FT911-4-1189	1875	0.0000000000
359	FT911-4-1190	1876	0.0000000000
359	FT911-4-1191	1877	0.0000000000
359	FT911-4-1192	1878	0.0000000000
359	FT911-4-1193	1879	0.0000000000
359	FT911-4-1194	1880	0.0000000000
359	FT911-4-1195	1881	0.0000000000
359	FT911-4-1196	1882	0.0000000000
359	FT911-4-1197	1883	0.0000000000
359	FT911-4-1198	1884	0.0000000000
359	FT911-4-1199	1885	0.0000000000
359	FT911-4-1200	1886	0.0000000000
359	FT911-4-1201	1887	0.0000000000
359	FT911-4-1203	1888	0.0000000000
359	FT911-4-1204	1889	0.0000000000
359	FT911-4-1205	1890	0.0000000000
359	FT911-4-1206	1891	0.0000000000
359	FT911-4-1207	1892	0.0000000000
359	FT911-4-1208	1893	0.0000000000
359	FT911-4-1209	1894	0.0000000000
359	FT911-4-1211	1895	0.0000000000
359	FT911-4-1212	1896	0.0000000000
359	FT911-4-1213	1897	0.0000000000
359	FT911-4-1214	1898	0.0000000000
359	FT911-4-1215	1899	0.0000000000
359	FT911-4-1216	1900	0.0000000000
359	FT911-4-1217	1901	0.0000000000
359	FT911-4-1218	1902	0.0000000000
359	FT911-4-1219	1903	0.0000000000
359	FT911-4-1223	1904	0.0000000000
359	FT911-4-1225	1905	0.0000000000
359	FT911-4-1226	1906	0.0000000000
359	FT911-4-1227	1907	0.0000000000
359	FT911-4-1228	1908	0.0000000000
359	FT911-4-1229	1909	0.0000000000
359	FT911-4-1230	1910	0.0000000000
359	FT911-4-1231	1911	0.0000000000
359	FT911-4-1232	1912	0.0000000000
359	FT911-4-1233	1913	0.0000000000
359	FT911-4-1234	1914	0.0000000000
359	FT911-4-1235	1915	0.0000000000
359	FT911-4-1236	1916	0.0000000000
359	FT911-4-1237	1917	0.0000000000
359	FT911-4-1238	1918	0.0000000000
359	FT911-4-1239	1919	0.0000000000
359	FT911-4-1240	1920	0.0000000000
359	FT911-4-1241	1921	0.0000000000
359	FT911-4-1242	1922	0.0000000000
359	FT911-4-1243	1923	0.0000000000
359	FT911-4-1244	1924	0.0000000000
359	FT911-4-1245	1925	0.0000000000
359	FT911-4-1246	1926	0.0000000000
359	FT911-4-1247	1927	0.0000000000
359	FT911-4-1248	1928	0.0000000000
359	FT911-4-1249	1929	0.0000000000
359	FT911-4-1250	1930	0.0000000000
359	FT911-4-1251	1931	0.0000000000
359	FT911-4-1252	1932	0.0000000000
359	FT911-4-1253	1933	0.0000000000
359	FT911-4-1254	1934	0.0000000000
359	FT911-4-1255	1935	0.0000000000
359	FT911-4-1256	1936	0.0000000000
359	FT911-4-1258	1937	0.0000000000
359	FT911-4-1259	1938	0.0000000000
359	FT911-4-1260	1939	0.0000000000
359	FT911-4-1261	1940	0.0000000000
359	FT911-4-1262	1941	0.0000000000
359	FT911-4-1263	1942	0.0000000000
359	FT911-4-1265	1943	0.0000000000
359	FT911-4-1266	1944	0.0000000000
359	FT911-4-1267	1945	0.0000000000
359	FT911-4-1268	1946	0.0000000000
359	FT911-4-1269	1947	0.0000000000
359	FT911-4-1270	1948	0.0000000000
359	FT911-4-1272	1949	0.0000000000
359	FT911-4-1273	1950	0.0000000000
359	FT911-4-1275	1951	0.0000000000
359	FT911-4-1276	1952	0.0000000000
359	FT911-4-1278	1953	0.0000000000
359	FT911-4-1279	1954	0.0000000000
359	FT911-4-1280	1955	0.0000000000
359	FT911-4-1282	1956	0.0000000000
359	FT911-4-1283	1957	0.0000000000
359	FT911-4-1284	1958	0.0000000000
359	FT911-4-1285	1959	0.0000000000
359	FT911-4-1286	1960	0.0000000000
359	FT911-4-1287	1961	0.0000000000
359	FT911-4-1288	1962	0.0000000000
359	FT911-4-1291	1963	0.0000000000
359	FT911-4-1293	1964	0.0000000000
359	FT911-4-1294	1965	0.0000000000
359	FT911-4-1295	1966	0.0000000000
359	FT911-4-1297	1967	0.0000000000
359	FT911-4-1300	1968	0.0000000000
359	FT911-4-1303	1969	0.0000000000
359	FT911-4-1304	1970	0.0000000000
359	FT911-4-1305	1971	0.0000000000
359	FT911-4-1306	1972	0.0000000000
359	FT911-4-1307	1973	0.0000000000
359	FT911-4-1308	1974	0.0000000000
359	FT911-4-1309	1975	0.0000000000
359	FT911-4-1310	1976	0.0000000000
359	FT911-4-1311	1977	0.0000000000
359	FT911-4-1313	1978	0.0000000000
359	FT911-4-1314	1979	0.0000000000
359	FT911-4-1315	1980	0.0000000000
359	FT911-4-1316	1981	0.0000000000
359	FT911-4-1317	1982	0.0000000000
359	FT911-4-1318	1983	0.0000000000
359	FT911-4-1320	1984	0.0000000000
359	FT911-4-1321	1985	0.0000000000
359	FT911-4-1322	1986	0.0000000000
359	FT911-4-1323	1987	0.0000000000
359	FT911-4-1324	1988	0.0000000000
359	FT911-4-1325	1989	0.0000000000
359	FT911-4-1326	1990	0.0000000000
359	FT911-4-1327	1991	0.0000000000
359	FT911-4-1328	1992	0.0000000000
359	FT911-4-1329	1993	0.0000000000
359	FT911-4-1330	1994	0.0000000000
359	FT911-4-1331	1995	0.0000000000
359	FT911-4-1332	1996	0.0000000000
359	FT911-4-1333	1997	0.0000000000
359	FT911-4-1334	1998	0.0000000000
359	FT911-4-1335	1999	0.0000000000
359	FT911-4-1336	2000	0.0000000000
359	FT911-4-1337	2001	0.0000000000
359	FT911-4-1338	2002	0.0000000000
359	FT911-4-1339	2003	0.0000000000
359	FT911-4-1342	2004	0.0000000000
359	FT911-4-1343	2005	0.0000000000
359	FT911-4-1344	2006	0.0000000000
359	FT911-4-1345	2007	0.0000000000
359	FT911-4-1346	2008	0.0000000000
359	FT911-4-1347	2009	0.0000000000
359	FT911-4-1348	2010	0.0000000000
359	FT911-4-1349	2011	0.0000000000
359	FT911-4-1350	2012	0.0000000000
359	FT911-4-1351	2013	0.0000000000
359	FT911-4-1352	2014	0.0000000000
359	FT911-4-1353	2015	0.0000000000
359	FT911-4-1354	2016	0.0000000000
359	FT911-4-1355	2017	0.0000000000
359	FT911-4-1356	2018	0.0000000000
359	FT911-4-1357	2019	0.0000000000
359	FT911-4-1358	2020	0.0000000000
359	FT911-4-1360	2021	0.0000000000
359	FT911-4-1362	2022	0.0000000000
359	FT911-4-1365	2023	0.0000000000
359	FT911-4-1366	2024	0.0000000000
359	FT911-4-1367	2025	0.0000000000
359	FT911-4-1368	2026	0.0000000000
359	FT911-4-1369	2027	0.0000000000
359	FT911-4-1372	2028	0.0000000000
359	FT911-4-1373	2029	0.0000000000
359	FT911-4-1374	2030	0.0000000000
359	FT911-4-1375	2031	0.0000000000
359	FT911-4-1376	2032	0.0000000000
359	FT911-4-1377	2033	0.0000000000
359	FT911-4-1378	2034	0.0000000000
359	FT911-4-1379	2035	0.0000000000
359	FT911-4-1380	2036	0.0000000000
359	FT911-4-1381	2037	0.0000000000
359	FT911-4-1382	2038	0.0000000000
359	FT911-4-1383	2039	0.0000000000
359	FT911-4-1384	2040	0.0000000000
359	FT911-4-1385	2041	0.0000000000
359	FT911-4-1386	2042	0.0000000000
359	FT911-4-1387	2043	0.0000000000
359	FT911-4-1389	2044	0.0000000000
359	FT911-4-1390	2045	0.0000000000
359	FT911-4-1391	2046	0.0000000000
359	FT911-4-1392	2047	0.0000000000
359	FT911-4-1393	2048	0.0000000000
359	FT911-4-1394	2049	0.0000000000
359	FT911-4-1395	2050	0.0000000000
359	FT911-4-1396	2051	0.0000000000
359	FT911-4-1397	2052	0.0000000000
359	FT911-4-1398	2053	0.0000000000
359	FT911-4-1399	2054	0.0000000000
359	FT911-4-1401	2055	0.0000000000
359	FT911-4-1402	2056	0.0000000000
359	FT911-4-1403	2057	0.0000000000
359	FT911-4-1404	2058	0.0000000000
359	FT911-4-1406	2059	0.0000000000
359	FT911-4-1407	2060	0.0000000000
359	FT911-4-1408	2061	0.0000000000
359	FT911-4-1409	2062	0.0000000000
359	FT911-4-1410	2063	0.0000000000
359	FT911-4-1411	2064	0.0000000000
359	FT911-4-1412	2065	0.0000000000
359	FT911-4-1413	2066	0.0000000000
359	FT911-4-1414	2067	0.0000000000
359	FT911-4-1415	2068	0.0000000000
359	FT911-4-1417	2069	0.0000000000
359	FT911-4-1418	2070	0.0000000000
359	FT911-4-1419	2071	0.0000000000
359	FT911-4-1420	2072	0.0000000000
359	FT911-4-1421	2073	0.0000000000
359	FT911-4-1422	2074	0.0000000000
359	FT911-4-1424	2075	0.0000000000
359	FT911-4-1425	2076	0.0000000000
359	FT911-4-1426	2077	0.0000000000
359	FT911-4-1427	2078	0.0000000000
359	FT911-4-1429	2079	0.0000000000
359	FT911-4-1430	2080	0.0000000000
359	FT911-4-1431	2081	0.0000000000
359	FT911-4-1432	2082	0.0000000000
359	FT911-4-1433	2083	0.0000000000
359	FT911-4-1434	2084	0.0000000000
359	FT911-4-1435	2085	0.0000000000
359	FT911-4-1436	2086	0.0000000000
359	FT911-4-1437	2087	0.0000000000
359	FT911-4-1438	2088	0.0000000000
359	FT911-4-1439	2089	0.0000000000
359	FT911-4-1440	2090	0.0000000000
359	FT911-4-1441	2091	0.0000000000
359	FT911-4-1442	2092	0.0000000000
359	FT911-4-1443	2093	0.0000000000
359	FT911-4-1444	2094	0.0000000000
359	FT911-4-1445	2095	0.0000000000
359	FT911-4-1446	2096	0.0000000000
359	FT911-4-1447	2097	0.0000000000
359	FT911-4-1448	2098	0.0000000000
359	FT911-4-1449	2099	0.0000000000
359	FT911-4-1450	2100	0.0000000000
359	FT911-4-1452	2101	0.0000000000
359	FT911-4-1453	2102	0.0000000000
359	FT911-4-1454	2103	0.0000000000
359	FT911-4-1455	2104	0.0000000000
359	FT911-4-1456	2105	0.0000000000
359	FT911-4-1457	2106	0.0000000000
359	FT911-4-1458	2107	0.0000000000
359	FT911-4-1459	2108	0.0000000000
359	FT911-4-1460	2109	0.0000000000
359	FT911-4-1461	2110	0.0000000000
359	FT911-4-1462	2111	0.0000000000
359	FT911-4-1463	2112	0.0000000000
359	FT911-4-1466	2113	0.0000000000
359	FT911-4-1467	2114	0.0000000000
359	FT911-4-1468	2115	0.0000000000
359	FT911-4-1470	2116	0.0000000000
359	FT911-4-1471	2117	0.0000000000
359	FT911-4-1472	2118	0.0000000000
359	FT911-4-1473	2119	0.0000000000
359	FT911-4-1475	2120	0.0000000000
359	FT911-4-1476	2121	0.0000000000
359	FT911-4-1477	2122	0.0000000000
359	FT911-4-1478	2123	0.0000000000
359	FT911-5-1479	2124	0.0000000000
359	FT911-5-1480	2125	0.0000000000
359	FT911-5-1481	2126	0.0000000000
359	FT911-5-1483	2127	0.0000000000
359	FT911-5-1484	2128	0.0000000000
359	FT911-5-1485	2129	0.0000000000
359	FT911-5-1486	2130	0.0000000000
359	FT911-5-1487	2131	0.0000000000
359	FT911-5-1488	2132	0.0000000000
359	FT911-5-1489	2133	0.0000000000
359	FT911-5-1492	2134	0.0000000000
359	FT911-5-1493	2135	0.0000000000
359	FT911-5-1494	2136	0.0000000000
359	FT911-5-1496	2137	0.0000000000
359	FT911-5-1497	2138	0.0000000000
359	FT911-5-1498	2139	0.0000000000
359	FT911-5-1500	2140	0.0000000000
359	FT911-5-1501	2141	0.0000000000
359	FT911-5-1502	2142	0.0000000000
359	FT911-5-1503	2143	0.0000000000
359	FT911-5-1504	2144	0.0000000000
359	FT911-5-1505	2145	0.0000000000
359	FT911-5-1507	2146	0.0000000000
359	FT911-5-1508	2147	0.0000000000
359	FT911-5-1509	2148	0.0000000000
359	FT911-5-1510	2149	0.0000000000
359	FT911-5-1511	2150	0.0000000000
359	FT911-5-1512	2151	0.0000000000
359	FT911-5-1513	2152	0.0000000000
359	FT911-5-1514	2153	0.0000000000
359	FT911-5-1515	2154	0.0000000000
359	FT911-5-1516	2155	0.0000000000
359	FT911-5-1517	2156	0.0000000000
359	FT911-5-1520	2157	0.0000000000
359	FT911-5-1521	2158	0.0000000000
359	FT911-5-1522	2159	0.0000000000
359	FT911-5-1523	2160	0.0000000000
359	FT911-5-1524	2161	0.0000000000
359	FT911-5-1525	2162	0.0000000000
359	FT911-5-1526	2163	0.0000000000
359	FT911-5-1527	2164	0.0000000000
359	FT911-5-1528	2165	0.0000000000
359	FT911-5-1529	2166	0.0000000000
359	FT911-5-1530	2167	0.0000000000
359	FT911-5-1531	2168	0.0000000000
359	FT911-5-1532	2169	0.0000000000
359	FT911-5-1533	2170	0.0000000000
359	FT911-5-1534	2171	0.0000000000
359	FT911-5-1535	2172	0.0000000000
359	FT911-5-1537	2173	0.0000000000
359	FT911-5-1538	2174	0.0000000000
359	FT911-5-1539	2175	0.0000000000
359	FT911-5-1541	2176	0.0000000000
359	FT911-5-1542	2177	0.0000000000
359	FT911-5-1543	2178	0.0000000000
359	FT911-5-1544	2179	0.0000000000
359	FT911-5-1545	2180	0.0000000000
359	FT911-5-1546	2181	0.0000000000
359	FT911-5-1547	2182	0.0000000000
359	FT911-5-1548	2183	0.0000000000
359	FT911-5-1549	2184	0.0000000000
359	FT911-5-1550	2185	0.0000000000
359	FT911-5-1551	2186	0.0000000000
359	FT911-5-1552	2187	0.0000000000
359	FT911-5-1553	2188	0.0000000000
359	FT911-5-1554	2189	0.0000000000
359	FT911-5-1555	2190	0.0000000000
359	FT911-5-1556	2191	0.0000000000
359	FT911-5-1557	2192	0.0000000000
359	FT911-5-1558	2193	0.0000000000
359	FT911-5-1559	2194	0.0000000000
359	FT911-5-1560	2195	0.0000000000
359	FT911-5-1561	2196	0.0000000000
359	FT911-5-1562	2197	0.0000000000
359	FT911-5-1564	2198	0.0000000000
359	FT911-5-1565	2199	0.0000000000
359	FT911-5-1566	2200	0.0000000000
359	FT911-5-1567	2201	0.0000000000
359	FT911-5-1568	2202	0.0000000000
359	FT911-5-1569	2203	0.0000000000
359	FT911-5-1571	2204	0.0000000000
359	FT911-5-1572	2205	0.0000000000
359	FT911-5-1573	2206	0.0000000000
359	FT911-5-1574	2207	0.0000000000
359	FT911-5-1575	2208	0.0000000000
359	FT911-5-1576	2209	0.0000000000
359	FT911-5-1577	2210	0.0000000000
359	FT911-5-1578	2211	0.0000000000
359	FT911-5-1579	2212	0.0000000000
359	FT911-5-1580	2213	0.0000000000
359	FT911-5-1581	2214	0.0000000000
359	FT911-5-1582	2215	0.0000000000
359	FT911-5-1586	2216	0.0000000000
359	FT911-5-1587	2217	0.0000000000
359	FT911-5-1588	2218	0.0000000000
359	FT911-5-1589	2219	0.0000000000
359	FT911-5-1590	2220	0.0000000000
359	FT911-5-1591	2221	0.0000000000
359	FT911-5-1592	2222	0.0000000000
359	FT911-5-1593	2223	0.0000000000
359	FT911-5-1594	2224	0.0000000000
359	FT911-5-1595	2225	0.0000000000
359	FT911-5-1596	2226	0.0000000000
359	FT911-5-1597	2227	0.0000000000
359	FT911-5-1598	2228	0.0000000000
359	FT911-5-1599	2229	0.0000000000
359	FT911-5-1600	2230	0.0000000000
359	FT911-5-1601	2231	0.0000000000
359	FT911-5-1602	2232	0.0000000000
359	FT911-5-1603	2233	0.0000000000
359	FT911-5-1604	2234	0.0000000000
359	FT911-5-1605	2235	0.0000000000
359	FT911-5-1606	2236	0.0000000000
359	FT911-5-1607	2237	0.0000000000
359	FT911-5-1608	2238	0.0000000000
359	FT911-5-1609	2239	0.0000000000
359	FT911-5-1610	2240	0.0000000000
359	FT911-5-1611	2241	0.0000000000
359	FT911-5-1612	2242	0.0000000000
359	FT911-5-1613	2243	0.0000000000
359	FT911-5-1614	2244	0.0000000000
359	FT911-5-1616	2245	0.0000000000
359	FT911-5-1617	2246	0.0000000000
359	FT911-5-1618	2247	0.0000000000
359	FT911-5-1619	2248	0.0000000000
359	FT911-5-1622	2249	0.0000000000
359	FT911-5-1623	2250	0.0000000000
359	FT911-5-1624	2251	0.0000000000
359	FT911-5-1625	2252	0.0000000000
359	FT911-5-1626	2253	0.0000000000
359	FT911-5-1629	2254	0.0000000000
359	FT911-5-1630	2255	0.0000000000
359	FT911-5-1631	2256	0.0000000000
359	FT911-5-1632	2257	0.0000000000
359	FT911-5-1633	2258	0.0000000000
359	FT911-5-1634	2259	0.0000000000
359	FT911-5-1635	2260	0.0000000000
359	FT911-5-1636	2261	0.0000000000
359	FT911-5-1637	2262	0.0000000000
359	FT911-5-1638	2263	0.0000000000
359	FT911-5-1639	2264	0.0000000000
359	FT911-5-1641	2265	0.0000000000
359	FT911-5-1642	2266	0.0000000000
359	FT911-5-1643	2267	0.0000000000
359	FT911-5-1644	2268	0.0000000000
359	FT911-5-1645	2269	0.0000000000
359	FT911-5-1647	2270	0.0000000000
359	FT911-5-1648	2271	0.0000000000
359	FT911-5-1649	2272	0.0000000000
359	FT911-5-1650	2273	0.0000000000
359	FT911-5-1651	2274	0.0000000000
359	FT911-5-1652	2275	0.0000000000
359	FT911-5-1653	2276	0.0000000000
359	FT911-5-1654	2277	0.0000000000
359	FT911-5-1655	2278	0.0000000000
359	FT911-5-1656	2279	0.0000000000
359	FT911-5-1658	2280	0.0000000000
359	FT911-5-1660	2281	0.0000000000
359	FT911-5-1661	2282	0.0000000000
359	FT911-5-1662	2283	0.0000000000
359	FT911-5-1663	2284	0.0000000000
359	FT911-5-1664	2285	0.0000000000
359	FT911-5-1665	2286	0.0000000000
359	FT911-5-1666	2287	0.0000000000
359	FT911-5-1667	2288	0.0000000000
359	FT911-5-1668	2289	0.0000000000
359	FT911-5-1669	2290	0.0000000000
359	FT911-5-1670	2291	0.0000000000
359	FT911-5-1690	2292	0.0000000000
359	FT911-5-1691	2293	0.0000000000
359	FT911-5-1692	2294	0.0000000000
359	FT911-5-1693	2295	0.0000000000
359	FT911-5-1694	2296	0.0000000000
359	FT911-5-1698	2297	0.0000000000
359	FT911-5-1699	2298	0.0000000000
359	FT911-5-1700	2299	0.0000000000
359	FT911-5-1701	2300	0.0000000000
359	FT911-5-1702	2301	0.0000000000
359	FT911-5-1703	2302	0.0000000000
359	FT911-5-1704	2303	0.0000000000
359	FT911-5-1705	2304	0.0000000000
359	FT911-5-1706	2305	0.0000000000
359	FT911-5-1707	2306	0.0000000000
359	FT911-5-1708	2307	0.0000000000
359	FT911-5-1709	2308	0.0000000000
359	FT911-5-1710	2309	0.0000000000
359	FT911-5-1713	2310	0.0000000000
359	FT911-5-1714	2311	0.0000000000
359	FT911-5-1715	2312	0.0000000000
359	FT911-5-1716	2313	0.0000000000
359	FT911-5-1718	2314	0.0000000000
359	FT911-5-1719	2315	0.0000000000
359	FT911-5-1720	2316	0.0000000000
359	FT911-5-1721	2317	0.0000000000
359	FT911-5-1722	2318	0.0000000000
359	FT911-5-1723	2319	0.0000000000
359	FT911-5-1724	2320	0.0000000000
359	FT911-5-1725	2321	0.0000000000
359	FT911-5-1726	2322	0.0000000000
359	FT911-5-1727	2323	0.0000000000
359	FT911-5-1728	2324	0.0000000000
359	FT911-5-1729	2325	0.0000000000
359	FT911-5-1730	2326	0.0000000000
359	FT911-5-1732	2327	0.0000000000
359	FT911-5-1733	2328	0.0000000000
359	FT911-5-1735	2329	0.0000000000
359	FT911-5-1736	2330	0.0000000000
359	FT911-5-1737	2331	0.0000000000
359	FT911-5-1738	2332	0.0000000000
359	FT911-5-1739	2333	0.0000000000
359	FT911-5-1740	2334	0.0000000000
359	FT911-5-1741	2335	0.0000000000
359	FT911-5-1742	2336	0.0000000000
359	FT911-5-1743	2337	0.0000000000
359	FT911-5-1744	2338	0.0000000000
359	FT911-5-1745	2339	0.0000000000
359	FT911-5-1746	2340	0.0000000000
359	FT911-5-1747	2341	0.0000000000
359	FT911-5-1748	2342	0.0000000000
359	FT911-5-1749	2343	0.0000000000
359	FT911-5-1750	2344	0.0000000000
359	FT911-5-1751	2345	0.0000000000
359	FT911-5-1753	2346	0.0000000000
359	FT911-5-1754	2347	0.0000000000
359	FT911-5-1755	2348	0.0000000000
359	FT911-5-1756	2349	0.0000000000
359	FT911-5-1757	2350	0.0000000000
359	FT911-5-1758	2351	0.0000000000
359	FT911-5-1760	2352	0.0000000000
359	FT911-5-1761	2353	0.0000000000
359	FT911-5-1762	2354	0.0000000000
359	FT911-5-1763	2355	0.0000000000
359	FT911-5-1764	2356	0.0000000000
359	FT911-5-1765	2357	0.0000000000
359	FT911-5-1766	2358	0.0000000000
359	FT911-5-1767	2359	0.0000000000
359	FT911-5-1768	2360	0.0000000000
359	FT911-5-1769	2361	0.0000000000
359	FT911-5-1770	2362	0.0000000000
359	FT911-5-1771	2363	0.0000000000
359	FT911-5-1772	2364	0.0000000000
359	FT911-5-1773	2365	0.0000000000
359	FT911-5-1774	2366	0.0000000000
359	FT911-5-1775	2367	0.0000000000
359	FT911-5-1776	2368	0.0000000000
359	FT911-5-1777	2369	0.0000000000
359	FT911-5-1778	2370	0.0000000000
359	FT911-5-1779	2371	0.0000000000
359	FT911-5-1780	2372	0.0000000000
359	FT911-5-1781	2373	0.0000000000
359	FT911-5-1782	2374	0.0000000000
359	FT911-5-1783	2375	0.0000000000
359	FT911-5-1784	2376	0.0000000000
359	FT911-5-1786	2377	0.0000000000
359	FT911-5-1787	2378	0.0000000000
359	FT911-5-1789	2379	0.0000000000
359	FT911-5-1790	2380	0.0000000000
359	FT911-5-1792	2381	0.0000000000
359	FT911-5-1793	2382	0.0000000000
359	FT911-5-1794	2383	0.0000000000
359	FT911-5-1795	2384	0.0000000000
359	FT911-5-1796	2385	0.0000000000
359	FT911-5-1798	2386	0.0000000000
359	FT911-5-1799	2387	0.0000000000
359	FT911-5-1800	2388	0.0000000000
359	FT911-5-1801	2389	0.0000000000
359	FT911-5-1802	2390	0.0000000000
359	FT911-5-1803	2391	0.0000000000
359	FT911-5-1804	2392	0.0000000000
359	FT911-5-1805	2393	0.0000000000
359	FT911-5-1806	2394	0.0000000000
359	FT911-5-1807	2395	0.0000000000
359	FT911-5-1808	2396	0.0000000000
359	FT911-5-1809	2397	0.0000000000
359	FT911-5-1811	2398	0.0000000000
359	FT911-5-1812	2399	0.0000000000
359	FT911-5-1813	2400	0.0000000000
359	FT911-5-1814	2401	0.0000000000
359	FT911-5-1816	2402	0.0000000000
359	FT911-5-1818	2403	0.0000000000
359	FT911-5-1819	2404	0.0000000000
359	FT911-5-1820	2405	0.0000000000
359	FT911-5-1821	2406	0.0000000000
359	FT911-5-1822	2407	0.0000000000
359	FT911-5-1823	2408	0.0000000000
359	FT911-5-1824	2409	0.0000000000
359	FT911-5-1825	2410	0.0000000000
359	FT911-5-1826	2411	0.0000000000
359	FT911-5-1827	2412	0.0000000000
359	FT911-5-1828	2413	0.0000000000
359	FT911-5-1829	2414	0.0000000000
359	FT911-5-1831	2415	0.0000000000
359	FT911-6-1832	2416	0.0000000000
359	FT911-6-1833	2417	0.0000000000
359	FT911-6-1834	2418	0.0000000000
359	FT911-6-1835	2419	0.0000000000
359	FT911-6-1836	2420	0.0000000000
359	FT911-6-1837	2421	0.0000000000
359	FT911-6-1838	2422	0.0000000000
359	FT911-6-1839	2423	0.0000000000
359	FT911-6-1840	2424	0.0000000000
359	FT911-6-1841	2425	0.0000000000
359	FT911-6-1842	2426	0.0000000000
359	FT911-6-1843	2427	0.0000000000
359	FT911-6-1844	2428	0.0000000000
359	FT911-6-1845	2429	0.0000000000
359	FT911-6-1847	2430	0.0000000000
359	FT911-6-1849	2431	0.0000000000
359	FT911-6-1850	2432	0.0000000000
359	FT911-6-1851	2433	0.0000000000
359	FT911-6-1852	2434	0.0000000000
359	FT911-6-1853	2435	0.0000000000
359	FT911-6-1854	2436	0.0000000000
359	FT911-6-1855	2437	0.0000000000
359	FT911-6-1856	2438	0.0000000000
359	FT911-6-1857	2439	0.0000000000
359	FT911-6-1860	2440	0.0000000000
359	FT911-6-1861	2441	0.0000000000
359	FT911-6-1862	2442	0.0000000000
359	FT911-6-1863	2443	0.0000000000
359	FT911-6-1864	2444	0.0000000000
359	FT911-6-1865	2445	0.0000000000
359	FT911-6-1866	2446	0.0000000000
359	FT911-6-1867	2447	0.0000000000
359	FT911-6-1868	2448	0.0000000000
359	FT911-6-1869	2449	0.0000000000
359	FT911-6-1870	2450	0.0000000000
359	FT911-6-1871	2451	0.0000000000
359	FT911-6-1872	2452	0.0000000000
359	FT911-6-1874	2453	0.0000000000
359	FT911-6-1875	2454	0.0000000000
359	FT911-6-1876	2455	0.0000000000
359	FT911-6-1877	2456	0.0000000000
359	FT911-6-1878	2457	0.0000000000
359	FT911-6-1879	2458	0.0000000000
359	FT911-6-1880	2459	0.0000000000
359	FT911-6-1881	2460	0.0000000000
359	FT911-6-1882	2461	0.0000000000
359	FT911-6-1883	2462	0.0000000000
359	FT911-6-1884	2463	0.0000000000
359	FT911-6-1885	2464	0.0000000000
359	FT911-6-1886	2465	0.0000000000
359	FT911-6-1887	2466	0.0000000000
359	FT911-6-1888	2467	0.0000000000
359	FT911-6-1889	2468	0.0000000000
359	FT911-6-1890	2469	0.0000000000
359	FT911-6-1892	2470	0.0000000000
359	FT911-6-1893	2471	0.0000000000
359	FT911-6-1896	2472	0.0000000000
359	FT911-6-1897	2473	0.0000000000
359	FT911-6-1898	2474	0.0000000000
359	FT911-6-1900	2475	0.0000000000
359	FT911-6-1901	2476	0.0000000000
359	FT911-6-1904	2477	0.0000000000
359	FT911-6-1905	2478	0.0000000000
359	FT911-6-1906	2479	0.0000000000
359	FT911-6-1907	2480	0.0000000000
359	FT911-6-1908	2481	0.0000000000
359	FT911-6-1909	2482	0.0000000000
359	FT911-6-1910	2483	0.0000000000
359	FT911-6-1913	2484	0.0000000000
359	FT911-6-1916	2485	0.0000000000
359	FT911-6-1917	2486	0.0000000000
359	FT911-6-1918	2487	0.0000000000
359	FT911-6-1919	2488	0.0000000000
359	FT911-6-1922	2489	0.0000000000
359	FT911-6-1923	2490	0.0000000000
359	FT911-6-1924	2491	0.0000000000
359	FT911-6-1925	2492	0.0000000000
359	FT911-6-1926	2493	0.0000000000
359	FT911-6-1929	2494	0.0000000000
359	FT911-6-1930	2495	0.0000000000
359	FT911-6-1931	2496	0.0000000000
359	FT911-6-1932	2497	0.0000000000
359	FT911-6-1933	2498	0.0000000000
359	FT911-6-1935	2499	0.0000000000
359	FT911-6-1936	2500	0.0000000000
359	FT911-6-1937	2501	0.0000000000
359	FT911-6-1938	2502	0.0000000000
359	FT911-6-1939	2503	0.0000000000
359	FT911-6-1940	2504	0.0000000000
359	FT911-6-1941	2505	0.0000000000
359	FT911-6-1942	2506	0.0000000000
359	FT911-6-1944	2507	0.0000000000
359	FT911-6-1945	2508	0.0000000000
359	FT911-6-1946	2509	0.0000000000
359	FT911-6-1947	2510	0.0000000000
359	FT911-6-1948	2511	0.0000000000
359	FT911-6-1949	2512	0.0000000000
359	FT911-6-1950	2513	0.0000000000
359	FT911-6-1951	2514	0.0000000000
359	FT911-6-1952	2515	0.0000000000
359	FT911-6-1953	2516	0.0000000000
359	FT911-6-1954	2517	0.0000000000
359	FT911-6-1955	2518	0.0000000000
359	FT911-6-1956	2519	0.0000000000
359	FT911-6-1957	2520	0.0000000000
359	FT911-6-1959	2521	0.0000000000
359	FT911-6-1960	2522	0.0000000000
359	FT911-6-1961	2523	0.0000000000
359	FT911-6-1962	2524	0.0000000000
359	FT911-6-1963	2525	0.0000000000
359	FT911-6-1964	2526	0.0000000000
359	FT911-6-1965	2527	0.0000000000
359	FT911-6-1967	2528	0.0000000000
359	FT911-6-1968	2529	0.0000000000
359	FT911-6-1969	2530	0.0000000000
359	FT911-6-1970	2531	0.0000000000
359	FT911-6-1971	2532	0.0000000000
359	FT911-6-1972	2533	0.0000000000
359	FT911-6-1973	2534	0.0000000000
359	FT911-6-1977	2535	0.0000000000
359	FT911-6-1978	2536	0.0000000000
359	FT911-6-1979	2537	0.0000000000
359	FT911-6-1980	2538	0.0000000000
359	FT911-6-1982	2539	0.0000000000
359	FT911-6-1983	2540	0.0000000000
359	FT911-6-1984	2541	0.0000000000
359	FT911-6-1985	2542	0.0000000000
359	FT911-6-1986	2543	0.0000000000
359	FT911-6-1987	2544	0.0000000000
359	FT911-6-1988	2545	0.0000000000
359	FT911-6-1989	2546	0.0000000000
359	FT911-6-1990	2547	0.0000000000
359	FT911-6-1991	2548	0.0000000000
359	FT911-6-1992	2549	0.0000000000
359	FT911-6-1993	2550	0.0000000000
359	FT911-6-1994	2551	0.0000000000
359	FT911-6-1996	2552	0.0000000000
359	FT911-6-1997	2553	0.0000000000
359	FT911-6-1998	2554	0.0000000000
359	FT911-6-1999	2555	0.0000000000
359	FT911-6-2000	2556	0.0000000000
359	FT911-6-2001	2557	0.0000000000
359	FT911-6-2005	2558	0.0000000000
359	FT911-6-2006	2559	0.0000000000
359	FT911-6-2007	2560	0.0000000000
359	FT911-6-2008	2561	0.0000000000
359	FT911-6-2009	2562	0.0000000000
359	FT911-6-2010	2563	0.0000000000
359	FT911-6-2011	2564	0.0000000000
359	FT911-6-2014	2565	0.0000000000
359	FT911-6-2015	2566	0.0000000000
359	FT911-6-2017	2567	0.0000000000
359	FT911-6-2019	2568	0.0000000000
359	FT911-6-2020	2569	0.0000000000
359	FT911-6-2021	2570	0.0000000000
359	FT911-6-2022	2571	0.0000000000
359	FT911-6-2023	2572	0.0000000000
359	FT911-6-2024	2573	0.0000000000
359	FT911-6-2025	2574	0.0000000000
359	FT911-6-2026	2575	0.0000000000
359	FT911-6-2027	2576	0.0000000000
359	FT911-6-2028	2577	0.0000000000
359	FT911-6-2029	2578	0.0000000000
359	FT911-6-2030	2579	0.0000000000
359	FT911-6-2032	2580	0.0000000000
359	FT911-6-2033	2581	0.0000000000
359	FT911-6-2034	2582	0.0000000000
359	FT911-6-2035	2583	0.0000000000
359	FT911-6-2037	2584	0.0000000000
359	FT911-6-2038	2585	0.0000000000
359	FT911-6-2039	2586	0.0000000000
359	FT911-6-2040	2587	0.0000000000
359	FT911-6-2041	2588	0.0000000000
359	FT911-6-2042	2589	0.0000000000
359	FT911-6-2043	2590	0.0000000000
359	FT911-6-2044	2591	0.0000000000
359	FT911-6-2045	2592	0.0000000000
359	FT911-6-2046	2593	0.0000000000
359	FT911-6-2047	2594	0.0000000000
359	FT911-6-2048	2595	0.0000000000
359	FT911-6-2050	2596	0.0000000000
359	FT911-6-2052	2597	0.0000000000
359	FT911-6-2053	2598	0.0000000000
359	FT911-6-2054	2599	0.0000000000
359	FT911-6-2055	2600	0.0000000000
359	FT911-6-2056	2601	0.0000000000
359	FT911-6-2057	2602	0.0000000000
359	FT911-6-2058	2603	0.0000000000
359	FT911-6-2059	2604	0.0000000000
359	FT911-6-2060	2605	0.0000000000
359	FT911-6-2061	2606	0.0000000000
359	FT911-6-2062	2607	0.0000000000
359	FT911-6-2063	2608	0.0000000000
359	FT911-6-2065	2609	0.0000000000
359	FT911-6-2066	2610	0.0000000000
359	FT911-6-2069	2611	0.0000000000
359	FT911-6-2070	2612	0.0000000000
359	FT911-6-2071	2613	0.0000000000
359	FT911-6-2072	2614	0.0000000000
359	FT911-6-2073	2615	0.0000000000
359	FT911-6-2074	2616	0.0000000000
359	FT911-6-2075	2617	0.0000000000
359	FT911-6-2076	2618	0.0000000000
359	FT911-6-2077	2619	0.0000000000
359	FT911-6-2078	2620	0.0000000000
359	FT911-6-2079	2621	0.0000000000
359	FT911-6-2080	2622	0.0000000000
359	FT911-6-2081	2623	0.0000000000
359	FT911-6-2082	2624	0.0000000000
359	FT911-6-2083	2625	0.0000000000
359	FT911-6-2084	2626	0.0000000000
359	FT911-6-2085	2627	0.0000000000
359	FT911-6-2086	2628	0.0000000000
359	FT911-6-2087	2629	0.0000000000
359	FT911-6-2088	2630	0.0000000000
359	FT911-6-2089	2631	0.0000000000
359	FT911-6-2090	2632	0.0000000000
359	FT911-6-2091	2633	0.0000000000
359	FT911-6-2092	2634	0.0000000000
359	FT911-6-2093	2635	0.0000000000
359	FT911-6-2094	2636	0.0000000000
359	FT911-6-2095	2637	0.0000000000
359	FT911-6-2096	2638	0.0000000000
359	FT911-6-2097	2639	0.0000000000
359	FT911-6-2098	2640	0.0000000000
359	FT911-6-2099	2641	0.0000000000
359	FT911-6-2100	2642	0.0000000000
359	FT911-6-2101	2643	0.0000000000
359	FT911-6-2102	2644	0.0000000000
359	FT911-6-2103	2645	0.0000000000
359	FT911-6-2104	2646	0.0000000000
359	FT911-6-2105	2647	0.0000000000
359	FT911-6-2106	2648	0.0000000000
359	FT911-6-2107	2649	0.0000000000
359	FT911-6-2108	2650	0.0000000000
359	FT911-6-2109	2651	0.0000000000
359	FT911-6-2110	2652	0.0000000000
359	FT911-6-2111	2653	0.0000000000
359	FT911-6-2112	2654	0.0000000000
359	FT911-6-2113	2655	0.0000000000
359	FT911-6-2115	2656	0.0000000000
359	FT911-6-2116	2657	0.0000000000
359	FT911-6-2117	2658	0.0000000000
359	FT911-6-2118	2659	0.0000000000
359	FT911-6-2119	2660	0.0000000000
359	FT911-6-2120	2661	0.0000000000
359	FT911-6-2121	2662	0.0000000000
359	FT911-6-2122	2663	0.0000000000
359	FT911-6-2125	2664	0.0000000000
359	FT911-6-2126	2665	0.0000000000
359	FT911-6-2127	2666	0.0000000000
359	FT911-6-2128	2667	0.0000000000
359	FT911-6-2129	2668	0.0000000000
359	FT911-6-2131	2669	0.0000000000
359	FT911-6-2132	2670	0.0000000000
359	FT911-6-2133	2671	0.0000000000
359	FT911-6-2135	2672	0.0000000000
359	FT911-6-2136	2673	0.0000000000
359	FT911-6-2137	2674	0.0000000000
359	FT911-6-2138	2675	0.0000000000
359	FT911-6-2139	2676	0.0000000000
359	FT911-6-2140	2677	0.0000000000
359	FT911-6-2141	2678	0.0000000000
359	FT911-6-2142	2679	0.0000000000
359	FT911-6-2144	2680	0.0000000000
359	FT911-6-2147	2681	0.0000000000
359	FT911-6-2148	2682	0.0000000000
359	FT911-6-2149	2683	0.0000000000
359	FT911-6-2150	2684	0.0000000000
359	FT911-6-2151	2685	0.0000000000
359	FT911-6-2152	2686	0.0000000000
359	FT911-6-2153	2687	0.0000000000
359	FT911-6-2155	2688	0.0000000000
359	FT911-6-2156	2689	0.0000000000
359	FT911-6-2157	2690	0.0000000000
359	FT911-6-2159	2691	0.0000000000
359	FT911-6-2161	2692	0.0000000000
359	FT911-6-2162	2693	0.0000000000
359	FT911-6-2163	2694	0.0000000000
359	FT911-6-2164	2695	0.0000000000
359	FT911-6-2165	2696	0.0000000000
359	FT911-6-2166	2697	0.0000000000
359	FT911-6-2167	2698	0.0000000000
359	FT911-6-2168	2699	0.0000000000
359	FT911-6-2169	2700	0.0000000000
359	FT911-6-2170	2701	0.0000000000
359	FT911-6-2171	2702	0.0000000000
359	FT911-6-2172	2703	0.0000000000
359	FT911-6-2173	2704	0.0000000000
359	FT911-6-2174	2705	0.0000000000
359	FT911-6-2175	2706	0.0000000000
359	FT911-6-2176	2707	0.0000000000
359	FT911-6-2178	2708	0.0000000000
359	FT911-6-2179	2709	0.0000000000
359	FT911-6-2180	2710	0.0000000000
359	FT911-6-2182	2711	0.0000000000
359	FT911-6-2184	2712	0.0000000000
359	FT911-6-2185	2713	0.0000000000
359	FT911-6-2186	2714	0.0000000000
359	FT911-6-2187	2715	0.0000000000
359	FT911-6-2188	2716	0.0000000000
359	FT911-6-2189	2717	0.0000000000
359	FT911-6-2191	2718	0.0000000000
359	FT911-6-2192	2719	0.0000000000
359	FT911-6-2194	2720	0.0000000000
359	FT911-6-2195	2721	0.0000000000
359	FT911-6-2196	2722	0.0000000000
359	FT911-6-2197	2723	0.0000000000
359	FT911-6-2198	2724	0.0000000000
359	FT911-6-2200	2725	0.0000000000
359	FT911-6-2201	2726	0.0000000000
359	FT911-6-2202	2727	0.0000000000
359	FT911-6-2205	2728	0.0000000000
359	FT911-6-2206	2729	0.0000000000
359	FT911-6-2207	2730	0.0000000000
359	FT911-6-2209	2731	0.0000000000
359	FT911-6-2210	2732	0.0000000000
359	FT911-7-2212	2733	0.0000000000
359	FT911-7-2214	2734	0.0000000000
359	FT911-7-2215	2735	0.0000000000
359	FT911-7-2218	2736	0.0000000000
359	FT911-7-2219	2737	0.0000000000
359	FT911-7-2220	2738	0.0000000000
359	FT911-7-2222	2739	0.0000000000
359	FT911-7-2224	2740	0.0000000000
359	FT911-7-2225	2741	0.0000000000
359	FT911-7-2226	2742	0.0000000000
359	FT911-7-2227	2743	0.0000000000
359	FT911-7-2229	2744	0.0000000000
359	FT911-7-2230	2745	0.0000000000
359	FT911-7-2231	2746	0.0000000000
359	FT911-7-2232	2747	0.0000000000
359	FT911-7-2233	2748	0.0000000000
359	FT911-7-2234	2749	0.0000000000
359	FT911-7-2235	2750	0.0000000000
359	FT911-7-2236	2751	0.0000000000
359	FT911-7-2237	2752	0.0000000000
359	FT911-7-2239	2753	0.0000000000
359	FT911-7-2240	2754	0.0000000000
359	FT911-7-2241	2755	0.0000000000
359	FT911-7-2242	2756	0.0000000000
359	FT911-7-2243	2757	0.0000000000
359	FT911-7-2244	2758	0.0000000000
359	FT911-7-2245	2759	0.0000000000
359	FT911-7-2247	2760	0.0000000000
359	FT911-7-2248	2761	0.0000000000
359	FT911-7-2249	2762	0.0000000000
359	FT911-7-2250	2763	0.0000000000
359	FT911-7-2251	2764	0.0000000000
359	FT911-7-2252	2765	0.0000000000
359	FT911-7-2253	2766	0.0000000000
359	FT911-7-2255	2767	0.0000000000
359	FT911-7-2256	2768	0.0000000000
359	FT911-7-2257	2769	0.0000000000
359	FT911-7-2258	2770	0.0000000000
359	FT911-7-2259	2771	0.0000000000
359	FT911-7-2260	2772	0.0000000000
359	FT911-7-2261	2773	0.0000000000
359	FT911-7-2262	2774	0.0000000000
359	FT911-7-2264	2775	0.0000000000
359	FT911-7-2265	2776	0.0000000000
359	FT911-7-2267	2777	0.0000000000
359	FT911-7-2268	2778	0.0000000000
359	FT911-7-2270	2779	0.0000000000
359	FT911-7-2271	2780	0.0000000000
359	FT911-7-2272	2781	0.0000000000
359	FT911-7-2273	2782	0.0000000000
359	FT911-7-2275	2783	0.0000000000
359	FT911-7-2276	2784	0.0000000000
359	FT911-7-2278	2785	0.0000000000
359	FT911-7-2279	2786	0.0000000000
359	FT911-7-2280	2787	0.0000000000
359	FT911-7-2281	2788	0.0000000000
359	FT911-7-2284	2789	0.0000000000
359	FT911-7-2285	2790	0.0000000000
359	FT911-7-2286	2791	0.0000000000
359	FT911-7-2287	2792	0.0000000000
359	FT911-7-2288	2793	0.0000000000
359	FT911-7-2289	2794	0.0000000000
359	FT911-7-2290	2795	0.0000000000
359	FT911-7-2291	2796	0.0000000000
359	FT911-7-2292	2797	0.0000000000
359	FT911-7-2293	2798	0.0000000000
359	FT911-7-2294	2799	0.0000000000
359	FT911-7-2295	2800	0.0000000000
359	FT911-7-2297	2801	0.0000000000
359	FT911-7-2300	2802	0.0000000000
359	FT911-7-2301	2803	0.0000000000
359	FT911-7-2302	2804	0.0000000000
359	FT911-7-2303	2805	0.0000000000
359	FT911-7-2304	2806	0.0000000000
359	FT911-7-2306	2807	0.0000000000
359	FT911-7-2307	2808	0.0000000000
359	FT911-7-2308	2809	0.0000000000
359	FT911-7-2309	2810	0.0000000000
359	FT911-7-2312	2811	0.0000000000
359	FT911-7-2313	2812	0.0000000000
359	FT911-7-2314	2813	0.0000000000
359	FT911-7-2315	2814	0.0000000000
359	FT911-7-2316	2815	0.0000000000
359	FT911-7-2318	2816	0.0000000000
359	FT911-7-2319	2817	0.0000000000
359	FT911-7-2320	2818	0.0000000000
359	FT911-7-2322	2819	0.0000000000
359	FT911-7-2323	2820	0.0000000000
359	FT911-7-2325	2821	0.0000000000
359	FT911-7-2326	2822	0.0000000000
359	FT911-7-2328	2823	0.0000000000
359	FT911-7-2330	2824	0.0000000000
359	FT911-7-2331	2825	0.0000000000
359	FT911-7-2332	2826	0.0000000000
359	FT911-7-2333	2827	0.0000000000
359	FT911-7-2334	2828	0.0000000000
359	FT911-7-2335	2829	0.0000000000
359	FT911-7-2336	2830	0.0000000000
359	FT911-7-2337	2831	0.0000000000
359	FT911-7-2338	2832	0.0000000000
359	FT911-7-2339	2833	0.0000000000
359	FT911-7-2340	2834	0.0000000000
359	FT911-7-2341	2835	0.0000000000
359	FT911-7-2342	2836	0.0000000000
359	FT911-7-2343	2837	0.0000000000
359	FT911-7-2344	2838	0.0000000000
359	FT911-7-2345	2839	0.0000000000
359	FT911-7-2347	2840	0.0000000000
359	FT911-7-2348	2841	0.0000000000
359	FT911-7-2349	2842	0.0000000000
359	FT911-7-2350	2843	0.0000000000
359	FT911-7-2351	2844	0.0000000000
359	FT911-7-2352	2845	0.0000000000
359	FT911-7-2353	2846	0.0000000000
359	FT911-7-2354	2847	0.0000000000
359	FT911-7-2356	2848	0.0000000000
359	FT911-7-2357	2849	0.0000000000
359	FT911-7-2358	2850	0.0000000000
359	FT911-7-2359	2851	0.0000000000
359	FT911-7-2360	2852	0.0000000000
359	FT911-7-2361	2853	0.0000000000
359	FT911-7-2362	2854	0.0000000000
359	FT911-7-2365	2855	0.0000000000
359	FT911-7-2366	2856	0.0000000000
359	FT911-7-2367	2857	0.0000000000
359	FT911-7-2368	2858	0.0000000000
359	FT911-7-2369	2859	0.0000000000
359	FT911-7-2372	2860	0.0000000000
359	FT911-7-2374	2861	0.0000000000
359	FT911-7-2376	2862	0.0000000000
359	FT911-7-2377	2863	0.0000000000
359	FT911-7-2379	2864	0.0000000000
359	FT911-7-2380	2865	0.0000000000
359	FT911-7-2385	2866	0.0000000000
359	FT911-7-2386	2867	0.0000000000
359	FT911-7-2387	2868	0.0000000000
359	FT911-7-2388	2869	0.0000000000
359	FT911-7-2389	2870	0.0000000000
359	FT911-7-2390	2871	0.0000000000
359	FT911-7-2391	2872	0.0000000000
359	FT911-7-2392	2873	0.0000000000
359	FT911-7-2393	2874	0.0000000000
359	FT911-7-2395	2875	0.0000000000
359	FT911-7-2396	2876	0.0000000000
359	FT911-7-2398	2877	0.0000000000
359	FT911-7-2399	2878	0.0000000000
359	FT911-7-2400	2879	0.0000000000
359	FT911-7-2402	2880	0.0000000000
359	FT911-7-2403	2881	0.0000000000
359	FT911-7-2404	2882	0.0000000000
359	FT911-7-2405	2883	0.0000000000
359	FT911-7-2406	2884	0.0000000000
359	FT911-7-2407	2885	0.0000000000
359	FT911-7-2408	2886	0.0000000000
359	FT911-7-2409	2887	0.0000000000
359	FT911-7-2410	2888	0.0000000000
359	FT911-7-2412	2889	0.0000000000
359	FT911-7-2414	2890	0.0000000000
359	FT911-7-2415	2891	0.0000000000
359	FT911-7-2416	2892	0.0000000000
359	FT911-7-2417	2893	0.0000000000
359	FT911-7-2418	2894	0.0000000000
359	FT911-7-2419	2895	0.0000000000
359	FT911-7-2420	2896	0.0000000000
359	FT911-7-2421	2897	0.0000000000
359	FT911-7-2422	2898	0.0000000000
359	FT911-7-2424	2899	0.0000000000
359	FT911-7-2425	2900	0.0000000000
359	FT911-7-2426	2901	0.0000000000
359	FT911-7-2427	2902	0.0000000000
359	FT911-7-2428	2903	0.0000000000
359	FT911-7-2429	2904	0.0000000000
359	FT911-7-2430	2905	0.0000000000
359	FT911-7-2431	2906	0.0000000000
359	FT911-7-2432	2907	0.0000000000
359	FT911-7-2433	2908	0.0000000000
359	FT911-7-2434	2909	0.0000000000
359	FT911-7-2435	2910	0.0000000000
359	FT911-7-2436	2911	0.0000000000
359	FT911-7-2437	2912	0.0000000000
359	FT911-7-2438	2913	0.0000000000
359	FT911-7-2439	2914	0.0000000000
359	FT911-7-2440	2915	0.0000000000
359	FT911-7-2441	2916	0.0000000000
359	FT911-7-2442	2917	0.0000000000
359	FT911-7-2443	2918	0.0000000000
359	FT911-7-2444	2919	0.0000000000
359	FT911-7-2446	2920	0.0000000000
359	FT911-7-2447	2921	0.0000000000
359	FT911-7-2448	2922	0.0000000000
359	FT911-7-2449	2923	0.0000000000
359	FT911-7-2450	2924	0.0000000000
359	FT911-7-2451	2925	0.0000000000
359	FT911-7-2452	2926	0.0000000000
359	FT911-7-2453	2927	0.0000000000
359	FT911-7-2454	2928	0.0000000000
359	FT911-7-2456	2929	0.0000000000
359	FT911-7-2457	2930	0.0000000000
359	FT911-7-2458	2931	0.0000000000
359	FT911-7-2459	2932	0.0000000000
359	FT911-7-2460	2933	0.0000000000
359	FT911-7-2461	2934	0.0000000000
359	FT911-7-2463	2935	0.0000000000
359	FT911-7-2464	2936	0.0000000000
359	FT911-7-2465	2937	0.0000000000
359	FT911-7-2466	2938	0.0000000000
359	FT911-7-2467	2939	0.0000000000
359	FT911-7-2468	2940	0.0000000000
359	FT911-7-2469	2941	0.0000000000
359	FT911-7-2470	2942	0.0000000000
359	FT911-7-2471	2943	0.0000000000
359	FT911-7-2472	2944	0.0000000000
359	FT911-7-2473	2945	0.0000000000
359	FT911-7-2475	2946	0.0000000000
359	FT911-7-2476	2947	0.0000000000
359	FT911-7-2477	2948	0.0000000000
359	FT911-7-2478	2949	0.0000000000
359	FT911-7-2479	2950	0.0000000000
359	FT911-7-2480	2951	0.0000000000
359	FT911-7-2481	2952	0.0000000000
359	FT911-7-2482	2953	0.0000000000
359	FT911-7-2483	2954	0.0000000000
359	FT911-7-2484	2955	0.0000000000
359	FT911-7-2486	2956	0.0000000000
359	FT911-7-2487	2957	0.0000000000
359	FT911-7-2488	2958	0.0000000000
359	FT911-7-2489	2959	0.0000000000
359	FT911-7-2490	2960	0.0000000000
359	FT911-7-2491	2961	0.0000000000
359	FT911-7-2492	2962	0.0000000000
359	FT911-7-2493	2963	0.0000000000
359	FT911-7-2494	2964	0.0000000000
359	FT911-7-2495	2965	0.0000000000
359	FT911-7-2496	2966	0.0000000000
359	FT911-7-2498	2967	0.0000000000
359	FT911-7-2499	2968	0.0000000000
359	FT911-7-2500	2969	0.0000000000
359	FT911-7-2501	2970	0.0000000000
359	FT911-7-2502	2971	0.0000000000
359	FT911-7-2503	2972	0.0000000000
359	FT911-7-2504	2973	0.0000000000
359	FT911-7-2505	2974	0.0000000000
359	FT911-7-2506	2975	0.0000000000
359	FT911-7-2507	2976	0.0000000000
359	FT911-7-2508	2977	0.0000000000
359	FT911-7-2510	2978	0.0000000000
359	FT911-7-2511	2979	0.0000000000
359	FT911-7-2515	2980	0.0000000000
359	FT911-7-2516	2981	0.0000000000
359	FT911-7-2517	2982	0.0000000000
359	FT911-7-2518	2983	0.0000000000
359	FT911-7-2519	2984	0.0000000000
359	FT911-7-2520	2985	0.0000000000
359	FT911-7-2521	2986	0.0000000000
359	FT911-7-2523	2987	0.0000000000
359	FT911-7-2524	2988	0.0000000000
359	FT911-7-2525	2989	0.0000000000
359	FT911-7-2526	2990	0.0000000000
359	FT911-7-2527	2991	0.0000000000
359	FT911-7-2528	2992	0.0000000000
359	FT911-7-2529	2993	0.0000000000
359	FT911-7-2530	2994	0.0000000000
359	FT911-7-2531	2995	0.0000000000
359	FT911-7-2532	2996	0.0000000000
359	FT911-7-2533	2997	0.0000000000
359	FT911-7-2534	2998	0.0000000000
359	FT911-7-2536	2999	0.0000000000
359	FT911-7-2537	3000	0.0000000000
359	FT911-7-2538	3001	0.0000000000
359	FT911-7-2539	3002	0.0000000000
359	FT911-7-2540	3003	0.0000000000
359	FT911-7-2541	3004	0.0000000000
359	FT911-7-2544	3005	0.0000000000
359	FT911-7-2545	3006	0.0000000000
359	FT911-7-2548	3007	0.0000000000
359	FT911-7-2549	3008	0.0000000000
359	FT911-7-2550	3009	0.0000000000
359	FT911-7-2551	3010	0.0000000000
359	FT911-7-2552	3011	0.0000000000
359	FT911-7-2554	3012	0.0000000000
359	FT911-7-2555	3013	0.0000000000
359	FT911-7-2556	3014	0.0000000000
359	FT911-7-2558	3015	0.0000000000
359	FT911-7-2559	3016	0.0000000000
359	FT911-7-2560	3017	0.0000000000
359	FT911-7-2563	3018	0.0000000000
359	FT911-7-2564	3019	0.0000000000
359	FT911-7-2565	3020	0.0000000000
359	FT911-7-2566	3021	0.0000000000
359	FT911-7-2567	3022	0.0000000000
359	FT911-7-2568	3023	0.0000000000
359	FT911-7-2569	3024	0.0000000000
359	FT911-7-2572	3025	0.0000000000
359	FT911-7-2573	3026	0.0000000000
359	FT911-7-2574	3027	0.0000000000
359	FT911-7-2576	3028	0.0000000000
359	FT911-7-2577	3029	0.0000000000
359	FT911-7-2578	3030	0.0000000000
359	FT911-7-2579	3031	0.0000000000
359	FT911-7-2580	3032	0.0000000000
359	FT911-7-2582	3033	0.0000000000
359	FT911-7-2583	3034	0.0000000000
359	FT911-7-2584	3035	0.0000000000
359	FT911-7-2587	3036	0.0000000000
359	FT911-7-2588	3037	0.0000000000
359	FT911-7-2589	3038	0.0000000000
359	FT911-7-2590	3039	0.0000000000
359	FT911-7-2592	3040	0.0000000000
359	FT911-7-2593	3041	0.0000000000
359	FT911-7-2594	3042	0.0000000000
359	FT911-7-2595	3043	0.0000000000
359	FT911-7-2596	3044	0.0000000000
359	FT911-7-2597	3045	0.0000000000
359	FT911-7-2598	3046	0.0000000000
359	FT911-7-2600	3047	0.0000000000
359	FT911-7-2601	3048	0.0000000000
359	FT911-7-2602	3049	0.0000000000
359	FT911-7-2603	3050	0.0000000000
359	FT911-7-2604	3051	0.0000000000
359	FT911-7-2605	3052	0.0000000000
359	FT911-7-2606	3053	0.0000000000
359	FT911-7-2607	3054	0.0000000000
359	FT911-7-2608	3055	0.0000000000
359	FT911-7-2609	3056	0.0000000000
359	FT911-7-2610	3057	0.0000000000
359	FT911-7-2611	3058	0.0000000000
359	FT911-7-2612	3059	0.0000000000
359	FT911-7-2613	3060	0.0000000000
359	FT911-7-2614	3061	0.0000000000
359	FT911-7-2615	3062	0.0000000000
359	FT911-7-2618	3063	0.0000000000
359	FT911-7-2619	3064	0.0000000000
359	FT911-7-2620	3065	0.0000000000
359	FT911-8-2621	3066	0.0000000000
359	FT911-8-2622	3067	0.0000000000
359	FT911-8-2623	3068	0.0000000000
359	FT911-8-2624	3069	0.0000000000
359	FT911-8-2626	3070	0.0000000000
359	FT911-8-2627	3071	0.0000000000
359	FT911-8-2628	3072	0.0000000000
359	FT911-8-2630	3073	0.0000000000
359	FT911-8-2631	3074	0.0000000000
359	FT911-8-2632	3075	0.0000000000
359	FT911-8-2633	3076	0.0000000000
359	FT911-8-2634	3077	0.0000000000
359	FT911-8-2635	3078	0.0000000000
359	FT911-8-2636	3079	0.0000000000
359	FT911-8-2637	3080	0.0000000000
359	FT911-8-2639	3081	0.0000000000
359	FT911-8-2640	3082	0.0000000000
359	FT911-8-2641	3083	0.0000000000
359	FT911-8-2642	3084	0.0000000000
359	FT911-8-2643	3085	0.0000000000
359	FT911-8-2644	3086	0.0000000000
359	FT911-8-2645	3087	0.0000000000
359	FT911-8-2646	3088	0.0000000000
359	FT911-8-2647	3089	0.0000000000
359	FT911-8-2648	3090	0.0000000000
359	FT911-8-2649	3091	0.0000000000
359	FT911-8-2650	3092	0.0000000000
359	FT911-8-2651	3093	0.0000000000
359	FT911-8-2652	3094	0.0000000000
359	FT911-8-2653	3095	0.0000000000
359	FT911-8-2655	3096	0.0000000000
359	FT911-8-2656	3097	0.0000000000
359	FT911-8-2657	3098	0.0000000000
359	FT911-8-2658	3099	0.0000000000
359	FT911-8-2660	3100	0.0000000000
359	FT911-8-2661	3101	0.0000000000
359	FT911-8-2662	3102	0.0000000000
359	FT911-8-2663	3103	0.0000000000
359	FT911-8-2664	3104	0.0000000000
359	FT911-8-2665	3105	0.0000000000
359	FT911-8-2666	3106	0.0000000000
359	FT911-8-2667	3107	0.0000000000
359	FT911-8-2668	3108	0.0000000000
359	FT911-8-2670	3109	0.0000000000
359	FT911-8-2671	3110	0.0000000000
359	FT911-8-2672	3111	0.0000000000
359	FT911-8-2673	3112	0.0000000000
359	FT911-8-2674	3113	0.0000000000
359	FT911-8-2675	3114	0.0000000000
359	FT911-8-2676	3115	0.0000000000
359	FT911-8-2677	3116	0.0000000000
359	FT911-8-2678	3117	0.0000000000
359	FT911-8-2682	3118	0.0000000000
359	FT911-8-2683	3119	0.0000000000
359	FT911-8-2686	3120	0.0000000000
359	FT911-8-2687	3121	0.0000000000
359	FT911-8-2688	3122	0.0000000000
359	FT911-8-2689	3123	0.0000000000
359	FT911-8-2690	3124	0.0000000000
359	FT911-8-2691	3125	0.0000000000
359	FT911-8-2692	3126	0.0000000000
359	FT911-8-2693	3127	0.0000000000
359	FT911-8-2695	3128	0.0000000000
359	FT911-8-2696	3129	0.0000000000
359	FT911-8-2697	3130	0.0000000000
359	FT911-8-2698	3131	0.0000000000
359	FT911-8-2699	3132	0.0000000000
359	FT911-8-2700	3133	0.0000000000
359	FT911-8-2701	3134	0.0000000000
359	FT911-8-2703	3135	0.0000000000
359	FT911-8-2704	3136	0.0000000000
359	FT911-8-2705	3137	0.0000000000
359	FT911-8-2706	3138	0.0000000000
359	FT911-8-2707	3139	0.0000000000
359	FT911-8-2710	3140	0.0000000000
359	FT911-8-2711	3141	0.0000000000
359	FT911-8-2712	3142	0.0000000000
359	FT911-8-2713	3143	0.0000000000
359	FT911-8-2714	3144	0.0000000000
359	FT911-8-2715	3145	0.0000000000
359	FT911-8-2716	3146	0.0000000000
359	FT911-8-2717	3147	0.0000000000
359	FT911-8-2718	3148	0.0000000000
359	FT911-8-2719	3149	0.0000000000
359	FT911-8-2720	3150	0.0000000000
359	FT911-8-2721	3151	0.0000000000
359	FT911-8-2722	3152	0.0000000000
359	FT911-8-2725	3153	0.0000000000
359	FT911-8-2726	3154	0.0000000000
359	FT911-8-2727	3155	0.0000000000
359	FT911-8-2728	3156	0.0000000000
359	FT911-8-2729	3157	0.0000000000
359	FT911-8-2730	3158	0.0000000000
359	FT911-8-2731	3159	0.0000000000
359	FT911-8-2732	3160	0.0000000000
359	FT911-8-2733	3161	0.0000000000
359	FT911-8-2734	3162	0.0000000000
359	FT911-8-2736	3163	0.0000000000
359	FT911-8-2737	3164	0.0000000000
359	FT911-8-2738	3165	0.0000000000
359	FT911-8-2739	3166	0.0000000000
359	FT911-8-2740	3167	0.0000000000
359	FT911-8-2741	3168	0.0000000000
359	FT911-8-2742	3169	0.0000000000
359	FT911-8-2743	3170	0.0000000000
359	FT911-8-2745	3171	0.0000000000
359	FT911-8-2746	3172	0.0000000000
359	FT911-8-2747	3173	0.0000000000
359	FT911-8-2748	3174	0.0000000000
359	FT911-8-2749	3175	0.0000000000
359	FT911-8-2750	3176	0.0000000000
359	FT911-8-2751	3177	0.0000000000
359	FT911-8-2752	3178	0.0000000000
359	FT911-8-2753	3179	0.0000000000
359	FT911-8-2754	3180	0.0000000000
359	FT911-8-2755	3181	0.0000000000
359	FT911-8-2756	3182	0.0000000000
359	FT911-8-2758	3183	0.0000000000
359	FT911-8-2760	3184	0.0000000000
359	FT911-8-2761	3185	0.0000000000
359	FT911-8-2762	3186	0.0000000000
359	FT911-8-2763	3187	0.0000000000
359	FT911-8-2764	3188	0.0000000000
359	FT911-8-2765	3189	0.0000000000
359	FT911-8-2766	3190	0.0000000000
359	FT911-8-2768	3191	0.0000000000
359	FT911-8-2769	3192	0.0000000000
359	FT911-8-2770	3193	0.0000000000
359	FT911-8-2771	3194	0.0000000000
359	FT911-8-2772	3195	0.0000000000
359	FT911-8-2773	3196	0.0000000000
359	FT911-8-2774	3197	0.0000000000
359	FT911-8-2775	3198	0.0000000000
359	FT911-8-2776	3199	0.0000000000
359	FT911-8-2777	3200	0.0000000000
359	FT911-8-2778	3201	0.0000000000
359	FT911-8-2779	3202	0.0000000000
359	FT911-8-2780	3203	0.0000000000
359	FT911-8-2781	3204	0.0000000000
359	FT911-8-2782	3205	0.0000000000
359	FT911-8-2783	3206	0.0000000000
359	FT911-8-2784	3207	0.0000000000
359	FT911-8-2785	3208	0.0000000000
359	FT911-8-2786	3209	0.0000000000
359	FT911-8-2789	3210	0.0000000000
359	FT911-8-2790	3211	0.0000000000
359	FT911-8-2791	3212	0.0000000000
359	FT911-8-2793	3213	0.0000000000
359	FT911-8-2795	3214	0.0000000000
359	FT911-8-2796	3215	0.0000000000
359	FT911-8-2798	3216	0.0000000000
359	FT911-8-2799	3217	0.0000000000
359	FT911-8-2800	3218	0.0000000000
359	FT911-8-2801	3219	0.0000000000
359	FT911-8-2803	3220	0.0000000000
359	FT911-8-2804	3221	0.0000000000
359	FT911-8-2805	3222	0.0000000000
359	FT911-8-2806	3223	0.0000000000
359	FT911-8-2807	3224	0.0000000000
359	FT911-8-2808	3225	0.0000000000
359	FT911-8-2809	3226	0.0000000000
359	FT911-8-2810	3227	0.0000000000
359	FT911-8-2811	3228	0.0000000000
359	FT911-8-2812	3229	0.0000000000
359	FT911-8-2813	3230	0.0000000000
359	FT911-8-2814	3231	0.0000000000
359	FT911-8-2815	3232	0.0000000000
359	FT911-8-2816	3233	0.0000000000
359	FT911-8-2817	3234	0.0000000000
359	FT911-8-2818	3235	0.0000000000
359	FT911-8-2819	3236	0.0000000000
359	FT911-8-2820	3237	0.0000000000
359	FT911-8-2821	3238	0.0000000000
359	FT911-8-2823	3239	0.0000000000
359	FT911-8-2824	3240	0.0000000000
359	FT911-8-2825	3241	0.0000000000
359	FT911-8-2826	3242	0.0000000000
359	FT911-8-2827	3243	0.0000000000
359	FT911-8-2828	3244	0.0000000000
359	FT911-8-2829	3245	0.0000000000
359	FT911-8-2830	3246	0.0000000000
359	FT911-8-2832	3247	0.0000000000
359	FT911-8-2833	3248	0.0000000000
359	FT911-8-2834	3249	0.0000000000
359	FT911-8-2835	3250	0.0000000000
359	FT911-8-2836	3251	0.0000000000
359	FT911-8-2837	3252	0.0000000000
359	FT911-8-2838	3253	0.0000000000
359	FT911-8-2839	3254	0.0000000000
359	FT911-8-2840	3255	0.0000000000
359	FT911-8-2841	3256	0.0000000000
359	FT911-8-2843	3257	0.0000000000
359	FT911-8-2844	3258	0.0000000000
359	FT911-8-2845	3259	0.0000000000
359	FT911-8-2846	3260	0.0000000000
359	FT911-8-2847	3261	0.0000000000
359	FT911-8-2848	3262	0.0000000000
359	FT911-8-2849	3263	0.0000000000
359	FT911-8-2850	3264	0.0000000000
359	FT911-8-2851	3265	0.0000000000
359	FT911-8-2852	3266	0.0000000000
359	FT911-8-2854	3267	0.0000000000
359	FT911-8-2855	3268	0.0000000000
359	FT911-8-2856	3269	0.0000000000
359	FT911-8-2857	3270	0.0000000000
359	FT911-8-2858	3271	0.0000000000
359	FT911-8-2859	3272	0.0000000000
359	FT911-8-2860	3273	0.0000000000
359	FT911-8-2863	3274	0.0000000000
359	FT911-8-2864	3275	0.0000000000
359	FT911-8-2865	3276	0.0000000000
359	FT911-8-2866	3277	0.0000000000
359	FT911-8-2867	3278	0.0000000000
359	FT911-8-2868	3279	0.0000000000
359	FT911-8-2869	3280	0.0000000000
359	FT911-8-2870	3281	0.0000000000
359	FT911-8-2871	3282	0.0000000000
359	FT911-8-2872	3283	0.0000000000
359	FT911-8-2873	3284	0.0000000000
359	FT911-8-2875	3285	0.0000000000
359	FT911-8-2878	3286	0.0000000000
359	FT911-8-2879	3287	0.0000000000
359	FT911-8-2880	3288	0.0000000000
359	FT911-8-2881	3289	0.0000000000
359	FT911-8-2882	3290	0.0000000000
359	FT911-8-2883	3291	0.0000000000
359	FT911-8-2884	3292	0.0000000000
359	FT911-8-2886	3293	0.0000000000
359	FT911-8-2888	3294	0.0000000000
359	FT911-8-2889	3295	0.0000000000
359	FT911-8-2890	3296	0.0000000000
359	FT911-8-2891	3297	0.0000000000
359	FT911-8-2892	3298	0.0000000000
359	FT911-8-2893	3299	0.0000000000
359	FT911-8-2894	3300	0.0000000000
359	FT911-8-2895	3301	0.0000000000
359	FT911-8-2896	3302	0.0000000000
359	FT911-8-2897	3303	0.0000000000
359	FT911-8-2898	3304	0.0000000000
359	FT911-8-2899	3305	0.0000000000
359	FT911-8-2900	3306	0.0000000000
359	FT911-8-2901	3307	0.0000000000
359	FT911-8-2903	3308	0.0000000000
359	FT911-8-2904	3309	0.0000000000
359	FT911-8-2905	3310	0.0000000000
359	FT911-8-2906	3311	0.0000000000
359	FT911-8-2907	3312	0.0000000000
359	FT911-8-2908	3313	0.0000000000
359	FT911-8-2909	3314	0.0000000000
359	FT911-8-2910	3315	0.0000000000
359	FT911-8-2911	3316	0.0000000000
359	FT911-8-2912	3317	0.0000000000
359	FT911-8-2913	3318	0.0000000000
359	FT911-8-2914	3319	0.0000000000
359	FT911-8-2915	3320	0.0000000000
359	FT911-8-2916	3321	0.0000000000
359	FT911-8-2917	3322	0.0000000000
359	FT911-8-2918	3323	0.0000000000
359	FT911-8-2919	3324	0.0000000000
359	FT911-8-2920	3325	0.0000000000
359	FT911-8-2921	3326	0.0000000000
359	FT911-8-2922	3327	0.0000000000
359	FT911-8-2923	3328	0.0000000000
359	FT911-8-2924	3329	0.0000000000
359	FT911-8-2925	3330	0.0000000000
359	FT911-8-2926	3331	0.0000000000
359	FT911-8-2927	3332	0.0000000000
359	FT911-8-2928	3333	0.0000000000
359	FT911-8-2929	3334	0.0000000000
359	FT911-8-2930	3335	0.0000000000
359	FT911-8-2932	3336	0.0000000000
359	FT911-8-2933	3337	0.0000000000
359	FT911-8-2937	3338	0.0000000000
359	FT911-8-2938	3339	0.0000000000
359	FT911-8-2939	3340	0.0000000000
359	FT911-8-2940	3341	0.0000000000
359	FT911-8-2941	3342	0.0000000000
359	FT911-8-2942	3343	0.0000000000
359	FT911-8-2943	3344	0.0000000000
359	FT911-8-2945	3345	0.0000000000
359	FT911-8-2946	3346	0.0000000000
359	FT911-8-2947	3347	0.0000000000
359	FT911-8-2948	3348	0.0000000000
359	FT911-8-2949	3349	0.0000000000
359	FT911-9-2951	3350	0.0000000000
359	FT911-9-2952	3351	0.0000000000
359	FT911-9-2953	3352	0.0000000000
359	FT911-9-2954	3353	0.0000000000
359	FT911-9-2955	3354	0.0000000000
359	FT911-9-2956	3355	0.0000000000
359	FT911-9-2957	3356	0.0000000000
359	FT911-9-2958	3357	0.0000000000
359	FT911-9-2959	3358	0.0000000000
359	FT911-9-2960	3359	0.0000000000
359	FT911-9-2961	3360	0.0000000000
359	FT911-9-2963	3361	0.0000000000
359	FT911-9-2964	3362	0.0000000000
359	FT911-9-2965	3363	0.0000000000
359	FT911-9-2967	3364	0.0000000000
359	FT911-9-2969	3365	0.0000000000
359	FT911-9-2971	3366	0.0000000000
359	FT911-9-2972	3367	0.0000000000
359	FT911-9-2973	3368	0.0000000000
359	FT911-9-2975	3369	0.0000000000
359	FT911-9-2976	3370	0.0000000000
359	FT911-9-2977	3371	0.0000000000
359	FT911-9-2978	3372	0.0000000000
359	FT911-9-2979	3373	0.0000000000
359	FT911-9-2980	3374	0.0000000000
359	FT911-9-2982	3375	0.0000000000
359	FT911-9-2983	3376	0.0000000000
359	FT911-9-2985	3377	0.0000000000
359	FT911-9-2986	3378	0.0000000000
359	FT911-9-2987	3379	0.0000000000
359	FT911-9-2988	3380	0.0000000000
359	FT911-9-2990	3381	0.0000000000
359	FT911-9-2991	3382	0.0000000000
359	FT911-9-2992	3383	0.0000000000
359	FT911-9-2993	3384	0.0000000000
359	FT911-9-2994	3385	0.0000000000
359	FT911-9-2995	3386	0.0000000000
359	FT911-9-2996	3387	0.0000000000
359	FT911-9-2998	3388	0.0000000000
359	FT911-9-2999	3389	0.0000000000
359	FT911-9-3000	3390	0.0000000000
359	FT911-9-3001	3391	0.0000000000
359	FT911-9-3002	3392	0.0000000000
359	FT911-9-3003	3393	0.0000000000
359	FT911-9-3004	3394	0.0000000000
359	FT911-9-3005	3395	0.0000000000
359	FT911-9-3006	3396	0.0000000000
359	FT911-9-3007	3397	0.0000000000
359	FT911-9-3009	3398	0.0000000000
359	FT911-9-3010	3399	0.0000000000
359	FT911-9-3011	3400	0.0000000000
359	FT911-9-3012	3401	0.0000000000
359	FT911-9-3013	3402	0.0000000000
359	FT911-9-3014	3403	0.0000000000
359	FT911-9-3015	3404	0.0000000000
359	FT911-9-3016	3405	0.0000000000
359	FT911-9-3017	3406	0.0000000000
359	FT911-9-3018	3407	0.0000000000
359	FT911-9-3019	3408	0.0000000000
359	FT911-9-3020	3409	0.0000000000
359	FT911-9-3021	3410	0.0000000000
359	FT911-9-3022	3411	0.0000000000
359	FT911-9-3023	3412	0.0000000000
359	FT911-9-3024	3413	0.0000000000
359	FT911-9-3025	3414	0.0000000000
359	FT911-9-3026	3415	0.0000000000
359	FT911-9-3027	3416	0.0000000000
359	FT911-9-3028	3417	0.0000000000
359	FT911-9-3029	3418	0.0000000000
359	FT911-9-3030	3419	0.0000000000
359	FT911-9-3031	3420	0.0000000000
359	FT911-9-3032	3421	0.0000000000
359	FT911-9-3033	3422	0.0000000000
359	FT911-9-3034	3423	0.0000000000
359	FT911-9-3035	3424	0.0000000000
359	FT911-9-3036	3425	0.0000000000
359	FT911-9-3037	3426	0.0000000000
359	FT911-9-3039	3427	0.0000000000
359	FT911-9-3040	3428	0.0000000000
359	FT911-9-3041	3429	0.0000000000
359	FT911-9-3042	3430	0.0000000000
359	FT911-9-3043	3431	0.0000000000
359	FT911-9-3044	3432	0.0000000000
359	FT911-9-3045	3433	0.0000000000
359	FT911-9-3046	3434	0.0000000000
359	FT911-9-3047	3435	0.0000000000
359	FT911-9-3048	3436	0.0000000000
359	FT911-9-3049	3437	0.0000000000
359	FT911-9-3050	3438	0.0000000000
359	FT911-9-3052	3439	0.0000000000
359	FT911-9-3053	3440	0.0000000000
359	FT911-9-3054	3441	0.0000000000
359	FT911-9-3055	3442	0.0000000000
359	FT911-9-3056	3443	0.0000000000
359	FT911-9-3057	3444	0.0000000000
359	FT911-9-3060	3445	0.0000000000
359	FT911-9-3062	3446	0.0000000000
359	FT911-9-3063	3447	0.0000000000
359	FT911-9-3064	3448	0.0000000000
359	FT911-9-3065	3449	0.0000000000
359	FT911-9-3066	3450	0.0000000000
359	FT911-9-3067	3451	0.0000000000
359	FT911-9-3068	3452	0.0000000000
359	FT911-9-3069	3453	0.0000000000
359	FT911-9-3070	3454	0.0000000000
359	FT911-9-3071	3455	0.0000000000
359	FT911-9-3072	3456	0.0000000000
359	FT911-9-3073	3457	0.0000000000
359	FT911-9-3075	3458	0.0000000000
359	FT911-9-3076	3459	0.0000000000
359	FT911-9-3077	3460	0.0000000000
359	FT911-9-3078	3461	0.0000000000
359	FT911-9-3079	3462	0.0000000000
359	FT911-9-3081	3463	0.0000000000
359	FT911-9-3082	3464	0.0000000000
359	FT911-9-3083	3465	0.0000000000
359	FT911-9-3084	3466	0.0000000000
359	FT911-9-3085	3467	0.0000000000
359	FT911-9-3086	3468	0.0000000000
359	FT911-9-3089	3469	0.0000000000
359	FT911-9-3090	3470	0.0000000000
359	FT911-9-3092	3471	0.0000000000
359	FT911-9-3093	3472	0.0000000000
359	FT911-9-3094	3473	0.0000000000
359	FT911-9-3096	3474	0.0000000000
359	FT911-9-3097	3475	0.0000000000
359	FT911-9-3098	3476	0.0000000000
359	FT911-9-3099	3477	0.0000000000
359	FT911-9-3100	3478	0.0000000000
359	FT911-9-3101	3479	0.0000000000
359	FT911-9-3103	3480	0.0000000000
359	FT911-9-3104	3481	0.0000000000
359	FT911-9-3105	3482	0.0000000000
359	FT911-9-3106	3483	0.0000000000
359	FT911-9-3107	3484	0.0000000000
359	FT911-9-3108	3485	0.0000000000
359	FT911-9-3109	3486	0.0000000000
359	FT911-9-3111	3487	0.0000000000
359	FT911-9-3112	3488	0.0000000000
359	FT911-9-3113	3489	0.0000000000
359	FT911-9-3114	3490	0.0000000000
359	FT911-9-3115	3491	0.0000000000
359	FT911-9-3116	3492	0.0000000000
359	FT911-9-3117	3493	0.0000000000
359	FT911-9-3118	3494	0.0000000000
359	FT911-9-3119	3495	0.0000000000
359	FT911-9-3120	3496	0.0000000000
359	FT911-9-3121	3497	0.0000000000
359	FT911-9-3122	3498	0.0000000000
359	FT911-9-3123	3499	0.0000000000
359	FT911-9-3125	3500	0.0000000000
359	FT911-9-3126	3501	0.0000000000
359	FT911-9-3127	3502	0.0000000000
359	FT911-9-3129	3503	0.0000000000
359	FT911-9-3130	3504	0.0000000000
359	FT911-9-3131	3505	0.0000000000
359	FT911-9-3133	3506	0.0000000000
359	FT911-9-3134	3507	0.0000000000
359	FT911-9-3135	3508	0.0000000000
359	FT911-9-3136	3509	0.0000000000
359	FT911-9-3137	3510	0.0000000000
359	FT911-9-3138	3511	0.0000000000
359	FT911-9-3141	3512	0.0000000000
359	FT911-9-3143	3513	0.0000000000
359	FT911-9-3144	3514	0.0000000000
359	FT911-9-3145	3515	0.0000000000
359	FT911-9-3146	3516	0.0000000000
359	FT911-9-3147	3517	0.0000000000
359	FT911-9-3148	3518	0.0000000000
359	FT911-9-3149	3519	0.0000000000
359	FT911-9-3150	3520	0.0000000000
359	FT911-9-3151	3521	0.0000000000
359	FT911-9-3152	3522	0.0000000000
359	FT911-9-3153	3523	0.0000000000
359	FT911-9-3154	3524	0.0000000000
359	FT911-9-3156	3525	0.0000000000
359	FT911-9-3157	3526	0.0000000000
359	FT911-9-3158	3527	0.0000000000
359	FT911-9-3159	3528	0.0000000000
359	FT911-9-3160	3529	0.0000000000
359	FT911-9-3161	3530	0.0000000000
359	FT911-9-3162	3531	0.0000000000
359	FT911-9-3163	3532	0.0000000000
359	FT911-9-3164	3533	0.0000000000
359	FT911-9-3165	3534	0.0000000000
359	FT911-9-3167	3535	0.0000000000
359	FT911-9-3168	3536	0.0000000000
359	FT911-9-3169	3537	0.0000000000
359	FT911-9-3170	3538	0.0000000000
359	FT911-9-3171	3539	0.0000000000
359	FT911-9-3176	3540	0.0000000000
359	FT911-9-3177	3541	0.0000000000
359	FT911-9-3178	3542	0.0000000000
359	FT911-9-3179	3543	0.0000000000
359	FT911-9-3180	3544	0.0000000000
359	FT911-9-3181	3545	0.0000000000
359	FT911-9-3183	3546	0.0000000000
359	FT911-9-3184	3547	0.0000000000
359	FT911-9-3185	3548	0.0000000000
359	FT911-9-3186	3549	0.0000000000
359	FT911-9-3187	3550	0.0000000000
359	FT911-9-3188	3551	0.0000000000
359	FT911-9-3189	3552	0.0000000000
359	FT911-9-3190	3553	0.0000000000
359	FT911-9-3192	3554	0.0000000000
359	FT911-9-3193	3555	0.0000000000
359	FT911-9-3194	3556	0.0000000000
359	FT911-9-3195	3557	0.0000000000
359	FT911-9-3196	3558	0.0000000000
359	FT911-9-3197	3559	0.0000000000
359	FT911-9-3198	3560	0.0000000000
359	FT911-9-3199	3561	0.0000000000
359	FT911-9-3200	3562	0.0000000000
359	FT911-9-3201	3563	0.0000000000
359	FT911-9-3202	3564	0.0000000000
359	FT911-9-3203	3565	0.0000000000
359	FT911-9-3204	3566	0.0000000000
359	FT911-9-3205	3567	0.0000000000
359	FT911-9-3206	3568	0.0000000000
359	FT911-9-3208	3569	0.0000000000
359	FT911-9-3209	3570	0.0000000000
359	FT911-9-3211	3571	0.0000000000
359	FT911-9-3212	3572	0.0000000000
359	FT911-9-3214	3573	0.0000000000
359	FT911-9-3215	3574	0.0000000000
359	FT911-9-3216	3575	0.0000000000
359	FT911-9-3219	3576	0.0000000000
359	FT911-9-3220	3577	0.0000000000
359	FT911-9-3221	3578	0.0000000000
359	FT911-9-3222	3579	0.0000000000
359	FT911-9-3224	3580	0.0000000000
359	FT911-9-3225	3581	0.0000000000
359	FT911-9-3226	3582	0.0000000000
359	FT911-9-3227	3583	0.0000000000
359	FT911-9-3228	3584	0.0000000000
359	FT911-9-3229	3585	0.0000000000
359	FT911-9-3230	3586	0.0000000000
359	FT911-9-3231	3587	0.0000000000
359	FT911-9-3233	3588	0.0000000000
359	FT911-9-3235	3589	0.0000000000
359	FT911-9-3237	3590	0.0000000000
359	FT911-9-3238	3591	0.0000000000
359	FT911-9-3239	3592	0.0000000000
359	FT911-9-3240	3593	0.0000000000
359	FT911-9-3241	3594	0.0000000000
359	FT911-9-3242	3595	0.0000000000
359	FT911-9-3243	3596	0.0000000000
359	FT911-9-3244	3597	0.0000000000
359	FT911-9-3245	3598	0.0000000000
359	FT911-9-3246	3599	0.0000000000
359	FT911-9-3247	3600	0.0000000000
359	FT911-9-3248	3601	0.0000000000
359	FT911-9-3250	3602	0.0000000000
359	FT911-9-3251	3603	0.0000000000
359	FT911-9-3253	3604	0.0000000000
359	FT911-9-3254	3605	0.0000000000
359	FT911-9-3256	3606	0.0000000000
359	FT911-9-3257	3607	0.0000000000
359	FT911-9-3258	3608	0.0000000000
359	FT911-9-3259	3609	0.0000000000
359	FT911-9-3260	3610	0.0000000000
359	FT911-9-3261	3611	0.0000000000
359	FT911-9-3262	3612	0.0000000000
359	FT911-9-3263	3613	0.0000000000
359	FT911-9-3264	3614	0.0000000000
359	FT911-9-3265	3615	0.0000000000
359	FT911-9-3266	3616	0.0000000000
359	FT911-9-3267	3617	0.0000000000
359	FT911-9-3268	3618	0.0000000000
359	FT911-9-3269	3619	0.0000000000
359	FT911-9-3270	3620	0.0000000000
359	FT911-9-3271	3621	0.0000000000
359	FT911-9-3272	3622	0.0000000000
359	FT911-9-3273	3623	0.0000000000
359	FT911-9-3274	3624	0.0000000000
359	FT911-9-3275	3625	0.0000000000
359	FT911-9-3276	3626	0.0000000000
359	FT911-9-3278	3627	0.0000000000
359	FT911-9-3279	3628	0.0000000000
359	FT911-9-3280	3629	0.0000000000
359	FT911-9-3281	3630	0.0000000000
359	FT911-9-3282	3631	0.0000000000
359	FT911-9-3283	3632	0.0000000000
359	FT911-9-3284	3633	0.0000000000
359	FT911-9-3285	3634	0.0000000000
359	FT911-9-3286	3635	0.0000000000
359	FT911-9-3287	3636	0.0000000000
359	FT911-9-3288	3637	0.0000000000
359	FT911-9-3289	3638	0.0000000000
359	FT911-9-3290	3639	0.0000000000
359	FT911-9-3293	3640	0.0000000000
359	FT911-9-3294	3641	0.0000000000
359	FT911-9-3295	3642	0.0000000000
359	FT911-9-3296	3643	0.0000000000
359	FT911-9-3297	3644	0.0000000000
359	FT911-9-3298	3645	0.0000000000
359	FT911-9-3299	3646	0.0000000000
359	FT911-9-3300	3647	0.0000000000
359	FT911-9-3302	3648	0.0000000000
359	FT911-9-3303	3649	0.0000000000
359	FT911-9-3304	3650	0.0000000000
359	FT911-9-3306	3651	0.0000000000
359	FT911-9-3307	3652	0.0000000000
359	FT911-9-3309	3653	0.0000000000
359	FT911-9-3310	3654	0.0000000000
359	FT911-9-3311	3655	0.0000000000
359	FT911-9-3312	3656	0.0000000000
359	FT911-9-3313	3657	0.0000000000
359	FT911-9-3314	3658	0.0000000000
359	FT911-9-3316	3659	0.0000000000
359	FT911-9-3318	3660	0.0000000000
359	FT911-9-3319	3661	0.0000000000
359	FT911-9-3320	3662	0.0000000000
359	FT911-10-3323	3663	0.0000000000
359	FT911-10-3324	3664	0.0000000000
359	FT911-10-3325	3665	0.0000000000
359	FT911-10-3326	3666	0.0000000000
359	FT911-10-3327	3667	0.0000000000
359	FT911-10-3329	3668	0.0000000000
359	FT911-10-3330	3669	0.0000000000
359	FT911-10-3332	3670	0.0000000000
359	FT911-10-3333	3671	0.0000000000
359	FT911-10-3334	3672	0.0000000000
359	FT911-10-3335	3673	0.0000000000
359	FT911-10-3336	3674	0.0000000000
359	FT911-10-3337	3675	0.0000000000
359	FT911-10-3338	3676	0.0000000000
359	FT911-10-3342	3677	0.0000000000
359	FT911-10-3343	3678	0.0000000000
359	FT911-10-3344	3679	0.0000000000
359	FT911-10-3345	3680	0.0000000000
359	FT911-10-3346	3681	0.0000000000
359	FT911-10-3347	3682	0.0000000000
359	FT911-10-3348	3683	0.0000000000
359	FT911-10-3349	3684	0.0000000000
359	FT911-10-3350	3685	0.0000000000
359	FT911-10-3351	3686	0.0000000000
359	FT911-10-3352	3687	0.0000000000
359	FT911-10-3353	3688	0.0000000000
359	FT911-10-3354	3689	0.0000000000
359	FT911-10-3356	3690	0.0000000000
359	FT911-10-3357	3691	0.0000000000
359	FT911-10-3358	3692	0.0000000000
359	FT911-10-3359	3693	0.0000000000
359	FT911-10-3360	3694	0.0000000000
359	FT911-10-3361	3695	0.0000000000
359	FT911-10-3362	3696	0.0000000000
359	FT911-10-3363	3697	0.0000000000
359	FT911-10-3364	3698	0.0000000000
359	FT911-10-3365	3699	0.0000000000
359	FT911-10-3367	3700	0.0000000000
359	FT911-10-3369	3701	0.0000000000
359	FT911-10-3370	3702	0.0000000000
359	FT911-10-3371	3703	0.0000000000
359	FT911-10-3372	3704	0.0000000000
359	FT911-10-3373	3705	0.0000000000
359	FT911-10-3374	3706	0.0000000000
359	FT911-10-3375	3707	0.0000000000
359	FT911-10-3376	3708	0.0000000000
359	FT911-10-3377	3709	0.0000000000
359	FT911-10-3380	3710	0.0000000000
359	FT911-10-3381	3711	0.0000000000
359	FT911-10-3382	3712	0.0000000000
359	FT911-10-3383	3713	0.0000000000
359	FT911-10-3384	3714	0.0000000000
359	FT911-10-3387	3715	0.0000000000
359	FT911-10-3388	3716	0.0000000000
359	FT911-10-3389	3717	0.0000000000
359	FT911-10-3390	3718	0.0000000000
359	FT911-10-3391	3719	0.0000000000
359	FT911-10-3392	3720	0.0000000000
359	FT911-10-3394	3721	0.0000000000
359	FT911-10-3395	3722	0.0000000000
359	FT911-10-3396	3723	0.0000000000
359	FT911-10-3397	3724	0.0000000000
359	FT911-10-3398	3725	0.0000000000
359	FT911-10-3399	3726	0.0000000000
359	FT911-10-3400	3727	0.0000000000
359	FT911-10-3401	3728	0.0000000000
359	FT911-10-3402	3729	0.0000000000
359	FT911-10-3403	3730	0.0000000000
359	FT911-10-3404	3731	0.0000000000
359	FT911-10-3405	3732	0.0000000000
359	FT911-10-3406	3733	0.0000000000
359	FT911-10-3407	3734	0.0000000000
359	FT911-10-3408	3735	0.0000000000
359	FT911-10-3409	3736	0.0000000000
359	FT911-10-3410	3737	0.0000000000
359	FT911-10-3411	3738	0.0000000000
359	FT911-10-3412	3739	0.0000000000
359	FT911-10-3413	3740	0.0000000000
359	FT911-10-3414	3741	0.0000000000
359	FT911-10-3415	3742	0.0000000000
359	FT911-10-3416	3743	0.0000000000
359	FT911-10-3417	3744	0.0000000000
359	FT911-10-3418	3745	0.0000000000
359	FT911-10-3419	3746	0.0000000000
359	FT911-10-3420	3747	0.0000000000
359	FT911-10-3421	3748	0.0000000000
359	FT911-10-3422	3749	0.0000000000
359	FT911-10-3423	3750	0.0000000000
359	FT911-10-3424	3751	0.0000000000
359	FT911-10-3425	3752	0.0000000000
359	FT911-10-3426	3753	0.0000000000
359	FT911-10-3427	3754	0.0000000000
359	FT911-10-3428	3755	0.0000000000
359	FT911-10-3429	3756	0.0000000000
359	FT911-10-3430	3757	0.0000000000
359	FT911-10-3431	3758	0.0000000000
359	FT911-10-3432	3759	0.0000000000
359	FT911-10-3434	3760	0.0000000000
359	FT911-10-3435	3761	0.0000000000
359	FT911-10-3436	3762	0.0000000000
359	FT911-10-3438	3763	0.0000000000
359	FT911-10-3439	3764	0.0000000000
359	FT911-10-3440	3765	0.0000000000
359	FT911-10-3441	3766	0.0000000000
359	FT911-10-3442	3767	0.0000000000
359	FT911-10-3443	3768	0.0000000000
359	FT911-10-3444	3769	0.0000000000
359	FT911-10-3445	3770	0.0000000000
359	FT911-10-3446	3771	0.0000000000
359	FT911-10-3447	3772	0.0000000000
359	FT911-10-3448	3773	0.0000000000
359	FT911-10-3450	3774	0.0000000000
359	FT911-10-3451	3775	0.0000000000
359	FT911-10-3452	3776	0.0000000000
359	FT911-10-3453	3777	0.0000000000
359	FT911-10-3455	3778	0.0000000000
359	FT911-10-3456	3779	0.0000000000
359	FT911-10-3457	3780	0.0000000000
359	FT911-10-3458	3781	0.0000000000
359	FT911-10-3459	3782	0.0000000000
359	FT911-10-3460	3783	0.0000000000
359	FT911-10-3461	3784	0.0000000000
359	FT911-10-3462	3785	0.0000000000
359	FT911-10-3463	3786	0.0000000000
359	FT911-10-3464	3787	0.0000000000
359	FT911-10-3465	3788	0.0000000000
359	FT911-10-3466	3789	0.0000000000
359	FT911-10-3467	3790	0.0000000000
359	FT911-10-3469	3791	0.0000000000
359	FT911-10-3471	3792	0.0000000000
359	FT911-10-3472	3793	0.0000000000
359	FT911-10-3473	3794	0.0000000000
359	FT911-10-3474	3795	0.0000000000
359	FT911-10-3475	3796	0.0000000000
359	FT911-10-3476	3797	0.0000000000
359	FT911-10-3477	3798	0.0000000000
359	FT911-10-3478	3799	0.0000000000
359	FT911-10-3479	3800	0.0000000000
359	FT911-10-3480	3801	0.0000000000
359	FT911-10-3481	3802	0.0000000000
359	FT911-10-3482	3803	0.0000000000
359	FT911-10-3483	3804	0.0000000000
359	FT911-10-3484	3805	0.0000000000
359	FT911-10-3485	3806	0.0000000000
359	FT911-10-3486	3807	0.0000000000
359	FT911-10-3487	3808	0.0000000000
359	FT911-10-3488	3809	0.0000000000
359	FT911-10-3489	3810	0.0000000000
359	FT911-10-3490	3811	0.0000000000
359	FT911-10-3493	3812	0.0000000000
359	FT911-10-3494	3813	0.0000000000
359	FT911-10-3495	3814	0.0000000000
359	FT911-10-3496	3815	0.0000000000
359	FT911-10-3497	3816	0.0000000000
359	FT911-10-3498	3817	0.0000000000
359	FT911-10-3500	3818	0.0000000000
359	FT911-10-3501	3819	0.0000000000
359	FT911-10-3502	3820	0.0000000000
359	FT911-10-3503	3821	0.0000000000
359	FT911-10-3504	3822	0.0000000000
359	FT911-10-3505	3823	0.0000000000
359	FT911-10-3506	3824	0.0000000000
359	FT911-10-3507	3825	0.0000000000
359	FT911-10-3508	3826	0.0000000000
359	FT911-10-3509	3827	0.0000000000
359	FT911-10-3510	3828	0.0000000000
359	FT911-10-3511	3829	0.0000000000
359	FT911-10-3512	3830	0.0000000000
359	FT911-10-3513	3831	0.0000000000
359	FT911-10-3514	3832	0.0000000000
359	FT911-10-3515	3833	0.0000000000
359	FT911-10-3516	3834	0.0000000000
359	FT911-10-3518	3835	0.0000000000
359	FT911-10-3519	3836	0.0000000000
359	FT911-10-3520	3837	0.0000000000
359	FT911-10-3521	3838	0.0000000000
359	FT911-10-3522	3839	0.0000000000
359	FT911-10-3523	3840	0.0000000000
359	FT911-10-3524	3841	0.0000000000
359	FT911-10-3525	3842	0.0000000000
359	FT911-10-3526	3843	0.0000000000
359	FT911-10-3527	3844	0.0000000000
359	FT911-10-3528	3845	0.0000000000
359	FT911-10-3529	3846	0.0000000000
359	FT911-10-3530	3847	0.0000000000
359	FT911-10-3531	3848	0.0000000000
359	FT911-10-3532	3849	0.0000000000
359	FT911-10-3533	3850	0.0000000000
359	FT911-10-3534	3851	0.0000000000
359	FT911-10-3535	3852	0.0000000000
359	FT911-10-3536	3853	0.0000000000
359	FT911-10-3537	3854	0.0000000000
359	FT911-10-3538	3855	0.0000000000
359	FT911-10-3539	3856	0.0000000000
359	FT911-10-3540	3857	0.0000000000
359	FT911-10-3541	3858	0.0000000000
359	FT911-10-3542	3859	0.0000000000
359	FT911-10-3543	3860	0.0000000000
359	FT911-10-3544	3861	0.0000000000
359	FT911-10-3545	3862	0.0000000000
359	FT911-10-3546	3863	0.0000000000
359	FT911-10-3547	3864	0.0000000000
359	FT911-10-3548	3865	0.0000000000
359	FT911-10-3549	3866	0.0000000000
359	FT911-10-3550	3867	0.0000000000
359	FT911-10-3551	3868	0.0000000000
359	FT911-10-3552	3869	0.0000000000
359	FT911-10-3553	3870	0.0000000000
359	FT911-10-3554	3871	0.0000000000
359	FT911-10-3555	3872	0.0000000000
359	FT911-10-3558	3873	0.0000000000
359	FT911-10-3559	3874	0.0000000000
359	FT911-10-3560	3875	0.0000000000
359	FT911-10-3561	3876	0.0000000000
359	FT911-10-3562	3877	0.0000000000
359	FT911-10-3563	3878	0.0000000000
359	FT911-10-3564	3879	0.0000000000
359	FT911-10-3565	3880	0.0000000000
359	FT911-10-3569	3881	0.0000000000
359	FT911-10-3570	3882	0.0000000000
359	FT911-10-3571	3883	0.0000000000
359	FT911-10-3572	3884	0.0000000000
359	FT911-10-3573	3885	0.0000000000
359	FT911-10-3574	3886	0.0000000000
359	FT911-10-3575	3887	0.0000000000
359	FT911-10-3576	3888	0.0000000000
359	FT911-10-3577	3889	0.0000000000
359	FT911-10-3578	3890	0.0000000000
359	FT911-10-3579	3891	0.0000000000
359	FT911-10-3580	3892	0.0000000000
359	FT911-10-3581	3893	0.0000000000
359	FT911-10-3582	3894	0.0000000000
359	FT911-10-3583	3895	0.0000000000
359	FT911-10-3584	3896	0.0000000000
359	FT911-10-3585	3897	0.0000000000
359	FT911-10-3586	3898	0.0000000000
359	FT911-10-3587	3899	0.0000000000
359	FT911-10-3588	3900	0.0000000000
359	FT911-10-3590	3901	0.0000000000
359	FT911-10-3591	3902	0.0000000000
359	FT911-10-3592	3903	0.0000000000
359	FT911-10-3593	3904	0.0000000000
359	FT911-10-3594	3905	0.0000000000
359	FT911-10-3595	3906	0.0000000000
359	FT911-10-3596	3907	0.0000000000
359	FT911-10-3597	3908	0.0000000000
359	FT911-10-3598	3909	0.0000000000
359	FT911-10-3599	3910	0.0000000000
359	FT911-10-3600	3911	0.0000000000
359	FT911-10-3601	3912	0.0000000000
359	FT911-10-3602	3913	0.0000000000
359	FT911-10-3604	3914	0.0000000000
359	FT911-10-3606	3915	0.0000000000
359	FT911-10-3607	3916	0.0000000000
359	FT911-10-3608	3917	0.0000000000
359	FT911-10-3609	3918	0.0000000000
359	FT911-10-3613	3919	0.0000000000
359	FT911-10-3614	3920	0.0000000000
359	FT911-10-3615	3921	0.0000000000
359	FT911-10-3616	3922	0.0000000000
359	FT911-10-3617	3923	0.0000000000
359	FT911-10-3618	3924	0.0000000000
359	FT911-10-3619	3925	0.0000000000
359	FT911-10-3620	3926	0.0000000000
359	FT911-10-3621	3927	0.0000000000
359	FT911-10-3622	3928	0.0000000000
359	FT911-10-3623	3929	0.0000000000
359	FT911-10-3624	3930	0.0000000000
359	FT911-10-3625	3931	0.0000000000
359	FT911-10-3626	3932	0.0000000000
359	FT911-10-3627	3933	0.0000000000
359	FT911-10-3628	3934	0.0000000000
359	FT911-10-3629	3935	0.0000000000
359	FT911-10-3630	3936	0.0000000000
359	FT911-10-3631	3937	0.0000000000
359	FT911-10-3632	3938	0.0000000000
359	FT911-10-3633	3939	0.0000000000
359	FT911-10-3634	3940	0.0000000000
359	FT911-10-3635	3941	0.0000000000
359	FT911-10-3636	3942	0.0000000000
359	FT911-10-3638	3943	0.0000000000
359	FT911-10-3639	3944	0.0000000000
359	FT911-10-3640	3945	0.0000000000
359	FT911-10-3641	3946	0.0000000000
359	FT911-10-3642	3947	0.0000000000
359	FT911-10-3644	3948	0.0000000000
359	FT911-10-3645	3949	0.0000000000
359	FT911-10-3646	3950	0.0000000000
359	FT911-10-3647	3951	0.0000000000
359	FT911-10-3648	3952	0.0000000000
359	FT911-10-3649	3953	0.0000000000
359	FT911-10-3650	3954	0.0000000000
359	FT911-10-3651	3955	0.0000000000
359	FT911-10-3652	3956	0.0000000000
359	FT911-10-3653	3957	0.0000000000
359	FT911-10-3654	3958	0.0000000000
359	FT911-10-3655	3959	0.0000000000
359	FT911-10-3656	3960	0.0000000000
359	FT911-10-3657	3961	0.0000000000
359	FT911-10-3658	3962	0.0000000000
359	FT911-10-3659	3963	0.0000000000
359	FT911-10-3660	3964	0.0000000000
359	FT911-10-3661	3965	0.0000000000
359	FT911-10-3662	3966	0.0000000000
359	FT911-10-3663	3967	0.0000000000
359	FT911-10-3664	3968	0.0000000000
359	FT911-10-3666	3969	0.0000000000
359	FT911-10-3667	3970	0.0000000000
359	FT911-10-3668	3971	0.0000000000
359	FT911-10-3669	3972	0.0000000000
359	FT911-10-3670	3973	0.0000000000
359	FT911-10-3671	3974	0.0000000000
359	FT911-10-3672	3975	0.0000000000
359	FT911-10-3673	3976	0.0000000000
359	FT911-10-3674	3977	0.0000000000
359	FT911-10-3676	3978	0.0000000000
359	FT911-10-3677	3979	0.0000000000
359	FT911-10-3678	3980	0.0000000000
359	FT911-10-3679	3981	0.0000000000
359	FT911-10-3680	3982	0.0000000000
359	FT911-10-3681	3983	0.0000000000
359	FT911-10-3682	3984	0.0000000000
359	FT911-10-3684	3985	0.0000000000
359	FT911-10-3685	3986	0.0000000000
359	FT911-10-3686	3987	0.0000000000
359	FT911-10-3687	3988	0.0000000000
359	FT911-10-3691	3989	0.0000000000
359	FT911-10-3692	3990	0.0000000000
359	FT911-11-3694	3991	0.0000000000
359	FT911-11-3695	3992	0.0000000000
359	FT911-11-3696	3993	0.0000000000
359	FT911-11-3697	3994	0.0000000000
359	FT911-11-3698	3995	0.0000000000
359	FT911-11-3699	3996	0.0000000000
359	FT911-11-3700	3997	0.0000000000
359	FT911-11-3701	3998	0.0000000000
359	FT911-11-3702	3999	0.0000000000
359	FT911-11-3703	4000	0.0000000000
359	FT911-11-3704	4001	0.0000000000
359	FT911-11-3708	4002	0.0000000000
359	FT911-11-3709	4003	0.0000000000
359	FT911-11-3710	4004	0.0000000000
359	FT911-11-3711	4005	0.0000000000
359	FT911-11-3712	4006	0.0000000000
359	FT911-11-3713	4007	0.0000000000
359	FT911-11-3714	4008	0.0000000000
359	FT911-11-3715	4009	0.0000000000
359	FT911-11-3716	4010	0.0000000000
359	FT911-11-3717	4011	0.0000000000
359	FT911-11-3718	4012	0.0000000000
359	FT911-11-3719	4013	0.0000000000
359	FT911-11-3722	4014	0.0000000000
359	FT911-11-3724	4015	0.0000000000
359	FT911-11-3725	4016	0.0000000000
359	FT911-11-3726	4017	0.0000000000
359	FT911-11-3727	4018	0.0000000000
359	FT911-11-3729	4019	0.0000000000
359	FT911-11-3730	4020	0.0000000000
359	FT911-11-3731	4021	0.0000000000
359	FT911-11-3732	4022	0.0000000000
359	FT911-11-3733	4023	0.0000000000
359	FT911-11-3736	4024	0.0000000000
359	FT911-11-3737	4025	0.0000000000
359	FT911-11-3739	4026	0.0000000000
359	FT911-11-3740	4027	0.0000000000
359	FT911-11-3741	4028	0.0000000000
359	FT911-11-3742	4029	0.0000000000
359	FT911-11-3743	4030	0.0000000000
359	FT911-11-3744	4031	0.0000000000
359	FT911-11-3745	4032	0.0000000000
359	FT911-11-3746	4033	0.0000000000
359	FT911-11-3747	4034	0.0000000000
359	FT911-11-3748	4035	0.0000000000
359	FT911-11-3750	4036	0.0000000000
359	FT911-11-3751	4037	0.0000000000
359	FT911-11-3752	4038	0.0000000000
359	FT911-11-3753	4039	0.0000000000
359	FT911-11-3754	4040	0.0000000000
359	FT911-11-3756	4041	0.0000000000
359	FT911-11-3758	4042	0.0000000000
359	FT911-11-3759	4043	0.0000000000
359	FT911-11-3760	4044	0.0000000000
359	FT911-11-3761	4045	0.0000000000
359	FT911-11-3762	4046	0.0000000000
359	FT911-11-3763	4047	0.0000000000
359	FT911-11-3764	4048	0.0000000000
359	FT911-11-3765	4049	0.0000000000
359	FT911-11-3766	4050	0.0000000000
359	FT911-11-3767	4051	0.0000000000
359	FT911-11-3768	4052	0.0000000000
359	FT911-11-3769	4053	0.0000000000
359	FT911-11-3770	4054	0.0000000000
359	FT911-11-3771	4055	0.0000000000
359	FT911-11-3773	4056	0.0000000000
359	FT911-11-3774	4057	0.0000000000
359	FT911-11-3775	4058	0.0000000000
359	FT911-11-3776	4059	0.0000000000
359	FT911-11-3777	4060	0.0000000000
359	FT911-11-3778	4061	0.0000000000
359	FT911-11-3779	4062	0.0000000000
359	FT911-11-3780	4063	0.0000000000
359	FT911-11-3781	4064	0.0000000000
359	FT911-11-3782	4065	0.0000000000
359	FT911-11-3784	4066	0.0000000000
359	FT911-11-3785	4067	0.0000000000
359	FT911-11-3786	4068	0.0000000000
359	FT911-11-3787	4069	0.0000000000
359	FT911-11-3788	4070	0.0000000000
359	FT911-11-3791	4071	0.0000000000
359	FT911-11-3792	4072	0.0000000000
359	FT911-11-3793	4073	0.0000000000
359	FT911-11-3794	4074	0.0000000000
359	FT911-11-3795	4075	0.0000000000
359	FT911-11-3796	4076	0.0000000000
359	FT911-11-3797	4077	0.0000000000
359	FT911-11-3798	4078	0.0000000000
359	FT911-11-3799	4079	0.0000000000
359	FT911-11-3800	4080	0.0000000000
359	FT911-11-3801	4081	0.0000000000
359	FT911-11-3803	4082	0.0000000000
359	FT911-11-3805	4083	0.0000000000
359	FT911-11-3806	4084	0.0000000000
359	FT911-11-3807	4085	0.0000000000
359	FT911-11-3809	4086	0.0000000000
359	FT911-11-3810	4087	0.0000000000
359	FT911-11-3811	4088	0.0000000000
359	FT911-11-3813	4089	0.0000000000
359	FT911-11-3815	4090	0.0000000000
359	FT911-11-3816	4091	0.0000000000
359	FT911-11-3818	4092	0.0000000000
359	FT911-11-3819	4093	0.0000000000
359	FT911-11-3821	4094	0.0000000000
359	FT911-11-3822	4095	0.0000000000
359	FT911-11-3823	4096	0.0000000000
359	FT911-11-3826	4097	0.0000000000
359	FT911-11-3827	4098	0.0000000000
359	FT911-11-3828	4099	0.0000000000
359	FT911-11-3829	4100	0.0000000000
359	FT911-11-3831	4101	0.0000000000
359	FT911-11-3832	4102	0.0000000000
359	FT911-11-3833	4103	0.0000000000
359	FT911-11-3834	4104	0.0000000000
359	FT911-11-3835	4105	0.0000000000
359	FT911-11-3836	4106	0.0000000000
359	FT911-11-3837	4107	0.0000000000
359	FT911-11-3839	4108	0.0000000000
359	FT911-11-3840	4109	0.0000000000
359	FT911-11-3841	4110	0.0000000000
359	FT911-11-3842	4111	0.0000000000
359	FT911-11-3843	4112	0.0000000000
359	FT911-11-3844	4113	0.0000000000
359	FT911-11-3845	4114	0.0000000000
359	FT911-11-3846	4115	0.0000000000
359	FT911-11-3847	4116	0.0000000000
359	FT911-11-3848	4117	0.0000000000
359	FT911-11-3849	4118	0.0000000000
359	FT911-11-3850	4119	0.0000000000
359	FT911-11-3851	4120	0.0000000000
359	FT911-11-3852	4121	0.0000000000
359	FT911-11-3854	4122	0.0000000000
359	FT911-11-3855	4123	0.0000000000
359	FT911-11-3856	4124	0.0000000000
359	FT911-11-3857	4125	0.0000000000
359	FT911-11-3859	4126	0.0000000000
359	FT911-11-3860	4127	0.0000000000
359	FT911-11-3861	4128	0.0000000000
359	FT911-11-3862	4129	0.0000000000
359	FT911-11-3863	4130	0.0000000000
359	FT911-11-3866	4131	0.0000000000
359	FT911-11-3867	4132	0.0000000000
359	FT911-11-3868	4133	0.0000000000
359	FT911-11-3869	4134	0.0000000000
359	FT911-11-3870	4135	0.0000000000
359	FT911-11-3872	4136	0.0000000000
359	FT911-11-3873	4137	0.0000000000
359	FT911-11-3874	4138	0.0000000000
359	FT911-11-3875	4139	0.0000000000
359	FT911-11-3876	4140	0.0000000000
359	FT911-11-3877	4141	0.0000000000
359	FT911-11-3878	4142	0.0000000000
359	FT911-11-3879	4143	0.0000000000
359	FT911-11-3880	4144	0.0000000000
359	FT911-11-3881	4145	0.0000000000
359	FT911-11-3882	4146	0.0000000000
359	FT911-11-3883	4147	0.0000000000
359	FT911-11-3885	4148	0.0000000000
359	FT911-11-3886	4149	0.0000000000
359	FT911-11-3887	4150	0.0000000000
359	FT911-11-3888	4151	0.0000000000
359	FT911-11-3890	4152	0.0000000000
359	FT911-11-3892	4153	0.0000000000
359	FT911-11-3893	4154	0.0000000000
359	FT911-11-3894	4155	0.0000000000
359	FT911-11-3895	4156	0.0000000000
359	FT911-11-3896	4157	0.0000000000
359	FT911-11-3897	4158	0.0000000000
359	FT911-11-3898	4159	0.0000000000
359	FT911-11-3899	4160	0.0000000000
359	FT911-11-3900	4161	0.0000000000
359	FT911-11-3901	4162	0.0000000000
359	FT911-11-3903	4163	0.0000000000
359	FT911-11-3904	4164	0.0000000000
359	FT911-11-3905	4165	0.0000000000
359	FT911-11-3906	4166	0.0000000000
359	FT911-11-3907	4167	0.0000000000
359	FT911-11-3908	4168	0.0000000000
359	FT911-11-3909	4169	0.0000000000
359	FT911-11-3910	4170	0.0000000000
359	FT911-11-3911	4171	0.0000000000
359	FT911-11-3912	4172	0.0000000000
359	FT911-11-3913	4173	0.0000000000
359	FT911-11-3914	4174	0.0000000000
359	FT911-11-3915	4175	0.0000000000
359	FT911-11-3916	4176	0.0000000000
359	FT911-11-3917	4177	0.0000000000
359	FT911-11-3919	4178	0.0000000000
359	FT911-11-3921	4179	0.0000000000
359	FT911-11-3926	4180	0.0000000000
359	FT911-11-3933	4181	0.0000000000
359	FT911-11-3939	4182	0.0000000000
359	FT911-11-3942	4183	0.0000000000
359	FT911-11-3947	4184	0.0000000000
359	FT911-11-3949	4185	0.0000000000
359	FT911-11-3950	4186	0.0000000000
359	FT911-11-3951	4187	0.0000000000
359	FT911-11-3955	4188	0.0000000000
359	FT911-11-3956	4189	0.0000000000
359	FT911-11-3957	4190	0.0000000000
359	FT911-11-3960	4191	0.0000000000
359	FT911-11-3961	4192	0.0000000000
359	FT911-11-3962	4193	0.0000000000
359	FT911-11-3965	4194	0.0000000000
359	FT911-11-3968	4195	0.0000000000
359	FT911-11-3969	4196	0.0000000000
359	FT911-11-3970	4197	0.0000000000
359	FT911-11-3971	4198	0.0000000000
359	FT911-11-3972	4199	0.0000000000
359	FT911-11-3973	4200	0.0000000000
359	FT911-11-3974	4201	0.0000000000
359	FT911-11-3975	4202	0.0000000000
359	FT911-11-3976	4203	0.0000000000
359	FT911-11-3977	4204	0.0000000000
359	FT911-11-3979	4205	0.0000000000
359	FT911-11-3980	4206	0.0000000000
359	FT911-11-3981	4207	0.0000000000
359	FT911-11-3982	4208	0.0000000000
359	FT911-11-3985	4209	0.0000000000
359	FT911-11-3987	4210	0.0000000000
359	FT911-11-3988	4211	0.0000000000
359	FT911-11-3989	4212	0.0000000000
359	FT911-11-3990	4213	0.0000000000
359	FT911-11-3991	4214	0.0000000000
359	FT911-11-3992	4215	0.0000000000
359	FT911-11-3993	4216	0.0000000000
359	FT911-11-3994	4217	0.0000000000
359	FT911-11-3995	4218	0.0000000000
359	FT911-11-3996	4219	0.0000000000
359	FT911-11-3997	4220	0.0000000000
359	FT911-11-3998	4221	0.0000000000
359	FT911-11-3999	4222	0.0000000000
359	FT911-11-4000	4223	0.0000000000
359	FT911-11-4001	4224	0.0000000000
359	FT911-11-4002	4225	0.0000000000
359	FT911-11-4003	4226	0.0000000000
359	FT911-11-4004	4227	0.0000000000
359	FT911-11-4005	4228	0.0000000000
359	FT911-11-4006	4229	0.0000000000
359	FT911-11-4007	4230	0.0000000000
359	FT911-11-4008	4231	0.0000000000
359	FT911-11-4009	4232	0.0000000000
359	FT911-11-4010	4233	0.0000000000
359	FT911-11-4012	4234	0.0000000000
359	FT911-11-4013	4235	0.0000000000
359	FT911-11-4014	4236	0.0000000000
359	FT911-11-4015	4237	0.0000000000
359	FT911-12-4016	4238	0.0000000000
359	FT911-12-4018	4239	0.0000000000
359	FT911-12-4019	4240	0.0000000000
359	FT911-12-4020	4241	0.0000000000
359	FT911-12-4021	4242	0.0000000000
359	FT911-12-4022	4243	0.0000000000
359	FT911-12-4023	4244	0.0000000000
359	FT911-12-4025	4245	0.0000000000
359	FT911-12-4026	4246	0.0000000000
359	FT911-12-4027	4247	0.0000000000
359	FT911-12-4028	4248	0.0000000000
359	FT911-12-4029	4249	0.0000000000
359	FT911-12-4030	4250	0.0000000000
359	FT911-12-4031	4251	0.0000000000
359	FT911-12-4033	4252	0.0000000000
359	FT911-12-4035	4253	0.0000000000
359	FT911-12-4036	4254	0.0000000000
359	FT911-12-4037	4255	0.0000000000
359	FT911-12-4038	4256	0.0000000000
359	FT911-12-4039	4257	0.0000000000
359	FT911-12-4040	4258	0.0000000000
359	FT911-12-4041	4259	0.0000000000
359	FT911-12-4043	4260	0.0000000000
359	FT911-12-4044	4261	0.0000000000
359	FT911-12-4045	4262	0.0000000000
359	FT911-12-4046	4263	0.0000000000
359	FT911-12-4047	4264	0.0000000000
359	FT911-12-4048	4265	0.0000000000
359	FT911-12-4050	4266	0.0000000000
359	FT911-12-4051	4267	0.0000000000
359	FT911-12-4052	4268	0.0000000000
359	FT911-12-4053	4269	0.0000000000
359	FT911-12-4054	4270	0.0000000000
359	FT911-12-4055	4271	0.0000000000
359	FT911-12-4056	4272	0.0000000000
359	FT911-12-4057	4273	0.0000000000
359	FT911-12-4058	4274	0.0000000000
359	FT911-12-4059	4275	0.0000000000
359	FT911-12-4060	4276	0.0000000000
359	FT911-12-4061	4277	0.0000000000
359	FT911-12-4062	4278	0.0000000000
359	FT911-12-4063	4279	0.0000000000
359	FT911-12-4064	4280	0.0000000000
359	FT911-12-4065	4281	0.0000000000
359	FT911-12-4066	4282	0.0000000000
359	FT911-12-4067	4283	0.0000000000
359	FT911-12-4068	4284	0.0000000000
359	FT911-12-4069	4285	0.0000000000
359	FT911-12-4070	4286	0.0000000000
359	FT911-12-4071	4287	0.0000000000
359	FT911-12-4072	4288	0.0000000000
359	FT911-12-4073	4289	0.0000000000
359	FT911-12-4074	4290	0.0000000000
359	FT911-12-4075	4291	0.0000000000
359	FT911-12-4076	4292	0.0000000000
359	FT911-12-4078	4293	0.0000000000
359	FT911-12-4079	4294	0.0000000000
359	FT911-12-4080	4295	0.0000000000
359	FT911-12-4082	4296	0.0000000000
359	FT911-12-4083	4297	0.0000000000
359	FT911-12-4084	4298	0.0000000000
359	FT911-12-4085	4299	0.0000000000
359	FT911-12-4086	4300	0.0000000000
359	FT911-12-4087	4301	0.0000000000
359	FT911-12-4088	4302	0.0000000000
359	FT911-12-4090	4303	0.0000000000
359	FT911-12-4091	4304	0.0000000000
359	FT911-12-4092	4305	0.0000000000
359	FT911-12-4093	4306	0.0000000000
359	FT911-12-4095	4307	0.0000000000
359	FT911-12-4097	4308	0.0000000000
359	FT911-12-4098	4309	0.0000000000
359	FT911-12-4099	4310	0.0000000000
359	FT911-12-4100	4311	0.0000000000
359	FT911-12-4101	4312	0.0000000000
359	FT911-12-4102	4313	0.0000000000
359	FT911-12-4103	4314	0.0000000000
359	FT911-12-4104	4315	0.0000000000
359	FT911-12-4105	4316	0.0000000000
359	FT911-12-4106	4317	0.0000000000
359	FT911-12-4107	4318	0.0000000000
359	FT911-12-4108	4319	0.0000000000
359	FT911-12-4109	4320	0.0000000000
359	FT911-12-4110	4321	0.0000000000
359	FT911-12-4111	4322	0.0000000000
359	FT911-12-4112	4323	0.0000000000
359	FT911-12-4113	4324	0.0000000000
359	FT911-12-4114	4325	0.0000000000
359	FT911-12-4115	4326	0.0000000000
359	FT911-12-4116	4327	0.0000000000
359	FT911-12-4117	4328	0.0000000000
359	FT911-12-4118	4329	0.0000000000
359	FT911-12-4119	4330	0.0000000000
359	FT911-12-4120	4331	0.0000000000
359	FT911-12-4122	4332	0.0000000000
359	FT911-12-4125	4333	0.0000000000
359	FT911-12-4126	4334	0.0000000000
359	FT911-12-4128	4335	0.0000000000
359	FT911-12-4129	4336	0.0000000000
359	FT911-12-4130	4337	0.0000000000
359	FT911-12-4131	4338	0.0000000000
359	FT911-12-4132	4339	0.0000000000
359	FT911-12-4133	4340	0.0000000000
359	FT911-12-4134	4341	0.0000000000
359	FT911-12-4135	4342	0.0000000000
359	FT911-12-4136	4343	0.0000000000
359	FT911-12-4137	4344	0.0000000000
359	FT911-12-4138	4345	0.0000000000
359	FT911-12-4139	4346	0.0000000000
359	FT911-12-4140	4347	0.0000000000
359	FT911-12-4141	4348	0.0000000000
359	FT911-12-4142	4349	0.0000000000
359	FT911-12-4143	4350	0.0000000000
359	FT911-12-4144	4351	0.0000000000
359	FT911-12-4145	4352	0.0000000000
359	FT911-12-4146	4353	0.0000000000
359	FT911-12-4147	4354	0.0000000000
359	FT911-12-4148	4355	0.0000000000
359	FT911-12-4150	4356	0.0000000000
359	FT911-12-4151	4357	0.0000000000
359	FT911-12-4152	4358	0.0000000000
359	FT911-12-4153	4359	0.0000000000
359	FT911-12-4154	4360	0.0000000000
359	FT911-12-4155	4361	0.0000000000
359	FT911-12-4156	4362	0.0000000000
359	FT911-12-4157	4363	0.0000000000
359	FT911-12-4158	4364	0.0000000000
359	FT911-12-4159	4365	0.0000000000
359	FT911-12-4160	4366	0.0000000000
359	FT911-12-4161	4367	0.0000000000
359	FT911-12-4162	4368	0.0000000000
359	FT911-12-4163	4369	0.0000000000
359	FT911-12-4164	4370	0.0000000000
359	FT911-12-4165	4371	0.0000000000
359	FT911-12-4166	4372	0.0000000000
359	FT911-12-4167	4373	0.0000000000
359	FT911-12-4168	4374	0.0000000000
359	FT911-12-4171	4375	0.0000000000
359	FT911-12-4172	4376	0.0000000000
359	FT911-12-4173	4377	0.0000000000
359	FT911-12-4174	4378	0.0000000000
359	FT911-12-4175	4379	0.0000000000
359	FT911-12-4176	4380	0.0000000000
359	FT911-12-4177	4381	0.0000000000
359	FT911-12-4178	4382	0.0000000000
359	FT911-12-4179	4383	0.0000000000
359	FT911-12-4180	4384	0.0000000000
359	FT911-12-4181	4385	0.0000000000
359	FT911-12-4183	4386	0.0000000000
359	FT911-12-4184	4387	0.0000000000
359	FT911-12-4185	4388	0.0000000000
359	FT911-12-4186	4389	0.0000000000
359	FT911-12-4187	4390	0.0000000000
359	FT911-12-4189	4391	0.0000000000
359	FT911-12-4190	4392	0.0000000000
359	FT911-12-4191	4393	0.0000000000
359	FT911-12-4192	4394	0.0000000000
359	FT911-12-4193	4395	0.0000000000
359	FT911-12-4194	4396	0.0000000000
359	FT911-12-4195	4397	0.0000000000
359	FT911-12-4201	4398	0.0000000000
359	FT911-12-4202	4399	0.0000000000
359	FT911-12-4203	4400	0.0000000000
359	FT911-12-4204	4401	0.0000000000
359	FT911-12-4205	4402	0.0000000000
359	FT911-12-4206	4403	0.0000000000
359	FT911-12-4207	4404	0.0000000000
359	FT911-12-4208	4405	0.0000000000
359	FT911-12-4209	4406	0.0000000000
359	FT911-12-4210	4407	0.0000000000
359	FT911-12-4211	4408	0.0000000000
359	FT911-12-4212	4409	0.0000000000
359	FT911-12-4213	4410	0.0000000000
359	FT911-12-4214	4411	0.0000000000
359	FT911-12-4217	4412	0.0000000000
359	FT911-12-4218	4413	0.0000000000
359	FT911-12-4219	4414	0.0000000000
359	FT911-12-4220	4415	0.0000000000
359	FT911-12-4222	4416	0.0000000000
359	FT911-12-4224	4417	0.0000000000
359	FT911-12-4225	4418	0.0000000000
359	FT911-12-4226	4419	0.0000000000
359	FT911-12-4227	4420	0.0000000000
359	FT911-12-4228	4421	0.0000000000
359	FT911-12-4230	4422	0.0000000000
359	FT911-12-4231	4423	0.0000000000
359	FT911-12-4232	4424	0.0000000000
359	FT911-12-4234	4425	0.0000000000
359	FT911-12-4235	4426	0.0000000000
359	FT911-12-4236	4427	0.0000000000
359	FT911-12-4237	4428	0.0000000000
359	FT911-12-4238	4429	0.0000000000
359	FT911-12-4239	4430	0.0000000000
359	FT911-12-4240	4431	0.0000000000
359	FT911-12-4241	4432	0.0000000000
359	FT911-12-4242	4433	0.0000000000
359	FT911-12-4243	4434	0.0000000000
359	FT911-12-4245	4435	0.0000000000
359	FT911-12-4246	4436	0.0000000000
359	FT911-12-4248	4437	0.0000000000
359	FT911-12-4249	4438	0.0000000000
359	FT911-12-4250	4439	0.0000000000
359	FT911-12-4253	4440	0.0000000000
359	FT911-12-4254	4441	0.0000000000
359	FT911-12-4255	4442	0.0000000000
359	FT911-12-4256	4443	0.0000000000
359	FT911-12-4257	4444	0.0000000000
359	FT911-12-4258	4445	0.0000000000
359	FT911-12-4259	4446	0.0000000000
359	FT911-12-4260	4447	0.0000000000
359	FT911-12-4261	4448	0.0000000000
359	FT911-12-4262	4449	0.0000000000
359	FT911-12-4263	4450	0.0000000000
359	FT911-12-4264	4451	0.0000000000
359	FT911-12-4265	4452	0.0000000000
359	FT911-12-4266	4453	0.0000000000
359	FT911-12-4267	4454	0.0000000000
359	FT911-12-4268	4455	0.0000000000
359	FT911-12-4270	4456	0.0000000000
359	FT911-12-4272	4457	0.0000000000
359	FT911-12-4274	4458	0.0000000000
359	FT911-12-4275	4459	0.0000000000
359	FT911-12-4276	4460	0.0000000000
359	FT911-12-4277	4461	0.0000000000
359	FT911-12-4278	4462	0.0000000000
359	FT911-12-4279	4463	0.0000000000
359	FT911-12-4280	4464	0.0000000000
359	FT911-12-4281	4465	0.0000000000
359	FT911-12-4282	4466	0.0000000000
359	FT911-12-4283	4467	0.0000000000
359	FT911-12-4284	4468	0.0000000000
359	FT911-12-4285	4469	0.0000000000
359	FT911-12-4290	4470	0.0000000000
359	FT911-12-4291	4471	0.0000000000
359	FT911-12-4292	4472	0.0000000000
359	FT911-12-4293	4473	0.0000000000
359	FT911-12-4294	4474	0.0000000000
359	FT911-12-4295	4475	0.0000000000
359	FT911-12-4296	4476	0.0000000000
359	FT911-12-4297	4477	0.0000000000
359	FT911-12-4298	4478	0.0000000000
359	FT911-12-4299	4479	0.0000000000
359	FT911-12-4300	4480	0.0000000000
359	FT911-12-4301	4481	0.0000000000
359	FT911-12-4302	4482	0.0000000000
359	FT911-12-4303	4483	0.0000000000
359	FT911-12-4304	4484	0.0000000000
359	FT911-12-4305	4485	0.0000000000
359	FT911-12-4306	4486	0.0000000000
359	FT911-12-4307	4487	0.0000000000
359	FT911-12-4308	4488	0.0000000000
359	FT911-12-4309	4489	0.0000000000
359	FT911-12-4310	4490	0.0000000000
359	FT911-12-4312	4491	0.0000000000
359	FT911-12-4313	4492	0.0000000000
359	FT911-12-4315	4493	0.0000000000
359	FT911-12-4316	4494	0.0000000000
359	FT911-12-4317	4495	0.0000000000
359	FT911-12-4319	4496	0.0000000000
359	FT911-12-4320	4497	0.0000000000
359	FT911-12-4321	4498	0.0000000000
359	FT911-12-4322	4499	0.0000000000
359	FT911-12-4323	4500	0.0000000000
359	FT911-12-4324	4501	0.0000000000
359	FT911-12-4325	4502	0.0000000000
359	FT911-12-4326	4503	0.0000000000
359	FT911-12-4327	4504	0.0000000000
359	FT911-12-4328	4505	0.0000000000
359	FT911-12-4329	4506	0.0000000000
359	FT911-12-4330	4507	0.0000000000
359	FT911-12-4331	4508	0.0000000000
359	FT911-12-4332	4509	0.0000000000
359	FT911-12-4333	4510	0.0000000000
359	FT911-12-4334	4511	0.0000000000
359	FT911-12-4335	4512	0.0000000000
359	FT911-12-4336	4513	0.0000000000
359	FT911-12-4337	4514	0.0000000000
359	FT911-12-4338	4515	0.0000000000
359	FT911-12-4339	4516	0.0000000000
359	FT911-12-4340	4517	0.0000000000
359	FT911-12-4341	4518	0.0000000000
359	FT911-12-4342	4519	0.0000000000
359	FT911-12-4345	4520	0.0000000000
359	FT911-12-4346	4521	0.0000000000
359	FT911-12-4347	4522	0.0000000000
359	FT911-12-4348	4523	0.0000000000
359	FT911-12-4349	4524	0.0000000000
359	FT911-12-4350	4525	0.0000000000
359	FT911-12-4351	4526	0.0000000000
359	FT911-12-4352	4527	0.0000000000
359	FT911-12-4353	4528	0.0000000000
359	FT911-12-4354	4529	0.0000000000
359	FT911-12-4356	4530	0.0000000000
359	FT911-12-4357	4531	0.0000000000
359	FT911-12-4360	4532	0.0000000000
359	FT911-12-4361	4533	0.0000000000
359	FT911-12-4362	4534	0.0000000000
359	FT911-12-4363	4535	0.0000000000
359	FT911-12-4364	4536	0.0000000000
359	FT911-12-4365	4537	0.0000000000
359	FT911-13-4366	4538	0.0000000000
359	FT911-13-4367	4539	0.0000000000
359	FT911-13-4368	4540	0.0000000000
359	FT911-13-4369	4541	0.0000000000
359	FT911-13-4370	4542	0.0000000000
359	FT911-13-4371	4543	0.0000000000
359	FT911-13-4372	4544	0.0000000000
359	FT911-13-4373	4545	0.0000000000
359	FT911-13-4374	4546	0.0000000000
359	FT911-13-4375	4547	0.0000000000
359	FT911-13-4376	4548	0.0000000000
359	FT911-13-4377	4549	0.0000000000
359	FT911-13-4378	4550	0.0000000000
359	FT911-13-4379	4551	0.0000000000
359	FT911-13-4380	4552	0.0000000000
359	FT911-13-4381	4553	0.0000000000
359	FT911-13-4382	4554	0.0000000000
359	FT911-13-4383	4555	0.0000000000
359	FT911-13-4384	4556	0.0000000000
359	FT911-13-4385	4557	0.0000000000
359	FT911-13-4388	4558	0.0000000000
359	FT911-13-4389	4559	0.0000000000
359	FT911-13-4391	4560	0.0000000000
359	FT911-13-4392	4561	0.0000000000
359	FT911-13-4393	4562	0.0000000000
359	FT911-13-4395	4563	0.0000000000
359	FT911-13-4396	4564	0.0000000000
359	FT911-13-4397	4565	0.0000000000
359	FT911-13-4398	4566	0.0000000000
359	FT911-13-4399	4567	0.0000000000
359	FT911-13-4400	4568	0.0000000000
359	FT911-13-4401	4569	0.0000000000
359	FT911-13-4402	4570	0.0000000000
359	FT911-13-4403	4571	0.0000000000
359	FT911-13-4404	4572	0.0000000000
359	FT911-13-4407	4573	0.0000000000
359	FT911-13-4408	4574	0.0000000000
359	FT911-13-4410	4575	0.0000000000
359	FT911-13-4413	4576	0.0000000000
359	FT911-13-4414	4577	0.0000000000
359	FT911-13-4415	4578	0.0000000000
359	FT911-13-4416	4579	0.0000000000
359	FT911-13-4417	4580	0.0000000000
359	FT911-13-4418	4581	0.0000000000
359	FT911-13-4419	4582	0.0000000000
359	FT911-13-4420	4583	0.0000000000
359	FT911-13-4421	4584	0.0000000000
359	FT911-13-4422	4585	0.0000000000
359	FT911-13-4423	4586	0.0000000000
359	FT911-13-4424	4587	0.0000000000
359	FT911-13-4425	4588	0.0000000000
359	FT911-13-4426	4589	0.0000000000
359	FT911-13-4427	4590	0.0000000000
359	FT911-13-4428	4591	0.0000000000
359	FT911-13-4430	4592	0.0000000000
359	FT911-13-4431	4593	0.0000000000
359	FT911-13-4432	4594	0.0000000000
359	FT911-13-4433	4595	0.0000000000
359	FT911-13-4434	4596	0.0000000000
359	FT911-13-4435	4597	0.0000000000
359	FT911-13-4436	4598	0.0000000000
359	FT911-13-4437	4599	0.0000000000
359	FT911-13-4438	4600	0.0000000000
359	FT911-13-4439	4601	0.0000000000
359	FT911-13-4440	4602	0.0000000000
359	FT911-13-4441	4603	0.0000000000
359	FT911-13-4442	4604	0.0000000000
359	FT911-13-4444	4605	0.0000000000
359	FT911-13-4445	4606	0.0000000000
359	FT911-13-4447	4607	0.0000000000
359	FT911-13-4448	4608	0.0000000000
359	FT911-13-4449	4609	0.0000000000
359	FT911-13-4450	4610	0.0000000000
359	FT911-13-4451	4611	0.0000000000
359	FT911-13-4453	4612	0.0000000000
359	FT911-13-4454	4613	0.0000000000
359	FT911-13-4455	4614	0.0000000000
359	FT911-13-4456	4615	0.0000000000
359	FT911-13-4457	4616	0.0000000000
359	FT911-13-4459	4617	0.0000000000
359	FT911-13-4460	4618	0.0000000000
359	FT911-13-4461	4619	0.0000000000
359	FT911-13-4462	4620	0.0000000000
359	FT911-13-4463	4621	0.0000000000
359	FT911-13-4464	4622	0.0000000000
359	FT911-13-4465	4623	0.0000000000
359	FT911-13-4467	4624	0.0000000000
359	FT911-13-4469	4625	0.0000000000
359	FT911-13-4470	4626	0.0000000000
359	FT911-13-4471	4627	0.0000000000
359	FT911-13-4472	4628	0.0000000000
359	FT911-13-4474	4629	0.0000000000
359	FT911-13-4475	4630	0.0000000000
359	FT911-13-4477	4631	0.0000000000
359	FT911-13-4479	4632	0.0000000000
359	FT911-13-4483	4633	0.0000000000
359	FT911-13-4484	4634	0.0000000000
359	FT911-13-4485	4635	0.0000000000
359	FT911-13-4486	4636	0.0000000000
359	FT911-13-4487	4637	0.0000000000
359	FT911-13-4488	4638	0.0000000000
359	FT911-13-4489	4639	0.0000000000
359	FT911-13-4490	4640	0.0000000000
359	FT911-13-4491	4641	0.0000000000
359	FT911-13-4492	4642	0.0000000000
359	FT911-13-4493	4643	0.0000000000
359	FT911-13-4494	4644	0.0000000000
359	FT911-13-4495	4645	0.0000000000
359	FT911-13-4496	4646	0.0000000000
359	FT911-13-4497	4647	0.0000000000
359	FT911-13-4498	4648	0.0000000000
359	FT911-13-4499	4649	0.0000000000
359	FT911-13-4500	4650	0.0000000000
359	FT911-13-4501	4651	0.0000000000
359	FT911-13-4502	4652	0.0000000000
359	FT911-13-4503	4653	0.0000000000
359	FT911-13-4504	4654	0.0000000000
359	FT911-13-4505	4655	0.0000000000
359	FT911-13-4506	4656	0.0000000000
359	FT911-13-4508	4657	0.0000000000
359	FT911-13-4509	4658	0.0000000000
359	FT911-13-4510	4659	0.0000000000
359	FT911-13-4511	4660	0.0000000000
359	FT911-13-4512	4661	0.0000000000
359	FT911-13-4513	4662	0.0000000000
359	FT911-13-4514	4663	0.0000000000
359	FT911-13-4515	4664	0.0000000000
359	FT911-13-4516	4665	0.0000000000
359	FT911-13-4517	4666	0.0000000000
359	FT911-13-4518	4667	0.0000000000
359	FT911-13-4519	4668	0.0000000000
359	FT911-13-4520	4669	0.0000000000
359	FT911-13-4521	4670	0.0000000000
359	FT911-13-4522	4671	0.0000000000
359	FT911-13-4523	4672	0.0000000000
359	FT911-13-4524	4673	0.0000000000
359	FT911-13-4525	4674	0.0000000000
359	FT911-13-4526	4675	0.0000000000
359	FT911-13-4527	4676	0.0000000000
359	FT911-13-4528	4677	0.0000000000
359	FT911-13-4529	4678	0.0000000000
359	FT911-13-4530	4679	0.0000000000
359	FT911-13-4531	4680	0.0000000000
359	FT911-13-4532	4681	0.0000000000
359	FT911-13-4533	4682	0.0000000000
359	FT911-13-4536	4683	0.0000000000
359	FT911-13-4537	4684	0.0000000000
359	FT911-13-4538	4685	0.0000000000
359	FT911-13-4539	4686	0.0000000000
359	FT911-13-4540	4687	0.0000000000
359	FT911-13-4541	4688	0.0000000000
359	FT911-13-4542	4689	0.0000000000
359	FT911-13-4543	4690	0.0000000000
359	FT911-13-4544	4691	0.0000000000
359	FT911-13-4545	4692	0.0000000000
359	FT911-13-4546	4693	0.0000000000
359	FT911-13-4547	4694	0.0000000000
359	FT911-13-4549	4695	0.0000000000
359	FT911-13-4550	4696	0.0000000000
359	FT911-13-4551	4697	0.0000000000
359	FT911-13-4552	4698	0.0000000000
359	FT911-13-4554	4699	0.0000000000
359	FT911-13-4555	4700	0.0000000000
359	FT911-13-4556	4701	0.0000000000
359	FT911-13-4557	4702	0.0000000000
359	FT911-13-4558	4703	0.0000000000
359	FT911-13-4559	4704	0.0000000000
359	FT911-13-4560	4705	0.0000000000
359	FT911-13-4561	4706	0.0000000000
359	FT911-13-4562	4707	0.0000000000
359	FT911-13-4563	4708	0.0000000000
359	FT911-13-4564	4709	0.0000000000
359	FT911-13-4565	4710	0.0000000000
359	FT911-13-4566	4711	0.0000000000
359	FT911-13-4567	4712	0.0000000000
359	FT911-13-4568	4713	0.0000000000
359	FT911-13-4570	4714	0.0000000000
359	FT911-13-4571	4715	0.0000000000
359	FT911-13-4573	4716	0.0000000000
359	FT911-13-4574	4717	0.0000000000
359	FT911-13-4577	4718	0.0000000000
359	FT911-13-4579	4719	0.0000000000
359	FT911-13-4580	4720	0.0000000000
359	FT911-13-4581	4721	0.0000000000
359	FT911-13-4582	4722	0.0000000000
359	FT911-13-4583	4723	0.0000000000
359	FT911-13-4584	4724	0.0000000000
359	FT911-13-4585	4725	0.0000000000
359	FT911-13-4586	4726	0.0000000000
359	FT911-13-4587	4727	0.0000000000
359	FT911-13-4588	4728	0.0000000000
359	FT911-13-4589	4729	0.0000000000
359	FT911-13-4590	4730	0.0000000000
359	FT911-13-4591	4731	0.0000000000
359	FT911-13-4592	4732	0.0000000000
359	FT911-13-4593	4733	0.0000000000
359	FT911-13-4594	4734	0.0000000000
359	FT911-13-4595	4735	0.0000000000
359	FT911-13-4596	4736	0.0000000000
359	FT911-13-4597	4737	0.0000000000
359	FT911-13-4598	4738	0.0000000000
359	FT911-13-4599	4739	0.0000000000
359	FT911-13-4600	4740	0.0000000000
359	FT911-13-4601	4741	0.0000000000
359	FT911-13-4602	4742	0.0000000000
359	FT911-13-4603	4743	0.0000000000
359	FT911-13-4604	4744	0.0000000000
359	FT911-13-4605	4745	0.0000000000
359	FT911-13-4606	4746	0.0000000000
359	FT911-13-4607	4747	0.0000000000
359	FT911-13-4608	4748	0.0000000000
359	FT911-13-4611	4749	0.0000000000
359	FT911-13-4612	4750	0.0000000000
359	FT911-13-4613	4751	0.0000000000
359	FT911-13-4614	4752	0.0000000000
359	FT911-13-4615	4753	0.0000000000
359	FT911-13-4616	4754	0.0000000000
359	FT911-13-4617	4755	0.0000000000
359	FT911-13-4618	4756	0.0000000000
359	FT911-13-4620	4757	0.0000000000
359	FT911-13-4621	4758	0.0000000000
359	FT911-13-4622	4759	0.0000000000
359	FT911-13-4624	4760	0.0000000000
359	FT911-13-4628	4761	0.0000000000
359	FT911-13-4629	4762	0.0000000000
359	FT911-13-4630	4763	0.0000000000
359	FT911-13-4631	4764	0.0000000000
359	FT911-13-4632	4765	0.0000000000
359	FT911-13-4633	4766	0.0000000000
359	FT911-13-4634	4767	0.0000000000
359	FT911-13-4635	4768	0.0000000000
359	FT911-13-4636	4769	0.0000000000
359	FT911-13-4637	4770	0.0000000000
359	FT911-13-4639	4771	0.0000000000
359	FT911-13-4640	4772	0.0000000000
359	FT911-13-4641	4773	0.0000000000
359	FT911-13-4642	4774	0.0000000000
359	FT911-13-4643	4775	0.0000000000
359	FT911-13-4644	4776	0.0000000000
359	FT911-13-4645	4777	0.0000000000
359	FT911-13-4646	4778	0.0000000000
359	FT911-13-4648	4779	0.0000000000
359	FT911-13-4649	4780	0.0000000000
359	FT911-13-4650	4781	0.0000000000
359	FT911-13-4651	4782	0.0000000000
359	FT911-13-4652	4783	0.0000000000
359	FT911-13-4653	4784	0.0000000000
359	FT911-13-4654	4785	0.0000000000
359	FT911-13-4655	4786	0.0000000000
359	FT911-13-4656	4787	0.0000000000
359	FT911-13-4657	4788	0.0000000000
359	FT911-13-4658	4789	0.0000000000
359	FT911-13-4659	4790	0.0000000000
359	FT911-13-4660	4791	0.0000000000
359	FT911-13-4661	4792	0.0000000000
359	FT911-13-4662	4793	0.0000000000
359	FT911-13-4663	4794	0.0000000000
359	FT911-13-4664	4795	0.0000000000
359	FT911-13-4665	4796	0.0000000000
359	FT911-13-4666	4797	0.0000000000
359	FT911-13-4667	4798	0.0000000000
359	FT911-13-4669	4799	0.0000000000
359	FT911-13-4670	4800	0.0000000000
359	FT911-13-4671	4801	0.0000000000
359	FT911-13-4672	4802	0.0000000000
359	FT911-13-4673	4803	0.0000000000
359	FT911-13-4674	4804	0.0000000000
359	FT911-13-4675	4805	0.0000000000
359	FT911-13-4676	4806	0.0000000000
359	FT911-13-4677	4807	0.0000000000
359	FT911-13-4682	4808	0.0000000000
359	FT911-13-4687	4809	0.0000000000
359	FT911-13-4689	4810	0.0000000000
359	FT911-13-4690	4811	0.0000000000
359	FT911-13-4693	4812	0.0000000000
359	FT911-13-4694	4813	0.0000000000
359	FT911-13-4696	4814	0.0000000000
359	FT911-13-4697	4815	0.0000000000
359	FT911-13-4698	4816	0.0000000000
359	FT911-13-4699	4817	0.0000000000
359	FT911-13-4700	4818	0.0000000000
359	FT911-13-4701	4819	0.0000000000
359	FT911-13-4702	4820	0.0000000000
359	FT911-13-4703	4821	0.0000000000
359	FT911-13-4704	4822	0.0000000000
359	FT911-13-4705	4823	0.0000000000
359	FT911-13-4706	4824	0.0000000000
359	FT911-13-4707	4825	0.0000000000
359	FT911-13-4708	4826	0.0000000000
359	FT911-13-4709	4827	0.0000000000
359	FT911-13-4710	4828	0.0000000000
359	FT911-13-4711	4829	0.0000000000
359	FT911-13-4712	4830	0.0000000000
359	FT911-13-4713	4831	0.0000000000
359	FT911-13-4714	4832	0.0000000000
359	FT911-13-4715	4833	0.0000000000
359	FT911-13-4716	4834	0.0000000000
359	FT911-13-4717	4835	0.0000000000
359	FT911-13-4718	4836	0.0000000000
359	FT911-13-4720	4837	0.0000000000
359	FT911-13-4721	4838	0.0000000000
359	FT911-13-4722	4839	0.0000000000
359	FT911-13-4723	4840	0.0000000000
359	FT911-13-4724	4841	0.0000000000
359	FT911-13-4725	4842	0.0000000000
359	FT911-13-4726	4843	0.0000000000
359	FT911-13-4727	4844	0.0000000000
359	FT911-13-4728	4845	0.0000000000
359	FT911-13-4729	4846	0.0000000000
359	FT911-13-4731	4847	0.0000000000
359	FT911-13-4732	4848	0.0000000000
359	FT911-13-4735	4849	0.0000000000
359	FT911-13-4736	4850	0.0000000000
359	FT911-13-4737	4851	0.0000000000
359	FT911-13-4738	4852	0.0000000000
359	FT911-13-4739	4853	0.0000000000
359	FT911-13-4740	4854	0.0000000000
359	FT911-13-4741	4855	0.0000000000
359	FT911-13-4744	4856	0.0000000000
359	FT911-13-4745	4857	0.0000000000
359	FT911-13-4746	4858	0.0000000000
359	FT911-13-4747	4859	0.0000000000
359	FT911-13-4748	4860	0.0000000000
359	FT911-14-4749	4861	0.0000000000
359	FT911-14-4750	4862	0.0000000000
359	FT911-14-4751	4863	0.0000000000
359	FT911-14-4752	4864	0.0000000000
359	FT911-14-4753	4865	0.0000000000
359	FT911-14-4755	4866	0.0000000000
359	FT911-14-4758	4867	0.0000000000
359	FT911-14-4760	4868	0.0000000000
359	FT911-14-4761	4869	0.0000000000
359	FT911-14-4762	4870	0.0000000000
359	FT911-14-4765	4871	0.0000000000
359	FT911-14-4766	4872	0.0000000000
359	FT911-14-4767	4873	0.0000000000
359	FT911-14-4768	4874	0.0000000000
359	FT911-14-4770	4875	0.0000000000
359	FT911-14-4771	4876	0.0000000000
359	FT911-14-4772	4877	0.0000000000
359	FT911-14-4773	4878	0.0000000000
359	FT911-14-4774	4879	0.0000000000
359	FT911-14-4775	4880	0.0000000000
359	FT911-14-4776	4881	0.0000000000
359	FT911-14-4778	4882	0.0000000000
359	FT911-14-4779	4883	0.0000000000
359	FT911-14-4780	4884	0.0000000000
359	FT911-14-4781	4885	0.0000000000
359	FT911-14-4782	4886	0.0000000000
359	FT911-14-4785	4887	0.0000000000
359	FT911-14-4786	4888	0.0000000000
359	FT911-14-4787	4889	0.0000000000
359	FT911-14-4791	4890	0.0000000000
359	FT911-14-4792	4891	0.0000000000
359	FT911-14-4793	4892	0.0000000000
359	FT911-14-4794	4893	0.0000000000
359	FT911-14-4797	4894	0.0000000000
359	FT911-14-4799	4895	0.0000000000
359	FT911-14-4800	4896	0.0000000000
359	FT911-14-4802	4897	0.0000000000
359	FT911-14-4803	4898	0.0000000000
359	FT911-14-4804	4899	0.0000000000
359	FT911-14-4805	4900	0.0000000000
359	FT911-14-4806	4901	0.0000000000
359	FT911-14-4807	4902	0.0000000000
359	FT911-14-4808	4903	0.0000000000
359	FT911-14-4809	4904	0.0000000000
359	FT911-14-4810	4905	0.0000000000
359	FT911-14-4811	4906	0.0000000000
359	FT911-14-4812	4907	0.0000000000
359	FT911-14-4813	4908	0.0000000000
359	FT911-14-4814	4909	0.0000000000
359	FT911-14-4816	4910	0.0000000000
359	FT911-14-4817	4911	0.0000000000
359	FT911-14-4818	4912	0.0000000000
359	FT911-14-4819	4913	0.0000000000
359	FT911-14-4820	4914	0.0000000000
359	FT911-14-4821	4915	0.0000000000
359	FT911-14-4824	4916	0.0000000000
359	FT911-14-4825	4917	0.0000000000
359	FT911-14-4826	4918	0.0000000000
359	FT911-14-4827	4919	0.0000000000
359	FT911-14-4828	4920	0.0000000000
359	FT911-14-4830	4921	0.0000000000
359	FT911-14-4831	4922	0.0000000000
359	FT911-14-4833	4923	0.0000000000
359	FT911-14-4834	4924	0.0000000000
359	FT911-14-4835	4925	0.0000000000
359	FT911-14-4836	4926	0.0000000000
359	FT911-14-4837	4927	0.0000000000
359	FT911-14-4838	4928	0.0000000000
359	FT911-14-4839	4929	0.0000000000
359	FT911-14-4840	4930	0.0000000000
359	FT911-14-4841	4931	0.0000000000
359	FT911-14-4842	4932	0.0000000000
359	FT911-14-4843	4933	0.0000000000
359	FT911-14-4844	4934	0.0000000000
359	FT911-14-4845	4935	0.0000000000
359	FT911-14-4846	4936	0.0000000000
359	FT911-14-4847	4937	0.0000000000
359	FT911-14-4848	4938	0.0000000000
359	FT911-14-4849	4939	0.0000000000
359	FT911-14-4850	4940	0.0000000000
359	FT911-14-4851	4941	0.0000000000
359	FT911-14-4852	4942	0.0000000000
359	FT911-14-4853	4943	0.0000000000
359	FT911-14-4854	4944	0.0000000000
359	FT911-14-4855	4945	0.0000000000
359	FT911-14-4856	4946	0.0000000000
359	FT911-14-4857	4947	0.0000000000
359	FT911-14-4858	4948	0.0000000000
359	FT911-14-4859	4949	0.0000000000
359	FT911-14-4860	4950	0.0000000000
359	FT911-14-4861	4951	0.0000000000
359	FT911-14-4862	4952	0.0000000000
359	FT911-14-4863	4953	0.0000000000
359	FT911-14-4865	4954	0.0000000000
359	FT911-14-4868	4955	0.0000000000
359	FT911-14-4869	4956	0.0000000000
359	FT911-14-4870	4957	0.0000000000
359	FT911-14-4871	4958	0.0000000000
359	FT911-14-4872	4959	0.0000000000
359	FT911-14-4873	4960	0.0000000000
359	FT911-14-4876	4961	0.0000000000
359	FT911-14-4877	4962	0.0000000000
359	FT911-14-4878	4963	0.0000000000
359	FT911-14-4879	4964	0.0000000000
359	FT911-14-4880	4965	0.0000000000
359	FT911-14-4882	4966	0.0000000000
359	FT911-14-4883	4967	0.0000000000
359	FT911-14-4884	4968	0.0000000000
359	FT911-14-4885	4969	0.0000000000
359	FT911-14-4886	4970	0.0000000000
359	FT911-14-4887	4971	0.0000000000
359	FT911-14-4888	4972	0.0000000000
359	FT911-14-4889	4973	0.0000000000
359	FT911-14-4890	4974	0.0000000000
359	FT911-14-4891	4975	0.0000000000
359	FT911-14-4892	4976	0.0000000000
359	FT911-14-4893	4977	0.0000000000
359	FT911-14-4894	4978	0.0000000000
359	FT911-14-4895	4979	0.0000000000
359	FT911-14-4896	4980	0.0000000000
359	FT911-14-4897	4981	0.0000000000
359	FT911-14-4898	4982	0.0000000000
359	FT911-14-4899	4983	0.0000000000
359	FT911-14-4900	4984	0.0000000000
359	FT911-14-4901	4985	0.0000000000
359	FT911-14-4902	4986	0.0000000000
359	FT911-14-4903	4987	0.0000000000
359	FT911-14-4904	4988	0.0000000000
359	FT911-14-4905	4989	0.0000000000
359	FT911-14-4906	4990	0.0000000000
359	FT911-14-4907	4991	0.0000000000
359	FT911-14-4908	4992	0.0000000000
359	FT911-14-4910	4993	0.0000000000
359	FT911-14-4911	4994	0.0000000000
359	FT911-14-4913	4995	0.0000000000
359	FT911-14-4915	4996	0.0000000000
359	FT911-14-4916	4997	0.0000000000
359	FT911-14-4917	4998	0.0000000000
359	FT911-14-4918	4999	0.0000000000
359	FT911-14-4919	5000	0.0000000000
359	FT911-14-4920	5001	0.0000000000
359	FT911-14-4921	5002	0.0000000000
359	FT911-14-4922	5003	0.0000000000
359	FT911-14-4923	5004	0.0000000000
359	FT911-14-4925	5005	0.0000000000
359	FT911-14-4926	5006	0.0000000000
359	FT911-14-4927	5007	0.0000000000
359	FT911-14-4928	5008	0.0000000000
359	FT911-14-4931	5009	0.0000000000
359	FT911-14-4934	5010	0.0000000000
359	FT911-14-4937	5011	0.0000000000
359	FT911-14-4938	5012	0.0000000000
359	FT911-14-4939	5013	0.0000000000
359	FT911-14-4940	5014	0.0000000000
359	FT911-14-4941	5015	0.0000000000
359	FT911-14-4942	5016	0.0000000000
359	FT911-14-4943	5017	0.0000000000
359	FT911-14-4944	5018	0.0000000000
359	FT911-14-4945	5019	0.0000000000
359	FT911-14-4947	5020	0.0000000000
359	FT911-14-4948	5021	0.0000000000
359	FT911-14-4949	5022	0.0000000000
359	FT911-14-4950	5023	0.0000000000
359	FT911-14-4951	5024	0.0000000000
359	FT911-14-4952	5025	0.0000000000
359	FT911-14-4953	5026	0.0000000000
359	FT911-14-4954	5027	0.0000000000
359	FT911-14-4956	5028	0.0000000000
359	FT911-14-4957	5029	0.0000000000
359	FT911-14-4959	5030	0.0000000000
359	FT911-14-4960	5031	0.0000000000
359	FT911-14-4961	5032	0.0000000000
359	FT911-14-4963	5033	0.0000000000
359	FT911-14-4964	5034	0.0000000000
359	FT911-14-4965	5035	0.0000000000
359	FT911-14-4966	5036	0.0000000000
359	FT911-14-4967	5037	0.0000000000
359	FT911-14-4968	5038	0.0000000000
359	FT911-14-4969	5039	0.0000000000
359	FT911-14-4970	5040	0.0000000000
359	FT911-14-4971	5041	0.0000000000
359	FT911-14-4972	5042	0.0000000000
359	FT911-14-4973	5043	0.0000000000
359	FT911-14-4974	5044	0.0000000000
359	FT911-14-4975	5045	0.0000000000
359	FT911-14-4976	5046	0.0000000000
359	FT911-14-4977	5047	0.0000000000
359	FT911-14-4978	5048	0.0000000000
359	FT911-14-4979	5049	0.0000000000
359	FT911-14-4981	5050	0.0000000000
359	FT911-14-4982	5051	0.0000000000
359	FT911-14-4983	5052	0.0000000000
359	FT911-14-4984	5053	0.0000000000
359	FT911-14-4985	5054	0.0000000000
359	FT911-14-4986	5055	0.0000000000
359	FT911-14-4987	5056	0.0000000000
359	FT911-14-4988	5057	0.0000000000
359	FT911-14-4989	5058	0.0000000000
359	FT911-14-4990	5059	0.0000000000
359	FT911-14-4991	5060	0.0000000000
359	FT911-14-4994	5061	0.0000000000
359	FT911-14-4995	5062	0.0000000000
359	FT911-14-4998	5063	0.0000000000
359	FT911-14-4999	5064	0.0000000000
359	FT911-14-5000	5065	0.0000000000
359	FT911-14-5001	5066	0.0000000000
359	FT911-14-5002	5067	0.0000000000
359	FT911-14-5003	5068	0.0000000000
359	FT911-14-5006	5069	0.0000000000
359	FT911-14-5007	5070	0.0000000000
359	FT911-14-5008	5071	0.0000000000
359	FT911-14-5009	5072	0.0000000000
359	FT911-14-5011	5073	0.0000000000
359	FT911-14-5017	5074	0.0000000000
359	FT911-14-5018	5075	0.0000000000
359	FT911-14-5019	5076	0.0000000000
359	FT911-14-5020	5077	0.0000000000
359	FT911-14-5021	5078	0.0000000000
359	FT911-14-5022	5079	0.0000000000
359	FT911-14-5025	5080	0.0000000000
359	FT911-14-5026	5081	0.0000000000
359	FT911-14-5028	5082	0.0000000000
359	FT911-14-5031	5083	0.0000000000
359	FT911-14-5032	5084	0.0000000000
359	FT911-14-5033	5085	0.0000000000
359	FT911-14-5034	5086	0.0000000000
359	FT911-14-5035	5087	0.0000000000
359	FT911-14-5036	5088	0.0000000000
359	FT911-14-5037	5089	0.0000000000
359	FT911-14-5040	5090	0.0000000000
359	FT911-14-5041	5091	0.0000000000
359	FT911-14-5042	5092	0.0000000000
359	FT911-14-5044	5093	0.0000000000
359	FT911-14-5045	5094	0.0000000000
359	FT911-14-5046	5095	0.0000000000
359	FT911-14-5047	5096	0.0000000000
359	FT911-14-5049	5097	0.0000000000
359	FT911-14-5050	5098	0.0000000000
359	FT911-14-5051	5099	0.0000000000
359	FT911-14-5052	5100	0.0000000000
359	FT911-14-5053	5101	0.0000000000
359	FT911-14-5055	5102	0.0000000000
359	FT911-14-5056	5103	0.0000000000
359	FT911-14-5057	5104	0.0000000000
359	FT911-14-5058	5105	0.0000000000
359	FT911-14-5059	5106	0.0000000000
359	FT911-14-5060	5107	0.0000000000
359	FT911-14-5062	5108	0.0000000000
359	FT911-14-5063	5109	0.0000000000
359	FT911-14-5064	5110	0.0000000000
359	FT911-14-5065	5111	0.0000000000
359	FT911-14-5066	5112	0.0000000000
359	FT911-14-5067	5113	0.0000000000
359	FT911-14-5068	5114	0.0000000000
359	FT911-14-5069	5115	0.0000000000
359	FT911-14-5070	5116	0.0000000000
359	FT911-14-5071	5117	0.0000000000
359	FT911-14-5072	5118	0.0000000000
359	FT911-14-5073	5119	0.0000000000
359	FT911-14-5074	5120	0.0000000000
359	FT911-14-5076	5121	0.0000000000
359	FT911-14-5077	5122	0.0000000000
359	FT911-14-5078	5123	0.0000000000
359	FT911-14-5079	5124	0.0000000000
359	FT911-14-5080	5125	0.0000000000
359	FT911-14-5081	5126	0.0000000000
359	FT911-14-5084	5127	0.0000000000
359	FT911-14-5085	5128	0.0000000000
359	FT911-14-5087	5129	0.0000000000
359	FT911-14-5088	5130	0.0000000000
359	FT911-14-5089	5131	0.0000000000
359	FT911-14-5090	5132	0.0000000000
359	FT911-14-5091	5133	0.0000000000
359	FT911-14-5092	5134	0.0000000000
359	FT911-14-5093	5135	0.0000000000
359	FT911-14-5094	5136	0.0000000000
359	FT911-14-5095	5137	0.0000000000
359	FT911-14-5096	5138	0.0000000000
359	FT911-14-5097	5139	0.0000000000
359	FT911-14-5098	5140	0.0000000000
359	FT911-14-5100	5141	0.0000000000
359	FT911-14-5101	5142	0.0000000000
359	FT911-14-5102	5143	0.0000000000
359	FT911-14-5103	5144	0.0000000000
359	FT911-14-5104	5145	0.0000000000
359	FT911-14-5105	5146	0.0000000000
359	FT911-14-5106	5147	0.0000000000
359	FT911-14-5107	5148	0.0000000000
359	FT911-14-5109	5149	0.0000000000
359	FT911-14-5110	5150	0.0000000000
359	FT911-14-5111	5151	0.0000000000
359	FT911-14-5112	5152	0.0000000000
359	FT911-14-5114	5153	0.0000000000
359	FT911-14-5115	5154	0.0000000000
359	FT911-14-5116	5155	0.0000000000
359	FT911-14-5117	5156	0.0000000000
359	FT911-14-5118	5157	0.0000000000
359	FT911-14-5119	5158	0.0000000000
359	FT911-14-5120	5159	0.0000000000
359	FT911-14-5121	5160	0.0000000000
359	FT911-14-5122	5161	0.0000000000
359	FT911-14-5123	5162	0.0000000000
359	FT911-14-5124	5163	0.0000000000
359	FT911-14-5126	5164	0.0000000000
359	FT911-14-5127	5165	0.0000000000
359	FT911-14-5128	5166	0.0000000000
359	FT911-15-5129	5167	0.0000000000
359	FT911-15-5130	5168	0.0000000000
359	FT911-15-5132	5169	0.0000000000
359	FT911-15-5133	5170	0.0000000000
359	FT911-15-5134	5171	0.0000000000
359	FT911-15-5135	5172	0.0000000000
359	FT911-15-5136	5173	0.0000000000
359	FT911-15-5137	5174	0.0000000000
359	FT911-15-5138	5175	0.0000000000
359	FT911-15-5139	5176	0.0000000000
359	FT911-15-5140	5177	0.0000000000
359	FT911-15-5141	5178	0.0000000000
359	FT911-15-5142	5179	0.0000000000
359	FT911-15-5143	5180	0.0000000000
359	FT911-15-5144	5181	0.0000000000
359	FT911-15-5146	5182	0.0000000000
359	FT911-15-5147	5183	0.0000000000
359	FT911-15-5148	5184	0.0000000000
359	FT911-15-5149	5185	0.0000000000
359	FT911-15-5150	5186	0.0000000000
359	FT911-15-5151	5187	0.0000000000
359	FT911-15-5152	5188	0.0000000000
359	FT911-15-5153	5189	0.0000000000
359	FT911-15-5154	5190	0.0000000000
359	FT911-15-5156	5191	0.0000000000
359	FT911-15-5157	5192	0.0000000000
359	FT911-15-5160	5193	0.0000000000
359	FT911-15-5163	5194	0.0000000000
359	FT911-15-5164	5195	0.0000000000
359	FT911-15-5165	5196	0.0000000000
359	FT911-15-5166	5197	0.0000000000
359	FT911-15-5167	5198	0.0000000000
359	FT911-15-5169	5199	0.0000000000
359	FT911-15-5170	5200	0.0000000000
359	FT911-15-5171	5201	0.0000000000
359	FT911-15-5172	5202	0.0000000000
359	FT911-15-5173	5203	0.0000000000
359	FT911-15-5174	5204	0.0000000000
359	FT911-15-5175	5205	0.0000000000
359	FT911-15-5176	5206	0.0000000000
359	FT911-15-5179	5207	0.0000000000
359	FT911-15-5182	5208	0.0000000000
359	FT911-15-5183	5209	0.0000000000
359	FT911-15-5184	5210	0.0000000000
359	FT911-15-5185	5211	0.0000000000
359	FT911-15-5186	5212	0.0000000000
359	FT911-15-5188	5213	0.0000000000
359	FT911-15-5189	5214	0.0000000000
359	FT911-15-5190	5215	0.0000000000
359	FT911-15-5191	5216	0.0000000000
359	FT911-15-5192	5217	0.0000000000
359	FT911-15-5193	5218	0.0000000000
359	FT911-15-5194	5219	0.0000000000
359	FT911-15-5196	5220	0.0000000000
359	FT911-15-5198	5221	0.0000000000
359	FT911-15-5199	5222	0.0000000000
359	FT911-15-5200	5223	0.0000000000
359	FT911-15-5201	5224	0.0000000000
359	FT911-15-5202	5225	0.0000000000
359	FT911-15-5203	5226	0.0000000000
359	FT911-15-5204	5227	0.0000000000
359	FT911-15-5205	5228	0.0000000000
359	FT911-15-5206	5229	0.0000000000
359	FT911-15-5207	5230	0.0000000000
359	FT911-15-5208	5231	0.0000000000
359	FT911-15-5209	5232	0.0000000000
359	FT911-15-5210	5233	0.0000000000
359	FT911-15-5212	5234	0.0000000000
359	FT911-15-5213	5235	0.0000000000
359	FT911-15-5214	5236	0.0000000000
359	FT911-15-5215	5237	0.0000000000
359	FT911-15-5216	5238	0.0000000000
359	FT911-15-5217	5239	0.0000000000
359	FT911-15-5218	5240	0.0000000000
359	FT911-15-5219	5241	0.0000000000
359	FT911-15-5220	5242	0.0000000000
359	FT911-15-5221	5243	0.0000000000
359	FT911-15-5222	5244	0.0000000000
359	FT911-15-5224	5245	0.0000000000
359	FT911-15-5225	5246	0.0000000000
359	FT911-15-5226	5247	0.0000000000
359	FT911-15-5227	5248	0.0000000000
359	FT911-15-5228	5249	0.0000000000
359	FT911-15-5229	5250	0.0000000000
359	FT911-15-5230	5251	0.0000000000
359	FT911-15-5231	5252	0.0000000000
359	FT911-15-5233	5253	0.0000000000
359	FT911-15-5234	5254	0.0000000000
359	FT911-15-5235	5255	0.0000000000
359	FT911-15-5236	5256	0.0000000000
359	FT911-15-5237	5257	0.0000000000
359	FT911-15-5238	5258	0.0000000000
359	FT911-15-5239	5259	0.0000000000
359	FT911-15-5240	5260	0.0000000000
359	FT911-15-5243	5261	0.0000000000
359	FT911-15-5244	5262	0.0000000000
359	FT911-15-5245	5263	0.0000000000
359	FT911-15-5246	5264	0.0000000000
359	FT911-15-5247	5265	0.0000000000
359	FT911-15-5249	5266	0.0000000000
359	FT911-15-5252	5267	0.0000000000
359	FT911-15-5253	5268	0.0000000000
359	FT911-15-5254	5269	0.0000000000
359	FT911-15-5255	5270	0.0000000000
359	FT911-15-5256	5271	0.0000000000
359	FT911-15-5257	5272	0.0000000000
359	FT911-15-5258	5273	0.0000000000
359	FT911-15-5259	5274	0.0000000000
359	FT911-15-5260	5275	0.0000000000
359	FT911-15-5261	5276	0.0000000000
359	FT911-15-5262	5277	0.0000000000
359	FT911-15-5263	5278	0.0000000000
359	FT911-15-5264	5279	0.0000000000
359	FT911-15-5265	5280	0.0000000000
359	FT911-15-5266	5281	0.0000000000
359	FT911-15-5267	5282	0.0000000000
359	FT911-15-5268	5283	0.0000000000
359	FT911-15-5269	5284	0.0000000000
359	FT911-15-5270	5285	0.0000000000
359	FT911-15-5271	5286	0.0000000000
359	FT911-15-5272	5287	0.0000000000
359	FT911-15-5273	5288	0.0000000000
359	FT911-15-5274	5289	0.0000000000
359	FT911-15-5275	5290	0.0000000000
359	FT911-15-5276	5291	0.0000000000
359	FT911-15-5278	5292	0.0000000000
359	FT911-15-5279	5293	0.0000000000
359	FT911-15-5280	5294	0.0000000000
359	FT911-15-5281	5295	0.0000000000
359	FT911-15-5283	5296	0.0000000000
359	FT911-15-5284	5297	0.0000000000
359	FT911-15-5285	5298	0.0000000000
359	FT911-15-5286	5299	0.0000000000
359	FT911-15-5288	5300	0.0000000000
359	FT911-15-5289	5301	0.0000000000
359	FT911-15-5290	5302	0.0000000000
359	FT911-15-5291	5303	0.0000000000
359	FT911-15-5292	5304	0.0000000000
359	FT911-15-5293	5305	0.0000000000
359	FT911-15-5294	5306	0.0000000000
359	FT911-15-5295	5307	0.0000000000
359	FT911-15-5296	5308	0.0000000000
359	FT911-15-5297	5309	0.0000000000
359	FT911-15-5298	5310	0.0000000000
359	FT911-15-5299	5311	0.0000000000
359	FT911-15-5300	5312	0.0000000000
359	FT911-15-5301	5313	0.0000000000
359	FT911-15-5302	5314	0.0000000000
359	FT911-15-5303	5315	0.0000000000
359	FT911-15-5304	5316	0.0000000000
359	FT911-15-5305	5317	0.0000000000
359	FT911-15-5306	5318	0.0000000000
359	FT911-15-5307	5319	0.0000000000
359	FT911-15-5308	5320	0.0000000000
359	FT911-15-5309	5321	0.0000000000
359	FT911-15-5310	5322	0.0000000000
359	FT911-15-5313	5323	0.0000000000
359	FT911-15-5314	5324	0.0000000000
359	FT911-15-5315	5325	0.0000000000
359	FT911-15-5316	5326	0.0000000000
359	FT911-15-5317	5327	0.0000000000
359	FT911-15-5318	5328	0.0000000000
359	FT911-15-5319	5329	0.0000000000
359	FT911-15-5320	5330	0.0000000000
359	FT911-15-5322	5331	0.0000000000
359	FT911-15-5323	5332	0.0000000000
359	FT911-15-5324	5333	0.0000000000
359	FT911-15-5325	5334	0.0000000000
359	FT911-15-5328	5335	0.0000000000
359	FT911-15-5329	5336	0.0000000000
359	FT911-15-5330	5337	0.0000000000
359	FT911-15-5331	5338	0.0000000000
359	FT911-15-5333	5339	0.0000000000
359	FT911-15-5335	5340	0.0000000000
359	FT911-15-5336	5341	0.0000000000
359	FT911-15-5337	5342	0.0000000000
359	FT911-15-5338	5343	0.0000000000
359	FT911-15-5339	5344	0.0000000000
359	FT911-15-5341	5345	0.0000000000
359	FT911-15-5342	5346	0.0000000000
359	FT911-15-5345	5347	0.0000000000
359	FT911-15-5346	5348	0.0000000000
359	FT911-15-5347	5349	0.0000000000
359	FT911-15-5348	5350	0.0000000000
359	FT911-15-5349	5351	0.0000000000
359	FT911-15-5350	5352	0.0000000000
359	FT911-15-5351	5353	0.0000000000
359	FT911-15-5352	5354	0.0000000000
359	FT911-15-5353	5355	0.0000000000
359	FT911-15-5354	5356	0.0000000000
359	FT911-15-5355	5357	0.0000000000
359	FT911-15-5356	5358	0.0000000000
359	FT911-15-5357	5359	0.0000000000
359	FT911-15-5358	5360	0.0000000000
359	FT911-15-5359	5361	0.0000000000
359	FT911-15-5361	5362	0.0000000000
359	FT911-15-5362	5363	0.0000000000
359	FT911-15-5363	5364	0.0000000000
359	FT911-15-5364	5365	0.0000000000
359	FT911-15-5365	5366	0.0000000000
359	FT911-15-5367	5367	0.0000000000
359	FT911-15-5368	5368	0.0000000000
