352	FT911-12-4186	1	0.1591607935
352	FT911-1-296	2	0.1476346322
352	FT911-12-4338	3	0.1307698476
352	FT911-2-650	4	0.1087584893
352	FT911-4-1379	5	0.1058076049
352	FT911-6-2103	6	0.1042079613
352	FT911-4-1322	7	0.1020643528
352	FT911-10-3362	8	0.0976278213
352	FT911-3-1083	9	0.0953719034
352	FT911-1-71	10	0.0931033788
352	FT911-2-410	11	0.0923049820
352	FT911-5-1733	12	0.0923002286
352	FT911-2-527	13	0.0888844425
352	FT911-14-4921	14	0.0883948843
352	FT911-12-4201	15	0.0876387503
352	FT911-6-1837	16	0.0874526316
352	FT911-1-23	17	0.0864520129
352	FT911-5-1806	18	0.0836959008
352	FT911-12-4072	19	0.0829911418
352	FT911-11-3999	20	0.0825028569
352	FT911-2-462	21	0.0804238139
352	FT911-4-1251	22	0.0797943205
352	FT911-9-3148	23	0.0785660591
352	FT911-11-3853	24	0.0780942169
352	FT911-10-3452	25	0.0779203020
352	FT911-7-2245	26	0.0769860512
352	FT911-8-2815	27	0.0768790512
352	FT911-2-434	28	0.0767029926
352	FT911-6-1954	29	0.0759887825
352	FT911-10-3536	30	0.0759736558
352	FT911-1-351	31	0.0759568222
352	FT911-8-2942	32	0.0758416751
352	FT911-6-2170	33	0.0754874151
352	FT911-1-156	34	0.0743804861
352	FT911-13-4706	35	0.0742999982
352	FT911-3-1082	36	0.0738800767
352	FT911-13-4680	37	0.0737501967
352	FT911-3-763	38	0.0733346905
352	FT911-5-1638	39	0.0729222826
352	FT911-6-2001	40	0.0725463175
352	FT911-9-3189	41	0.0717555577
352	FT911-15-5297	42	0.0708279666
352	FT911-7-2578	43	0.0707461112
352	FT911-2-655	44	0.0706387499
352	FT911-9-3063	45	0.0703370791
352	FT911-11-3993	46	0.0702954732
352	FT911-3-761	47	0.0699444375
352	FT911-12-4252	48	0.0698736769
352	FT911-4-1280	49	0.0695589763
352	FT911-10-3569	50	0.0692537892
352	FT911-6-2044	51	0.0692110389
352	FT911-8-2650	52	0.0689873224
352	FT911-9-3146	53	0.0688045369
352	FT911-1-366	54	0.0684454563
352	FT911-13-4677	55	0.0680931362
352	FT911-14-5051	56	0.0668434278
352	FT911-15-5199	57	0.0662349796
352	FT911-13-4712	58	0.0662328811
352	FT911-12-4073	59	0.0661476154
352	FT911-15-5182	60	0.0660808509
352	FT911-7-2564	61	0.0659999117
352	FT911-9-3210	62	0.0656719326
352	FT911-15-5352	63	0.0656469878
352	FT911-3-1070	64	0.0655774969
352	FT911-7-2356	65	0.0653421959
352	FT911-3-753	66	0.0649996451
352	FT911-13-4548	67	0.0647964465
352	FT911-4-1324	68	0.0643438481
352	FT911-14-4808	69	0.0639289091
352	FT911-8-2866	70	0.0637818090
352	FT911-6-1951	71	0.0636395938
352	FT911-9-2999	72	0.0635013571
352	FT911-13-4626	73	0.0630051251
352	FT911-10-3559	74	0.0629479250
352	FT911-7-2450	75	0.0629434485
352	FT911-3-921	76	0.0628852667
352	FT911-10-3558	77	0.0626890434
352	FT911-13-4407	78	0.0620906595
352	FT911-6-2042	79	0.0617988769
352	FT911-12-4134	80	0.0617321921
352	FT911-12-4362	81	0.0614301965
352	FT911-5-1719	82	0.0613902449
352	FT911-4-1382	83	0.0613835606
352	FT911-14-4916	84	0.0612067404
352	FT911-1-359	85	0.0611914110
352	FT911-3-871	86	0.0611615299
352	FT911-6-1963	87	0.0610411383
352	FT911-2-709	88	0.0609921225
352	FT911-2-504	89	0.0608468953
352	FT911-14-4966	90	0.0607592041
352	FT911-11-3990	91	0.0607438171
352	FT911-8-2704	92	0.0606191860
352	FT911-9-2983	93	0.0603508824
352	FT911-13-4600	94	0.0603401120
352	FT911-2-712	95	0.0602929703
352	FT911-4-1453	96	0.0602426516
352	FT911-7-2574	97	0.0601511931
352	FT911-1-110	98	0.0597781314
352	FT911-6-1995	99	0.0596911708
352	FT911-12-4019	100	0.0595270460
352	FT911-14-5064	101	0.0592673348
352	FT911-13-4715	102	0.0589079025
352	FT911-1-283	103	0.0588724630
352	FT911-9-3240	104	0.0587840545
352	FT911-4-1279	105	0.0587471782
352	FT911-5-1697	106	0.0586223817
352	FT911-13-4708	107	0.0586166273
352	FT911-15-5166	108	0.0586143243
352	FT911-10-3424	109	0.0585137646
352	FT911-12-4093	110	0.0582730423
352	FT911-12-4358	111	0.0582373332
352	FT911-1-329	112	0.0581941114
352	FT911-6-1967	113	0.0579245447
352	FT911-4-1227	114	0.0578563215
352	FT911-14-5046	115	0.0577615747
352	FT911-10-3408	116	0.0576585360
352	FT911-7-2442	117	0.0576122314
352	FT911-4-1215	118	0.0575178658
352	FT911-10-3649	119	0.0573579381
352	FT911-4-1470	120	0.0572577553
352	FT911-12-4160	121	0.0570986580
352	FT911-3-919	122	0.0570237033
352	FT911-5-1681	123	0.0568802314
352	FT911-13-4678	124	0.0567965276
352	FT911-2-656	125	0.0566997257
352	FT911-11-3829	126	0.0562516834
352	FT911-9-3174	127	0.0562516249
352	FT911-7-2538	128	0.0561703455
352	FT911-6-2150	129	0.0561343274
352	FT911-4-1377	130	0.0561054078
352	FT911-13-4524	131	0.0560619629
352	FT911-8-2948	132	0.0559333645
352	FT911-6-2125	133	0.0558661842
352	FT911-14-4790	134	0.0558562287
352	FT911-15-5282	135	0.0557760684
352	FT911-7-2301	136	0.0555201346
352	FT911-2-502	137	0.0554743965
352	FT911-6-2003	138	0.0554503265
352	FT911-13-4571	139	0.0553177669
352	FT911-15-5157	140	0.0548280225
352	FT911-11-3992	141	0.0547703943
352	FT911-6-2178	142	0.0545931577
352	FT911-10-3342	143	0.0544924978
352	FT911-13-4710	144	0.0543207086
352	FT911-5-1640	145	0.0541451684
352	FT911-9-3119	146	0.0540976556
352	FT911-12-4266	147	0.0540704383
352	FT911-12-4089	148	0.0540505871
352	FT911-12-4131	149	0.0539337297
352	FT911-5-1479	150	0.0538735227
352	FT911-5-1805	151	0.0536610783
352	FT911-2-645	152	0.0535189863
352	FT911-4-1367	153	0.0534630763
352	FT911-6-2141	154	0.0531115270
352	FT911-11-3842	155	0.0530655457
352	FT911-10-3561	156	0.0530456613
352	FT911-4-1244	157	0.0528416598
352	FT911-3-784	158	0.0528130661
352	FT911-1-319	159	0.0527509735
352	FT911-1-212	160	0.0527319810
352	FT911-15-5327	161	0.0525952465
352	FT911-3-958	162	0.0525629119
352	FT911-10-3549	163	0.0520473232
352	FT911-13-4461	164	0.0520103689
352	FT911-4-1396	165	0.0518784517
352	FT911-8-2826	166	0.0517333799
352	FT911-12-4242	167	0.0517224307
352	FT911-8-2717	168	0.0516113348
352	FT911-12-4155	169	0.0514740891
352	FT911-5-1773	170	0.0512530912
352	FT911-2-699	171	0.0510688134
352	FT911-5-1673	172	0.0510595184
352	FT911-6-1935	173	0.0508835669
352	FT911-10-3460	174	0.0506930470
352	FT911-1-169	175	0.0506280588
352	FT911-4-1204	176	0.0505620977
352	FT911-3-828	177	0.0503221831
352	FT911-1-218	178	0.0500467050
352	FT911-13-4729	179	0.0499602472
352	FT911-4-1211	180	0.0499053560
352	FT911-5-1759	181	0.0498239745
352	FT911-3-766	182	0.0496692376
352	FT911-7-2585	183	0.0496421497
352	FT911-13-4425	184	0.0495829406
352	FT911-11-3783	185	0.0494079439
352	FT911-13-4656	186	0.0493445327
352	FT911-9-3009	187	0.0490283697
352	FT911-5-1700	188	0.0490272285
352	FT911-5-1620	189	0.0490132305
352	FT911-14-4880	190	0.0486865779
352	FT911-15-5177	191	0.0486486688
352	FT911-10-3453	192	0.0485624569
352	FT911-7-2264	193	0.0485616508
352	FT911-4-1147	194	0.0484530028
352	FT911-12-4097	195	0.0484154101
352	FT911-1-323	196	0.0482885772
352	FT911-10-3477	197	0.0482697040
352	FT911-3-989	198	0.0480891947
352	FT911-8-2738	199	0.0480587260
352	FT911-2-652	200	0.0480164294
352	FT911-10-3652	201	0.0478849757
352	FT911-3-963	202	0.0477494433
352	FT911-3-1000	203	0.0477459175
352	FT911-9-3098	204	0.0476917133
352	FT911-14-4992	205	0.0471605602
352	FT911-1-48	206	0.0471015334
352	FT911-12-4199	207	0.0470681457
352	FT911-2-508	208	0.0470066296
352	FT911-5-1551	209	0.0469777297
352	FT911-11-3949	210	0.0469352923
352	FT911-10-3676	211	0.0469070310
352	FT911-8-2836	212	0.0468731210
352	FT911-11-3908	213	0.0468539868
352	FT911-7-2260	214	0.0467851951
352	FT911-8-2778	215	0.0467660868
352	FT911-10-3454	216	0.0466590068
352	FT911-12-4031	217	0.0464781147
352	FT911-6-2174	218	0.0464694225
352	FT911-15-5310	219	0.0464632442
352	FT911-12-4108	220	0.0464517348
352	FT911-15-5153	221	0.0464434689
352	FT911-14-4968	222	0.0463107610
352	FT911-8-2623	223	0.0461991872
352	FT911-5-1593	224	0.0461312665
352	FT911-13-4386	225	0.0461250693
352	FT911-3-1028	226	0.0460983918
352	FT911-7-2277	227	0.0460142014
352	FT911-2-612	228	0.0458799039
352	FT911-5-1780	229	0.0457857161
352	FT911-1-171	230	0.0457567753
352	FT911-1-316	231	0.0456802173
352	FT911-14-4979	232	0.0456320516
352	FT911-2-466	233	0.0455660269
352	FT911-14-4781	234	0.0454827407
352	FT911-10-3642	235	0.0454462067
352	FT911-15-5260	236	0.0453695386
352	FT911-6-2121	237	0.0452481154
352	FT911-2-632	238	0.0452121286
352	FT911-10-3430	239	0.0451025257
352	FT911-9-3155	240	0.0450915612
352	FT911-8-2782	241	0.0449980824
352	FT911-5-1794	242	0.0448086792
352	FT911-4-1276	243	0.0447415549
352	FT911-7-2528	244	0.0447132969
352	FT911-2-455	245	0.0446918286
352	FT911-13-4693	246	0.0446868372
352	FT911-7-2571	247	0.0446809668
352	FT911-11-3726	248	0.0446436943
352	FT911-6-1850	249	0.0444775527
352	FT911-3-790	250	0.0444045718
352	FT911-2-648	251	0.0443762872
352	FT911-2-496	252	0.0443261621
352	FT911-8-2934	253	0.0442017775
352	FT911-3-1098	254	0.0440434598
352	FT911-14-5107	255	0.0439846781
352	FT911-9-3158	256	0.0439610372
352	FT911-12-4105	257	0.0438781394
352	FT911-9-3182	258	0.0437216756
352	FT911-11-3737	259	0.0436235468
352	FT911-13-4526	260	0.0436145621
352	FT911-3-975	261	0.0435300764
352	FT911-3-804	262	0.0435026684
352	FT911-14-4754	263	0.0434183218
352	FT911-10-3432	264	0.0433077085
352	FT911-7-2565	265	0.0432746862
352	FT911-12-4181	266	0.0432410060
352	FT911-7-2333	267	0.0432184768
352	FT911-14-4841	268	0.0429633236
352	FT911-1-10	269	0.0428166986
352	FT911-6-2075	270	0.0426259886
352	FT911-9-3110	271	0.0426038372
352	FT911-7-2355	272	0.0424915191
352	FT911-13-4663	273	0.0424289573
352	FT911-15-5202	274	0.0423562799
352	FT911-2-702	275	0.0423225372
352	FT911-9-3181	276	0.0421976775
352	FT911-6-1981	277	0.0421852657
352	FT911-15-5233	278	0.0418401130
352	FT911-9-3094	279	0.0417793340
352	FT911-13-4489	280	0.0416607091
352	FT911-10-3385	281	0.0415848692
352	FT911-10-3529	282	0.0415162201
352	FT911-4-1418	283	0.0413887136
352	FT911-12-4262	284	0.0413844584
352	FT911-4-1222	285	0.0413354370
352	FT911-7-2257	286	0.0412936328
352	FT911-7-2472	287	0.0412765064
352	FT911-1-22	288	0.0412678079
352	FT911-6-2155	289	0.0411999945
352	FT911-1-116	290	0.0411221586
352	FT911-6-2173	291	0.0409790707
352	FT911-14-4842	292	0.0408747779
352	FT911-9-3317	293	0.0406565601
352	FT911-4-1330	294	0.0405870463
352	FT911-11-3799	295	0.0405739032
352	FT911-9-3014	296	0.0403800795
352	FT911-6-2015	297	0.0402309819
352	FT911-3-1087	298	0.0401970154
352	FT911-8-2655	299	0.0400709488
352	FT911-10-3425	300	0.0397881604
352	FT911-4-1301	301	0.0397647042
352	FT911-1-273	302	0.0397448881
352	FT911-9-3279	303	0.0396328490
352	FT911-2-658	304	0.0396010714
352	FT911-12-4173	305	0.0395895751
352	FT911-1-220	306	0.0395101958
352	FT911-10-3497	307	0.0393840308
352	FT911-11-3946	308	0.0393702927
352	FT911-2-660	309	0.0393248217
352	FT911-9-2956	310	0.0392622070
352	FT911-7-2248	311	0.0392595847
352	FT911-8-2658	312	0.0392044495
352	FT911-6-1890	313	0.0391956031
352	FT911-10-3657	314	0.0389736126
352	FT911-1-115	315	0.0389134639
352	FT911-1-65	316	0.0388967711
352	FT911-4-1100	317	0.0388956877
352	FT911-1-38	318	0.0387845215
352	FT911-13-4387	319	0.0387843090
352	FT911-2-446	320	0.0387532730
352	FT911-8-2823	321	0.0387316575
352	FT911-2-706	322	0.0387270731
352	FT911-15-5163	323	0.0386931333
352	FT911-15-5187	324	0.0386751138
352	FT911-14-4843	325	0.0386742367
352	FT911-1-172	326	0.0386678178
352	FT911-4-1190	327	0.0385911399
352	FT911-4-1179	328	0.0385640019
352	FT911-11-3839	329	0.0385573676
352	FT911-7-2296	330	0.0385502600
352	FT911-2-392	331	0.0385201476
352	FT911-3-1025	332	0.0384890000
352	FT911-5-1511	333	0.0384447271
352	FT911-10-3575	334	0.0383809294
352	FT911-1-51	335	0.0383577634
352	FT911-13-4672	336	0.0383512238
352	FT911-4-1188	337	0.0382023986
352	FT911-4-1189	338	0.0381924380
352	FT911-5-1596	339	0.0380922377
352	FT911-12-4228	340	0.0380444155
352	FT911-11-3849	341	0.0380236605
352	FT911-14-4971	342	0.0379986337
352	FT911-5-1675	343	0.0379547064
352	FT911-1-203	344	0.0379506997
352	FT911-1-259	345	0.0379359361
352	FT911-8-2631	346	0.0379263701
352	FT911-2-427	347	0.0378036401
352	FT911-6-2194	348	0.0377693981
352	FT911-8-2726	349	0.0376876524
352	FT911-8-2834	350	0.0376769862
352	FT911-12-4169	351	0.0376431366
352	FT911-14-5097	352	0.0376364855
352	FT911-7-2353	353	0.0375794184
352	FT911-1-181	354	0.0375408140
352	FT911-10-3373	355	0.0374958485
352	FT911-3-779	356	0.0374506721
352	FT911-13-4479	357	0.0374449562
352	FT911-12-4356	358	0.0374343080
352	FT911-10-3463	359	0.0374333937
352	FT911-6-2132	360	0.0374328476
352	FT911-13-4608	361	0.0374143541
352	FT911-8-2728	362	0.0373004202
352	FT911-13-4595	363	0.0372699434
352	FT911-3-836	364	0.0372587746
352	FT911-1-239	365	0.0372168536
352	FT911-4-1417	366	0.0371489594
352	FT911-7-2348	367	0.0371444954
352	FT911-10-3436	368	0.0370405525
352	FT911-5-1669	369	0.0370261492
352	FT911-4-1105	370	0.0369884449
352	FT911-13-4602	371	0.0369575504
352	FT911-6-2080	372	0.0368403378
352	FT911-6-2071	373	0.0368208557
352	FT911-15-5253	374	0.0367408301
352	FT911-12-4046	375	0.0367189683
352	FT911-7-2456	376	0.0367141741
352	FT911-3-903	377	0.0367135256
352	FT911-12-4312	378	0.0367129794
352	FT911-9-3287	379	0.0366873986
352	FT911-4-1283	380	0.0366844511
352	FT911-12-4099	381	0.0366066446
352	FT911-11-3730	382	0.0364307734
352	FT911-14-4927	383	0.0364120695
352	FT911-5-1674	384	0.0362532967
352	FT911-10-3562	385	0.0362063110
352	FT911-15-5305	386	0.0362050784
352	FT911-7-2581	387	0.0361683684
352	FT911-6-2087	388	0.0361028624
352	FT911-8-2692	389	0.0360976790
352	FT911-4-1141	390	0.0360129253
352	FT911-11-3857	391	0.0359253640
352	FT911-12-4183	392	0.0358797455
352	FT911-5-1677	393	0.0358646951
352	FT911-3-1097	394	0.0358522992
352	FT911-3-1009	395	0.0358123967
352	FT911-10-3618	396	0.0357317884
352	FT911-15-5212	397	0.0357112703
352	FT911-14-4838	398	0.0356877338
352	FT911-6-1913	399	0.0356455622
352	FT911-13-4666	400	0.0354030127
352	FT911-6-2115	401	0.0353300948
352	FT911-14-4952	402	0.0353079519
352	FT911-13-4424	403	0.0352454128
352	FT911-6-2204	404	0.0352284887
352	FT911-2-565	405	0.0351622291
352	FT911-13-4374	406	0.0351596416
352	FT911-8-2734	407	0.0351321210
352	FT911-2-477	408	0.0351112496
352	FT911-9-3026	409	0.0350077542
352	FT911-13-4430	410	0.0350064208
352	FT911-10-3491	411	0.0349964781
352	FT911-4-1198	412	0.0349916563
352	FT911-3-806	413	0.0349788565
352	FT911-10-3664	414	0.0349779079
352	FT911-14-5082	415	0.0349433636
352	FT911-9-3144	416	0.0349362148
352	FT911-15-5306	417	0.0349254592
352	FT911-3-825	418	0.0349135552
352	FT911-7-2357	419	0.0348697915
352	FT911-11-3753	420	0.0348357804
352	FT911-5-1621	421	0.0347901600
352	FT911-12-4092	422	0.0347749957
352	FT911-2-579	423	0.0347660868
352	FT911-3-1096	424	0.0347507504
352	FT911-14-4822	425	0.0347252573
352	FT911-3-737	426	0.0346994244
352	FT911-12-4110	427	0.0346823600
352	FT911-3-723	428	0.0344983165
352	FT911-13-4642	429	0.0344170353
352	FT911-13-4536	430	0.0344109329
352	FT911-12-4074	431	0.0343980686
352	FT911-3-741	432	0.0343752975
352	FT911-13-4735	433	0.0343364421
352	FT911-11-3779	434	0.0343125075
352	FT911-13-4439	435	0.0342918058
352	FT911-3-745	436	0.0342113959
352	FT911-14-4963	437	0.0341990941
352	FT911-9-3151	438	0.0341493589
352	FT911-8-2680	439	0.0340999651
352	FT911-14-5084	440	0.0340203360
352	FT911-8-2654	441	0.0339693871
352	FT911-6-1892	442	0.0339511004
352	FT911-2-424	443	0.0339052248
352	FT911-3-1089	444	0.0338880843
352	FT911-4-1410	445	0.0338873907
352	FT911-4-1314	446	0.0338679441
352	FT911-15-5210	447	0.0338677518
352	FT911-11-3931	448	0.0338617855
352	FT911-13-4537	449	0.0338196102
352	FT911-11-3788	450	0.0338043738
352	FT911-8-2737	451	0.0338013109
352	FT911-8-2718	452	0.0337877372
352	FT911-15-5368	453	0.0337755074
352	FT911-11-3925	454	0.0337350473
352	FT911-3-982	455	0.0337028070
352	FT911-13-4542	456	0.0336148438
352	FT911-11-3769	457	0.0335862597
352	FT911-8-2874	458	0.0335763142
352	FT911-9-3027	459	0.0335401330
352	FT911-8-2907	460	0.0335228739
352	FT911-8-2730	461	0.0335002285
352	FT911-9-3024	462	0.0334762058
352	FT911-1-88	463	0.0334603060
352	FT911-6-2206	464	0.0334359259
352	FT911-5-1501	465	0.0334279682
352	FT911-13-4661	466	0.0334209235
352	FT911-6-1978	467	0.0334155701
352	FT911-10-3553	468	0.0334017987
352	FT911-14-4845	469	0.0333443352
352	FT911-12-4193	470	0.0332797064
352	FT911-1-17	471	0.0331762173
352	FT911-3-738	472	0.0331629815
352	FT911-11-3796	473	0.0330655308
352	FT911-8-2807	474	0.0329781761
352	FT911-7-2346	475	0.0329464200
352	FT911-2-468	476	0.0329259442
352	FT911-6-2200	477	0.0328843475
352	FT911-15-5259	478	0.0327667904
352	FT911-1-63	479	0.0327597941
352	FT911-5-1818	480	0.0327534016
352	FT911-6-1867	481	0.0327473403
352	FT911-8-2940	482	0.0327050463
352	FT911-14-4985	483	0.0326936402
352	FT911-11-3850	484	0.0326114317
352	FT911-11-3833	485	0.0326074641
352	FT911-15-5302	486	0.0325818636
352	FT911-12-4189	487	0.0325297993
352	FT911-9-3008	488	0.0325297921
352	FT911-5-1812	489	0.0325140003
352	FT911-15-5301	490	0.0325056162
352	FT911-3-906	491	0.0325010733
352	FT911-14-5076	492	0.0324347511
352	FT911-11-3868	493	0.0324002098
352	FT911-9-3163	494	0.0323701932
352	FT911-13-4593	495	0.0322422526
352	FT911-1-199	496	0.0322255023
352	FT911-4-1312	497	0.0322191098
352	FT911-7-2316	498	0.0322082753
352	FT911-1-213	499	0.0322027173
352	FT911-3-974	500	0.0321835889
352	FT911-5-1627	501	0.0321026526
352	FT911-8-2768	502	0.0320698361
352	FT911-15-5255	503	0.0320680155
352	FT911-14-4947	504	0.0320325659
352	FT911-8-2904	505	0.0320301604
352	FT911-8-2832	506	0.0320212512
352	FT911-11-3934	507	0.0319532974
352	FT911-4-1199	508	0.0318879836
352	FT911-7-2371	509	0.0318739156
352	FT911-14-4864	510	0.0318540325
352	FT911-7-2545	511	0.0318512934
352	FT911-15-5307	512	0.0317585089
352	FT911-8-2860	513	0.0317554595
352	FT911-10-3577	514	0.0317328722
352	FT911-15-5129	515	0.0317130510
352	FT911-11-3871	516	0.0317041131
352	FT911-5-1601	517	0.0316038611
352	FT911-14-4970	518	0.0316037337
352	FT911-6-1868	519	0.0315849679
352	FT911-11-3964	520	0.0315775264
352	FT911-6-1965	521	0.0315393561
352	FT911-10-3548	522	0.0315310223
352	FT911-6-2063	523	0.0315117480
352	FT911-9-3121	524	0.0314522817
352	FT911-3-1031	525	0.0313928921
352	FT911-1-339	526	0.0313689759
352	FT911-14-4874	527	0.0313510651
352	FT911-9-3132	528	0.0313310552
352	FT911-12-4194	529	0.0313074765
352	FT911-4-1397	530	0.0312899416
352	FT911-9-3214	531	0.0312859920
352	FT911-10-3550	532	0.0312737543
352	FT911-13-4686	533	0.0312511112
352	FT911-7-2541	534	0.0312460377
352	FT911-5-1550	535	0.0312137910
352	FT911-7-2377	536	0.0312058112
352	FT911-1-119	537	0.0311920121
352	FT911-14-5110	538	0.0311642098
352	FT911-11-3789	539	0.0311489619
352	FT911-10-3466	540	0.0311373034
352	FT911-11-3821	541	0.0311209855
352	FT911-3-838	542	0.0310833565
352	FT911-12-4216	543	0.0310758553
352	FT911-1-49	544	0.0310153070
352	FT911-12-4172	545	0.0310031380
352	FT911-8-2932	546	0.0309682602
352	FT911-8-2873	547	0.0309640350
352	FT911-14-5067	548	0.0309571398
352	FT911-6-1964	549	0.0309391763
352	FT911-9-3099	550	0.0309228618
352	FT911-8-2891	551	0.0309186814
352	FT911-9-3097	552	0.0309065984
352	FT911-8-2646	553	0.0308974740
352	FT911-3-1026	554	0.0308767414
352	FT911-9-3233	555	0.0308233500
352	FT911-12-4084	556	0.0308047457
352	FT911-5-1682	557	0.0307771604
352	FT911-1-188	558	0.0307218288
352	FT911-9-3123	559	0.0307207757
352	FT911-3-799	560	0.0306967484
352	FT911-1-57	561	0.0306933023
352	FT911-13-4517	562	0.0306488715
352	FT911-1-260	563	0.0306377707
352	FT911-1-310	564	0.0306245273
352	FT911-4-1384	565	0.0306212238
352	FT911-2-413	566	0.0305967839
352	FT911-3-1069	567	0.0305946801
352	FT911-1-308	568	0.0305740622
352	FT911-1-39	569	0.0305131238
352	FT911-14-5060	570	0.0304994253
352	FT911-4-1390	571	0.0304678798
352	FT911-12-4170	572	0.0303307388
352	FT911-8-2889	573	0.0303136440
352	FT911-5-1755	574	0.0303070243
352	FT911-5-1779	575	0.0303066738
352	FT911-8-2902	576	0.0302737239
352	FT911-1-187	577	0.0302590890
352	FT911-14-4900	578	0.0302168730
352	FT911-9-3231	579	0.0301684035
352	FT911-13-4744	580	0.0301493796
352	FT911-3-773	581	0.0301109049
352	FT911-10-3546	582	0.0301063724
352	FT911-11-3978	583	0.0300367134
352	FT911-7-2515	584	0.0299771843
352	FT911-4-1307	585	0.0299766331
352	FT911-4-1291	586	0.0299719926
352	FT911-6-2129	587	0.0299371127
352	FT911-9-3229	588	0.0299140138
352	FT911-11-3910	589	0.0299114752
352	FT911-3-1029	590	0.0299048274
352	FT911-12-4044	591	0.0298464122
352	FT911-14-5105	592	0.0298183123
352	FT911-6-2056	593	0.0298127641
352	FT911-7-2232	594	0.0298064653
352	FT911-10-3684	595	0.0297999119
352	FT911-13-4684	596	0.0297208632
352	FT911-11-3720	597	0.0297021621
352	FT911-9-3242	598	0.0296845970
352	FT911-10-3459	599	0.0296461877
352	FT911-1-27	600	0.0296371145
352	FT911-7-2576	601	0.0296170326
352	FT911-2-476	602	0.0296038104
352	FT911-1-284	603	0.0295996143
352	FT911-4-1277	604	0.0295702346
352	FT911-4-1447	605	0.0295365182
352	FT911-5-1573	606	0.0295365182
352	FT911-2-717	607	0.0295271264
352	FT911-10-3637	608	0.0294970298
352	FT911-5-1707	609	0.0294940619
352	FT911-1-2	610	0.0294834251
352	FT911-3-798	611	0.0294696014
352	FT911-1-340	612	0.0294248605
352	FT911-6-1834	613	0.0293712328
352	FT911-8-2660	614	0.0293357797
352	FT911-3-1021	615	0.0292652655
352	FT911-10-3650	616	0.0292457402
352	FT911-12-4035	617	0.0292401548
352	FT911-9-3159	618	0.0292024191
352	FT911-12-4278	619	0.0291630566
352	FT911-7-2350	620	0.0291590929
352	FT911-4-1266	621	0.0291423721
352	FT911-12-4071	622	0.0291161642
352	FT911-7-2363	623	0.0291044043
352	FT911-14-4836	624	0.0290857322
352	FT911-1-200	625	0.0290834096
352	FT911-3-976	626	0.0290758154
352	FT911-10-3487	627	0.0290528048
352	FT911-5-1623	628	0.0290500089
352	FT911-6-1870	629	0.0289915968
352	FT911-1-85	630	0.0289715050
352	FT911-2-630	631	0.0289669086
352	FT911-4-1168	632	0.0289411984
352	FT911-12-4288	633	0.0289395303
352	FT911-4-1166	634	0.0289392650
352	FT911-4-1413	635	0.0288969785
352	FT911-14-4913	636	0.0288924824
352	FT911-3-742	637	0.0288855596
352	FT911-14-4783	638	0.0288812210
352	FT911-10-3513	639	0.0288391921
352	FT911-14-4813	640	0.0287876573
352	FT911-14-4943	641	0.0287752794
352	FT911-3-771	642	0.0287230990
352	FT911-14-4782	643	0.0287118086
352	FT911-11-3722	644	0.0287068260
352	FT911-15-5311	645	0.0287063209
352	FT911-5-1817	646	0.0286742532
352	FT911-9-3168	647	0.0286583723
352	FT911-3-920	648	0.0286501028
352	FT911-1-205	649	0.0286475608
352	FT911-8-2839	650	0.0286246281
352	FT911-3-1034	651	0.0286202136
352	FT911-8-2727	652	0.0286161812
352	FT911-7-2271	653	0.0286112732
352	FT911-11-3818	654	0.0285545016
352	FT911-6-2184	655	0.0285504205
352	FT911-5-1766	656	0.0285057241
352	FT911-5-1825	657	0.0284837861
352	FT911-3-1093	658	0.0284720539
352	FT911-15-5308	659	0.0284460497
352	FT911-7-2258	660	0.0284039831
352	FT911-9-3294	661	0.0283964288
352	FT911-6-2145	662	0.0283503642
352	FT911-14-5026	663	0.0283370593
352	FT911-12-4268	664	0.0283104140
352	FT911-15-5266	665	0.0283089001
352	FT911-8-2883	666	0.0282818724
352	FT911-3-792	667	0.0282714131
352	FT911-6-1893	668	0.0282111831
352	FT911-13-4670	669	0.0282034503
352	FT911-1-36	670	0.0281705476
352	FT911-10-3555	671	0.0281531732
352	FT911-4-1344	672	0.0281382609
352	FT911-4-1282	673	0.0281315854
352	FT911-2-677	674	0.0281305183
352	FT911-6-1991	675	0.0281260136
352	FT911-3-811	676	0.0281188494
352	FT911-10-3492	677	0.0281037407
352	FT911-15-5261	678	0.0280674957
352	FT911-1-320	679	0.0279323727
352	FT911-3-839	680	0.0279308144
352	FT911-6-1846	681	0.0279050701
352	FT911-14-4948	682	0.0279018130
352	FT911-3-820	683	0.0278981649
352	FT911-4-1220	684	0.0278207081
352	FT911-4-1122	685	0.0277896980
352	FT911-10-3640	686	0.0277881203
352	FT911-6-2114	687	0.0277520909
352	FT911-3-794	688	0.0277452487
352	FT911-12-4209	689	0.0277359880
352	FT911-12-4279	690	0.0277338288
352	FT911-7-2551	691	0.0277006399
352	FT911-10-3366	692	0.0276086745
352	FT911-5-1631	693	0.0276052890
352	FT911-8-2725	694	0.0275998662
352	FT911-9-3234	695	0.0275941904
352	FT911-10-3674	696	0.0275907090
352	FT911-5-1767	697	0.0275869636
352	FT911-4-1340	698	0.0275778939
352	FT911-9-3130	699	0.0275191145
352	FT911-10-3473	700	0.0275071036
352	FT911-12-4218	701	0.0274749714
352	FT911-14-4995	702	0.0274589472
352	FT911-1-372	703	0.0274401740
352	FT911-5-1690	704	0.0274210031
352	FT911-10-3660	705	0.0274161115
352	FT911-8-2622	706	0.0273741807
352	FT911-5-1668	707	0.0273637620
352	FT911-4-1267	708	0.0273185427
352	FT911-2-584	709	0.0273152910
352	FT911-12-4365	710	0.0273001709
352	FT911-14-4922	711	0.0272789592
352	FT911-9-3247	712	0.0272324260
352	FT911-3-886	713	0.0272314046
352	FT911-11-3957	714	0.0272241761
352	FT911-7-2562	715	0.0272167061
352	FT911-13-4641	716	0.0272040828
352	FT911-10-3457	717	0.0271844824
352	FT911-2-627	718	0.0271515288
352	FT911-3-977	719	0.0271000563
352	FT911-3-917	720	0.0270910645
352	FT911-10-3406	721	0.0270646229
352	FT911-13-4394	722	0.0270482601
352	FT911-11-3742	723	0.0270275737
352	FT911-3-1013	724	0.0270178735
352	FT911-9-3227	725	0.0270136491
352	FT911-4-1159	726	0.0270110678
352	FT911-13-4619	727	0.0269534379
352	FT911-8-2879	728	0.0269474943
352	FT911-3-940	729	0.0269183750
352	FT911-14-4852	730	0.0268992039
352	FT911-7-2335	731	0.0268742698
352	FT911-12-4248	732	0.0268668718
352	FT911-2-486	733	0.0268131969
352	FT911-11-3886	734	0.0267862595
352	FT911-3-1030	735	0.0267681927
352	FT911-9-3036	736	0.0267513307
352	FT911-8-2666	737	0.0267337301
352	FT911-3-1001	738	0.0267302302
352	FT911-14-4918	739	0.0267178334
352	FT911-15-5279	740	0.0266959941
352	FT911-9-3293	741	0.0266474465
352	FT911-1-285	742	0.0266167996
352	FT911-12-4220	743	0.0266116490
352	FT911-4-1120	744	0.0265595890
352	FT911-15-5180	745	0.0265572649
352	FT911-14-5113	746	0.0265555115
352	FT911-4-1148	747	0.0265511725
352	FT911-4-1108	748	0.0265411574
352	FT911-6-2009	749	0.0265044531
352	FT911-14-4753	750	0.0264790413
352	FT911-12-4075	751	0.0264778208
352	FT911-1-224	752	0.0264750179
352	FT911-14-4840	753	0.0264548315
352	FT911-10-3354	754	0.0264069314
352	FT911-15-5271	755	0.0263907812
352	FT911-8-2792	756	0.0263898640
352	FT911-8-2662	757	0.0263287005
352	FT911-10-3467	758	0.0263172638
352	FT911-2-719	759	0.0263053624
352	FT911-4-1306	760	0.0262657182
352	FT911-13-4538	761	0.0262554097
352	FT911-12-4040	762	0.0261882645
352	FT911-4-1429	763	0.0261348722
352	FT911-6-1879	764	0.0261306607
352	FT911-11-3808	765	0.0261179783
352	FT911-6-1874	766	0.0261096643
352	FT911-11-3787	767	0.0260580242
352	FT911-8-2840	768	0.0260510308
352	FT911-3-866	769	0.0260367798
352	FT911-14-4756	770	0.0260319498
352	FT911-9-3316	771	0.0260314192
352	FT911-2-537	772	0.0260292135
352	FT911-3-814	773	0.0260165808
352	FT911-1-140	774	0.0259856865
352	FT911-6-1997	775	0.0259643480
352	FT911-7-2606	776	0.0259363203
352	FT911-15-5231	777	0.0259326499
352	FT911-3-786	778	0.0258906365
352	FT911-13-4591	779	0.0258647645
352	FT911-8-2624	780	0.0258577129
352	FT911-6-2093	781	0.0258381592
352	FT911-9-3111	782	0.0258254353
352	FT911-3-986	783	0.0258176666
352	FT911-6-2186	784	0.0258162290
352	FT911-6-2074	785	0.0257590108
352	FT911-4-1274	786	0.0257509377
352	FT911-6-2011	787	0.0256927227
352	FT911-4-1170	788	0.0256513451
352	FT911-4-1404	789	0.0256409395
352	FT911-8-2634	790	0.0256340315
352	FT911-2-536	791	0.0256208348
352	FT911-9-3219	792	0.0256195691
352	FT911-14-4752	793	0.0255826814
352	FT911-12-4286	794	0.0255694422
352	FT911-7-2373	795	0.0255673773
352	FT911-7-2297	796	0.0255157989
352	FT911-4-1102	797	0.0254886446
352	FT911-5-1769	798	0.0254541565
352	FT911-8-2877	799	0.0254424070
352	FT911-1-265	800	0.0253935012
352	FT911-6-1989	801	0.0253880395
352	FT911-4-1117	802	0.0253801681
352	FT911-11-3887	803	0.0253690215
352	FT911-14-5087	804	0.0253411305
352	FT911-5-1731	805	0.0253103910
352	FT911-8-2663	806	0.0253063731
352	FT911-9-3000	807	0.0252799194
352	FT911-9-3310	808	0.0252751718
352	FT911-2-623	809	0.0252639639
352	FT911-9-3296	810	0.0252211488
352	FT911-2-510	811	0.0252131983
352	FT911-5-1752	812	0.0251986355
352	FT911-15-5257	813	0.0251887771
352	FT911-10-3542	814	0.0251875596
352	FT911-8-2649	815	0.0251850379
352	FT911-1-50	816	0.0251431506
352	FT911-9-3322	817	0.0249614407
352	FT911-14-4831	818	0.0249192662
352	FT911-5-1711	819	0.0249186412
352	FT911-15-5142	820	0.0248617382
352	FT911-9-3244	821	0.0248314705
352	FT911-5-1633	822	0.0248016732
352	FT911-11-3921	823	0.0247969352
352	FT911-9-3133	824	0.0247491356
352	FT911-13-4734	825	0.0247034560
352	FT911-5-1644	826	0.0246900694
352	FT911-7-2238	827	0.0246362417
352	FT911-14-4856	828	0.0245901743
352	FT911-7-2394	829	0.0245676617
352	FT911-4-1103	830	0.0245549995
352	FT911-5-1548	831	0.0245435249
352	FT911-7-2364	832	0.0245253776
352	FT911-7-2510	833	0.0245206031
352	FT911-13-4451	834	0.0244984164
352	FT911-3-783	835	0.0244980677
352	FT911-6-2134	836	0.0244942920
352	FT911-14-5015	837	0.0244648347
352	FT911-2-570	838	0.0244484862
352	FT911-1-45	839	0.0244164028
352	FT911-7-2486	840	0.0243821513
352	FT911-1-120	841	0.0243717318
352	FT911-2-449	842	0.0243531934
352	FT911-8-2678	843	0.0243527190
352	FT911-12-4282	844	0.0243465735
352	FT911-15-5132	845	0.0243370061
352	FT911-10-3328	846	0.0243141877
352	FT911-9-3001	847	0.0243073148
352	FT911-14-5036	848	0.0242329799
352	FT911-10-3656	849	0.0241875683
352	FT911-11-3797	850	0.0241820128
352	FT911-4-1286	851	0.0241714333
352	FT911-14-4990	852	0.0241389620
352	FT911-7-2376	853	0.0241113924
352	FT911-14-5066	854	0.0240638754
352	FT911-2-419	855	0.0240541103
352	FT911-1-313	856	0.0240419995
352	FT911-8-2787	857	0.0239998283
352	FT911-8-2742	858	0.0239914787
352	FT911-12-4298	859	0.0239748515
352	FT911-11-3724	860	0.0238867373
352	FT911-12-4055	861	0.0238697924
352	FT911-6-2113	862	0.0238507370
352	FT911-7-2573	863	0.0238412948
352	FT911-10-3539	864	0.0237970259
352	FT911-5-1652	865	0.0237857404
352	FT911-8-2630	866	0.0237822491
352	FT911-3-1002	867	0.0237791056
352	FT911-2-622	868	0.0237774499
352	FT911-3-1054	869	0.0237411185
352	FT911-3-1062	870	0.0237217335
352	FT911-2-644	871	0.0237184238
352	FT911-9-3237	872	0.0237105445
352	FT911-10-3612	873	0.0237102607
352	FT911-14-5128	874	0.0236842929
352	FT911-9-3084	875	0.0236675392
352	FT911-13-4574	876	0.0235847423
352	FT911-5-1829	877	0.0235463185
352	FT911-9-3034	878	0.0235418420
352	FT911-7-2237	879	0.0235400933
352	FT911-6-2128	880	0.0235251432
352	FT911-11-3932	881	0.0235080568
352	FT911-2-417	882	0.0234834576
352	FT911-9-3292	883	0.0234807488
352	FT911-7-2455	884	0.0234804671
352	FT911-7-2255	885	0.0234781292
352	FT911-15-5326	886	0.0234737930
352	FT911-6-2183	887	0.0234575651
352	FT911-1-124	888	0.0234558657
352	FT911-7-2452	889	0.0234452037
352	FT911-1-370	890	0.0234253129
352	FT911-12-4048	891	0.0234203236
352	FT911-5-1611	892	0.0234179929
352	FT911-1-240	893	0.0233709684
352	FT911-11-3896	894	0.0233551467
352	FT911-14-4957	895	0.0233332940
352	FT911-4-1412	896	0.0233283094
352	FT911-6-2081	897	0.0233198548
352	FT911-4-1364	898	0.0233029750
352	FT911-14-5116	899	0.0232955176
352	FT911-4-1243	900	0.0232816541
352	FT911-6-2163	901	0.0232734329
352	FT911-3-1039	902	0.0232700757
352	FT911-4-1240	903	0.0232689326
352	FT911-9-3049	904	0.0232664540
352	FT911-13-4508	905	0.0232555908
352	FT911-8-2830	906	0.0232362996
352	FT911-7-2448	907	0.0232317766
352	FT911-14-5047	908	0.0231781119
352	FT911-7-2235	909	0.0231766179
352	FT911-9-3283	910	0.0231389579
352	FT911-9-3075	911	0.0231212922
352	FT911-14-4932	912	0.0230729955
352	FT911-10-3692	913	0.0229924942
352	FT911-15-5184	914	0.0229349095
352	FT911-6-2065	915	0.0229271903
352	FT911-2-553	916	0.0229052780
352	FT911-14-4974	917	0.0228823531
352	FT911-6-2162	918	0.0228525858
352	FT911-11-3701	919	0.0228345314
352	FT911-6-2146	920	0.0227789876
352	FT911-4-1238	921	0.0227609990
352	FT911-3-739	922	0.0227395308
352	FT911-10-3443	923	0.0227034883
352	FT911-6-2154	924	0.0226344411
352	FT911-11-3791	925	0.0226305672
352	FT911-14-5127	926	0.0226219515
352	FT911-14-5123	927	0.0225983752
352	FT911-7-2343	928	0.0225586978
352	FT911-10-3368	929	0.0225449320
352	FT911-4-1239	930	0.0225310840
352	FT911-4-1233	931	0.0225062357
352	FT911-7-2563	932	0.0224875652
352	FT911-14-5044	933	0.0224761334
352	FT911-6-2036	934	0.0224674111
352	FT911-12-4205	935	0.0224573340
352	FT911-12-4229	936	0.0223957862
352	FT911-14-4824	937	0.0223578571
352	FT911-6-2005	938	0.0223526657
352	FT911-8-2819	939	0.0223456542
352	FT911-1-136	940	0.0223190470
352	FT911-8-2625	941	0.0222870955
352	FT911-8-2827	942	0.0222707135
352	FT911-12-4176	943	0.0222114693
352	FT911-6-2205	944	0.0222037170
352	FT911-3-1038	945	0.0221938385
352	FT911-8-2797	946	0.0221750765
352	FT911-3-1042	947	0.0221031423
352	FT911-9-3116	948	0.0220529427
352	FT911-5-1655	949	0.0220528043
352	FT911-15-5146	950	0.0220101899
352	FT911-4-1415	951	0.0220066960
352	FT911-13-4501	952	0.0219913851
352	FT911-3-1019	953	0.0219440534
352	FT911-14-5085	954	0.0218823468
352	FT911-13-4692	955	0.0218497336
352	FT911-12-4125	956	0.0218170674
352	FT911-3-1056	957	0.0217548818
352	FT911-6-1883	958	0.0217397877
352	FT911-12-4094	959	0.0217320524
352	FT911-9-2957	960	0.0217284445
352	FT911-3-1010	961	0.0216573959
352	FT911-4-1232	962	0.0216214877
352	FT911-3-780	963	0.0215949139
352	FT911-11-3729	964	0.0215867944
352	FT911-5-1670	965	0.0215801131
352	FT911-11-3936	966	0.0215067000
352	FT911-6-1861	967	0.0214999190
352	FT911-9-3278	968	0.0214346827
352	FT911-6-1969	969	0.0214223314
352	FT911-10-3683	970	0.0213824631
352	FT911-10-3334	971	0.0213543223
352	FT911-11-3757	972	0.0213432169
352	FT911-13-4730	973	0.0213176058
352	FT911-9-3165	974	0.0213027103
352	FT911-14-4854	975	0.0212951402
352	FT911-11-3929	976	0.0212943538
352	FT911-13-4417	977	0.0212934327
352	FT911-5-1521	978	0.0212833381
352	FT911-3-911	979	0.0212819928
352	FT911-4-1270	980	0.0212588373
352	FT911-6-2078	981	0.0212398925
352	FT911-10-3544	982	0.0212398925
352	FT911-2-426	983	0.0212201595
352	FT911-8-2706	984	0.0211682528
352	FT911-6-1917	985	0.0211672035
352	FT911-14-5080	986	0.0211514967
352	FT911-12-4109	987	0.0211345018
352	FT911-8-2770	988	0.0211298713
352	FT911-8-2798	989	0.0211138596
352	FT911-11-3902	990	0.0211135778
352	FT911-1-92	991	0.0210602340
352	FT911-14-5050	992	0.0210467522
352	FT911-4-1452	993	0.0210254454
352	FT911-11-3885	994	0.0210148525
352	FT911-15-5206	995	0.0209572514
352	FT911-4-1109	996	0.0209483688
352	FT911-6-2144	997	0.0208833221
352	FT911-9-3191	998	0.0208007565
352	FT911-7-2246	999	0.0207987234
352	FT911-10-3501	1000	0.0207751529
352	FT911-5-1687	1001	0.0207561127
352	FT911-13-4512	1002	0.0207116460
352	FT911-7-2437	1003	0.0206914306
352	FT911-13-4469	1004	0.0206781006
352	FT911-9-3107	1005	0.0206418303
352	FT911-5-1603	1006	0.0206122180
352	FT911-13-4691	1007	0.0205839692
352	FT911-2-678	1008	0.0205636079
352	FT911-11-3856	1009	0.0205426531
352	FT911-9-3309	1010	0.0205261171
352	FT911-11-3809	1011	0.0205219859
352	FT911-6-2201	1012	0.0205215465
352	FT911-6-1875	1013	0.0204012756
352	FT911-4-1398	1014	0.0203986485
352	FT911-11-3892	1015	0.0203899229
352	FT911-11-3841	1016	0.0203807488
352	FT911-2-431	1017	0.0203316056
352	FT911-9-3304	1018	0.0202976845
352	FT911-1-270	1019	0.0202854694
352	FT911-3-757	1020	0.0202773384
352	FT911-14-5124	1021	0.0201784062
352	FT911-2-425	1022	0.0201766179
352	FT911-2-629	1023	0.0201743426
352	FT911-13-4516	1024	0.0201451232
352	FT911-2-635	1025	0.0201388095
352	FT911-6-2164	1026	0.0201350005
352	FT911-14-5037	1027	0.0200720045
352	FT911-9-3321	1028	0.0199899667
352	FT911-14-4832	1029	0.0199527915
352	FT911-3-941	1030	0.0199357298
352	FT911-9-3175	1031	0.0198941001
352	FT911-7-2314	1032	0.0198847748
352	FT911-14-4924	1033	0.0198797449
352	FT911-14-4934	1034	0.0198459653
352	FT911-8-2772	1035	0.0197694200
352	FT911-5-1495	1036	0.0197426030
352	FT911-11-3838	1037	0.0197324426
352	FT911-8-2919	1038	0.0196953085
352	FT911-9-3286	1039	0.0196396441
352	FT911-9-3131	1040	0.0196281070
352	FT911-13-4638	1041	0.0195980317
352	FT911-10-3645	1042	0.0195516742
352	FT911-15-5248	1043	0.0194939509
352	FT911-6-2094	1044	0.0194197999
352	FT911-12-4045	1045	0.0194192607
352	FT911-13-4601	1046	0.0194020299
352	FT911-15-5280	1047	0.0193677410
352	FT911-5-1512	1048	0.0193675083
352	FT911-9-3037	1049	0.0193649315
352	FT911-7-2269	1050	0.0193618731
352	FT911-2-624	1051	0.0193617578
352	FT911-7-2361	1052	0.0193441868
352	FT911-13-4482	1053	0.0192859412
352	FT911-15-5272	1054	0.0192704942
352	FT911-8-2633	1055	0.0192508303
352	FT911-6-1986	1056	0.0192201360
352	FT911-1-209	1057	0.0191796431
352	FT911-11-3790	1058	0.0191737725
352	FT911-5-1502	1059	0.0191382336
352	FT911-6-2198	1060	0.0191306072
352	FT911-4-1263	1061	0.0191257351
352	FT911-9-3164	1062	0.0191080016
352	FT911-14-5023	1063	0.0191011147
352	FT911-11-3837	1064	0.0190803563
352	FT911-8-2771	1065	0.0190648508
352	FT911-9-3109	1066	0.0190376767
352	FT911-13-4596	1067	0.0190368074
352	FT911-10-3376	1068	0.0190250451
352	FT911-11-4003	1069	0.0190189462
352	FT911-2-688	1070	0.0189748169
352	FT911-3-844	1071	0.0189526553
352	FT911-11-3952	1072	0.0188736356
352	FT911-1-127	1073	0.0188674390
352	FT911-6-1910	1074	0.0188651046
352	FT911-15-5137	1075	0.0188504295
352	FT911-3-978	1076	0.0188307674
352	FT911-9-3235	1077	0.0188064772
352	FT911-7-2557	1078	0.0187753099
352	FT911-14-4823	1079	0.0187732761
352	FT911-1-223	1080	0.0187353473
352	FT911-8-2924	1081	0.0187249348
352	FT911-6-2167	1082	0.0187222150
352	FT911-1-73	1083	0.0187045257
352	FT911-8-2821	1084	0.0186743680
352	FT911-6-2211	1085	0.0186602395
352	FT911-8-2785	1086	0.0186550747
352	FT911-10-3378	1087	0.0186510930
352	FT911-5-1576	1088	0.0186492874
352	FT911-12-4052	1089	0.0186114919
352	FT911-8-2864	1090	0.0185546197
352	FT911-13-4654	1091	0.0185112453
352	FT911-5-1810	1092	0.0184939000
352	FT911-13-4694	1093	0.0184691601
352	FT911-2-522	1094	0.0184335674
352	FT911-11-3738	1095	0.0184334606
352	FT911-4-1406	1096	0.0184138563
352	FT911-1-93	1097	0.0183847834
352	FT911-7-2463	1098	0.0183806079
352	FT911-11-3960	1099	0.0183713548
352	FT911-14-5120	1100	0.0183698593
352	FT911-10-3350	1101	0.0183398847
352	FT911-8-2629	1102	0.0183156856
352	FT911-7-2315	1103	0.0183146374
352	FT911-11-3845	1104	0.0183112833
352	FT911-1-111	1105	0.0183071503
352	FT911-4-1268	1106	0.0182704704
352	FT911-6-1930	1107	0.0182685349
352	FT911-8-2820	1108	0.0182627414
352	FT911-11-3894	1109	0.0182532934
352	FT911-5-1683	1110	0.0182498317
352	FT911-1-40	1111	0.0182450916
352	FT911-7-2278	1112	0.0182002093
352	FT911-7-2566	1113	0.0181921673
352	FT911-13-4478	1114	0.0181709258
352	FT911-14-4797	1115	0.0181174306
352	FT911-10-3426	1116	0.0181065571
352	FT911-14-4771	1117	0.0180983086
352	FT911-9-3054	1118	0.0180794866
352	FT911-3-944	1119	0.0180367401
352	FT911-15-5330	1120	0.0180067819
352	FT911-3-1060	1121	0.0179729887
352	FT911-14-5032	1122	0.0179694032
352	FT911-10-3601	1123	0.0179664166
352	FT911-9-3218	1124	0.0179568506
352	FT911-3-948	1125	0.0179543158
352	FT911-2-564	1126	0.0179527559
352	FT911-3-965	1127	0.0179472044
352	FT911-14-4750	1128	0.0179424133
352	FT911-1-32	1129	0.0179382200
352	FT911-6-2101	1130	0.0179318838
352	FT911-8-2833	1131	0.0179278972
352	FT911-14-5049	1132	0.0178892950
352	FT911-3-1092	1133	0.0178730228
352	FT911-9-3204	1134	0.0178689664
352	FT911-6-1990	1135	0.0178637135
352	FT911-3-1068	1136	0.0178566877
352	FT911-10-3331	1137	0.0177849692
352	FT911-7-2310	1138	0.0177674267
352	FT911-9-3203	1139	0.0177462779
352	FT911-6-1977	1140	0.0177170958
352	FT911-3-991	1141	0.0176847262
352	FT911-15-5329	1142	0.0176773221
352	FT911-5-1686	1143	0.0176736348
352	FT911-6-1841	1144	0.0176705844
352	FT911-11-3715	1145	0.0176445744
352	FT911-11-3820	1146	0.0176221334
352	FT911-4-1248	1147	0.0175921248
352	FT911-3-939	1148	0.0175548572
352	FT911-4-1173	1149	0.0175517356
352	FT911-10-3429	1150	0.0175186011
352	FT911-7-2397	1151	0.0175097624
352	FT911-13-4476	1152	0.0174666716
352	FT911-14-4812	1153	0.0174576272
352	FT911-3-1066	1154	0.0174192261
352	FT911-7-2513	1155	0.0172967111
352	FT911-5-1614	1156	0.0172843020
352	FT911-5-1743	1157	0.0172663644
352	FT911-13-4411	1158	0.0172442874
352	FT911-2-511	1159	0.0172306427
352	FT911-14-4930	1160	0.0172181197
352	FT911-12-4213	1161	0.0171893152
352	FT911-8-2897	1162	0.0171660965
352	FT911-8-2708	1163	0.0171657850
352	FT911-4-1249	1164	0.0171412812
352	FT911-1-79	1165	0.0171209396
352	FT911-1-321	1166	0.0170689171
352	FT911-11-3959	1167	0.0170018454
352	FT911-11-3911	1168	0.0169553376
352	FT911-1-81	1169	0.0169327118
352	FT911-11-3924	1170	0.0168951175
352	FT911-2-515	1171	0.0167951015
352	FT911-9-3074	1172	0.0167758612
352	FT911-13-4543	1173	0.0167689651
352	FT911-2-505	1174	0.0167425883
352	FT911-3-961	1175	0.0167413331
352	FT911-13-4382	1176	0.0167064763
352	FT911-2-713	1177	0.0166884199
352	FT911-1-95	1178	0.0166351143
352	FT911-6-1933	1179	0.0166208656
352	FT911-13-4687	1180	0.0166042775
352	FT911-8-2886	1181	0.0165975318
352	FT911-7-2543	1182	0.0165971372
352	FT911-7-2345	1183	0.0165875929
352	FT911-7-2280	1184	0.0165564465
352	FT911-3-846	1185	0.0165551895
352	FT911-3-849	1186	0.0165494416
352	FT911-13-4669	1187	0.0165393889
352	FT911-5-1604	1188	0.0165190779
352	FT911-12-4364	1189	0.0165177862
352	FT911-1-90	1190	0.0164865724
352	FT911-6-1924	1191	0.0164577256
352	FT911-1-47	1192	0.0164481823
352	FT911-13-4598	1193	0.0164431448
352	FT911-14-4972	1194	0.0164335605
352	FT911-5-1688	1195	0.0164306664
352	FT911-15-5168	1196	0.0164206260
352	FT911-2-566	1197	0.0164041785
352	FT911-6-1923	1198	0.0163996063
352	FT911-1-121	1199	0.0163732383
352	FT911-14-4850	1200	0.0163716085
352	FT911-8-2665	1201	0.0163471704
352	FT911-7-2311	1202	0.0163371762
352	FT911-11-3716	1203	0.0163068820
352	FT911-6-2136	1204	0.0162997250
352	FT911-4-1246	1205	0.0162887069
352	FT911-8-2744	1206	0.0162689826
352	FT911-15-5167	1207	0.0162640299
352	FT911-7-2453	1208	0.0161566312
352	FT911-5-1591	1209	0.0161057703
352	FT911-4-1234	1210	0.0161009113
352	FT911-6-2168	1211	0.0160856062
352	FT911-12-4056	1212	0.0160588168
352	FT911-3-740	1213	0.0160571671
352	FT911-11-3775	1214	0.0160322890
352	FT911-15-5275	1215	0.0159964470
352	FT911-7-2220	1216	0.0159949854
352	FT911-3-985	1217	0.0159897855
352	FT911-9-3134	1218	0.0159741711
352	FT911-7-2567	1219	0.0159694549
352	FT911-3-968	1220	0.0159389187
352	FT911-12-4126	1221	0.0159190580
352	FT911-3-746	1222	0.0158943233
352	FT911-13-4685	1223	0.0158861303
352	FT911-1-318	1224	0.0158633636
352	FT911-12-4299	1225	0.0158505356
352	FT911-5-1519	1226	0.0158467801
352	FT911-2-636	1227	0.0158096260
352	FT911-2-559	1228	0.0157970848
352	FT911-4-1101	1229	0.0157503140
352	FT911-5-1685	1230	0.0157421423
352	FT911-7-2569	1231	0.0157391044
352	FT911-5-1672	1232	0.0157111717
352	FT911-12-4059	1233	0.0157071782
352	FT911-13-4564	1234	0.0156720376
352	FT911-5-1821	1235	0.0156697660
352	FT911-12-4104	1236	0.0155955830
352	FT911-9-3207	1237	0.0154586539
352	FT911-15-5151	1238	0.0154544717
352	FT911-7-2577	1239	0.0154121137
352	FT911-2-385	1240	0.0154105825
352	FT911-12-4106	1241	0.0153795784
352	FT911-8-2741	1242	0.0153769299
352	FT911-4-1414	1243	0.0153323331
352	FT911-6-1878	1244	0.0153117039
352	FT911-7-2249	1245	0.0152839330
352	FT911-6-1920	1246	0.0152581777
352	FT911-8-2679	1247	0.0152396442
352	FT911-4-1169	1248	0.0152252279
352	FT911-10-3644	1249	0.0152013460
352	FT911-14-4973	1250	0.0151895966
352	FT911-6-2153	1251	0.0151502715
352	FT911-11-3891	1252	0.0151468848
352	FT911-1-44	1253	0.0151279354
352	FT911-3-1023	1254	0.0150717520
352	FT911-14-5065	1255	0.0150429115
352	FT911-3-1004	1256	0.0150422490
352	FT911-3-918	1257	0.0150379700
352	FT911-7-2276	1258	0.0150263035
352	FT911-14-5109	1259	0.0150186603
352	FT911-8-2885	1260	0.0150164804
352	FT911-6-1898	1261	0.0149990350
352	FT911-8-2722	1262	0.0149790794
352	FT911-5-1490	1263	0.0149627311
352	FT911-10-3540	1264	0.0149620849
352	FT911-6-1931	1265	0.0149578760
352	FT911-9-3281	1266	0.0149245057
352	FT911-13-4534	1267	0.0149034993
352	FT911-3-971	1268	0.0148742040
352	FT911-11-3728	1269	0.0148737433
352	FT911-5-1776	1270	0.0148405401
352	FT911-8-2838	1271	0.0148027452
352	FT911-13-4460	1272	0.0147870958
352	FT911-14-5118	1273	0.0147839921
352	FT911-9-3135	1274	0.0147625721
352	FT911-10-3603	1275	0.0147563975
352	FT911-12-4363	1276	0.0147018638
352	FT911-5-1831	1277	0.0146881766
352	FT911-6-2017	1278	0.0146845031
352	FT911-7-2509	1279	0.0146785901
352	FT911-11-3727	1280	0.0146776546
352	FT911-5-1563	1281	0.0146228304
352	FT911-14-5024	1282	0.0146194896
352	FT911-4-1162	1283	0.0146132682
352	FT911-14-4855	1284	0.0145443898
352	FT911-9-3232	1285	0.0144981881
352	FT911-9-2964	1286	0.0144905374
352	FT911-3-782	1287	0.0144787273
352	FT911-7-2561	1288	0.0144565279
352	FT911-3-840	1289	0.0144546726
352	FT911-6-1900	1290	0.0144465561
352	FT911-7-2263	1291	0.0144026586
352	FT911-2-626	1292	0.0143726593
352	FT911-7-2570	1293	0.0143670336
352	FT911-5-1545	1294	0.0142851409
352	FT911-9-3320	1295	0.0142209066
352	FT911-13-4471	1296	0.0142099851
352	FT911-10-3329	1297	0.0141804618
352	FT911-6-2182	1298	0.0141603437
352	FT911-9-3291	1299	0.0141537315
352	FT911-9-3211	1300	0.0141487843
352	FT911-3-785	1301	0.0140784879
352	FT911-11-3948	1302	0.0140472287
352	FT911-10-3658	1303	0.0140465567
352	FT911-9-3035	1304	0.0140443647
352	FT911-2-637	1305	0.0140195119
352	FT911-10-3655	1306	0.0139131463
352	FT911-9-3308	1307	0.0137625105
352	FT911-15-5147	1308	0.0137420334
352	FT911-15-5155	1309	0.0137397302
352	FT911-6-2190	1310	0.0137337345
352	FT911-13-4570	1311	0.0137290254
352	FT911-9-3172	1312	0.0137238334
352	FT911-11-3943	1313	0.0136889447
352	FT911-8-2837	1314	0.0136733251
352	FT911-6-2185	1315	0.0135740533
352	FT911-4-1099	1316	0.0135566844
352	FT911-11-3794	1317	0.0135415241
352	FT911-14-5125	1318	0.0135333268
352	FT911-6-1907	1319	0.0133706473
352	FT911-2-507	1320	0.0133649297
352	FT911-6-2172	1321	0.0133429403
352	FT911-5-1828	1322	0.0133421190
352	FT911-5-1602	1323	0.0132106132
352	FT911-6-2187	1324	0.0131770462
352	FT911-8-2681	1325	0.0130850835
352	FT911-15-5139	1326	0.0130732187
352	FT911-3-777	1327	0.0130111566
352	FT911-11-3922	1328	0.0130099556
352	FT911-10-3338	1329	0.0129830429
352	FT911-15-5148	1330	0.0129801877
352	FT911-9-3307	1331	0.0129584731
352	FT911-6-2169	1332	0.0129104828
352	FT911-11-3734	1333	0.0129081045
352	FT911-6-2181	1334	0.0128888459
352	FT911-7-2334	1335	0.0128367984
352	FT911-6-1966	1336	0.0127038071
352	FT911-11-3950	1337	0.0126147843
352	FT911-6-2037	1338	0.0126107654
352	FT911-9-3314	1339	0.0125427410
352	FT911-2-643	1340	0.0125237420
352	FT911-6-2016	1341	0.0125015615
352	FT911-2-540	1342	0.0124913126
352	FT911-4-1200	1343	0.0124840000
352	FT911-3-722	1344	0.0124451884
352	FT911-15-5158	1345	0.0124230297
352	FT911-13-4582	1346	0.0124172115
352	FT911-8-2810	1347	0.0124009141
352	FT911-14-5086	1348	0.0123992803
352	FT911-5-1552	1349	0.0123758702
352	FT911-3-841	1350	0.0122709067
352	FT911-2-686	1351	0.0122331275
352	FT911-2-661	1352	0.0121780650
352	FT911-10-3458	1353	0.0121778765
352	FT911-4-1259	1354	0.0120946004
352	FT911-8-2702	1355	0.0120454842
352	FT911-11-3874	1356	0.0119841092
352	FT911-2-498	1357	0.0119375558
352	FT911-1-80	1358	0.0118474525
352	FT911-1-118	1359	0.0118016149
352	FT911-4-1409	1360	0.0117787538
352	FT911-15-5159	1361	0.0117494774
352	FT911-14-4858	1362	0.0117220271
352	FT911-4-1146	1363	0.0116822937
352	FT911-8-2822	1364	0.0116344162
352	FT911-13-4465	1365	0.0115644692
352	FT911-6-2210	1366	0.0115400467
352	FT911-2-619	1367	0.0115036049
352	FT911-5-1498	1368	0.0114937184
352	FT911-9-3217	1369	0.0114843371
352	FT911-10-3543	1370	0.0114715143
352	FT911-4-1421	1371	0.0114700150
352	FT911-14-5117	1372	0.0113728829
352	FT911-4-1113	1373	0.0113399163
352	FT911-3-964	1374	0.0112893493
352	FT911-3-959	1375	0.0112820953
352	FT911-13-4372	1376	0.0112570155
352	FT911-12-4049	1377	0.0111662949
352	FT911-4-1253	1378	0.0111566857
352	FT911-5-1692	1379	0.0111468123
352	FT911-1-221	1380	0.0111460462
352	FT911-13-4746	1381	0.0111149025
352	FT911-14-5029	1382	0.0111145313
352	FT911-11-3953	1383	0.0111031266
352	FT911-13-4459	1384	0.0110022608
352	FT911-4-1269	1385	0.0110016219
352	FT911-8-2853	1386	0.0109039606
352	FT911-14-4997	1387	0.0108719281
352	FT911-6-2067	1388	0.0108118895
352	FT911-1-245	1389	0.0107723563
352	FT911-1-114	1390	0.0107349241
352	FT911-6-1902	1391	0.0107106362
352	FT911-5-1656	1392	0.0106816556
352	FT911-6-2191	1393	0.0106582429
352	FT911-11-3786	1394	0.0106458202
352	FT911-7-2362	1395	0.0106259772
352	FT911-7-2474	1396	0.0105746219
352	FT911-7-2221	1397	0.0105333980
352	FT911-13-4563	1398	0.0104523877
352	FT911-3-1064	1399	0.0104459574
352	FT911-3-1015	1400	0.0104239155
352	FT911-14-5025	1401	0.0104204891
352	FT911-6-2010	1402	0.0104081005
352	FT911-5-1546	1403	0.0104072210
352	FT911-14-5028	1404	0.0103912682
352	FT911-7-2497	1405	0.0103777278
352	FT911-9-3299	1406	0.0103684364
352	FT911-2-512	1407	0.0103563415
352	FT911-11-3723	1408	0.0103267085
352	FT911-3-970	1409	0.0103238731
352	FT911-8-2775	1410	0.0103229738
352	FT911-4-1158	1411	0.0103188556
352	FT911-11-3920	1412	0.0103106016
352	FT911-4-1245	1413	0.0103089972
352	FT911-15-5203	1414	0.0102957114
352	FT911-3-725	1415	0.0102468756
352	FT911-13-4468	1416	0.0102092670
352	FT911-6-2177	1417	0.0101621353
352	FT911-8-2786	1418	0.0101355272
352	FT911-13-4473	1419	0.0100788354
352	FT911-6-2208	1420	0.0100757237
352	FT911-15-5232	1421	0.0100569145
352	FT911-4-1361	1422	0.0100525392
352	FT911-3-988	1423	0.0100508470
352	FT911-3-960	1424	0.0100402493
352	FT911-13-4371	1425	0.0099923197
352	FT911-14-4861	1426	0.0098900948
352	FT911-6-2031	1427	0.0098755639
352	FT911-14-4860	1428	0.0098699327
352	FT911-7-2299	1429	0.0098616300
352	FT911-6-1912	1430	0.0097753595
352	FT911-9-3289	1431	0.0097719055
352	FT911-14-4862	1432	0.0097575927
352	FT911-15-5145	1433	0.0097264457
352	FT911-9-3029	1434	0.0096900390
352	FT911-6-1908	1435	0.0096723547
352	FT911-3-909	1436	0.0096566158
352	FT911-7-2275	1437	0.0096563734
352	FT911-4-1408	1438	0.0096325282
352	FT911-13-4467	1439	0.0096303021
352	FT911-9-3303	1440	0.0095990102
352	FT911-13-4695	1441	0.0095761533
352	FT911-3-835	1442	0.0095657370
352	FT911-14-5048	1443	0.0095413689
352	FT911-9-3290	1444	0.0094656835
352	FT911-2-506	1445	0.0093891606
352	FT911-12-4127	1446	0.0093737778
352	FT911-13-4472	1447	0.0093421687
352	FT911-6-2091	1448	0.0092937466
352	FT911-15-5138	1449	0.0092917044
352	FT911-14-5061	1450	0.0092720766
352	FT911-4-1363	1451	0.0091694156
352	FT911-1-315	1452	0.0091136551
352	FT911-4-1235	1453	0.0090659496
352	FT911-14-4795	1454	0.0090541038
352	FT911-7-2381	1455	0.0090418513
352	FT911-11-3725	1456	0.0090183237
352	FT911-1-137	1457	0.0089909377
352	FT911-15-5136	1458	0.0089675716
352	FT911-4-1254	1459	0.0089340274
352	FT911-6-1929	1460	0.0089082022
352	FT911-4-1171	1461	0.0089070750
352	FT911-2-708	1462	0.0089061809
352	FT911-14-4784	1463	0.0088590610
352	FT911-1-87	1464	0.0088471414
352	FT911-14-4909	1465	0.0088364052
352	FT911-15-5134	1466	0.0088023079
352	FT911-10-3654	1467	0.0087839534
352	FT911-9-3295	1468	0.0087718120
352	FT911-14-5122	1469	0.0087475967
352	FT911-5-1506	1470	0.0087470756
352	FT911-9-3297	1471	0.0086728049
352	FT911-15-5264	1472	0.0085614570
352	FT911-8-2841	1473	0.0085193365
352	FT911-6-2161	1474	0.0085049014
352	FT911-10-3340	1475	0.0084425738
352	FT911-13-4640	1476	0.0084014884
352	FT911-15-5144	1477	0.0081563650
352	FT911-4-1416	1478	0.0081465094
352	FT911-15-5273	1479	0.0081149958
352	FT911-8-2736	1480	0.0078930194
352	FT911-9-3288	1481	0.0078423708
352	FT911-6-2175	1482	0.0078402755
352	FT911-9-3020	1483	0.0078119772
352	FT911-1-317	1484	0.0076370749
352	FT911-8-2776	1485	0.0075479137
352	FT911-4-1241	1486	0.0074024380
352	FT911-9-3102	1487	0.0073546358
352	FT911-3-1063	1488	0.0072418841
352	FT911-13-4566	1489	0.0072184850
352	FT911-6-2179	1490	0.0069684667
352	FT911-15-5140	1491	0.0067841774
352	FT911-4-1164	1492	0.0066252557
352	FT911-15-5131	1493	0.0065178543
352	FT911-9-3202	1494	0.0057648409
352	FT911-1-1	1495	0.0000000000
352	FT911-1-3	1496	0.0000000000
352	FT911-1-4	1497	0.0000000000
352	FT911-1-5	1498	0.0000000000
352	FT911-1-6	1499	0.0000000000
352	FT911-1-7	1500	0.0000000000
352	FT911-1-8	1501	0.0000000000
352	FT911-1-9	1502	0.0000000000
352	FT911-1-11	1503	0.0000000000
352	FT911-1-12	1504	0.0000000000
352	FT911-1-13	1505	0.0000000000
352	FT911-1-14	1506	0.0000000000
352	FT911-1-15	1507	0.0000000000
352	FT911-1-16	1508	0.0000000000
352	FT911-1-18	1509	0.0000000000
352	FT911-1-19	1510	0.0000000000
352	FT911-1-20	1511	0.0000000000
352	FT911-1-21	1512	0.0000000000
352	FT911-1-24	1513	0.0000000000
352	FT911-1-25	1514	0.0000000000
352	FT911-1-26	1515	0.0000000000
352	FT911-1-28	1516	0.0000000000
352	FT911-1-29	1517	0.0000000000
352	FT911-1-30	1518	0.0000000000
352	FT911-1-31	1519	0.0000000000
352	FT911-1-33	1520	0.0000000000
352	FT911-1-34	1521	0.0000000000
352	FT911-1-35	1522	0.0000000000
352	FT911-1-37	1523	0.0000000000
352	FT911-1-41	1524	0.0000000000
352	FT911-1-42	1525	0.0000000000
352	FT911-1-43	1526	0.0000000000
352	FT911-1-46	1527	0.0000000000
352	FT911-1-52	1528	0.0000000000
352	FT911-1-53	1529	0.0000000000
352	FT911-1-54	1530	0.0000000000
352	FT911-1-55	1531	0.0000000000
352	FT911-1-56	1532	0.0000000000
352	FT911-1-58	1533	0.0000000000
352	FT911-1-59	1534	0.0000000000
352	FT911-1-60	1535	0.0000000000
352	FT911-1-61	1536	0.0000000000
352	FT911-1-62	1537	0.0000000000
352	FT911-1-64	1538	0.0000000000
352	FT911-1-66	1539	0.0000000000
352	FT911-1-67	1540	0.0000000000
352	FT911-1-68	1541	0.0000000000
352	FT911-1-69	1542	0.0000000000
352	FT911-1-70	1543	0.0000000000
352	FT911-1-72	1544	0.0000000000
352	FT911-1-74	1545	0.0000000000
352	FT911-1-75	1546	0.0000000000
352	FT911-1-76	1547	0.0000000000
352	FT911-1-77	1548	0.0000000000
352	FT911-1-78	1549	0.0000000000
352	FT911-1-82	1550	0.0000000000
352	FT911-1-83	1551	0.0000000000
352	FT911-1-84	1552	0.0000000000
352	FT911-1-86	1553	0.0000000000
352	FT911-1-89	1554	0.0000000000
352	FT911-1-91	1555	0.0000000000
352	FT911-1-94	1556	0.0000000000
352	FT911-1-96	1557	0.0000000000
352	FT911-1-97	1558	0.0000000000
352	FT911-1-98	1559	0.0000000000
352	FT911-1-99	1560	0.0000000000
352	FT911-1-100	1561	0.0000000000
352	FT911-1-101	1562	0.0000000000
352	FT911-1-102	1563	0.0000000000
352	FT911-1-103	1564	0.0000000000
352	FT911-1-104	1565	0.0000000000
352	FT911-1-105	1566	0.0000000000
352	FT911-1-106	1567	0.0000000000
352	FT911-1-107	1568	0.0000000000
352	FT911-1-108	1569	0.0000000000
352	FT911-1-109	1570	0.0000000000
352	FT911-1-112	1571	0.0000000000
352	FT911-1-113	1572	0.0000000000
352	FT911-1-117	1573	0.0000000000
352	FT911-1-122	1574	0.0000000000
352	FT911-1-123	1575	0.0000000000
352	FT911-1-125	1576	0.0000000000
352	FT911-1-126	1577	0.0000000000
352	FT911-1-128	1578	0.0000000000
352	FT911-1-129	1579	0.0000000000
352	FT911-1-130	1580	0.0000000000
352	FT911-1-131	1581	0.0000000000
352	FT911-1-132	1582	0.0000000000
352	FT911-1-133	1583	0.0000000000
352	FT911-1-134	1584	0.0000000000
352	FT911-1-135	1585	0.0000000000
352	FT911-1-138	1586	0.0000000000
352	FT911-1-139	1587	0.0000000000
352	FT911-1-141	1588	0.0000000000
352	FT911-1-142	1589	0.0000000000
352	FT911-1-143	1590	0.0000000000
352	FT911-1-144	1591	0.0000000000
352	FT911-1-145	1592	0.0000000000
352	FT911-1-146	1593	0.0000000000
352	FT911-1-147	1594	0.0000000000
352	FT911-1-148	1595	0.0000000000
352	FT911-1-149	1596	0.0000000000
352	FT911-1-150	1597	0.0000000000
352	FT911-1-151	1598	0.0000000000
352	FT911-1-152	1599	0.0000000000
352	FT911-1-153	1600	0.0000000000
352	FT911-1-154	1601	0.0000000000
352	FT911-1-155	1602	0.0000000000
352	FT911-1-157	1603	0.0000000000
352	FT911-1-158	1604	0.0000000000
352	FT911-1-159	1605	0.0000000000
352	FT911-1-160	1606	0.0000000000
352	FT911-1-161	1607	0.0000000000
352	FT911-1-162	1608	0.0000000000
352	FT911-1-163	1609	0.0000000000
352	FT911-1-164	1610	0.0000000000
352	FT911-1-165	1611	0.0000000000
352	FT911-1-166	1612	0.0000000000
352	FT911-1-167	1613	0.0000000000
352	FT911-1-168	1614	0.0000000000
352	FT911-1-170	1615	0.0000000000
352	FT911-1-173	1616	0.0000000000
352	FT911-1-174	1617	0.0000000000
352	FT911-1-175	1618	0.0000000000
352	FT911-1-176	1619	0.0000000000
352	FT911-1-177	1620	0.0000000000
352	FT911-1-178	1621	0.0000000000
352	FT911-1-179	1622	0.0000000000
352	FT911-1-180	1623	0.0000000000
352	FT911-1-182	1624	0.0000000000
352	FT911-1-183	1625	0.0000000000
352	FT911-1-184	1626	0.0000000000
352	FT911-1-185	1627	0.0000000000
352	FT911-1-186	1628	0.0000000000
352	FT911-1-189	1629	0.0000000000
352	FT911-1-190	1630	0.0000000000
352	FT911-1-191	1631	0.0000000000
352	FT911-1-192	1632	0.0000000000
352	FT911-1-193	1633	0.0000000000
352	FT911-1-194	1634	0.0000000000
352	FT911-1-195	1635	0.0000000000
352	FT911-1-196	1636	0.0000000000
352	FT911-1-197	1637	0.0000000000
352	FT911-1-198	1638	0.0000000000
352	FT911-1-201	1639	0.0000000000
352	FT911-1-202	1640	0.0000000000
352	FT911-1-204	1641	0.0000000000
352	FT911-1-206	1642	0.0000000000
352	FT911-1-207	1643	0.0000000000
352	FT911-1-208	1644	0.0000000000
352	FT911-1-210	1645	0.0000000000
352	FT911-1-211	1646	0.0000000000
352	FT911-1-214	1647	0.0000000000
352	FT911-1-215	1648	0.0000000000
352	FT911-1-216	1649	0.0000000000
352	FT911-1-217	1650	0.0000000000
352	FT911-1-219	1651	0.0000000000
352	FT911-1-222	1652	0.0000000000
352	FT911-1-225	1653	0.0000000000
352	FT911-1-226	1654	0.0000000000
352	FT911-1-227	1655	0.0000000000
352	FT911-1-228	1656	0.0000000000
352	FT911-1-229	1657	0.0000000000
352	FT911-1-230	1658	0.0000000000
352	FT911-1-231	1659	0.0000000000
352	FT911-1-232	1660	0.0000000000
352	FT911-1-233	1661	0.0000000000
352	FT911-1-234	1662	0.0000000000
352	FT911-1-235	1663	0.0000000000
352	FT911-1-236	1664	0.0000000000
352	FT911-1-237	1665	0.0000000000
352	FT911-1-238	1666	0.0000000000
352	FT911-1-241	1667	0.0000000000
352	FT911-1-242	1668	0.0000000000
352	FT911-1-243	1669	0.0000000000
352	FT911-1-244	1670	0.0000000000
352	FT911-1-246	1671	0.0000000000
352	FT911-1-247	1672	0.0000000000
352	FT911-1-248	1673	0.0000000000
352	FT911-1-249	1674	0.0000000000
352	FT911-1-250	1675	0.0000000000
352	FT911-1-251	1676	0.0000000000
352	FT911-1-252	1677	0.0000000000
352	FT911-1-253	1678	0.0000000000
352	FT911-1-254	1679	0.0000000000
352	FT911-1-255	1680	0.0000000000
352	FT911-1-256	1681	0.0000000000
352	FT911-1-257	1682	0.0000000000
352	FT911-1-258	1683	0.0000000000
352	FT911-1-261	1684	0.0000000000
352	FT911-1-262	1685	0.0000000000
352	FT911-1-263	1686	0.0000000000
352	FT911-1-264	1687	0.0000000000
352	FT911-1-266	1688	0.0000000000
352	FT911-1-267	1689	0.0000000000
352	FT911-1-268	1690	0.0000000000
352	FT911-1-269	1691	0.0000000000
352	FT911-1-271	1692	0.0000000000
352	FT911-1-272	1693	0.0000000000
352	FT911-1-274	1694	0.0000000000
352	FT911-1-275	1695	0.0000000000
352	FT911-1-276	1696	0.0000000000
352	FT911-1-277	1697	0.0000000000
352	FT911-1-278	1698	0.0000000000
352	FT911-1-279	1699	0.0000000000
352	FT911-1-280	1700	0.0000000000
352	FT911-1-281	1701	0.0000000000
352	FT911-1-282	1702	0.0000000000
352	FT911-1-286	1703	0.0000000000
352	FT911-1-287	1704	0.0000000000
352	FT911-1-288	1705	0.0000000000
352	FT911-1-289	1706	0.0000000000
352	FT911-1-290	1707	0.0000000000
352	FT911-1-291	1708	0.0000000000
352	FT911-1-292	1709	0.0000000000
352	FT911-1-293	1710	0.0000000000
352	FT911-1-294	1711	0.0000000000
352	FT911-1-295	1712	0.0000000000
352	FT911-1-297	1713	0.0000000000
352	FT911-1-298	1714	0.0000000000
352	FT911-1-299	1715	0.0000000000
352	FT911-1-300	1716	0.0000000000
352	FT911-1-301	1717	0.0000000000
352	FT911-1-302	1718	0.0000000000
352	FT911-1-303	1719	0.0000000000
352	FT911-1-304	1720	0.0000000000
352	FT911-1-305	1721	0.0000000000
352	FT911-1-306	1722	0.0000000000
352	FT911-1-307	1723	0.0000000000
352	FT911-1-309	1724	0.0000000000
352	FT911-1-311	1725	0.0000000000
352	FT911-1-312	1726	0.0000000000
352	FT911-1-314	1727	0.0000000000
352	FT911-1-322	1728	0.0000000000
352	FT911-1-324	1729	0.0000000000
352	FT911-1-325	1730	0.0000000000
352	FT911-1-326	1731	0.0000000000
352	FT911-1-327	1732	0.0000000000
352	FT911-1-328	1733	0.0000000000
352	FT911-1-330	1734	0.0000000000
352	FT911-1-331	1735	0.0000000000
352	FT911-1-332	1736	0.0000000000
352	FT911-1-333	1737	0.0000000000
352	FT911-1-334	1738	0.0000000000
352	FT911-1-335	1739	0.0000000000
352	FT911-1-336	1740	0.0000000000
352	FT911-1-337	1741	0.0000000000
352	FT911-1-338	1742	0.0000000000
352	FT911-1-341	1743	0.0000000000
352	FT911-1-342	1744	0.0000000000
352	FT911-1-343	1745	0.0000000000
352	FT911-1-344	1746	0.0000000000
352	FT911-1-345	1747	0.0000000000
352	FT911-1-346	1748	0.0000000000
352	FT911-1-347	1749	0.0000000000
352	FT911-1-348	1750	0.0000000000
352	FT911-1-349	1751	0.0000000000
352	FT911-1-350	1752	0.0000000000
352	FT911-1-352	1753	0.0000000000
352	FT911-1-353	1754	0.0000000000
352	FT911-1-354	1755	0.0000000000
352	FT911-1-355	1756	0.0000000000
352	FT911-1-356	1757	0.0000000000
352	FT911-1-357	1758	0.0000000000
352	FT911-1-358	1759	0.0000000000
352	FT911-1-360	1760	0.0000000000
352	FT911-1-361	1761	0.0000000000
352	FT911-1-362	1762	0.0000000000
352	FT911-1-363	1763	0.0000000000
352	FT911-1-364	1764	0.0000000000
352	FT911-1-365	1765	0.0000000000
352	FT911-1-367	1766	0.0000000000
352	FT911-1-368	1767	0.0000000000
352	FT911-1-369	1768	0.0000000000
352	FT911-1-371	1769	0.0000000000
352	FT911-1-373	1770	0.0000000000
352	FT911-1-374	1771	0.0000000000
352	FT911-1-375	1772	0.0000000000
352	FT911-2-376	1773	0.0000000000
352	FT911-2-377	1774	0.0000000000
352	FT911-2-378	1775	0.0000000000
352	FT911-2-379	1776	0.0000000000
352	FT911-2-380	1777	0.0000000000
352	FT911-2-381	1778	0.0000000000
352	FT911-2-382	1779	0.0000000000
352	FT911-2-383	1780	0.0000000000
352	FT911-2-384	1781	0.0000000000
352	FT911-2-386	1782	0.0000000000
352	FT911-2-387	1783	0.0000000000
352	FT911-2-388	1784	0.0000000000
352	FT911-2-389	1785	0.0000000000
352	FT911-2-390	1786	0.0000000000
352	FT911-2-391	1787	0.0000000000
352	FT911-2-393	1788	0.0000000000
352	FT911-2-394	1789	0.0000000000
352	FT911-2-395	1790	0.0000000000
352	FT911-2-396	1791	0.0000000000
352	FT911-2-397	1792	0.0000000000
352	FT911-2-398	1793	0.0000000000
352	FT911-2-399	1794	0.0000000000
352	FT911-2-400	1795	0.0000000000
352	FT911-2-401	1796	0.0000000000
352	FT911-2-402	1797	0.0000000000
352	FT911-2-403	1798	0.0000000000
352	FT911-2-404	1799	0.0000000000
352	FT911-2-405	1800	0.0000000000
352	FT911-2-406	1801	0.0000000000
352	FT911-2-407	1802	0.0000000000
352	FT911-2-408	1803	0.0000000000
352	FT911-2-409	1804	0.0000000000
352	FT911-2-411	1805	0.0000000000
352	FT911-2-412	1806	0.0000000000
352	FT911-2-414	1807	0.0000000000
352	FT911-2-415	1808	0.0000000000
352	FT911-2-416	1809	0.0000000000
352	FT911-2-418	1810	0.0000000000
352	FT911-2-420	1811	0.0000000000
352	FT911-2-421	1812	0.0000000000
352	FT911-2-422	1813	0.0000000000
352	FT911-2-423	1814	0.0000000000
352	FT911-2-428	1815	0.0000000000
352	FT911-2-429	1816	0.0000000000
352	FT911-2-430	1817	0.0000000000
352	FT911-2-432	1818	0.0000000000
352	FT911-2-433	1819	0.0000000000
352	FT911-2-435	1820	0.0000000000
352	FT911-2-436	1821	0.0000000000
352	FT911-2-437	1822	0.0000000000
352	FT911-2-438	1823	0.0000000000
352	FT911-2-439	1824	0.0000000000
352	FT911-2-440	1825	0.0000000000
352	FT911-2-441	1826	0.0000000000
352	FT911-2-442	1827	0.0000000000
352	FT911-2-443	1828	0.0000000000
352	FT911-2-444	1829	0.0000000000
352	FT911-2-445	1830	0.0000000000
352	FT911-2-447	1831	0.0000000000
352	FT911-2-448	1832	0.0000000000
352	FT911-2-450	1833	0.0000000000
352	FT911-2-451	1834	0.0000000000
352	FT911-2-452	1835	0.0000000000
352	FT911-2-453	1836	0.0000000000
352	FT911-2-454	1837	0.0000000000
352	FT911-2-456	1838	0.0000000000
352	FT911-2-457	1839	0.0000000000
352	FT911-2-458	1840	0.0000000000
352	FT911-2-459	1841	0.0000000000
352	FT911-2-460	1842	0.0000000000
352	FT911-2-461	1843	0.0000000000
352	FT911-2-463	1844	0.0000000000
352	FT911-2-464	1845	0.0000000000
352	FT911-2-465	1846	0.0000000000
352	FT911-2-467	1847	0.0000000000
352	FT911-2-469	1848	0.0000000000
352	FT911-2-470	1849	0.0000000000
352	FT911-2-471	1850	0.0000000000
352	FT911-2-472	1851	0.0000000000
352	FT911-2-473	1852	0.0000000000
352	FT911-2-474	1853	0.0000000000
352	FT911-2-475	1854	0.0000000000
352	FT911-2-478	1855	0.0000000000
352	FT911-2-479	1856	0.0000000000
352	FT911-2-480	1857	0.0000000000
352	FT911-2-481	1858	0.0000000000
352	FT911-2-482	1859	0.0000000000
352	FT911-2-483	1860	0.0000000000
352	FT911-2-484	1861	0.0000000000
352	FT911-2-485	1862	0.0000000000
352	FT911-2-487	1863	0.0000000000
352	FT911-2-488	1864	0.0000000000
352	FT911-2-489	1865	0.0000000000
352	FT911-2-490	1866	0.0000000000
352	FT911-2-491	1867	0.0000000000
352	FT911-2-492	1868	0.0000000000
352	FT911-2-493	1869	0.0000000000
352	FT911-2-494	1870	0.0000000000
352	FT911-2-495	1871	0.0000000000
352	FT911-2-497	1872	0.0000000000
352	FT911-2-499	1873	0.0000000000
352	FT911-2-500	1874	0.0000000000
352	FT911-2-501	1875	0.0000000000
352	FT911-2-503	1876	0.0000000000
352	FT911-2-509	1877	0.0000000000
352	FT911-2-513	1878	0.0000000000
352	FT911-2-514	1879	0.0000000000
352	FT911-2-516	1880	0.0000000000
352	FT911-2-517	1881	0.0000000000
352	FT911-2-518	1882	0.0000000000
352	FT911-2-519	1883	0.0000000000
352	FT911-2-520	1884	0.0000000000
352	FT911-2-521	1885	0.0000000000
352	FT911-2-523	1886	0.0000000000
352	FT911-2-524	1887	0.0000000000
352	FT911-2-525	1888	0.0000000000
352	FT911-2-526	1889	0.0000000000
352	FT911-2-528	1890	0.0000000000
352	FT911-2-529	1891	0.0000000000
352	FT911-2-530	1892	0.0000000000
352	FT911-2-531	1893	0.0000000000
352	FT911-2-532	1894	0.0000000000
352	FT911-2-533	1895	0.0000000000
352	FT911-2-534	1896	0.0000000000
352	FT911-2-535	1897	0.0000000000
352	FT911-2-538	1898	0.0000000000
352	FT911-2-539	1899	0.0000000000
352	FT911-2-541	1900	0.0000000000
352	FT911-2-542	1901	0.0000000000
352	FT911-2-543	1902	0.0000000000
352	FT911-2-544	1903	0.0000000000
352	FT911-2-545	1904	0.0000000000
352	FT911-2-546	1905	0.0000000000
352	FT911-2-547	1906	0.0000000000
352	FT911-2-548	1907	0.0000000000
352	FT911-2-549	1908	0.0000000000
352	FT911-2-550	1909	0.0000000000
352	FT911-2-551	1910	0.0000000000
352	FT911-2-552	1911	0.0000000000
352	FT911-2-554	1912	0.0000000000
352	FT911-2-555	1913	0.0000000000
352	FT911-2-556	1914	0.0000000000
352	FT911-2-557	1915	0.0000000000
352	FT911-2-558	1916	0.0000000000
352	FT911-2-560	1917	0.0000000000
352	FT911-2-561	1918	0.0000000000
352	FT911-2-562	1919	0.0000000000
352	FT911-2-563	1920	0.0000000000
352	FT911-2-567	1921	0.0000000000
352	FT911-2-568	1922	0.0000000000
352	FT911-2-569	1923	0.0000000000
352	FT911-2-571	1924	0.0000000000
352	FT911-2-572	1925	0.0000000000
352	FT911-2-573	1926	0.0000000000
352	FT911-2-574	1927	0.0000000000
352	FT911-2-575	1928	0.0000000000
352	FT911-2-576	1929	0.0000000000
352	FT911-2-577	1930	0.0000000000
352	FT911-2-578	1931	0.0000000000
352	FT911-2-580	1932	0.0000000000
352	FT911-2-581	1933	0.0000000000
352	FT911-2-582	1934	0.0000000000
352	FT911-2-583	1935	0.0000000000
352	FT911-2-585	1936	0.0000000000
352	FT911-2-586	1937	0.0000000000
352	FT911-2-587	1938	0.0000000000
352	FT911-2-588	1939	0.0000000000
352	FT911-2-589	1940	0.0000000000
352	FT911-2-590	1941	0.0000000000
352	FT911-2-591	1942	0.0000000000
352	FT911-2-592	1943	0.0000000000
352	FT911-2-593	1944	0.0000000000
352	FT911-2-594	1945	0.0000000000
352	FT911-2-595	1946	0.0000000000
352	FT911-2-596	1947	0.0000000000
352	FT911-2-597	1948	0.0000000000
352	FT911-2-598	1949	0.0000000000
352	FT911-2-599	1950	0.0000000000
352	FT911-2-600	1951	0.0000000000
352	FT911-2-601	1952	0.0000000000
352	FT911-2-602	1953	0.0000000000
352	FT911-2-603	1954	0.0000000000
352	FT911-2-604	1955	0.0000000000
352	FT911-2-605	1956	0.0000000000
352	FT911-2-606	1957	0.0000000000
352	FT911-2-607	1958	0.0000000000
352	FT911-2-608	1959	0.0000000000
352	FT911-2-609	1960	0.0000000000
352	FT911-2-610	1961	0.0000000000
352	FT911-2-611	1962	0.0000000000
352	FT911-2-613	1963	0.0000000000
352	FT911-2-614	1964	0.0000000000
352	FT911-2-615	1965	0.0000000000
352	FT911-2-616	1966	0.0000000000
352	FT911-2-617	1967	0.0000000000
352	FT911-2-618	1968	0.0000000000
352	FT911-2-620	1969	0.0000000000
352	FT911-2-621	1970	0.0000000000
352	FT911-2-625	1971	0.0000000000
352	FT911-2-628	1972	0.0000000000
352	FT911-2-631	1973	0.0000000000
352	FT911-2-633	1974	0.0000000000
352	FT911-2-634	1975	0.0000000000
352	FT911-2-638	1976	0.0000000000
352	FT911-2-639	1977	0.0000000000
352	FT911-2-640	1978	0.0000000000
352	FT911-2-641	1979	0.0000000000
352	FT911-2-642	1980	0.0000000000
352	FT911-2-646	1981	0.0000000000
352	FT911-2-647	1982	0.0000000000
352	FT911-2-649	1983	0.0000000000
352	FT911-2-651	1984	0.0000000000
352	FT911-2-653	1985	0.0000000000
352	FT911-2-654	1986	0.0000000000
352	FT911-2-657	1987	0.0000000000
352	FT911-2-659	1988	0.0000000000
352	FT911-2-662	1989	0.0000000000
352	FT911-2-663	1990	0.0000000000
352	FT911-2-664	1991	0.0000000000
352	FT911-2-665	1992	0.0000000000
352	FT911-2-666	1993	0.0000000000
352	FT911-2-667	1994	0.0000000000
352	FT911-2-668	1995	0.0000000000
352	FT911-2-669	1996	0.0000000000
352	FT911-2-670	1997	0.0000000000
352	FT911-2-671	1998	0.0000000000
352	FT911-2-672	1999	0.0000000000
352	FT911-2-673	2000	0.0000000000
352	FT911-2-674	2001	0.0000000000
352	FT911-2-675	2002	0.0000000000
352	FT911-2-676	2003	0.0000000000
352	FT911-2-679	2004	0.0000000000
352	FT911-2-680	2005	0.0000000000
352	FT911-2-681	2006	0.0000000000
352	FT911-2-682	2007	0.0000000000
352	FT911-2-683	2008	0.0000000000
352	FT911-2-684	2009	0.0000000000
352	FT911-2-685	2010	0.0000000000
352	FT911-2-687	2011	0.0000000000
352	FT911-2-689	2012	0.0000000000
352	FT911-2-690	2013	0.0000000000
352	FT911-2-691	2014	0.0000000000
352	FT911-2-692	2015	0.0000000000
352	FT911-2-693	2016	0.0000000000
352	FT911-2-694	2017	0.0000000000
352	FT911-2-695	2018	0.0000000000
352	FT911-2-696	2019	0.0000000000
352	FT911-2-697	2020	0.0000000000
352	FT911-2-698	2021	0.0000000000
352	FT911-2-700	2022	0.0000000000
352	FT911-2-701	2023	0.0000000000
352	FT911-2-703	2024	0.0000000000
352	FT911-2-704	2025	0.0000000000
352	FT911-2-705	2026	0.0000000000
352	FT911-2-707	2027	0.0000000000
352	FT911-2-710	2028	0.0000000000
352	FT911-2-711	2029	0.0000000000
352	FT911-2-714	2030	0.0000000000
352	FT911-2-715	2031	0.0000000000
352	FT911-2-716	2032	0.0000000000
352	FT911-2-718	2033	0.0000000000
352	FT911-2-720	2034	0.0000000000
352	FT911-2-721	2035	0.0000000000
352	FT911-3-724	2036	0.0000000000
352	FT911-3-726	2037	0.0000000000
352	FT911-3-727	2038	0.0000000000
352	FT911-3-728	2039	0.0000000000
352	FT911-3-729	2040	0.0000000000
352	FT911-3-730	2041	0.0000000000
352	FT911-3-731	2042	0.0000000000
352	FT911-3-732	2043	0.0000000000
352	FT911-3-733	2044	0.0000000000
352	FT911-3-734	2045	0.0000000000
352	FT911-3-735	2046	0.0000000000
352	FT911-3-736	2047	0.0000000000
352	FT911-3-743	2048	0.0000000000
352	FT911-3-744	2049	0.0000000000
352	FT911-3-747	2050	0.0000000000
352	FT911-3-748	2051	0.0000000000
352	FT911-3-749	2052	0.0000000000
352	FT911-3-750	2053	0.0000000000
352	FT911-3-751	2054	0.0000000000
352	FT911-3-752	2055	0.0000000000
352	FT911-3-754	2056	0.0000000000
352	FT911-3-755	2057	0.0000000000
352	FT911-3-756	2058	0.0000000000
352	FT911-3-758	2059	0.0000000000
352	FT911-3-759	2060	0.0000000000
352	FT911-3-760	2061	0.0000000000
352	FT911-3-762	2062	0.0000000000
352	FT911-3-764	2063	0.0000000000
352	FT911-3-765	2064	0.0000000000
352	FT911-3-767	2065	0.0000000000
352	FT911-3-768	2066	0.0000000000
352	FT911-3-769	2067	0.0000000000
352	FT911-3-770	2068	0.0000000000
352	FT911-3-772	2069	0.0000000000
352	FT911-3-774	2070	0.0000000000
352	FT911-3-775	2071	0.0000000000
352	FT911-3-776	2072	0.0000000000
352	FT911-3-778	2073	0.0000000000
352	FT911-3-781	2074	0.0000000000
352	FT911-3-787	2075	0.0000000000
352	FT911-3-788	2076	0.0000000000
352	FT911-3-789	2077	0.0000000000
352	FT911-3-791	2078	0.0000000000
352	FT911-3-793	2079	0.0000000000
352	FT911-3-795	2080	0.0000000000
352	FT911-3-796	2081	0.0000000000
352	FT911-3-797	2082	0.0000000000
352	FT911-3-800	2083	0.0000000000
352	FT911-3-801	2084	0.0000000000
352	FT911-3-802	2085	0.0000000000
352	FT911-3-803	2086	0.0000000000
352	FT911-3-805	2087	0.0000000000
352	FT911-3-807	2088	0.0000000000
352	FT911-3-808	2089	0.0000000000
352	FT911-3-809	2090	0.0000000000
352	FT911-3-810	2091	0.0000000000
352	FT911-3-812	2092	0.0000000000
352	FT911-3-813	2093	0.0000000000
352	FT911-3-815	2094	0.0000000000
352	FT911-3-816	2095	0.0000000000
352	FT911-3-817	2096	0.0000000000
352	FT911-3-818	2097	0.0000000000
352	FT911-3-819	2098	0.0000000000
352	FT911-3-821	2099	0.0000000000
352	FT911-3-822	2100	0.0000000000
352	FT911-3-823	2101	0.0000000000
352	FT911-3-824	2102	0.0000000000
352	FT911-3-826	2103	0.0000000000
352	FT911-3-827	2104	0.0000000000
352	FT911-3-829	2105	0.0000000000
352	FT911-3-830	2106	0.0000000000
352	FT911-3-831	2107	0.0000000000
352	FT911-3-832	2108	0.0000000000
352	FT911-3-833	2109	0.0000000000
352	FT911-3-834	2110	0.0000000000
352	FT911-3-837	2111	0.0000000000
352	FT911-3-842	2112	0.0000000000
352	FT911-3-843	2113	0.0000000000
352	FT911-3-845	2114	0.0000000000
352	FT911-3-847	2115	0.0000000000
352	FT911-3-848	2116	0.0000000000
352	FT911-3-850	2117	0.0000000000
352	FT911-3-851	2118	0.0000000000
352	FT911-3-852	2119	0.0000000000
352	FT911-3-853	2120	0.0000000000
352	FT911-3-854	2121	0.0000000000
352	FT911-3-855	2122	0.0000000000
352	FT911-3-856	2123	0.0000000000
352	FT911-3-857	2124	0.0000000000
352	FT911-3-858	2125	0.0000000000
352	FT911-3-859	2126	0.0000000000
352	FT911-3-860	2127	0.0000000000
352	FT911-3-861	2128	0.0000000000
352	FT911-3-862	2129	0.0000000000
352	FT911-3-863	2130	0.0000000000
352	FT911-3-864	2131	0.0000000000
352	FT911-3-865	2132	0.0000000000
352	FT911-3-867	2133	0.0000000000
352	FT911-3-868	2134	0.0000000000
352	FT911-3-869	2135	0.0000000000
352	FT911-3-870	2136	0.0000000000
352	FT911-3-872	2137	0.0000000000
352	FT911-3-873	2138	0.0000000000
352	FT911-3-874	2139	0.0000000000
352	FT911-3-875	2140	0.0000000000
352	FT911-3-876	2141	0.0000000000
352	FT911-3-877	2142	0.0000000000
352	FT911-3-878	2143	0.0000000000
352	FT911-3-879	2144	0.0000000000
352	FT911-3-880	2145	0.0000000000
352	FT911-3-881	2146	0.0000000000
352	FT911-3-882	2147	0.0000000000
352	FT911-3-883	2148	0.0000000000
352	FT911-3-884	2149	0.0000000000
352	FT911-3-885	2150	0.0000000000
352	FT911-3-887	2151	0.0000000000
352	FT911-3-888	2152	0.0000000000
352	FT911-3-889	2153	0.0000000000
352	FT911-3-890	2154	0.0000000000
352	FT911-3-891	2155	0.0000000000
352	FT911-3-892	2156	0.0000000000
352	FT911-3-893	2157	0.0000000000
352	FT911-3-894	2158	0.0000000000
352	FT911-3-895	2159	0.0000000000
352	FT911-3-896	2160	0.0000000000
352	FT911-3-897	2161	0.0000000000
352	FT911-3-898	2162	0.0000000000
352	FT911-3-899	2163	0.0000000000
352	FT911-3-900	2164	0.0000000000
352	FT911-3-901	2165	0.0000000000
352	FT911-3-902	2166	0.0000000000
352	FT911-3-904	2167	0.0000000000
352	FT911-3-905	2168	0.0000000000
352	FT911-3-907	2169	0.0000000000
352	FT911-3-908	2170	0.0000000000
352	FT911-3-910	2171	0.0000000000
352	FT911-3-912	2172	0.0000000000
352	FT911-3-913	2173	0.0000000000
352	FT911-3-914	2174	0.0000000000
352	FT911-3-915	2175	0.0000000000
352	FT911-3-916	2176	0.0000000000
352	FT911-3-922	2177	0.0000000000
352	FT911-3-923	2178	0.0000000000
352	FT911-3-924	2179	0.0000000000
352	FT911-3-925	2180	0.0000000000
352	FT911-3-926	2181	0.0000000000
352	FT911-3-927	2182	0.0000000000
352	FT911-3-928	2183	0.0000000000
352	FT911-3-929	2184	0.0000000000
352	FT911-3-930	2185	0.0000000000
352	FT911-3-931	2186	0.0000000000
352	FT911-3-932	2187	0.0000000000
352	FT911-3-933	2188	0.0000000000
352	FT911-3-934	2189	0.0000000000
352	FT911-3-935	2190	0.0000000000
352	FT911-3-936	2191	0.0000000000
352	FT911-3-937	2192	0.0000000000
352	FT911-3-938	2193	0.0000000000
352	FT911-3-942	2194	0.0000000000
352	FT911-3-943	2195	0.0000000000
352	FT911-3-945	2196	0.0000000000
352	FT911-3-946	2197	0.0000000000
352	FT911-3-947	2198	0.0000000000
352	FT911-3-949	2199	0.0000000000
352	FT911-3-950	2200	0.0000000000
352	FT911-3-951	2201	0.0000000000
352	FT911-3-952	2202	0.0000000000
352	FT911-3-953	2203	0.0000000000
352	FT911-3-954	2204	0.0000000000
352	FT911-3-955	2205	0.0000000000
352	FT911-3-956	2206	0.0000000000
352	FT911-3-957	2207	0.0000000000
352	FT911-3-962	2208	0.0000000000
352	FT911-3-966	2209	0.0000000000
352	FT911-3-967	2210	0.0000000000
352	FT911-3-969	2211	0.0000000000
352	FT911-3-972	2212	0.0000000000
352	FT911-3-973	2213	0.0000000000
352	FT911-3-979	2214	0.0000000000
352	FT911-3-980	2215	0.0000000000
352	FT911-3-981	2216	0.0000000000
352	FT911-3-983	2217	0.0000000000
352	FT911-3-984	2218	0.0000000000
352	FT911-3-987	2219	0.0000000000
352	FT911-3-990	2220	0.0000000000
352	FT911-3-992	2221	0.0000000000
352	FT911-3-993	2222	0.0000000000
352	FT911-3-994	2223	0.0000000000
352	FT911-3-995	2224	0.0000000000
352	FT911-3-996	2225	0.0000000000
352	FT911-3-997	2226	0.0000000000
352	FT911-3-998	2227	0.0000000000
352	FT911-3-999	2228	0.0000000000
352	FT911-3-1003	2229	0.0000000000
352	FT911-3-1005	2230	0.0000000000
352	FT911-3-1006	2231	0.0000000000
352	FT911-3-1007	2232	0.0000000000
352	FT911-3-1008	2233	0.0000000000
352	FT911-3-1011	2234	0.0000000000
352	FT911-3-1012	2235	0.0000000000
352	FT911-3-1014	2236	0.0000000000
352	FT911-3-1016	2237	0.0000000000
352	FT911-3-1017	2238	0.0000000000
352	FT911-3-1018	2239	0.0000000000
352	FT911-3-1020	2240	0.0000000000
352	FT911-3-1022	2241	0.0000000000
352	FT911-3-1024	2242	0.0000000000
352	FT911-3-1027	2243	0.0000000000
352	FT911-3-1032	2244	0.0000000000
352	FT911-3-1033	2245	0.0000000000
352	FT911-3-1035	2246	0.0000000000
352	FT911-3-1036	2247	0.0000000000
352	FT911-3-1037	2248	0.0000000000
352	FT911-3-1040	2249	0.0000000000
352	FT911-3-1041	2250	0.0000000000
352	FT911-3-1043	2251	0.0000000000
352	FT911-3-1044	2252	0.0000000000
352	FT911-3-1045	2253	0.0000000000
352	FT911-3-1046	2254	0.0000000000
352	FT911-3-1047	2255	0.0000000000
352	FT911-3-1048	2256	0.0000000000
352	FT911-3-1049	2257	0.0000000000
352	FT911-3-1050	2258	0.0000000000
352	FT911-3-1051	2259	0.0000000000
352	FT911-3-1052	2260	0.0000000000
352	FT911-3-1053	2261	0.0000000000
352	FT911-3-1055	2262	0.0000000000
352	FT911-3-1057	2263	0.0000000000
352	FT911-3-1058	2264	0.0000000000
352	FT911-3-1059	2265	0.0000000000
352	FT911-3-1061	2266	0.0000000000
352	FT911-3-1065	2267	0.0000000000
352	FT911-3-1067	2268	0.0000000000
352	FT911-3-1071	2269	0.0000000000
352	FT911-3-1072	2270	0.0000000000
352	FT911-3-1073	2271	0.0000000000
352	FT911-3-1074	2272	0.0000000000
352	FT911-3-1075	2273	0.0000000000
352	FT911-3-1076	2274	0.0000000000
352	FT911-3-1077	2275	0.0000000000
352	FT911-3-1078	2276	0.0000000000
352	FT911-3-1079	2277	0.0000000000
352	FT911-3-1080	2278	0.0000000000
352	FT911-3-1081	2279	0.0000000000
352	FT911-3-1084	2280	0.0000000000
352	FT911-3-1085	2281	0.0000000000
352	FT911-3-1086	2282	0.0000000000
352	FT911-3-1088	2283	0.0000000000
352	FT911-3-1090	2284	0.0000000000
352	FT911-3-1091	2285	0.0000000000
352	FT911-3-1094	2286	0.0000000000
352	FT911-3-1095	2287	0.0000000000
352	FT911-4-1104	2288	0.0000000000
352	FT911-4-1106	2289	0.0000000000
352	FT911-4-1107	2290	0.0000000000
352	FT911-4-1110	2291	0.0000000000
352	FT911-4-1111	2292	0.0000000000
352	FT911-4-1112	2293	0.0000000000
352	FT911-4-1114	2294	0.0000000000
352	FT911-4-1115	2295	0.0000000000
352	FT911-4-1116	2296	0.0000000000
352	FT911-4-1118	2297	0.0000000000
352	FT911-4-1119	2298	0.0000000000
352	FT911-4-1121	2299	0.0000000000
352	FT911-4-1123	2300	0.0000000000
352	FT911-4-1124	2301	0.0000000000
352	FT911-4-1125	2302	0.0000000000
352	FT911-4-1126	2303	0.0000000000
352	FT911-4-1127	2304	0.0000000000
352	FT911-4-1128	2305	0.0000000000
352	FT911-4-1129	2306	0.0000000000
352	FT911-4-1130	2307	0.0000000000
352	FT911-4-1131	2308	0.0000000000
352	FT911-4-1132	2309	0.0000000000
352	FT911-4-1133	2310	0.0000000000
352	FT911-4-1134	2311	0.0000000000
352	FT911-4-1135	2312	0.0000000000
352	FT911-4-1136	2313	0.0000000000
352	FT911-4-1137	2314	0.0000000000
352	FT911-4-1138	2315	0.0000000000
352	FT911-4-1139	2316	0.0000000000
352	FT911-4-1140	2317	0.0000000000
352	FT911-4-1142	2318	0.0000000000
352	FT911-4-1143	2319	0.0000000000
352	FT911-4-1144	2320	0.0000000000
352	FT911-4-1145	2321	0.0000000000
352	FT911-4-1149	2322	0.0000000000
352	FT911-4-1150	2323	0.0000000000
352	FT911-4-1151	2324	0.0000000000
352	FT911-4-1152	2325	0.0000000000
352	FT911-4-1153	2326	0.0000000000
352	FT911-4-1154	2327	0.0000000000
352	FT911-4-1155	2328	0.0000000000
352	FT911-4-1156	2329	0.0000000000
352	FT911-4-1157	2330	0.0000000000
352	FT911-4-1160	2331	0.0000000000
352	FT911-4-1161	2332	0.0000000000
352	FT911-4-1163	2333	0.0000000000
352	FT911-4-1165	2334	0.0000000000
352	FT911-4-1167	2335	0.0000000000
352	FT911-4-1172	2336	0.0000000000
352	FT911-4-1174	2337	0.0000000000
352	FT911-4-1175	2338	0.0000000000
352	FT911-4-1176	2339	0.0000000000
352	FT911-4-1177	2340	0.0000000000
352	FT911-4-1178	2341	0.0000000000
352	FT911-4-1180	2342	0.0000000000
352	FT911-4-1181	2343	0.0000000000
352	FT911-4-1182	2344	0.0000000000
352	FT911-4-1183	2345	0.0000000000
352	FT911-4-1184	2346	0.0000000000
352	FT911-4-1185	2347	0.0000000000
352	FT911-4-1186	2348	0.0000000000
352	FT911-4-1187	2349	0.0000000000
352	FT911-4-1191	2350	0.0000000000
352	FT911-4-1192	2351	0.0000000000
352	FT911-4-1193	2352	0.0000000000
352	FT911-4-1194	2353	0.0000000000
352	FT911-4-1195	2354	0.0000000000
352	FT911-4-1196	2355	0.0000000000
352	FT911-4-1197	2356	0.0000000000
352	FT911-4-1201	2357	0.0000000000
352	FT911-4-1202	2358	0.0000000000
352	FT911-4-1203	2359	0.0000000000
352	FT911-4-1205	2360	0.0000000000
352	FT911-4-1206	2361	0.0000000000
352	FT911-4-1207	2362	0.0000000000
352	FT911-4-1208	2363	0.0000000000
352	FT911-4-1209	2364	0.0000000000
352	FT911-4-1210	2365	0.0000000000
352	FT911-4-1212	2366	0.0000000000
352	FT911-4-1213	2367	0.0000000000
352	FT911-4-1214	2368	0.0000000000
352	FT911-4-1216	2369	0.0000000000
352	FT911-4-1217	2370	0.0000000000
352	FT911-4-1218	2371	0.0000000000
352	FT911-4-1219	2372	0.0000000000
352	FT911-4-1221	2373	0.0000000000
352	FT911-4-1223	2374	0.0000000000
352	FT911-4-1224	2375	0.0000000000
352	FT911-4-1225	2376	0.0000000000
352	FT911-4-1226	2377	0.0000000000
352	FT911-4-1228	2378	0.0000000000
352	FT911-4-1229	2379	0.0000000000
352	FT911-4-1230	2380	0.0000000000
352	FT911-4-1231	2381	0.0000000000
352	FT911-4-1236	2382	0.0000000000
352	FT911-4-1237	2383	0.0000000000
352	FT911-4-1242	2384	0.0000000000
352	FT911-4-1247	2385	0.0000000000
352	FT911-4-1250	2386	0.0000000000
352	FT911-4-1252	2387	0.0000000000
352	FT911-4-1255	2388	0.0000000000
352	FT911-4-1256	2389	0.0000000000
352	FT911-4-1257	2390	0.0000000000
352	FT911-4-1258	2391	0.0000000000
352	FT911-4-1260	2392	0.0000000000
352	FT911-4-1261	2393	0.0000000000
352	FT911-4-1262	2394	0.0000000000
352	FT911-4-1264	2395	0.0000000000
352	FT911-4-1265	2396	0.0000000000
352	FT911-4-1271	2397	0.0000000000
352	FT911-4-1272	2398	0.0000000000
352	FT911-4-1273	2399	0.0000000000
352	FT911-4-1275	2400	0.0000000000
352	FT911-4-1278	2401	0.0000000000
352	FT911-4-1281	2402	0.0000000000
352	FT911-4-1284	2403	0.0000000000
352	FT911-4-1285	2404	0.0000000000
352	FT911-4-1287	2405	0.0000000000
352	FT911-4-1288	2406	0.0000000000
352	FT911-4-1289	2407	0.0000000000
352	FT911-4-1290	2408	0.0000000000
352	FT911-4-1292	2409	0.0000000000
352	FT911-4-1293	2410	0.0000000000
352	FT911-4-1294	2411	0.0000000000
352	FT911-4-1295	2412	0.0000000000
352	FT911-4-1296	2413	0.0000000000
352	FT911-4-1297	2414	0.0000000000
352	FT911-4-1298	2415	0.0000000000
352	FT911-4-1299	2416	0.0000000000
352	FT911-4-1300	2417	0.0000000000
352	FT911-4-1302	2418	0.0000000000
352	FT911-4-1303	2419	0.0000000000
352	FT911-4-1304	2420	0.0000000000
352	FT911-4-1305	2421	0.0000000000
352	FT911-4-1308	2422	0.0000000000
352	FT911-4-1309	2423	0.0000000000
352	FT911-4-1310	2424	0.0000000000
352	FT911-4-1311	2425	0.0000000000
352	FT911-4-1313	2426	0.0000000000
352	FT911-4-1315	2427	0.0000000000
352	FT911-4-1316	2428	0.0000000000
352	FT911-4-1317	2429	0.0000000000
352	FT911-4-1318	2430	0.0000000000
352	FT911-4-1319	2431	0.0000000000
352	FT911-4-1320	2432	0.0000000000
352	FT911-4-1321	2433	0.0000000000
352	FT911-4-1323	2434	0.0000000000
352	FT911-4-1325	2435	0.0000000000
352	FT911-4-1326	2436	0.0000000000
352	FT911-4-1327	2437	0.0000000000
352	FT911-4-1328	2438	0.0000000000
352	FT911-4-1329	2439	0.0000000000
352	FT911-4-1331	2440	0.0000000000
352	FT911-4-1332	2441	0.0000000000
352	FT911-4-1333	2442	0.0000000000
352	FT911-4-1334	2443	0.0000000000
352	FT911-4-1335	2444	0.0000000000
352	FT911-4-1336	2445	0.0000000000
352	FT911-4-1337	2446	0.0000000000
352	FT911-4-1338	2447	0.0000000000
352	FT911-4-1339	2448	0.0000000000
352	FT911-4-1341	2449	0.0000000000
352	FT911-4-1342	2450	0.0000000000
352	FT911-4-1343	2451	0.0000000000
352	FT911-4-1345	2452	0.0000000000
352	FT911-4-1346	2453	0.0000000000
352	FT911-4-1347	2454	0.0000000000
352	FT911-4-1348	2455	0.0000000000
352	FT911-4-1349	2456	0.0000000000
352	FT911-4-1350	2457	0.0000000000
352	FT911-4-1351	2458	0.0000000000
352	FT911-4-1352	2459	0.0000000000
352	FT911-4-1353	2460	0.0000000000
352	FT911-4-1354	2461	0.0000000000
352	FT911-4-1355	2462	0.0000000000
352	FT911-4-1356	2463	0.0000000000
352	FT911-4-1357	2464	0.0000000000
352	FT911-4-1358	2465	0.0000000000
352	FT911-4-1359	2466	0.0000000000
352	FT911-4-1360	2467	0.0000000000
352	FT911-4-1362	2468	0.0000000000
352	FT911-4-1365	2469	0.0000000000
352	FT911-4-1366	2470	0.0000000000
352	FT911-4-1368	2471	0.0000000000
352	FT911-4-1369	2472	0.0000000000
352	FT911-4-1370	2473	0.0000000000
352	FT911-4-1371	2474	0.0000000000
352	FT911-4-1372	2475	0.0000000000
352	FT911-4-1373	2476	0.0000000000
352	FT911-4-1374	2477	0.0000000000
352	FT911-4-1375	2478	0.0000000000
352	FT911-4-1376	2479	0.0000000000
352	FT911-4-1378	2480	0.0000000000
352	FT911-4-1380	2481	0.0000000000
352	FT911-4-1381	2482	0.0000000000
352	FT911-4-1383	2483	0.0000000000
352	FT911-4-1385	2484	0.0000000000
352	FT911-4-1386	2485	0.0000000000
352	FT911-4-1387	2486	0.0000000000
352	FT911-4-1388	2487	0.0000000000
352	FT911-4-1389	2488	0.0000000000
352	FT911-4-1391	2489	0.0000000000
352	FT911-4-1392	2490	0.0000000000
352	FT911-4-1393	2491	0.0000000000
352	FT911-4-1394	2492	0.0000000000
352	FT911-4-1395	2493	0.0000000000
352	FT911-4-1399	2494	0.0000000000
352	FT911-4-1400	2495	0.0000000000
352	FT911-4-1401	2496	0.0000000000
352	FT911-4-1402	2497	0.0000000000
352	FT911-4-1403	2498	0.0000000000
352	FT911-4-1405	2499	0.0000000000
352	FT911-4-1407	2500	0.0000000000
352	FT911-4-1411	2501	0.0000000000
352	FT911-4-1419	2502	0.0000000000
352	FT911-4-1420	2503	0.0000000000
352	FT911-4-1422	2504	0.0000000000
352	FT911-4-1423	2505	0.0000000000
352	FT911-4-1424	2506	0.0000000000
352	FT911-4-1425	2507	0.0000000000
352	FT911-4-1426	2508	0.0000000000
352	FT911-4-1427	2509	0.0000000000
352	FT911-4-1428	2510	0.0000000000
352	FT911-4-1430	2511	0.0000000000
352	FT911-4-1431	2512	0.0000000000
352	FT911-4-1432	2513	0.0000000000
352	FT911-4-1433	2514	0.0000000000
352	FT911-4-1434	2515	0.0000000000
352	FT911-4-1435	2516	0.0000000000
352	FT911-4-1436	2517	0.0000000000
352	FT911-4-1437	2518	0.0000000000
352	FT911-4-1438	2519	0.0000000000
352	FT911-4-1439	2520	0.0000000000
352	FT911-4-1440	2521	0.0000000000
352	FT911-4-1441	2522	0.0000000000
352	FT911-4-1442	2523	0.0000000000
352	FT911-4-1443	2524	0.0000000000
352	FT911-4-1444	2525	0.0000000000
352	FT911-4-1445	2526	0.0000000000
352	FT911-4-1446	2527	0.0000000000
352	FT911-4-1448	2528	0.0000000000
352	FT911-4-1449	2529	0.0000000000
352	FT911-4-1450	2530	0.0000000000
352	FT911-4-1451	2531	0.0000000000
352	FT911-4-1454	2532	0.0000000000
352	FT911-4-1455	2533	0.0000000000
352	FT911-4-1456	2534	0.0000000000
352	FT911-4-1457	2535	0.0000000000
352	FT911-4-1458	2536	0.0000000000
352	FT911-4-1459	2537	0.0000000000
352	FT911-4-1460	2538	0.0000000000
352	FT911-4-1461	2539	0.0000000000
352	FT911-4-1462	2540	0.0000000000
352	FT911-4-1463	2541	0.0000000000
352	FT911-4-1464	2542	0.0000000000
352	FT911-4-1465	2543	0.0000000000
352	FT911-4-1466	2544	0.0000000000
352	FT911-4-1467	2545	0.0000000000
352	FT911-4-1468	2546	0.0000000000
352	FT911-4-1469	2547	0.0000000000
352	FT911-4-1471	2548	0.0000000000
352	FT911-4-1472	2549	0.0000000000
352	FT911-4-1473	2550	0.0000000000
352	FT911-4-1474	2551	0.0000000000
352	FT911-4-1475	2552	0.0000000000
352	FT911-4-1476	2553	0.0000000000
352	FT911-4-1477	2554	0.0000000000
352	FT911-4-1478	2555	0.0000000000
352	FT911-5-1480	2556	0.0000000000
352	FT911-5-1481	2557	0.0000000000
352	FT911-5-1482	2558	0.0000000000
352	FT911-5-1483	2559	0.0000000000
352	FT911-5-1484	2560	0.0000000000
352	FT911-5-1485	2561	0.0000000000
352	FT911-5-1486	2562	0.0000000000
352	FT911-5-1487	2563	0.0000000000
352	FT911-5-1488	2564	0.0000000000
352	FT911-5-1489	2565	0.0000000000
352	FT911-5-1491	2566	0.0000000000
352	FT911-5-1492	2567	0.0000000000
352	FT911-5-1493	2568	0.0000000000
352	FT911-5-1494	2569	0.0000000000
352	FT911-5-1496	2570	0.0000000000
352	FT911-5-1497	2571	0.0000000000
352	FT911-5-1499	2572	0.0000000000
352	FT911-5-1500	2573	0.0000000000
352	FT911-5-1503	2574	0.0000000000
352	FT911-5-1504	2575	0.0000000000
352	FT911-5-1505	2576	0.0000000000
352	FT911-5-1507	2577	0.0000000000
352	FT911-5-1508	2578	0.0000000000
352	FT911-5-1509	2579	0.0000000000
352	FT911-5-1510	2580	0.0000000000
352	FT911-5-1513	2581	0.0000000000
352	FT911-5-1514	2582	0.0000000000
352	FT911-5-1515	2583	0.0000000000
352	FT911-5-1516	2584	0.0000000000
352	FT911-5-1517	2585	0.0000000000
352	FT911-5-1518	2586	0.0000000000
352	FT911-5-1520	2587	0.0000000000
352	FT911-5-1522	2588	0.0000000000
352	FT911-5-1523	2589	0.0000000000
352	FT911-5-1524	2590	0.0000000000
352	FT911-5-1525	2591	0.0000000000
352	FT911-5-1526	2592	0.0000000000
352	FT911-5-1527	2593	0.0000000000
352	FT911-5-1528	2594	0.0000000000
352	FT911-5-1529	2595	0.0000000000
352	FT911-5-1530	2596	0.0000000000
352	FT911-5-1531	2597	0.0000000000
352	FT911-5-1532	2598	0.0000000000
352	FT911-5-1533	2599	0.0000000000
352	FT911-5-1534	2600	0.0000000000
352	FT911-5-1535	2601	0.0000000000
352	FT911-5-1536	2602	0.0000000000
352	FT911-5-1537	2603	0.0000000000
352	FT911-5-1538	2604	0.0000000000
352	FT911-5-1539	2605	0.0000000000
352	FT911-5-1540	2606	0.0000000000
352	FT911-5-1541	2607	0.0000000000
352	FT911-5-1542	2608	0.0000000000
352	FT911-5-1543	2609	0.0000000000
352	FT911-5-1544	2610	0.0000000000
352	FT911-5-1547	2611	0.0000000000
352	FT911-5-1549	2612	0.0000000000
352	FT911-5-1553	2613	0.0000000000
352	FT911-5-1554	2614	0.0000000000
352	FT911-5-1555	2615	0.0000000000
352	FT911-5-1556	2616	0.0000000000
352	FT911-5-1557	2617	0.0000000000
352	FT911-5-1558	2618	0.0000000000
352	FT911-5-1559	2619	0.0000000000
352	FT911-5-1560	2620	0.0000000000
352	FT911-5-1561	2621	0.0000000000
352	FT911-5-1562	2622	0.0000000000
352	FT911-5-1564	2623	0.0000000000
352	FT911-5-1565	2624	0.0000000000
352	FT911-5-1566	2625	0.0000000000
352	FT911-5-1567	2626	0.0000000000
352	FT911-5-1568	2627	0.0000000000
352	FT911-5-1569	2628	0.0000000000
352	FT911-5-1570	2629	0.0000000000
352	FT911-5-1571	2630	0.0000000000
352	FT911-5-1572	2631	0.0000000000
352	FT911-5-1574	2632	0.0000000000
352	FT911-5-1575	2633	0.0000000000
352	FT911-5-1577	2634	0.0000000000
352	FT911-5-1578	2635	0.0000000000
352	FT911-5-1579	2636	0.0000000000
352	FT911-5-1580	2637	0.0000000000
352	FT911-5-1581	2638	0.0000000000
352	FT911-5-1582	2639	0.0000000000
352	FT911-5-1583	2640	0.0000000000
352	FT911-5-1584	2641	0.0000000000
352	FT911-5-1585	2642	0.0000000000
352	FT911-5-1586	2643	0.0000000000
352	FT911-5-1587	2644	0.0000000000
352	FT911-5-1588	2645	0.0000000000
352	FT911-5-1589	2646	0.0000000000
352	FT911-5-1590	2647	0.0000000000
352	FT911-5-1592	2648	0.0000000000
352	FT911-5-1594	2649	0.0000000000
352	FT911-5-1595	2650	0.0000000000
352	FT911-5-1597	2651	0.0000000000
352	FT911-5-1598	2652	0.0000000000
352	FT911-5-1599	2653	0.0000000000
352	FT911-5-1600	2654	0.0000000000
352	FT911-5-1605	2655	0.0000000000
352	FT911-5-1606	2656	0.0000000000
352	FT911-5-1607	2657	0.0000000000
352	FT911-5-1608	2658	0.0000000000
352	FT911-5-1609	2659	0.0000000000
352	FT911-5-1610	2660	0.0000000000
352	FT911-5-1612	2661	0.0000000000
352	FT911-5-1613	2662	0.0000000000
352	FT911-5-1615	2663	0.0000000000
352	FT911-5-1616	2664	0.0000000000
352	FT911-5-1617	2665	0.0000000000
352	FT911-5-1618	2666	0.0000000000
352	FT911-5-1619	2667	0.0000000000
352	FT911-5-1622	2668	0.0000000000
352	FT911-5-1624	2669	0.0000000000
352	FT911-5-1625	2670	0.0000000000
352	FT911-5-1626	2671	0.0000000000
352	FT911-5-1628	2672	0.0000000000
352	FT911-5-1629	2673	0.0000000000
352	FT911-5-1630	2674	0.0000000000
352	FT911-5-1632	2675	0.0000000000
352	FT911-5-1634	2676	0.0000000000
352	FT911-5-1635	2677	0.0000000000
352	FT911-5-1636	2678	0.0000000000
352	FT911-5-1637	2679	0.0000000000
352	FT911-5-1639	2680	0.0000000000
352	FT911-5-1641	2681	0.0000000000
352	FT911-5-1642	2682	0.0000000000
352	FT911-5-1643	2683	0.0000000000
352	FT911-5-1645	2684	0.0000000000
352	FT911-5-1646	2685	0.0000000000
352	FT911-5-1647	2686	0.0000000000
352	FT911-5-1648	2687	0.0000000000
352	FT911-5-1649	2688	0.0000000000
352	FT911-5-1650	2689	0.0000000000
352	FT911-5-1651	2690	0.0000000000
352	FT911-5-1653	2691	0.0000000000
352	FT911-5-1654	2692	0.0000000000
352	FT911-5-1657	2693	0.0000000000
352	FT911-5-1658	2694	0.0000000000
352	FT911-5-1659	2695	0.0000000000
352	FT911-5-1660	2696	0.0000000000
352	FT911-5-1661	2697	0.0000000000
352	FT911-5-1662	2698	0.0000000000
352	FT911-5-1663	2699	0.0000000000
352	FT911-5-1664	2700	0.0000000000
352	FT911-5-1665	2701	0.0000000000
352	FT911-5-1666	2702	0.0000000000
352	FT911-5-1667	2703	0.0000000000
352	FT911-5-1671	2704	0.0000000000
352	FT911-5-1676	2705	0.0000000000
352	FT911-5-1678	2706	0.0000000000
352	FT911-5-1679	2707	0.0000000000
352	FT911-5-1680	2708	0.0000000000
352	FT911-5-1684	2709	0.0000000000
352	FT911-5-1689	2710	0.0000000000
352	FT911-5-1691	2711	0.0000000000
352	FT911-5-1693	2712	0.0000000000
352	FT911-5-1694	2713	0.0000000000
352	FT911-5-1695	2714	0.0000000000
352	FT911-5-1696	2715	0.0000000000
352	FT911-5-1698	2716	0.0000000000
352	FT911-5-1699	2717	0.0000000000
352	FT911-5-1701	2718	0.0000000000
352	FT911-5-1702	2719	0.0000000000
352	FT911-5-1703	2720	0.0000000000
352	FT911-5-1704	2721	0.0000000000
352	FT911-5-1705	2722	0.0000000000
352	FT911-5-1706	2723	0.0000000000
352	FT911-5-1708	2724	0.0000000000
352	FT911-5-1709	2725	0.0000000000
352	FT911-5-1710	2726	0.0000000000
352	FT911-5-1712	2727	0.0000000000
352	FT911-5-1713	2728	0.0000000000
352	FT911-5-1714	2729	0.0000000000
352	FT911-5-1715	2730	0.0000000000
352	FT911-5-1716	2731	0.0000000000
352	FT911-5-1717	2732	0.0000000000
352	FT911-5-1718	2733	0.0000000000
352	FT911-5-1720	2734	0.0000000000
352	FT911-5-1721	2735	0.0000000000
352	FT911-5-1722	2736	0.0000000000
352	FT911-5-1723	2737	0.0000000000
352	FT911-5-1724	2738	0.0000000000
352	FT911-5-1725	2739	0.0000000000
352	FT911-5-1726	2740	0.0000000000
352	FT911-5-1727	2741	0.0000000000
352	FT911-5-1728	2742	0.0000000000
352	FT911-5-1729	2743	0.0000000000
352	FT911-5-1730	2744	0.0000000000
352	FT911-5-1732	2745	0.0000000000
352	FT911-5-1734	2746	0.0000000000
352	FT911-5-1735	2747	0.0000000000
352	FT911-5-1736	2748	0.0000000000
352	FT911-5-1737	2749	0.0000000000
352	FT911-5-1738	2750	0.0000000000
352	FT911-5-1739	2751	0.0000000000
352	FT911-5-1740	2752	0.0000000000
352	FT911-5-1741	2753	0.0000000000
352	FT911-5-1742	2754	0.0000000000
352	FT911-5-1744	2755	0.0000000000
352	FT911-5-1745	2756	0.0000000000
352	FT911-5-1746	2757	0.0000000000
352	FT911-5-1747	2758	0.0000000000
352	FT911-5-1748	2759	0.0000000000
352	FT911-5-1749	2760	0.0000000000
352	FT911-5-1750	2761	0.0000000000
352	FT911-5-1751	2762	0.0000000000
352	FT911-5-1753	2763	0.0000000000
352	FT911-5-1754	2764	0.0000000000
352	FT911-5-1756	2765	0.0000000000
352	FT911-5-1757	2766	0.0000000000
352	FT911-5-1758	2767	0.0000000000
352	FT911-5-1760	2768	0.0000000000
352	FT911-5-1761	2769	0.0000000000
352	FT911-5-1762	2770	0.0000000000
352	FT911-5-1763	2771	0.0000000000
352	FT911-5-1764	2772	0.0000000000
352	FT911-5-1765	2773	0.0000000000
352	FT911-5-1768	2774	0.0000000000
352	FT911-5-1770	2775	0.0000000000
352	FT911-5-1771	2776	0.0000000000
352	FT911-5-1772	2777	0.0000000000
352	FT911-5-1774	2778	0.0000000000
352	FT911-5-1775	2779	0.0000000000
352	FT911-5-1777	2780	0.0000000000
352	FT911-5-1778	2781	0.0000000000
352	FT911-5-1781	2782	0.0000000000
352	FT911-5-1782	2783	0.0000000000
352	FT911-5-1783	2784	0.0000000000
352	FT911-5-1784	2785	0.0000000000
352	FT911-5-1785	2786	0.0000000000
352	FT911-5-1786	2787	0.0000000000
352	FT911-5-1787	2788	0.0000000000
352	FT911-5-1788	2789	0.0000000000
352	FT911-5-1789	2790	0.0000000000
352	FT911-5-1790	2791	0.0000000000
352	FT911-5-1791	2792	0.0000000000
352	FT911-5-1792	2793	0.0000000000
352	FT911-5-1793	2794	0.0000000000
352	FT911-5-1795	2795	0.0000000000
352	FT911-5-1796	2796	0.0000000000
352	FT911-5-1797	2797	0.0000000000
352	FT911-5-1798	2798	0.0000000000
352	FT911-5-1799	2799	0.0000000000
352	FT911-5-1800	2800	0.0000000000
352	FT911-5-1801	2801	0.0000000000
352	FT911-5-1802	2802	0.0000000000
352	FT911-5-1803	2803	0.0000000000
352	FT911-5-1804	2804	0.0000000000
352	FT911-5-1807	2805	0.0000000000
352	FT911-5-1808	2806	0.0000000000
352	FT911-5-1809	2807	0.0000000000
352	FT911-5-1811	2808	0.0000000000
352	FT911-5-1813	2809	0.0000000000
352	FT911-5-1814	2810	0.0000000000
352	FT911-5-1815	2811	0.0000000000
352	FT911-5-1816	2812	0.0000000000
352	FT911-5-1819	2813	0.0000000000
352	FT911-5-1820	2814	0.0000000000
352	FT911-5-1822	2815	0.0000000000
352	FT911-5-1823	2816	0.0000000000
352	FT911-5-1824	2817	0.0000000000
352	FT911-5-1826	2818	0.0000000000
352	FT911-5-1827	2819	0.0000000000
352	FT911-5-1830	2820	0.0000000000
352	FT911-6-1832	2821	0.0000000000
352	FT911-6-1833	2822	0.0000000000
352	FT911-6-1835	2823	0.0000000000
352	FT911-6-1836	2824	0.0000000000
352	FT911-6-1838	2825	0.0000000000
352	FT911-6-1839	2826	0.0000000000
352	FT911-6-1840	2827	0.0000000000
352	FT911-6-1842	2828	0.0000000000
352	FT911-6-1843	2829	0.0000000000
352	FT911-6-1844	2830	0.0000000000
352	FT911-6-1845	2831	0.0000000000
352	FT911-6-1847	2832	0.0000000000
352	FT911-6-1848	2833	0.0000000000
352	FT911-6-1849	2834	0.0000000000
352	FT911-6-1851	2835	0.0000000000
352	FT911-6-1852	2836	0.0000000000
352	FT911-6-1853	2837	0.0000000000
352	FT911-6-1854	2838	0.0000000000
352	FT911-6-1855	2839	0.0000000000
352	FT911-6-1856	2840	0.0000000000
352	FT911-6-1857	2841	0.0000000000
352	FT911-6-1858	2842	0.0000000000
352	FT911-6-1859	2843	0.0000000000
352	FT911-6-1860	2844	0.0000000000
352	FT911-6-1862	2845	0.0000000000
352	FT911-6-1863	2846	0.0000000000
352	FT911-6-1864	2847	0.0000000000
352	FT911-6-1865	2848	0.0000000000
352	FT911-6-1866	2849	0.0000000000
352	FT911-6-1869	2850	0.0000000000
352	FT911-6-1871	2851	0.0000000000
352	FT911-6-1872	2852	0.0000000000
352	FT911-6-1873	2853	0.0000000000
352	FT911-6-1876	2854	0.0000000000
352	FT911-6-1877	2855	0.0000000000
352	FT911-6-1880	2856	0.0000000000
352	FT911-6-1881	2857	0.0000000000
352	FT911-6-1882	2858	0.0000000000
352	FT911-6-1884	2859	0.0000000000
352	FT911-6-1885	2860	0.0000000000
352	FT911-6-1886	2861	0.0000000000
352	FT911-6-1887	2862	0.0000000000
352	FT911-6-1888	2863	0.0000000000
352	FT911-6-1889	2864	0.0000000000
352	FT911-6-1891	2865	0.0000000000
352	FT911-6-1894	2866	0.0000000000
352	FT911-6-1895	2867	0.0000000000
352	FT911-6-1896	2868	0.0000000000
352	FT911-6-1897	2869	0.0000000000
352	FT911-6-1899	2870	0.0000000000
352	FT911-6-1901	2871	0.0000000000
352	FT911-6-1903	2872	0.0000000000
352	FT911-6-1904	2873	0.0000000000
352	FT911-6-1905	2874	0.0000000000
352	FT911-6-1906	2875	0.0000000000
352	FT911-6-1909	2876	0.0000000000
352	FT911-6-1911	2877	0.0000000000
352	FT911-6-1914	2878	0.0000000000
352	FT911-6-1915	2879	0.0000000000
352	FT911-6-1916	2880	0.0000000000
352	FT911-6-1918	2881	0.0000000000
352	FT911-6-1919	2882	0.0000000000
352	FT911-6-1921	2883	0.0000000000
352	FT911-6-1922	2884	0.0000000000
352	FT911-6-1925	2885	0.0000000000
352	FT911-6-1926	2886	0.0000000000
352	FT911-6-1927	2887	0.0000000000
352	FT911-6-1928	2888	0.0000000000
352	FT911-6-1932	2889	0.0000000000
352	FT911-6-1934	2890	0.0000000000
352	FT911-6-1936	2891	0.0000000000
352	FT911-6-1937	2892	0.0000000000
352	FT911-6-1938	2893	0.0000000000
352	FT911-6-1939	2894	0.0000000000
352	FT911-6-1940	2895	0.0000000000
352	FT911-6-1941	2896	0.0000000000
352	FT911-6-1942	2897	0.0000000000
352	FT911-6-1943	2898	0.0000000000
352	FT911-6-1944	2899	0.0000000000
352	FT911-6-1945	2900	0.0000000000
352	FT911-6-1946	2901	0.0000000000
352	FT911-6-1947	2902	0.0000000000
352	FT911-6-1948	2903	0.0000000000
352	FT911-6-1949	2904	0.0000000000
352	FT911-6-1950	2905	0.0000000000
352	FT911-6-1952	2906	0.0000000000
352	FT911-6-1953	2907	0.0000000000
352	FT911-6-1955	2908	0.0000000000
352	FT911-6-1956	2909	0.0000000000
352	FT911-6-1957	2910	0.0000000000
352	FT911-6-1958	2911	0.0000000000
352	FT911-6-1959	2912	0.0000000000
352	FT911-6-1960	2913	0.0000000000
352	FT911-6-1961	2914	0.0000000000
352	FT911-6-1962	2915	0.0000000000
352	FT911-6-1968	2916	0.0000000000
352	FT911-6-1970	2917	0.0000000000
352	FT911-6-1971	2918	0.0000000000
352	FT911-6-1972	2919	0.0000000000
352	FT911-6-1973	2920	0.0000000000
352	FT911-6-1974	2921	0.0000000000
352	FT911-6-1975	2922	0.0000000000
352	FT911-6-1976	2923	0.0000000000
352	FT911-6-1979	2924	0.0000000000
352	FT911-6-1980	2925	0.0000000000
352	FT911-6-1982	2926	0.0000000000
352	FT911-6-1983	2927	0.0000000000
352	FT911-6-1984	2928	0.0000000000
352	FT911-6-1985	2929	0.0000000000
352	FT911-6-1987	2930	0.0000000000
352	FT911-6-1988	2931	0.0000000000
352	FT911-6-1992	2932	0.0000000000
352	FT911-6-1993	2933	0.0000000000
352	FT911-6-1994	2934	0.0000000000
352	FT911-6-1996	2935	0.0000000000
352	FT911-6-1998	2936	0.0000000000
352	FT911-6-1999	2937	0.0000000000
352	FT911-6-2000	2938	0.0000000000
352	FT911-6-2002	2939	0.0000000000
352	FT911-6-2004	2940	0.0000000000
352	FT911-6-2006	2941	0.0000000000
352	FT911-6-2007	2942	0.0000000000
352	FT911-6-2008	2943	0.0000000000
352	FT911-6-2012	2944	0.0000000000
352	FT911-6-2013	2945	0.0000000000
352	FT911-6-2014	2946	0.0000000000
352	FT911-6-2018	2947	0.0000000000
352	FT911-6-2019	2948	0.0000000000
352	FT911-6-2020	2949	0.0000000000
352	FT911-6-2021	2950	0.0000000000
352	FT911-6-2022	2951	0.0000000000
352	FT911-6-2023	2952	0.0000000000
352	FT911-6-2024	2953	0.0000000000
352	FT911-6-2025	2954	0.0000000000
352	FT911-6-2026	2955	0.0000000000
352	FT911-6-2027	2956	0.0000000000
352	FT911-6-2028	2957	0.0000000000
352	FT911-6-2029	2958	0.0000000000
352	FT911-6-2030	2959	0.0000000000
352	FT911-6-2032	2960	0.0000000000
352	FT911-6-2033	2961	0.0000000000
352	FT911-6-2034	2962	0.0000000000
352	FT911-6-2035	2963	0.0000000000
352	FT911-6-2038	2964	0.0000000000
352	FT911-6-2039	2965	0.0000000000
352	FT911-6-2040	2966	0.0000000000
352	FT911-6-2041	2967	0.0000000000
352	FT911-6-2043	2968	0.0000000000
352	FT911-6-2045	2969	0.0000000000
352	FT911-6-2046	2970	0.0000000000
352	FT911-6-2047	2971	0.0000000000
352	FT911-6-2048	2972	0.0000000000
352	FT911-6-2049	2973	0.0000000000
352	FT911-6-2050	2974	0.0000000000
352	FT911-6-2051	2975	0.0000000000
352	FT911-6-2052	2976	0.0000000000
352	FT911-6-2053	2977	0.0000000000
352	FT911-6-2054	2978	0.0000000000
352	FT911-6-2055	2979	0.0000000000
352	FT911-6-2057	2980	0.0000000000
352	FT911-6-2058	2981	0.0000000000
352	FT911-6-2059	2982	0.0000000000
352	FT911-6-2060	2983	0.0000000000
352	FT911-6-2061	2984	0.0000000000
352	FT911-6-2062	2985	0.0000000000
352	FT911-6-2064	2986	0.0000000000
352	FT911-6-2066	2987	0.0000000000
352	FT911-6-2068	2988	0.0000000000
352	FT911-6-2069	2989	0.0000000000
352	FT911-6-2070	2990	0.0000000000
352	FT911-6-2072	2991	0.0000000000
352	FT911-6-2073	2992	0.0000000000
352	FT911-6-2076	2993	0.0000000000
352	FT911-6-2077	2994	0.0000000000
352	FT911-6-2079	2995	0.0000000000
352	FT911-6-2082	2996	0.0000000000
352	FT911-6-2083	2997	0.0000000000
352	FT911-6-2084	2998	0.0000000000
352	FT911-6-2085	2999	0.0000000000
352	FT911-6-2086	3000	0.0000000000
352	FT911-6-2088	3001	0.0000000000
352	FT911-6-2089	3002	0.0000000000
352	FT911-6-2090	3003	0.0000000000
352	FT911-6-2092	3004	0.0000000000
352	FT911-6-2095	3005	0.0000000000
352	FT911-6-2096	3006	0.0000000000
352	FT911-6-2097	3007	0.0000000000
352	FT911-6-2098	3008	0.0000000000
352	FT911-6-2099	3009	0.0000000000
352	FT911-6-2100	3010	0.0000000000
352	FT911-6-2102	3011	0.0000000000
352	FT911-6-2104	3012	0.0000000000
352	FT911-6-2105	3013	0.0000000000
352	FT911-6-2106	3014	0.0000000000
352	FT911-6-2107	3015	0.0000000000
352	FT911-6-2108	3016	0.0000000000
352	FT911-6-2109	3017	0.0000000000
352	FT911-6-2110	3018	0.0000000000
352	FT911-6-2111	3019	0.0000000000
352	FT911-6-2112	3020	0.0000000000
352	FT911-6-2116	3021	0.0000000000
352	FT911-6-2117	3022	0.0000000000
352	FT911-6-2118	3023	0.0000000000
352	FT911-6-2119	3024	0.0000000000
352	FT911-6-2120	3025	0.0000000000
352	FT911-6-2122	3026	0.0000000000
352	FT911-6-2123	3027	0.0000000000
352	FT911-6-2124	3028	0.0000000000
352	FT911-6-2126	3029	0.0000000000
352	FT911-6-2127	3030	0.0000000000
352	FT911-6-2130	3031	0.0000000000
352	FT911-6-2131	3032	0.0000000000
352	FT911-6-2133	3033	0.0000000000
352	FT911-6-2135	3034	0.0000000000
352	FT911-6-2137	3035	0.0000000000
352	FT911-6-2138	3036	0.0000000000
352	FT911-6-2139	3037	0.0000000000
352	FT911-6-2140	3038	0.0000000000
352	FT911-6-2142	3039	0.0000000000
352	FT911-6-2143	3040	0.0000000000
352	FT911-6-2147	3041	0.0000000000
352	FT911-6-2148	3042	0.0000000000
352	FT911-6-2149	3043	0.0000000000
352	FT911-6-2151	3044	0.0000000000
352	FT911-6-2152	3045	0.0000000000
352	FT911-6-2156	3046	0.0000000000
352	FT911-6-2157	3047	0.0000000000
352	FT911-6-2158	3048	0.0000000000
352	FT911-6-2159	3049	0.0000000000
352	FT911-6-2160	3050	0.0000000000
352	FT911-6-2165	3051	0.0000000000
352	FT911-6-2166	3052	0.0000000000
352	FT911-6-2171	3053	0.0000000000
352	FT911-6-2176	3054	0.0000000000
352	FT911-6-2180	3055	0.0000000000
352	FT911-6-2188	3056	0.0000000000
352	FT911-6-2189	3057	0.0000000000
352	FT911-6-2192	3058	0.0000000000
352	FT911-6-2193	3059	0.0000000000
352	FT911-6-2195	3060	0.0000000000
352	FT911-6-2196	3061	0.0000000000
352	FT911-6-2197	3062	0.0000000000
352	FT911-6-2199	3063	0.0000000000
352	FT911-6-2202	3064	0.0000000000
352	FT911-6-2203	3065	0.0000000000
352	FT911-6-2207	3066	0.0000000000
352	FT911-6-2209	3067	0.0000000000
352	FT911-7-2212	3068	0.0000000000
352	FT911-7-2213	3069	0.0000000000
352	FT911-7-2214	3070	0.0000000000
352	FT911-7-2215	3071	0.0000000000
352	FT911-7-2216	3072	0.0000000000
352	FT911-7-2217	3073	0.0000000000
352	FT911-7-2218	3074	0.0000000000
352	FT911-7-2219	3075	0.0000000000
352	FT911-7-2222	3076	0.0000000000
352	FT911-7-2223	3077	0.0000000000
352	FT911-7-2224	3078	0.0000000000
352	FT911-7-2225	3079	0.0000000000
352	FT911-7-2226	3080	0.0000000000
352	FT911-7-2227	3081	0.0000000000
352	FT911-7-2228	3082	0.0000000000
352	FT911-7-2229	3083	0.0000000000
352	FT911-7-2230	3084	0.0000000000
352	FT911-7-2231	3085	0.0000000000
352	FT911-7-2233	3086	0.0000000000
352	FT911-7-2234	3087	0.0000000000
352	FT911-7-2236	3088	0.0000000000
352	FT911-7-2239	3089	0.0000000000
352	FT911-7-2240	3090	0.0000000000
352	FT911-7-2241	3091	0.0000000000
352	FT911-7-2242	3092	0.0000000000
352	FT911-7-2243	3093	0.0000000000
352	FT911-7-2244	3094	0.0000000000
352	FT911-7-2247	3095	0.0000000000
352	FT911-7-2250	3096	0.0000000000
352	FT911-7-2251	3097	0.0000000000
352	FT911-7-2252	3098	0.0000000000
352	FT911-7-2253	3099	0.0000000000
352	FT911-7-2254	3100	0.0000000000
352	FT911-7-2256	3101	0.0000000000
352	FT911-7-2259	3102	0.0000000000
352	FT911-7-2261	3103	0.0000000000
352	FT911-7-2262	3104	0.0000000000
352	FT911-7-2265	3105	0.0000000000
352	FT911-7-2266	3106	0.0000000000
352	FT911-7-2267	3107	0.0000000000
352	FT911-7-2268	3108	0.0000000000
352	FT911-7-2270	3109	0.0000000000
352	FT911-7-2272	3110	0.0000000000
352	FT911-7-2273	3111	0.0000000000
352	FT911-7-2274	3112	0.0000000000
352	FT911-7-2279	3113	0.0000000000
352	FT911-7-2281	3114	0.0000000000
352	FT911-7-2282	3115	0.0000000000
352	FT911-7-2283	3116	0.0000000000
352	FT911-7-2284	3117	0.0000000000
352	FT911-7-2285	3118	0.0000000000
352	FT911-7-2286	3119	0.0000000000
352	FT911-7-2287	3120	0.0000000000
352	FT911-7-2288	3121	0.0000000000
352	FT911-7-2289	3122	0.0000000000
352	FT911-7-2290	3123	0.0000000000
352	FT911-7-2291	3124	0.0000000000
352	FT911-7-2292	3125	0.0000000000
352	FT911-7-2293	3126	0.0000000000
352	FT911-7-2294	3127	0.0000000000
352	FT911-7-2295	3128	0.0000000000
352	FT911-7-2298	3129	0.0000000000
352	FT911-7-2300	3130	0.0000000000
352	FT911-7-2302	3131	0.0000000000
352	FT911-7-2303	3132	0.0000000000
352	FT911-7-2304	3133	0.0000000000
352	FT911-7-2305	3134	0.0000000000
352	FT911-7-2306	3135	0.0000000000
352	FT911-7-2307	3136	0.0000000000
352	FT911-7-2308	3137	0.0000000000
352	FT911-7-2309	3138	0.0000000000
352	FT911-7-2312	3139	0.0000000000
352	FT911-7-2313	3140	0.0000000000
352	FT911-7-2317	3141	0.0000000000
352	FT911-7-2318	3142	0.0000000000
352	FT911-7-2319	3143	0.0000000000
352	FT911-7-2320	3144	0.0000000000
352	FT911-7-2321	3145	0.0000000000
352	FT911-7-2322	3146	0.0000000000
352	FT911-7-2323	3147	0.0000000000
352	FT911-7-2324	3148	0.0000000000
352	FT911-7-2325	3149	0.0000000000
352	FT911-7-2326	3150	0.0000000000
352	FT911-7-2327	3151	0.0000000000
352	FT911-7-2328	3152	0.0000000000
352	FT911-7-2329	3153	0.0000000000
352	FT911-7-2330	3154	0.0000000000
352	FT911-7-2331	3155	0.0000000000
352	FT911-7-2332	3156	0.0000000000
352	FT911-7-2336	3157	0.0000000000
352	FT911-7-2337	3158	0.0000000000
352	FT911-7-2338	3159	0.0000000000
352	FT911-7-2339	3160	0.0000000000
352	FT911-7-2340	3161	0.0000000000
352	FT911-7-2341	3162	0.0000000000
352	FT911-7-2342	3163	0.0000000000
352	FT911-7-2344	3164	0.0000000000
352	FT911-7-2347	3165	0.0000000000
352	FT911-7-2349	3166	0.0000000000
352	FT911-7-2351	3167	0.0000000000
352	FT911-7-2352	3168	0.0000000000
352	FT911-7-2354	3169	0.0000000000
352	FT911-7-2358	3170	0.0000000000
352	FT911-7-2359	3171	0.0000000000
352	FT911-7-2360	3172	0.0000000000
352	FT911-7-2365	3173	0.0000000000
352	FT911-7-2366	3174	0.0000000000
352	FT911-7-2367	3175	0.0000000000
352	FT911-7-2368	3176	0.0000000000
352	FT911-7-2369	3177	0.0000000000
352	FT911-7-2370	3178	0.0000000000
352	FT911-7-2372	3179	0.0000000000
352	FT911-7-2374	3180	0.0000000000
352	FT911-7-2375	3181	0.0000000000
352	FT911-7-2378	3182	0.0000000000
352	FT911-7-2379	3183	0.0000000000
352	FT911-7-2380	3184	0.0000000000
352	FT911-7-2382	3185	0.0000000000
352	FT911-7-2383	3186	0.0000000000
352	FT911-7-2384	3187	0.0000000000
352	FT911-7-2385	3188	0.0000000000
352	FT911-7-2386	3189	0.0000000000
352	FT911-7-2387	3190	0.0000000000
352	FT911-7-2388	3191	0.0000000000
352	FT911-7-2389	3192	0.0000000000
352	FT911-7-2390	3193	0.0000000000
352	FT911-7-2391	3194	0.0000000000
352	FT911-7-2392	3195	0.0000000000
352	FT911-7-2393	3196	0.0000000000
352	FT911-7-2395	3197	0.0000000000
352	FT911-7-2396	3198	0.0000000000
352	FT911-7-2398	3199	0.0000000000
352	FT911-7-2399	3200	0.0000000000
352	FT911-7-2400	3201	0.0000000000
352	FT911-7-2401	3202	0.0000000000
352	FT911-7-2402	3203	0.0000000000
352	FT911-7-2403	3204	0.0000000000
352	FT911-7-2404	3205	0.0000000000
352	FT911-7-2405	3206	0.0000000000
352	FT911-7-2406	3207	0.0000000000
352	FT911-7-2407	3208	0.0000000000
352	FT911-7-2408	3209	0.0000000000
352	FT911-7-2409	3210	0.0000000000
352	FT911-7-2410	3211	0.0000000000
352	FT911-7-2411	3212	0.0000000000
352	FT911-7-2412	3213	0.0000000000
352	FT911-7-2413	3214	0.0000000000
352	FT911-7-2414	3215	0.0000000000
352	FT911-7-2415	3216	0.0000000000
352	FT911-7-2416	3217	0.0000000000
352	FT911-7-2417	3218	0.0000000000
352	FT911-7-2418	3219	0.0000000000
352	FT911-7-2419	3220	0.0000000000
352	FT911-7-2420	3221	0.0000000000
352	FT911-7-2421	3222	0.0000000000
352	FT911-7-2422	3223	0.0000000000
352	FT911-7-2423	3224	0.0000000000
352	FT911-7-2424	3225	0.0000000000
352	FT911-7-2425	3226	0.0000000000
352	FT911-7-2426	3227	0.0000000000
352	FT911-7-2427	3228	0.0000000000
352	FT911-7-2428	3229	0.0000000000
352	FT911-7-2429	3230	0.0000000000
352	FT911-7-2430	3231	0.0000000000
352	FT911-7-2431	3232	0.0000000000
352	FT911-7-2432	3233	0.0000000000
352	FT911-7-2433	3234	0.0000000000
352	FT911-7-2434	3235	0.0000000000
352	FT911-7-2435	3236	0.0000000000
352	FT911-7-2436	3237	0.0000000000
352	FT911-7-2438	3238	0.0000000000
352	FT911-7-2439	3239	0.0000000000
352	FT911-7-2440	3240	0.0000000000
352	FT911-7-2441	3241	0.0000000000
352	FT911-7-2443	3242	0.0000000000
352	FT911-7-2444	3243	0.0000000000
352	FT911-7-2445	3244	0.0000000000
352	FT911-7-2446	3245	0.0000000000
352	FT911-7-2447	3246	0.0000000000
352	FT911-7-2449	3247	0.0000000000
352	FT911-7-2451	3248	0.0000000000
352	FT911-7-2454	3249	0.0000000000
352	FT911-7-2457	3250	0.0000000000
352	FT911-7-2458	3251	0.0000000000
352	FT911-7-2459	3252	0.0000000000
352	FT911-7-2460	3253	0.0000000000
352	FT911-7-2461	3254	0.0000000000
352	FT911-7-2462	3255	0.0000000000
352	FT911-7-2464	3256	0.0000000000
352	FT911-7-2465	3257	0.0000000000
352	FT911-7-2466	3258	0.0000000000
352	FT911-7-2467	3259	0.0000000000
352	FT911-7-2468	3260	0.0000000000
352	FT911-7-2469	3261	0.0000000000
352	FT911-7-2470	3262	0.0000000000
352	FT911-7-2471	3263	0.0000000000
352	FT911-7-2473	3264	0.0000000000
352	FT911-7-2475	3265	0.0000000000
352	FT911-7-2476	3266	0.0000000000
352	FT911-7-2477	3267	0.0000000000
352	FT911-7-2478	3268	0.0000000000
352	FT911-7-2479	3269	0.0000000000
352	FT911-7-2480	3270	0.0000000000
352	FT911-7-2481	3271	0.0000000000
352	FT911-7-2482	3272	0.0000000000
352	FT911-7-2483	3273	0.0000000000
352	FT911-7-2484	3274	0.0000000000
352	FT911-7-2485	3275	0.0000000000
352	FT911-7-2487	3276	0.0000000000
352	FT911-7-2488	3277	0.0000000000
352	FT911-7-2489	3278	0.0000000000
352	FT911-7-2490	3279	0.0000000000
352	FT911-7-2491	3280	0.0000000000
352	FT911-7-2492	3281	0.0000000000
352	FT911-7-2493	3282	0.0000000000
352	FT911-7-2494	3283	0.0000000000
352	FT911-7-2495	3284	0.0000000000
352	FT911-7-2496	3285	0.0000000000
352	FT911-7-2498	3286	0.0000000000
352	FT911-7-2499	3287	0.0000000000
352	FT911-7-2500	3288	0.0000000000
352	FT911-7-2501	3289	0.0000000000
352	FT911-7-2502	3290	0.0000000000
352	FT911-7-2503	3291	0.0000000000
352	FT911-7-2504	3292	0.0000000000
352	FT911-7-2505	3293	0.0000000000
352	FT911-7-2506	3294	0.0000000000
352	FT911-7-2507	3295	0.0000000000
352	FT911-7-2508	3296	0.0000000000
352	FT911-7-2511	3297	0.0000000000
352	FT911-7-2512	3298	0.0000000000
352	FT911-7-2514	3299	0.0000000000
352	FT911-7-2516	3300	0.0000000000
352	FT911-7-2517	3301	0.0000000000
352	FT911-7-2518	3302	0.0000000000
352	FT911-7-2519	3303	0.0000000000
352	FT911-7-2520	3304	0.0000000000
352	FT911-7-2521	3305	0.0000000000
352	FT911-7-2522	3306	0.0000000000
352	FT911-7-2523	3307	0.0000000000
352	FT911-7-2524	3308	0.0000000000
352	FT911-7-2525	3309	0.0000000000
352	FT911-7-2526	3310	0.0000000000
352	FT911-7-2527	3311	0.0000000000
352	FT911-7-2529	3312	0.0000000000
352	FT911-7-2530	3313	0.0000000000
352	FT911-7-2531	3314	0.0000000000
352	FT911-7-2532	3315	0.0000000000
352	FT911-7-2533	3316	0.0000000000
352	FT911-7-2534	3317	0.0000000000
352	FT911-7-2535	3318	0.0000000000
352	FT911-7-2536	3319	0.0000000000
352	FT911-7-2537	3320	0.0000000000
352	FT911-7-2539	3321	0.0000000000
352	FT911-7-2540	3322	0.0000000000
352	FT911-7-2542	3323	0.0000000000
352	FT911-7-2544	3324	0.0000000000
352	FT911-7-2546	3325	0.0000000000
352	FT911-7-2547	3326	0.0000000000
352	FT911-7-2548	3327	0.0000000000
352	FT911-7-2549	3328	0.0000000000
352	FT911-7-2550	3329	0.0000000000
352	FT911-7-2552	3330	0.0000000000
352	FT911-7-2553	3331	0.0000000000
352	FT911-7-2554	3332	0.0000000000
352	FT911-7-2555	3333	0.0000000000
352	FT911-7-2556	3334	0.0000000000
352	FT911-7-2558	3335	0.0000000000
352	FT911-7-2559	3336	0.0000000000
352	FT911-7-2560	3337	0.0000000000
352	FT911-7-2568	3338	0.0000000000
352	FT911-7-2572	3339	0.0000000000
352	FT911-7-2575	3340	0.0000000000
352	FT911-7-2579	3341	0.0000000000
352	FT911-7-2580	3342	0.0000000000
352	FT911-7-2582	3343	0.0000000000
352	FT911-7-2583	3344	0.0000000000
352	FT911-7-2584	3345	0.0000000000
352	FT911-7-2586	3346	0.0000000000
352	FT911-7-2587	3347	0.0000000000
352	FT911-7-2588	3348	0.0000000000
352	FT911-7-2589	3349	0.0000000000
352	FT911-7-2590	3350	0.0000000000
352	FT911-7-2591	3351	0.0000000000
352	FT911-7-2592	3352	0.0000000000
352	FT911-7-2593	3353	0.0000000000
352	FT911-7-2594	3354	0.0000000000
352	FT911-7-2595	3355	0.0000000000
352	FT911-7-2596	3356	0.0000000000
352	FT911-7-2597	3357	0.0000000000
352	FT911-7-2598	3358	0.0000000000
352	FT911-7-2599	3359	0.0000000000
352	FT911-7-2600	3360	0.0000000000
352	FT911-7-2601	3361	0.0000000000
352	FT911-7-2602	3362	0.0000000000
352	FT911-7-2603	3363	0.0000000000
352	FT911-7-2604	3364	0.0000000000
352	FT911-7-2605	3365	0.0000000000
352	FT911-7-2607	3366	0.0000000000
352	FT911-7-2608	3367	0.0000000000
352	FT911-7-2609	3368	0.0000000000
352	FT911-7-2610	3369	0.0000000000
352	FT911-7-2611	3370	0.0000000000
352	FT911-7-2612	3371	0.0000000000
352	FT911-7-2613	3372	0.0000000000
352	FT911-7-2614	3373	0.0000000000
352	FT911-7-2615	3374	0.0000000000
352	FT911-7-2616	3375	0.0000000000
352	FT911-7-2617	3376	0.0000000000
352	FT911-7-2618	3377	0.0000000000
352	FT911-7-2619	3378	0.0000000000
352	FT911-7-2620	3379	0.0000000000
352	FT911-8-2621	3380	0.0000000000
352	FT911-8-2626	3381	0.0000000000
352	FT911-8-2627	3382	0.0000000000
352	FT911-8-2628	3383	0.0000000000
352	FT911-8-2632	3384	0.0000000000
352	FT911-8-2635	3385	0.0000000000
352	FT911-8-2636	3386	0.0000000000
352	FT911-8-2637	3387	0.0000000000
352	FT911-8-2638	3388	0.0000000000
352	FT911-8-2639	3389	0.0000000000
352	FT911-8-2640	3390	0.0000000000
352	FT911-8-2641	3391	0.0000000000
352	FT911-8-2642	3392	0.0000000000
352	FT911-8-2643	3393	0.0000000000
352	FT911-8-2644	3394	0.0000000000
352	FT911-8-2645	3395	0.0000000000
352	FT911-8-2647	3396	0.0000000000
352	FT911-8-2648	3397	0.0000000000
352	FT911-8-2651	3398	0.0000000000
352	FT911-8-2652	3399	0.0000000000
352	FT911-8-2653	3400	0.0000000000
352	FT911-8-2656	3401	0.0000000000
352	FT911-8-2657	3402	0.0000000000
352	FT911-8-2659	3403	0.0000000000
352	FT911-8-2661	3404	0.0000000000
352	FT911-8-2664	3405	0.0000000000
352	FT911-8-2667	3406	0.0000000000
352	FT911-8-2668	3407	0.0000000000
352	FT911-8-2669	3408	0.0000000000
352	FT911-8-2670	3409	0.0000000000
352	FT911-8-2671	3410	0.0000000000
352	FT911-8-2672	3411	0.0000000000
352	FT911-8-2673	3412	0.0000000000
352	FT911-8-2674	3413	0.0000000000
352	FT911-8-2675	3414	0.0000000000
352	FT911-8-2676	3415	0.0000000000
352	FT911-8-2677	3416	0.0000000000
352	FT911-8-2682	3417	0.0000000000
352	FT911-8-2683	3418	0.0000000000
352	FT911-8-2684	3419	0.0000000000
352	FT911-8-2685	3420	0.0000000000
352	FT911-8-2686	3421	0.0000000000
352	FT911-8-2687	3422	0.0000000000
352	FT911-8-2688	3423	0.0000000000
352	FT911-8-2689	3424	0.0000000000
352	FT911-8-2690	3425	0.0000000000
352	FT911-8-2691	3426	0.0000000000
352	FT911-8-2693	3427	0.0000000000
352	FT911-8-2694	3428	0.0000000000
352	FT911-8-2695	3429	0.0000000000
352	FT911-8-2696	3430	0.0000000000
352	FT911-8-2697	3431	0.0000000000
352	FT911-8-2698	3432	0.0000000000
352	FT911-8-2699	3433	0.0000000000
352	FT911-8-2700	3434	0.0000000000
352	FT911-8-2701	3435	0.0000000000
352	FT911-8-2703	3436	0.0000000000
352	FT911-8-2705	3437	0.0000000000
352	FT911-8-2707	3438	0.0000000000
352	FT911-8-2709	3439	0.0000000000
352	FT911-8-2710	3440	0.0000000000
352	FT911-8-2711	3441	0.0000000000
352	FT911-8-2712	3442	0.0000000000
352	FT911-8-2713	3443	0.0000000000
352	FT911-8-2714	3444	0.0000000000
352	FT911-8-2715	3445	0.0000000000
352	FT911-8-2716	3446	0.0000000000
352	FT911-8-2719	3447	0.0000000000
352	FT911-8-2720	3448	0.0000000000
352	FT911-8-2721	3449	0.0000000000
352	FT911-8-2723	3450	0.0000000000
352	FT911-8-2724	3451	0.0000000000
352	FT911-8-2729	3452	0.0000000000
352	FT911-8-2731	3453	0.0000000000
352	FT911-8-2732	3454	0.0000000000
352	FT911-8-2733	3455	0.0000000000
352	FT911-8-2735	3456	0.0000000000
352	FT911-8-2739	3457	0.0000000000
352	FT911-8-2740	3458	0.0000000000
352	FT911-8-2743	3459	0.0000000000
352	FT911-8-2745	3460	0.0000000000
352	FT911-8-2746	3461	0.0000000000
352	FT911-8-2747	3462	0.0000000000
352	FT911-8-2748	3463	0.0000000000
352	FT911-8-2749	3464	0.0000000000
352	FT911-8-2750	3465	0.0000000000
352	FT911-8-2751	3466	0.0000000000
352	FT911-8-2752	3467	0.0000000000
352	FT911-8-2753	3468	0.0000000000
352	FT911-8-2754	3469	0.0000000000
352	FT911-8-2755	3470	0.0000000000
352	FT911-8-2756	3471	0.0000000000
352	FT911-8-2757	3472	0.0000000000
352	FT911-8-2758	3473	0.0000000000
352	FT911-8-2759	3474	0.0000000000
352	FT911-8-2760	3475	0.0000000000
352	FT911-8-2761	3476	0.0000000000
352	FT911-8-2762	3477	0.0000000000
352	FT911-8-2763	3478	0.0000000000
352	FT911-8-2764	3479	0.0000000000
352	FT911-8-2765	3480	0.0000000000
352	FT911-8-2766	3481	0.0000000000
352	FT911-8-2767	3482	0.0000000000
352	FT911-8-2769	3483	0.0000000000
352	FT911-8-2773	3484	0.0000000000
352	FT911-8-2774	3485	0.0000000000
352	FT911-8-2777	3486	0.0000000000
352	FT911-8-2779	3487	0.0000000000
352	FT911-8-2780	3488	0.0000000000
352	FT911-8-2781	3489	0.0000000000
352	FT911-8-2783	3490	0.0000000000
352	FT911-8-2784	3491	0.0000000000
352	FT911-8-2788	3492	0.0000000000
352	FT911-8-2789	3493	0.0000000000
352	FT911-8-2790	3494	0.0000000000
352	FT911-8-2791	3495	0.0000000000
352	FT911-8-2793	3496	0.0000000000
352	FT911-8-2794	3497	0.0000000000
352	FT911-8-2795	3498	0.0000000000
352	FT911-8-2796	3499	0.0000000000
352	FT911-8-2799	3500	0.0000000000
352	FT911-8-2800	3501	0.0000000000
352	FT911-8-2801	3502	0.0000000000
352	FT911-8-2802	3503	0.0000000000
352	FT911-8-2803	3504	0.0000000000
352	FT911-8-2804	3505	0.0000000000
352	FT911-8-2805	3506	0.0000000000
352	FT911-8-2806	3507	0.0000000000
352	FT911-8-2808	3508	0.0000000000
352	FT911-8-2809	3509	0.0000000000
352	FT911-8-2811	3510	0.0000000000
352	FT911-8-2812	3511	0.0000000000
352	FT911-8-2813	3512	0.0000000000
352	FT911-8-2814	3513	0.0000000000
352	FT911-8-2816	3514	0.0000000000
352	FT911-8-2817	3515	0.0000000000
352	FT911-8-2818	3516	0.0000000000
352	FT911-8-2824	3517	0.0000000000
352	FT911-8-2825	3518	0.0000000000
352	FT911-8-2828	3519	0.0000000000
352	FT911-8-2829	3520	0.0000000000
352	FT911-8-2831	3521	0.0000000000
352	FT911-8-2835	3522	0.0000000000
352	FT911-8-2842	3523	0.0000000000
352	FT911-8-2843	3524	0.0000000000
352	FT911-8-2844	3525	0.0000000000
352	FT911-8-2845	3526	0.0000000000
352	FT911-8-2846	3527	0.0000000000
352	FT911-8-2847	3528	0.0000000000
352	FT911-8-2848	3529	0.0000000000
352	FT911-8-2849	3530	0.0000000000
352	FT911-8-2850	3531	0.0000000000
352	FT911-8-2851	3532	0.0000000000
352	FT911-8-2852	3533	0.0000000000
352	FT911-8-2854	3534	0.0000000000
352	FT911-8-2855	3535	0.0000000000
352	FT911-8-2856	3536	0.0000000000
352	FT911-8-2857	3537	0.0000000000
352	FT911-8-2858	3538	0.0000000000
352	FT911-8-2859	3539	0.0000000000
352	FT911-8-2861	3540	0.0000000000
352	FT911-8-2862	3541	0.0000000000
352	FT911-8-2863	3542	0.0000000000
352	FT911-8-2865	3543	0.0000000000
352	FT911-8-2867	3544	0.0000000000
352	FT911-8-2868	3545	0.0000000000
352	FT911-8-2869	3546	0.0000000000
352	FT911-8-2870	3547	0.0000000000
352	FT911-8-2871	3548	0.0000000000
352	FT911-8-2872	3549	0.0000000000
352	FT911-8-2875	3550	0.0000000000
352	FT911-8-2876	3551	0.0000000000
352	FT911-8-2878	3552	0.0000000000
352	FT911-8-2880	3553	0.0000000000
352	FT911-8-2881	3554	0.0000000000
352	FT911-8-2882	3555	0.0000000000
352	FT911-8-2884	3556	0.0000000000
352	FT911-8-2887	3557	0.0000000000
352	FT911-8-2888	3558	0.0000000000
352	FT911-8-2890	3559	0.0000000000
352	FT911-8-2892	3560	0.0000000000
352	FT911-8-2893	3561	0.0000000000
352	FT911-8-2894	3562	0.0000000000
352	FT911-8-2895	3563	0.0000000000
352	FT911-8-2896	3564	0.0000000000
352	FT911-8-2898	3565	0.0000000000
352	FT911-8-2899	3566	0.0000000000
352	FT911-8-2900	3567	0.0000000000
352	FT911-8-2901	3568	0.0000000000
352	FT911-8-2903	3569	0.0000000000
352	FT911-8-2905	3570	0.0000000000
352	FT911-8-2906	3571	0.0000000000
352	FT911-8-2908	3572	0.0000000000
352	FT911-8-2909	3573	0.0000000000
352	FT911-8-2910	3574	0.0000000000
352	FT911-8-2911	3575	0.0000000000
352	FT911-8-2912	3576	0.0000000000
352	FT911-8-2913	3577	0.0000000000
352	FT911-8-2914	3578	0.0000000000
352	FT911-8-2915	3579	0.0000000000
352	FT911-8-2916	3580	0.0000000000
352	FT911-8-2917	3581	0.0000000000
352	FT911-8-2918	3582	0.0000000000
352	FT911-8-2920	3583	0.0000000000
352	FT911-8-2921	3584	0.0000000000
352	FT911-8-2922	3585	0.0000000000
352	FT911-8-2923	3586	0.0000000000
352	FT911-8-2925	3587	0.0000000000
352	FT911-8-2926	3588	0.0000000000
352	FT911-8-2927	3589	0.0000000000
352	FT911-8-2928	3590	0.0000000000
352	FT911-8-2929	3591	0.0000000000
352	FT911-8-2930	3592	0.0000000000
352	FT911-8-2931	3593	0.0000000000
352	FT911-8-2933	3594	0.0000000000
352	FT911-8-2935	3595	0.0000000000
352	FT911-8-2936	3596	0.0000000000
352	FT911-8-2937	3597	0.0000000000
352	FT911-8-2938	3598	0.0000000000
352	FT911-8-2939	3599	0.0000000000
352	FT911-8-2941	3600	0.0000000000
352	FT911-8-2943	3601	0.0000000000
352	FT911-8-2944	3602	0.0000000000
352	FT911-8-2945	3603	0.0000000000
352	FT911-8-2946	3604	0.0000000000
352	FT911-8-2947	3605	0.0000000000
352	FT911-8-2949	3606	0.0000000000
352	FT911-9-2950	3607	0.0000000000
352	FT911-9-2951	3608	0.0000000000
352	FT911-9-2952	3609	0.0000000000
352	FT911-9-2953	3610	0.0000000000
352	FT911-9-2954	3611	0.0000000000
352	FT911-9-2955	3612	0.0000000000
352	FT911-9-2958	3613	0.0000000000
352	FT911-9-2959	3614	0.0000000000
352	FT911-9-2960	3615	0.0000000000
352	FT911-9-2961	3616	0.0000000000
352	FT911-9-2962	3617	0.0000000000
352	FT911-9-2963	3618	0.0000000000
352	FT911-9-2965	3619	0.0000000000
352	FT911-9-2966	3620	0.0000000000
352	FT911-9-2967	3621	0.0000000000
352	FT911-9-2968	3622	0.0000000000
352	FT911-9-2969	3623	0.0000000000
352	FT911-9-2970	3624	0.0000000000
352	FT911-9-2971	3625	0.0000000000
352	FT911-9-2972	3626	0.0000000000
352	FT911-9-2973	3627	0.0000000000
352	FT911-9-2974	3628	0.0000000000
352	FT911-9-2975	3629	0.0000000000
352	FT911-9-2976	3630	0.0000000000
352	FT911-9-2977	3631	0.0000000000
352	FT911-9-2978	3632	0.0000000000
352	FT911-9-2979	3633	0.0000000000
352	FT911-9-2980	3634	0.0000000000
352	FT911-9-2981	3635	0.0000000000
352	FT911-9-2982	3636	0.0000000000
352	FT911-9-2984	3637	0.0000000000
352	FT911-9-2985	3638	0.0000000000
352	FT911-9-2986	3639	0.0000000000
352	FT911-9-2987	3640	0.0000000000
352	FT911-9-2988	3641	0.0000000000
352	FT911-9-2989	3642	0.0000000000
352	FT911-9-2990	3643	0.0000000000
352	FT911-9-2991	3644	0.0000000000
352	FT911-9-2992	3645	0.0000000000
352	FT911-9-2993	3646	0.0000000000
352	FT911-9-2994	3647	0.0000000000
352	FT911-9-2995	3648	0.0000000000
352	FT911-9-2996	3649	0.0000000000
352	FT911-9-2997	3650	0.0000000000
352	FT911-9-2998	3651	0.0000000000
352	FT911-9-3002	3652	0.0000000000
352	FT911-9-3003	3653	0.0000000000
352	FT911-9-3004	3654	0.0000000000
352	FT911-9-3005	3655	0.0000000000
352	FT911-9-3006	3656	0.0000000000
352	FT911-9-3007	3657	0.0000000000
352	FT911-9-3010	3658	0.0000000000
352	FT911-9-3011	3659	0.0000000000
352	FT911-9-3012	3660	0.0000000000
352	FT911-9-3013	3661	0.0000000000
352	FT911-9-3015	3662	0.0000000000
352	FT911-9-3016	3663	0.0000000000
352	FT911-9-3017	3664	0.0000000000
352	FT911-9-3018	3665	0.0000000000
352	FT911-9-3019	3666	0.0000000000
352	FT911-9-3021	3667	0.0000000000
352	FT911-9-3022	3668	0.0000000000
352	FT911-9-3023	3669	0.0000000000
352	FT911-9-3025	3670	0.0000000000
352	FT911-9-3028	3671	0.0000000000
352	FT911-9-3030	3672	0.0000000000
352	FT911-9-3031	3673	0.0000000000
352	FT911-9-3032	3674	0.0000000000
352	FT911-9-3033	3675	0.0000000000
352	FT911-9-3038	3676	0.0000000000
352	FT911-9-3039	3677	0.0000000000
352	FT911-9-3040	3678	0.0000000000
352	FT911-9-3041	3679	0.0000000000
352	FT911-9-3042	3680	0.0000000000
352	FT911-9-3043	3681	0.0000000000
352	FT911-9-3044	3682	0.0000000000
352	FT911-9-3045	3683	0.0000000000
352	FT911-9-3046	3684	0.0000000000
352	FT911-9-3047	3685	0.0000000000
352	FT911-9-3048	3686	0.0000000000
352	FT911-9-3050	3687	0.0000000000
352	FT911-9-3051	3688	0.0000000000
352	FT911-9-3052	3689	0.0000000000
352	FT911-9-3053	3690	0.0000000000
352	FT911-9-3055	3691	0.0000000000
352	FT911-9-3056	3692	0.0000000000
352	FT911-9-3057	3693	0.0000000000
352	FT911-9-3058	3694	0.0000000000
352	FT911-9-3059	3695	0.0000000000
352	FT911-9-3060	3696	0.0000000000
352	FT911-9-3061	3697	0.0000000000
352	FT911-9-3062	3698	0.0000000000
352	FT911-9-3064	3699	0.0000000000
352	FT911-9-3065	3700	0.0000000000
352	FT911-9-3066	3701	0.0000000000
352	FT911-9-3067	3702	0.0000000000
352	FT911-9-3068	3703	0.0000000000
352	FT911-9-3069	3704	0.0000000000
352	FT911-9-3070	3705	0.0000000000
352	FT911-9-3071	3706	0.0000000000
352	FT911-9-3072	3707	0.0000000000
352	FT911-9-3073	3708	0.0000000000
352	FT911-9-3076	3709	0.0000000000
352	FT911-9-3077	3710	0.0000000000
352	FT911-9-3078	3711	0.0000000000
352	FT911-9-3079	3712	0.0000000000
352	FT911-9-3080	3713	0.0000000000
352	FT911-9-3081	3714	0.0000000000
352	FT911-9-3082	3715	0.0000000000
352	FT911-9-3083	3716	0.0000000000
352	FT911-9-3085	3717	0.0000000000
352	FT911-9-3086	3718	0.0000000000
352	FT911-9-3087	3719	0.0000000000
352	FT911-9-3088	3720	0.0000000000
352	FT911-9-3089	3721	0.0000000000
352	FT911-9-3090	3722	0.0000000000
352	FT911-9-3091	3723	0.0000000000
352	FT911-9-3092	3724	0.0000000000
352	FT911-9-3093	3725	0.0000000000
352	FT911-9-3095	3726	0.0000000000
352	FT911-9-3096	3727	0.0000000000
352	FT911-9-3100	3728	0.0000000000
352	FT911-9-3101	3729	0.0000000000
352	FT911-9-3103	3730	0.0000000000
352	FT911-9-3104	3731	0.0000000000
352	FT911-9-3105	3732	0.0000000000
352	FT911-9-3106	3733	0.0000000000
352	FT911-9-3108	3734	0.0000000000
352	FT911-9-3112	3735	0.0000000000
352	FT911-9-3113	3736	0.0000000000
352	FT911-9-3114	3737	0.0000000000
352	FT911-9-3115	3738	0.0000000000
352	FT911-9-3117	3739	0.0000000000
352	FT911-9-3118	3740	0.0000000000
352	FT911-9-3120	3741	0.0000000000
352	FT911-9-3122	3742	0.0000000000
352	FT911-9-3124	3743	0.0000000000
352	FT911-9-3125	3744	0.0000000000
352	FT911-9-3126	3745	0.0000000000
352	FT911-9-3127	3746	0.0000000000
352	FT911-9-3128	3747	0.0000000000
352	FT911-9-3129	3748	0.0000000000
352	FT911-9-3136	3749	0.0000000000
352	FT911-9-3137	3750	0.0000000000
352	FT911-9-3138	3751	0.0000000000
352	FT911-9-3139	3752	0.0000000000
352	FT911-9-3140	3753	0.0000000000
352	FT911-9-3141	3754	0.0000000000
352	FT911-9-3142	3755	0.0000000000
352	FT911-9-3143	3756	0.0000000000
352	FT911-9-3145	3757	0.0000000000
352	FT911-9-3147	3758	0.0000000000
352	FT911-9-3149	3759	0.0000000000
352	FT911-9-3150	3760	0.0000000000
352	FT911-9-3152	3761	0.0000000000
352	FT911-9-3153	3762	0.0000000000
352	FT911-9-3154	3763	0.0000000000
352	FT911-9-3156	3764	0.0000000000
352	FT911-9-3157	3765	0.0000000000
352	FT911-9-3160	3766	0.0000000000
352	FT911-9-3161	3767	0.0000000000
352	FT911-9-3162	3768	0.0000000000
352	FT911-9-3166	3769	0.0000000000
352	FT911-9-3167	3770	0.0000000000
352	FT911-9-3169	3771	0.0000000000
352	FT911-9-3170	3772	0.0000000000
352	FT911-9-3171	3773	0.0000000000
352	FT911-9-3173	3774	0.0000000000
352	FT911-9-3176	3775	0.0000000000
352	FT911-9-3177	3776	0.0000000000
352	FT911-9-3178	3777	0.0000000000
352	FT911-9-3179	3778	0.0000000000
352	FT911-9-3180	3779	0.0000000000
352	FT911-9-3183	3780	0.0000000000
352	FT911-9-3184	3781	0.0000000000
352	FT911-9-3185	3782	0.0000000000
352	FT911-9-3186	3783	0.0000000000
352	FT911-9-3187	3784	0.0000000000
352	FT911-9-3188	3785	0.0000000000
352	FT911-9-3190	3786	0.0000000000
352	FT911-9-3192	3787	0.0000000000
352	FT911-9-3193	3788	0.0000000000
352	FT911-9-3194	3789	0.0000000000
352	FT911-9-3195	3790	0.0000000000
352	FT911-9-3196	3791	0.0000000000
352	FT911-9-3197	3792	0.0000000000
352	FT911-9-3198	3793	0.0000000000
352	FT911-9-3199	3794	0.0000000000
352	FT911-9-3200	3795	0.0000000000
352	FT911-9-3201	3796	0.0000000000
352	FT911-9-3205	3797	0.0000000000
352	FT911-9-3206	3798	0.0000000000
352	FT911-9-3208	3799	0.0000000000
352	FT911-9-3209	3800	0.0000000000
352	FT911-9-3212	3801	0.0000000000
352	FT911-9-3213	3802	0.0000000000
352	FT911-9-3215	3803	0.0000000000
352	FT911-9-3216	3804	0.0000000000
352	FT911-9-3220	3805	0.0000000000
352	FT911-9-3221	3806	0.0000000000
352	FT911-9-3222	3807	0.0000000000
352	FT911-9-3223	3808	0.0000000000
352	FT911-9-3224	3809	0.0000000000
352	FT911-9-3225	3810	0.0000000000
352	FT911-9-3226	3811	0.0000000000
352	FT911-9-3228	3812	0.0000000000
352	FT911-9-3230	3813	0.0000000000
352	FT911-9-3236	3814	0.0000000000
352	FT911-9-3238	3815	0.0000000000
352	FT911-9-3239	3816	0.0000000000
352	FT911-9-3241	3817	0.0000000000
352	FT911-9-3243	3818	0.0000000000
352	FT911-9-3245	3819	0.0000000000
352	FT911-9-3246	3820	0.0000000000
352	FT911-9-3248	3821	0.0000000000
352	FT911-9-3249	3822	0.0000000000
352	FT911-9-3250	3823	0.0000000000
352	FT911-9-3251	3824	0.0000000000
352	FT911-9-3252	3825	0.0000000000
352	FT911-9-3253	3826	0.0000000000
352	FT911-9-3254	3827	0.0000000000
352	FT911-9-3255	3828	0.0000000000
352	FT911-9-3256	3829	0.0000000000
352	FT911-9-3257	3830	0.0000000000
352	FT911-9-3258	3831	0.0000000000
352	FT911-9-3259	3832	0.0000000000
352	FT911-9-3260	3833	0.0000000000
352	FT911-9-3261	3834	0.0000000000
352	FT911-9-3262	3835	0.0000000000
352	FT911-9-3263	3836	0.0000000000
352	FT911-9-3264	3837	0.0000000000
352	FT911-9-3265	3838	0.0000000000
352	FT911-9-3266	3839	0.0000000000
352	FT911-9-3267	3840	0.0000000000
352	FT911-9-3268	3841	0.0000000000
352	FT911-9-3269	3842	0.0000000000
352	FT911-9-3270	3843	0.0000000000
352	FT911-9-3271	3844	0.0000000000
352	FT911-9-3272	3845	0.0000000000
352	FT911-9-3273	3846	0.0000000000
352	FT911-9-3274	3847	0.0000000000
352	FT911-9-3275	3848	0.0000000000
352	FT911-9-3276	3849	0.0000000000
352	FT911-9-3277	3850	0.0000000000
352	FT911-9-3280	3851	0.0000000000
352	FT911-9-3282	3852	0.0000000000
352	FT911-9-3284	3853	0.0000000000
352	FT911-9-3285	3854	0.0000000000
352	FT911-9-3298	3855	0.0000000000
352	FT911-9-3300	3856	0.0000000000
352	FT911-9-3301	3857	0.0000000000
352	FT911-9-3302	3858	0.0000000000
352	FT911-9-3305	3859	0.0000000000
352	FT911-9-3306	3860	0.0000000000
352	FT911-9-3311	3861	0.0000000000
352	FT911-9-3312	3862	0.0000000000
352	FT911-9-3313	3863	0.0000000000
352	FT911-9-3315	3864	0.0000000000
352	FT911-9-3318	3865	0.0000000000
352	FT911-9-3319	3866	0.0000000000
352	FT911-10-3323	3867	0.0000000000
352	FT911-10-3324	3868	0.0000000000
352	FT911-10-3325	3869	0.0000000000
352	FT911-10-3326	3870	0.0000000000
352	FT911-10-3327	3871	0.0000000000
352	FT911-10-3330	3872	0.0000000000
352	FT911-10-3332	3873	0.0000000000
352	FT911-10-3333	3874	0.0000000000
352	FT911-10-3335	3875	0.0000000000
352	FT911-10-3336	3876	0.0000000000
352	FT911-10-3337	3877	0.0000000000
352	FT911-10-3339	3878	0.0000000000
352	FT911-10-3341	3879	0.0000000000
352	FT911-10-3343	3880	0.0000000000
352	FT911-10-3344	3881	0.0000000000
352	FT911-10-3345	3882	0.0000000000
352	FT911-10-3346	3883	0.0000000000
352	FT911-10-3347	3884	0.0000000000
352	FT911-10-3348	3885	0.0000000000
352	FT911-10-3349	3886	0.0000000000
352	FT911-10-3351	3887	0.0000000000
352	FT911-10-3352	3888	0.0000000000
352	FT911-10-3353	3889	0.0000000000
352	FT911-10-3355	3890	0.0000000000
352	FT911-10-3356	3891	0.0000000000
352	FT911-10-3357	3892	0.0000000000
352	FT911-10-3358	3893	0.0000000000
352	FT911-10-3359	3894	0.0000000000
352	FT911-10-3360	3895	0.0000000000
352	FT911-10-3361	3896	0.0000000000
352	FT911-10-3363	3897	0.0000000000
352	FT911-10-3364	3898	0.0000000000
352	FT911-10-3365	3899	0.0000000000
352	FT911-10-3367	3900	0.0000000000
352	FT911-10-3369	3901	0.0000000000
352	FT911-10-3370	3902	0.0000000000
352	FT911-10-3371	3903	0.0000000000
352	FT911-10-3372	3904	0.0000000000
352	FT911-10-3374	3905	0.0000000000
352	FT911-10-3375	3906	0.0000000000
352	FT911-10-3377	3907	0.0000000000
352	FT911-10-3379	3908	0.0000000000
352	FT911-10-3380	3909	0.0000000000
352	FT911-10-3381	3910	0.0000000000
352	FT911-10-3382	3911	0.0000000000
352	FT911-10-3383	3912	0.0000000000
352	FT911-10-3384	3913	0.0000000000
352	FT911-10-3386	3914	0.0000000000
352	FT911-10-3387	3915	0.0000000000
352	FT911-10-3388	3916	0.0000000000
352	FT911-10-3389	3917	0.0000000000
352	FT911-10-3390	3918	0.0000000000
352	FT911-10-3391	3919	0.0000000000
352	FT911-10-3392	3920	0.0000000000
352	FT911-10-3393	3921	0.0000000000
352	FT911-10-3394	3922	0.0000000000
352	FT911-10-3395	3923	0.0000000000
352	FT911-10-3396	3924	0.0000000000
352	FT911-10-3397	3925	0.0000000000
352	FT911-10-3398	3926	0.0000000000
352	FT911-10-3399	3927	0.0000000000
352	FT911-10-3400	3928	0.0000000000
352	FT911-10-3401	3929	0.0000000000
352	FT911-10-3402	3930	0.0000000000
352	FT911-10-3403	3931	0.0000000000
352	FT911-10-3404	3932	0.0000000000
352	FT911-10-3405	3933	0.0000000000
352	FT911-10-3407	3934	0.0000000000
352	FT911-10-3409	3935	0.0000000000
352	FT911-10-3410	3936	0.0000000000
352	FT911-10-3411	3937	0.0000000000
352	FT911-10-3412	3938	0.0000000000
352	FT911-10-3413	3939	0.0000000000
352	FT911-10-3414	3940	0.0000000000
352	FT911-10-3415	3941	0.0000000000
352	FT911-10-3416	3942	0.0000000000
352	FT911-10-3417	3943	0.0000000000
352	FT911-10-3418	3944	0.0000000000
352	FT911-10-3419	3945	0.0000000000
352	FT911-10-3420	3946	0.0000000000
352	FT911-10-3421	3947	0.0000000000
352	FT911-10-3422	3948	0.0000000000
352	FT911-10-3423	3949	0.0000000000
352	FT911-10-3427	3950	0.0000000000
352	FT911-10-3428	3951	0.0000000000
352	FT911-10-3431	3952	0.0000000000
352	FT911-10-3433	3953	0.0000000000
352	FT911-10-3434	3954	0.0000000000
352	FT911-10-3435	3955	0.0000000000
352	FT911-10-3437	3956	0.0000000000
352	FT911-10-3438	3957	0.0000000000
352	FT911-10-3439	3958	0.0000000000
352	FT911-10-3440	3959	0.0000000000
352	FT911-10-3441	3960	0.0000000000
352	FT911-10-3442	3961	0.0000000000
352	FT911-10-3444	3962	0.0000000000
352	FT911-10-3445	3963	0.0000000000
352	FT911-10-3446	3964	0.0000000000
352	FT911-10-3447	3965	0.0000000000
352	FT911-10-3448	3966	0.0000000000
352	FT911-10-3449	3967	0.0000000000
352	FT911-10-3450	3968	0.0000000000
352	FT911-10-3451	3969	0.0000000000
352	FT911-10-3455	3970	0.0000000000
352	FT911-10-3456	3971	0.0000000000
352	FT911-10-3461	3972	0.0000000000
352	FT911-10-3462	3973	0.0000000000
352	FT911-10-3464	3974	0.0000000000
352	FT911-10-3465	3975	0.0000000000
352	FT911-10-3468	3976	0.0000000000
352	FT911-10-3469	3977	0.0000000000
352	FT911-10-3470	3978	0.0000000000
352	FT911-10-3471	3979	0.0000000000
352	FT911-10-3472	3980	0.0000000000
352	FT911-10-3474	3981	0.0000000000
352	FT911-10-3475	3982	0.0000000000
352	FT911-10-3476	3983	0.0000000000
352	FT911-10-3478	3984	0.0000000000
352	FT911-10-3479	3985	0.0000000000
352	FT911-10-3480	3986	0.0000000000
352	FT911-10-3481	3987	0.0000000000
352	FT911-10-3482	3988	0.0000000000
352	FT911-10-3483	3989	0.0000000000
352	FT911-10-3484	3990	0.0000000000
352	FT911-10-3485	3991	0.0000000000
352	FT911-10-3486	3992	0.0000000000
352	FT911-10-3488	3993	0.0000000000
352	FT911-10-3489	3994	0.0000000000
352	FT911-10-3490	3995	0.0000000000
352	FT911-10-3493	3996	0.0000000000
352	FT911-10-3494	3997	0.0000000000
352	FT911-10-3495	3998	0.0000000000
352	FT911-10-3496	3999	0.0000000000
352	FT911-10-3498	4000	0.0000000000
352	FT911-10-3499	4001	0.0000000000
352	FT911-10-3500	4002	0.0000000000
352	FT911-10-3502	4003	0.0000000000
352	FT911-10-3503	4004	0.0000000000
352	FT911-10-3504	4005	0.0000000000
352	FT911-10-3505	4006	0.0000000000
352	FT911-10-3506	4007	0.0000000000
352	FT911-10-3507	4008	0.0000000000
352	FT911-10-3508	4009	0.0000000000
352	FT911-10-3509	4010	0.0000000000
352	FT911-10-3510	4011	0.0000000000
352	FT911-10-3511	4012	0.0000000000
352	FT911-10-3512	4013	0.0000000000
352	FT911-10-3514	4014	0.0000000000
352	FT911-10-3515	4015	0.0000000000
352	FT911-10-3516	4016	0.0000000000
352	FT911-10-3517	4017	0.0000000000
352	FT911-10-3518	4018	0.0000000000
352	FT911-10-3519	4019	0.0000000000
352	FT911-10-3520	4020	0.0000000000
352	FT911-10-3521	4021	0.0000000000
352	FT911-10-3522	4022	0.0000000000
352	FT911-10-3523	4023	0.0000000000
352	FT911-10-3524	4024	0.0000000000
352	FT911-10-3525	4025	0.0000000000
352	FT911-10-3526	4026	0.0000000000
352	FT911-10-3527	4027	0.0000000000
352	FT911-10-3528	4028	0.0000000000
352	FT911-10-3530	4029	0.0000000000
352	FT911-10-3531	4030	0.0000000000
352	FT911-10-3532	4031	0.0000000000
352	FT911-10-3533	4032	0.0000000000
352	FT911-10-3534	4033	0.0000000000
352	FT911-10-3535	4034	0.0000000000
352	FT911-10-3537	4035	0.0000000000
352	FT911-10-3538	4036	0.0000000000
352	FT911-10-3541	4037	0.0000000000
352	FT911-10-3545	4038	0.0000000000
352	FT911-10-3547	4039	0.0000000000
352	FT911-10-3551	4040	0.0000000000
352	FT911-10-3552	4041	0.0000000000
352	FT911-10-3554	4042	0.0000000000
352	FT911-10-3556	4043	0.0000000000
352	FT911-10-3557	4044	0.0000000000
352	FT911-10-3560	4045	0.0000000000
352	FT911-10-3563	4046	0.0000000000
352	FT911-10-3564	4047	0.0000000000
352	FT911-10-3565	4048	0.0000000000
352	FT911-10-3566	4049	0.0000000000
352	FT911-10-3567	4050	0.0000000000
352	FT911-10-3568	4051	0.0000000000
352	FT911-10-3570	4052	0.0000000000
352	FT911-10-3571	4053	0.0000000000
352	FT911-10-3572	4054	0.0000000000
352	FT911-10-3573	4055	0.0000000000
352	FT911-10-3574	4056	0.0000000000
352	FT911-10-3576	4057	0.0000000000
352	FT911-10-3578	4058	0.0000000000
352	FT911-10-3579	4059	0.0000000000
352	FT911-10-3580	4060	0.0000000000
352	FT911-10-3581	4061	0.0000000000
352	FT911-10-3582	4062	0.0000000000
352	FT911-10-3583	4063	0.0000000000
352	FT911-10-3584	4064	0.0000000000
352	FT911-10-3585	4065	0.0000000000
352	FT911-10-3586	4066	0.0000000000
352	FT911-10-3587	4067	0.0000000000
352	FT911-10-3588	4068	0.0000000000
352	FT911-10-3589	4069	0.0000000000
352	FT911-10-3590	4070	0.0000000000
352	FT911-10-3591	4071	0.0000000000
352	FT911-10-3592	4072	0.0000000000
352	FT911-10-3593	4073	0.0000000000
352	FT911-10-3594	4074	0.0000000000
352	FT911-10-3595	4075	0.0000000000
352	FT911-10-3596	4076	0.0000000000
352	FT911-10-3597	4077	0.0000000000
352	FT911-10-3598	4078	0.0000000000
352	FT911-10-3599	4079	0.0000000000
352	FT911-10-3600	4080	0.0000000000
352	FT911-10-3602	4081	0.0000000000
352	FT911-10-3604	4082	0.0000000000
352	FT911-10-3605	4083	0.0000000000
352	FT911-10-3606	4084	0.0000000000
352	FT911-10-3607	4085	0.0000000000
352	FT911-10-3608	4086	0.0000000000
352	FT911-10-3609	4087	0.0000000000
352	FT911-10-3610	4088	0.0000000000
352	FT911-10-3611	4089	0.0000000000
352	FT911-10-3613	4090	0.0000000000
352	FT911-10-3614	4091	0.0000000000
352	FT911-10-3615	4092	0.0000000000
352	FT911-10-3616	4093	0.0000000000
352	FT911-10-3617	4094	0.0000000000
352	FT911-10-3619	4095	0.0000000000
352	FT911-10-3620	4096	0.0000000000
352	FT911-10-3621	4097	0.0000000000
352	FT911-10-3622	4098	0.0000000000
352	FT911-10-3623	4099	0.0000000000
352	FT911-10-3624	4100	0.0000000000
352	FT911-10-3625	4101	0.0000000000
352	FT911-10-3626	4102	0.0000000000
352	FT911-10-3627	4103	0.0000000000
352	FT911-10-3628	4104	0.0000000000
352	FT911-10-3629	4105	0.0000000000
352	FT911-10-3630	4106	0.0000000000
352	FT911-10-3631	4107	0.0000000000
352	FT911-10-3632	4108	0.0000000000
352	FT911-10-3633	4109	0.0000000000
352	FT911-10-3634	4110	0.0000000000
352	FT911-10-3635	4111	0.0000000000
352	FT911-10-3636	4112	0.0000000000
352	FT911-10-3638	4113	0.0000000000
352	FT911-10-3639	4114	0.0000000000
352	FT911-10-3641	4115	0.0000000000
352	FT911-10-3643	4116	0.0000000000
352	FT911-10-3646	4117	0.0000000000
352	FT911-10-3647	4118	0.0000000000
352	FT911-10-3648	4119	0.0000000000
352	FT911-10-3651	4120	0.0000000000
352	FT911-10-3653	4121	0.0000000000
352	FT911-10-3659	4122	0.0000000000
352	FT911-10-3661	4123	0.0000000000
352	FT911-10-3662	4124	0.0000000000
352	FT911-10-3663	4125	0.0000000000
352	FT911-10-3665	4126	0.0000000000
352	FT911-10-3666	4127	0.0000000000
352	FT911-10-3667	4128	0.0000000000
352	FT911-10-3668	4129	0.0000000000
352	FT911-10-3669	4130	0.0000000000
352	FT911-10-3670	4131	0.0000000000
352	FT911-10-3671	4132	0.0000000000
352	FT911-10-3672	4133	0.0000000000
352	FT911-10-3673	4134	0.0000000000
352	FT911-10-3675	4135	0.0000000000
352	FT911-10-3677	4136	0.0000000000
352	FT911-10-3678	4137	0.0000000000
352	FT911-10-3679	4138	0.0000000000
352	FT911-10-3680	4139	0.0000000000
352	FT911-10-3681	4140	0.0000000000
352	FT911-10-3682	4141	0.0000000000
352	FT911-10-3685	4142	0.0000000000
352	FT911-10-3686	4143	0.0000000000
352	FT911-10-3687	4144	0.0000000000
352	FT911-10-3688	4145	0.0000000000
352	FT911-10-3689	4146	0.0000000000
352	FT911-10-3690	4147	0.0000000000
352	FT911-10-3691	4148	0.0000000000
352	FT911-10-3693	4149	0.0000000000
352	FT911-11-3694	4150	0.0000000000
352	FT911-11-3695	4151	0.0000000000
352	FT911-11-3696	4152	0.0000000000
352	FT911-11-3697	4153	0.0000000000
352	FT911-11-3698	4154	0.0000000000
352	FT911-11-3699	4155	0.0000000000
352	FT911-11-3700	4156	0.0000000000
352	FT911-11-3702	4157	0.0000000000
352	FT911-11-3703	4158	0.0000000000
352	FT911-11-3704	4159	0.0000000000
352	FT911-11-3705	4160	0.0000000000
352	FT911-11-3706	4161	0.0000000000
352	FT911-11-3707	4162	0.0000000000
352	FT911-11-3708	4163	0.0000000000
352	FT911-11-3709	4164	0.0000000000
352	FT911-11-3710	4165	0.0000000000
352	FT911-11-3711	4166	0.0000000000
352	FT911-11-3712	4167	0.0000000000
352	FT911-11-3713	4168	0.0000000000
352	FT911-11-3714	4169	0.0000000000
352	FT911-11-3717	4170	0.0000000000
352	FT911-11-3718	4171	0.0000000000
352	FT911-11-3719	4172	0.0000000000
352	FT911-11-3721	4173	0.0000000000
352	FT911-11-3731	4174	0.0000000000
352	FT911-11-3732	4175	0.0000000000
352	FT911-11-3733	4176	0.0000000000
352	FT911-11-3735	4177	0.0000000000
352	FT911-11-3736	4178	0.0000000000
352	FT911-11-3739	4179	0.0000000000
352	FT911-11-3740	4180	0.0000000000
352	FT911-11-3741	4181	0.0000000000
352	FT911-11-3743	4182	0.0000000000
352	FT911-11-3744	4183	0.0000000000
352	FT911-11-3745	4184	0.0000000000
352	FT911-11-3746	4185	0.0000000000
352	FT911-11-3747	4186	0.0000000000
352	FT911-11-3748	4187	0.0000000000
352	FT911-11-3749	4188	0.0000000000
352	FT911-11-3750	4189	0.0000000000
352	FT911-11-3751	4190	0.0000000000
352	FT911-11-3752	4191	0.0000000000
352	FT911-11-3754	4192	0.0000000000
352	FT911-11-3755	4193	0.0000000000
352	FT911-11-3756	4194	0.0000000000
352	FT911-11-3758	4195	0.0000000000
352	FT911-11-3759	4196	0.0000000000
352	FT911-11-3760	4197	0.0000000000
352	FT911-11-3761	4198	0.0000000000
352	FT911-11-3762	4199	0.0000000000
352	FT911-11-3763	4200	0.0000000000
352	FT911-11-3764	4201	0.0000000000
352	FT911-11-3765	4202	0.0000000000
352	FT911-11-3766	4203	0.0000000000
352	FT911-11-3767	4204	0.0000000000
352	FT911-11-3768	4205	0.0000000000
352	FT911-11-3770	4206	0.0000000000
352	FT911-11-3771	4207	0.0000000000
352	FT911-11-3772	4208	0.0000000000
352	FT911-11-3773	4209	0.0000000000
352	FT911-11-3774	4210	0.0000000000
352	FT911-11-3776	4211	0.0000000000
352	FT911-11-3777	4212	0.0000000000
352	FT911-11-3778	4213	0.0000000000
352	FT911-11-3780	4214	0.0000000000
352	FT911-11-3781	4215	0.0000000000
352	FT911-11-3782	4216	0.0000000000
352	FT911-11-3784	4217	0.0000000000
352	FT911-11-3785	4218	0.0000000000
352	FT911-11-3792	4219	0.0000000000
352	FT911-11-3793	4220	0.0000000000
352	FT911-11-3795	4221	0.0000000000
352	FT911-11-3798	4222	0.0000000000
352	FT911-11-3800	4223	0.0000000000
352	FT911-11-3801	4224	0.0000000000
352	FT911-11-3802	4225	0.0000000000
352	FT911-11-3803	4226	0.0000000000
352	FT911-11-3804	4227	0.0000000000
352	FT911-11-3805	4228	0.0000000000
352	FT911-11-3806	4229	0.0000000000
352	FT911-11-3807	4230	0.0000000000
352	FT911-11-3810	4231	0.0000000000
352	FT911-11-3811	4232	0.0000000000
352	FT911-11-3812	4233	0.0000000000
352	FT911-11-3813	4234	0.0000000000
352	FT911-11-3814	4235	0.0000000000
352	FT911-11-3815	4236	0.0000000000
352	FT911-11-3816	4237	0.0000000000
352	FT911-11-3817	4238	0.0000000000
352	FT911-11-3819	4239	0.0000000000
352	FT911-11-3822	4240	0.0000000000
352	FT911-11-3823	4241	0.0000000000
352	FT911-11-3824	4242	0.0000000000
352	FT911-11-3825	4243	0.0000000000
352	FT911-11-3826	4244	0.0000000000
352	FT911-11-3827	4245	0.0000000000
352	FT911-11-3828	4246	0.0000000000
352	FT911-11-3830	4247	0.0000000000
352	FT911-11-3831	4248	0.0000000000
352	FT911-11-3832	4249	0.0000000000
352	FT911-11-3834	4250	0.0000000000
352	FT911-11-3835	4251	0.0000000000
352	FT911-11-3836	4252	0.0000000000
352	FT911-11-3840	4253	0.0000000000
352	FT911-11-3843	4254	0.0000000000
352	FT911-11-3844	4255	0.0000000000
352	FT911-11-3846	4256	0.0000000000
352	FT911-11-3847	4257	0.0000000000
352	FT911-11-3848	4258	0.0000000000
352	FT911-11-3851	4259	0.0000000000
352	FT911-11-3852	4260	0.0000000000
352	FT911-11-3854	4261	0.0000000000
352	FT911-11-3855	4262	0.0000000000
352	FT911-11-3858	4263	0.0000000000
352	FT911-11-3859	4264	0.0000000000
352	FT911-11-3860	4265	0.0000000000
352	FT911-11-3861	4266	0.0000000000
352	FT911-11-3862	4267	0.0000000000
352	FT911-11-3863	4268	0.0000000000
352	FT911-11-3864	4269	0.0000000000
352	FT911-11-3865	4270	0.0000000000
352	FT911-11-3866	4271	0.0000000000
352	FT911-11-3867	4272	0.0000000000
352	FT911-11-3869	4273	0.0000000000
352	FT911-11-3870	4274	0.0000000000
352	FT911-11-3872	4275	0.0000000000
352	FT911-11-3873	4276	0.0000000000
352	FT911-11-3875	4277	0.0000000000
352	FT911-11-3876	4278	0.0000000000
352	FT911-11-3877	4279	0.0000000000
352	FT911-11-3878	4280	0.0000000000
352	FT911-11-3879	4281	0.0000000000
352	FT911-11-3880	4282	0.0000000000
352	FT911-11-3881	4283	0.0000000000
352	FT911-11-3882	4284	0.0000000000
352	FT911-11-3883	4285	0.0000000000
352	FT911-11-3884	4286	0.0000000000
352	FT911-11-3888	4287	0.0000000000
352	FT911-11-3889	4288	0.0000000000
352	FT911-11-3890	4289	0.0000000000
352	FT911-11-3893	4290	0.0000000000
352	FT911-11-3895	4291	0.0000000000
352	FT911-11-3897	4292	0.0000000000
352	FT911-11-3898	4293	0.0000000000
352	FT911-11-3899	4294	0.0000000000
352	FT911-11-3900	4295	0.0000000000
352	FT911-11-3901	4296	0.0000000000
352	FT911-11-3903	4297	0.0000000000
352	FT911-11-3904	4298	0.0000000000
352	FT911-11-3905	4299	0.0000000000
352	FT911-11-3906	4300	0.0000000000
352	FT911-11-3907	4301	0.0000000000
352	FT911-11-3909	4302	0.0000000000
352	FT911-11-3912	4303	0.0000000000
352	FT911-11-3913	4304	0.0000000000
352	FT911-11-3914	4305	0.0000000000
352	FT911-11-3915	4306	0.0000000000
352	FT911-11-3916	4307	0.0000000000
352	FT911-11-3917	4308	0.0000000000
352	FT911-11-3918	4309	0.0000000000
352	FT911-11-3919	4310	0.0000000000
352	FT911-11-3923	4311	0.0000000000
352	FT911-11-3926	4312	0.0000000000
352	FT911-11-3927	4313	0.0000000000
352	FT911-11-3928	4314	0.0000000000
352	FT911-11-3930	4315	0.0000000000
352	FT911-11-3933	4316	0.0000000000
352	FT911-11-3935	4317	0.0000000000
352	FT911-11-3937	4318	0.0000000000
352	FT911-11-3938	4319	0.0000000000
352	FT911-11-3939	4320	0.0000000000
352	FT911-11-3940	4321	0.0000000000
352	FT911-11-3941	4322	0.0000000000
352	FT911-11-3942	4323	0.0000000000
352	FT911-11-3944	4324	0.0000000000
352	FT911-11-3945	4325	0.0000000000
352	FT911-11-3947	4326	0.0000000000
352	FT911-11-3951	4327	0.0000000000
352	FT911-11-3954	4328	0.0000000000
352	FT911-11-3955	4329	0.0000000000
352	FT911-11-3956	4330	0.0000000000
352	FT911-11-3958	4331	0.0000000000
352	FT911-11-3961	4332	0.0000000000
352	FT911-11-3962	4333	0.0000000000
352	FT911-11-3963	4334	0.0000000000
352	FT911-11-3965	4335	0.0000000000
352	FT911-11-3966	4336	0.0000000000
352	FT911-11-3967	4337	0.0000000000
352	FT911-11-3968	4338	0.0000000000
352	FT911-11-3969	4339	0.0000000000
352	FT911-11-3970	4340	0.0000000000
352	FT911-11-3971	4341	0.0000000000
352	FT911-11-3972	4342	0.0000000000
352	FT911-11-3973	4343	0.0000000000
352	FT911-11-3974	4344	0.0000000000
352	FT911-11-3975	4345	0.0000000000
352	FT911-11-3976	4346	0.0000000000
352	FT911-11-3977	4347	0.0000000000
352	FT911-11-3979	4348	0.0000000000
352	FT911-11-3980	4349	0.0000000000
352	FT911-11-3981	4350	0.0000000000
352	FT911-11-3982	4351	0.0000000000
352	FT911-11-3983	4352	0.0000000000
352	FT911-11-3984	4353	0.0000000000
352	FT911-11-3985	4354	0.0000000000
352	FT911-11-3986	4355	0.0000000000
352	FT911-11-3987	4356	0.0000000000
352	FT911-11-3988	4357	0.0000000000
352	FT911-11-3989	4358	0.0000000000
352	FT911-11-3991	4359	0.0000000000
352	FT911-11-3994	4360	0.0000000000
352	FT911-11-3995	4361	0.0000000000
352	FT911-11-3996	4362	0.0000000000
352	FT911-11-3997	4363	0.0000000000
352	FT911-11-3998	4364	0.0000000000
352	FT911-11-4000	4365	0.0000000000
352	FT911-11-4001	4366	0.0000000000
352	FT911-11-4002	4367	0.0000000000
352	FT911-11-4004	4368	0.0000000000
352	FT911-11-4005	4369	0.0000000000
352	FT911-11-4006	4370	0.0000000000
352	FT911-11-4007	4371	0.0000000000
352	FT911-11-4008	4372	0.0000000000
352	FT911-11-4009	4373	0.0000000000
352	FT911-11-4010	4374	0.0000000000
352	FT911-11-4011	4375	0.0000000000
352	FT911-11-4012	4376	0.0000000000
352	FT911-11-4013	4377	0.0000000000
352	FT911-11-4014	4378	0.0000000000
352	FT911-11-4015	4379	0.0000000000
352	FT911-12-4016	4380	0.0000000000
352	FT911-12-4017	4381	0.0000000000
352	FT911-12-4018	4382	0.0000000000
352	FT911-12-4020	4383	0.0000000000
352	FT911-12-4021	4384	0.0000000000
352	FT911-12-4022	4385	0.0000000000
352	FT911-12-4023	4386	0.0000000000
352	FT911-12-4024	4387	0.0000000000
352	FT911-12-4025	4388	0.0000000000
352	FT911-12-4026	4389	0.0000000000
352	FT911-12-4027	4390	0.0000000000
352	FT911-12-4028	4391	0.0000000000
352	FT911-12-4029	4392	0.0000000000
352	FT911-12-4030	4393	0.0000000000
352	FT911-12-4032	4394	0.0000000000
352	FT911-12-4033	4395	0.0000000000
352	FT911-12-4034	4396	0.0000000000
352	FT911-12-4036	4397	0.0000000000
352	FT911-12-4037	4398	0.0000000000
352	FT911-12-4038	4399	0.0000000000
352	FT911-12-4039	4400	0.0000000000
352	FT911-12-4041	4401	0.0000000000
352	FT911-12-4042	4402	0.0000000000
352	FT911-12-4043	4403	0.0000000000
352	FT911-12-4047	4404	0.0000000000
352	FT911-12-4050	4405	0.0000000000
352	FT911-12-4051	4406	0.0000000000
352	FT911-12-4053	4407	0.0000000000
352	FT911-12-4054	4408	0.0000000000
352	FT911-12-4057	4409	0.0000000000
352	FT911-12-4058	4410	0.0000000000
352	FT911-12-4060	4411	0.0000000000
352	FT911-12-4061	4412	0.0000000000
352	FT911-12-4062	4413	0.0000000000
352	FT911-12-4063	4414	0.0000000000
352	FT911-12-4064	4415	0.0000000000
352	FT911-12-4065	4416	0.0000000000
352	FT911-12-4066	4417	0.0000000000
352	FT911-12-4067	4418	0.0000000000
352	FT911-12-4068	4419	0.0000000000
352	FT911-12-4069	4420	0.0000000000
352	FT911-12-4070	4421	0.0000000000
352	FT911-12-4076	4422	0.0000000000
352	FT911-12-4077	4423	0.0000000000
352	FT911-12-4078	4424	0.0000000000
352	FT911-12-4079	4425	0.0000000000
352	FT911-12-4080	4426	0.0000000000
352	FT911-12-4081	4427	0.0000000000
352	FT911-12-4082	4428	0.0000000000
352	FT911-12-4083	4429	0.0000000000
352	FT911-12-4085	4430	0.0000000000
352	FT911-12-4086	4431	0.0000000000
352	FT911-12-4087	4432	0.0000000000
352	FT911-12-4088	4433	0.0000000000
352	FT911-12-4090	4434	0.0000000000
352	FT911-12-4091	4435	0.0000000000
352	FT911-12-4095	4436	0.0000000000
352	FT911-12-4096	4437	0.0000000000
352	FT911-12-4098	4438	0.0000000000
352	FT911-12-4100	4439	0.0000000000
352	FT911-12-4101	4440	0.0000000000
352	FT911-12-4102	4441	0.0000000000
352	FT911-12-4103	4442	0.0000000000
352	FT911-12-4107	4443	0.0000000000
352	FT911-12-4111	4444	0.0000000000
352	FT911-12-4112	4445	0.0000000000
352	FT911-12-4113	4446	0.0000000000
352	FT911-12-4114	4447	0.0000000000
352	FT911-12-4115	4448	0.0000000000
352	FT911-12-4116	4449	0.0000000000
352	FT911-12-4117	4450	0.0000000000
352	FT911-12-4118	4451	0.0000000000
352	FT911-12-4119	4452	0.0000000000
352	FT911-12-4120	4453	0.0000000000
352	FT911-12-4121	4454	0.0000000000
352	FT911-12-4122	4455	0.0000000000
352	FT911-12-4123	4456	0.0000000000
352	FT911-12-4124	4457	0.0000000000
352	FT911-12-4128	4458	0.0000000000
352	FT911-12-4129	4459	0.0000000000
352	FT911-12-4130	4460	0.0000000000
352	FT911-12-4132	4461	0.0000000000
352	FT911-12-4133	4462	0.0000000000
352	FT911-12-4135	4463	0.0000000000
352	FT911-12-4136	4464	0.0000000000
352	FT911-12-4137	4465	0.0000000000
352	FT911-12-4138	4466	0.0000000000
352	FT911-12-4139	4467	0.0000000000
352	FT911-12-4140	4468	0.0000000000
352	FT911-12-4141	4469	0.0000000000
352	FT911-12-4142	4470	0.0000000000
352	FT911-12-4143	4471	0.0000000000
352	FT911-12-4144	4472	0.0000000000
352	FT911-12-4145	4473	0.0000000000
352	FT911-12-4146	4474	0.0000000000
352	FT911-12-4147	4475	0.0000000000
352	FT911-12-4148	4476	0.0000000000
352	FT911-12-4149	4477	0.0000000000
352	FT911-12-4150	4478	0.0000000000
352	FT911-12-4151	4479	0.0000000000
352	FT911-12-4152	4480	0.0000000000
352	FT911-12-4153	4481	0.0000000000
352	FT911-12-4154	4482	0.0000000000
352	FT911-12-4156	4483	0.0000000000
352	FT911-12-4157	4484	0.0000000000
352	FT911-12-4158	4485	0.0000000000
352	FT911-12-4159	4486	0.0000000000
352	FT911-12-4161	4487	0.0000000000
352	FT911-12-4162	4488	0.0000000000
352	FT911-12-4163	4489	0.0000000000
352	FT911-12-4164	4490	0.0000000000
352	FT911-12-4165	4491	0.0000000000
352	FT911-12-4166	4492	0.0000000000
352	FT911-12-4167	4493	0.0000000000
352	FT911-12-4168	4494	0.0000000000
352	FT911-12-4171	4495	0.0000000000
352	FT911-12-4174	4496	0.0000000000
352	FT911-12-4175	4497	0.0000000000
352	FT911-12-4177	4498	0.0000000000
352	FT911-12-4178	4499	0.0000000000
352	FT911-12-4179	4500	0.0000000000
352	FT911-12-4180	4501	0.0000000000
352	FT911-12-4182	4502	0.0000000000
352	FT911-12-4184	4503	0.0000000000
352	FT911-12-4185	4504	0.0000000000
352	FT911-12-4187	4505	0.0000000000
352	FT911-12-4188	4506	0.0000000000
352	FT911-12-4190	4507	0.0000000000
352	FT911-12-4191	4508	0.0000000000
352	FT911-12-4192	4509	0.0000000000
352	FT911-12-4195	4510	0.0000000000
352	FT911-12-4196	4511	0.0000000000
352	FT911-12-4197	4512	0.0000000000
352	FT911-12-4198	4513	0.0000000000
352	FT911-12-4200	4514	0.0000000000
352	FT911-12-4202	4515	0.0000000000
352	FT911-12-4203	4516	0.0000000000
352	FT911-12-4204	4517	0.0000000000
352	FT911-12-4206	4518	0.0000000000
352	FT911-12-4207	4519	0.0000000000
352	FT911-12-4208	4520	0.0000000000
352	FT911-12-4210	4521	0.0000000000
352	FT911-12-4211	4522	0.0000000000
352	FT911-12-4212	4523	0.0000000000
352	FT911-12-4214	4524	0.0000000000
352	FT911-12-4215	4525	0.0000000000
352	FT911-12-4217	4526	0.0000000000
352	FT911-12-4219	4527	0.0000000000
352	FT911-12-4221	4528	0.0000000000
352	FT911-12-4222	4529	0.0000000000
352	FT911-12-4223	4530	0.0000000000
352	FT911-12-4224	4531	0.0000000000
352	FT911-12-4225	4532	0.0000000000
352	FT911-12-4226	4533	0.0000000000
352	FT911-12-4227	4534	0.0000000000
352	FT911-12-4230	4535	0.0000000000
352	FT911-12-4231	4536	0.0000000000
352	FT911-12-4232	4537	0.0000000000
352	FT911-12-4233	4538	0.0000000000
352	FT911-12-4234	4539	0.0000000000
352	FT911-12-4235	4540	0.0000000000
352	FT911-12-4236	4541	0.0000000000
352	FT911-12-4237	4542	0.0000000000
352	FT911-12-4238	4543	0.0000000000
352	FT911-12-4239	4544	0.0000000000
352	FT911-12-4240	4545	0.0000000000
352	FT911-12-4241	4546	0.0000000000
352	FT911-12-4243	4547	0.0000000000
352	FT911-12-4244	4548	0.0000000000
352	FT911-12-4245	4549	0.0000000000
352	FT911-12-4246	4550	0.0000000000
352	FT911-12-4247	4551	0.0000000000
352	FT911-12-4249	4552	0.0000000000
352	FT911-12-4250	4553	0.0000000000
352	FT911-12-4251	4554	0.0000000000
352	FT911-12-4253	4555	0.0000000000
352	FT911-12-4254	4556	0.0000000000
352	FT911-12-4255	4557	0.0000000000
352	FT911-12-4256	4558	0.0000000000
352	FT911-12-4257	4559	0.0000000000
352	FT911-12-4258	4560	0.0000000000
352	FT911-12-4259	4561	0.0000000000
352	FT911-12-4260	4562	0.0000000000
352	FT911-12-4261	4563	0.0000000000
352	FT911-12-4263	4564	0.0000000000
352	FT911-12-4264	4565	0.0000000000
352	FT911-12-4265	4566	0.0000000000
352	FT911-12-4267	4567	0.0000000000
352	FT911-12-4269	4568	0.0000000000
352	FT911-12-4270	4569	0.0000000000
352	FT911-12-4271	4570	0.0000000000
352	FT911-12-4272	4571	0.0000000000
352	FT911-12-4273	4572	0.0000000000
352	FT911-12-4274	4573	0.0000000000
352	FT911-12-4275	4574	0.0000000000
352	FT911-12-4276	4575	0.0000000000
352	FT911-12-4277	4576	0.0000000000
352	FT911-12-4280	4577	0.0000000000
352	FT911-12-4281	4578	0.0000000000
352	FT911-12-4283	4579	0.0000000000
352	FT911-12-4284	4580	0.0000000000
352	FT911-12-4285	4581	0.0000000000
352	FT911-12-4287	4582	0.0000000000
352	FT911-12-4289	4583	0.0000000000
352	FT911-12-4290	4584	0.0000000000
352	FT911-12-4291	4585	0.0000000000
352	FT911-12-4292	4586	0.0000000000
352	FT911-12-4293	4587	0.0000000000
352	FT911-12-4294	4588	0.0000000000
352	FT911-12-4295	4589	0.0000000000
352	FT911-12-4296	4590	0.0000000000
352	FT911-12-4297	4591	0.0000000000
352	FT911-12-4300	4592	0.0000000000
352	FT911-12-4301	4593	0.0000000000
352	FT911-12-4302	4594	0.0000000000
352	FT911-12-4303	4595	0.0000000000
352	FT911-12-4304	4596	0.0000000000
352	FT911-12-4305	4597	0.0000000000
352	FT911-12-4306	4598	0.0000000000
352	FT911-12-4307	4599	0.0000000000
352	FT911-12-4308	4600	0.0000000000
352	FT911-12-4309	4601	0.0000000000
352	FT911-12-4310	4602	0.0000000000
352	FT911-12-4311	4603	0.0000000000
352	FT911-12-4313	4604	0.0000000000
352	FT911-12-4314	4605	0.0000000000
352	FT911-12-4315	4606	0.0000000000
352	FT911-12-4316	4607	0.0000000000
352	FT911-12-4317	4608	0.0000000000
352	FT911-12-4318	4609	0.0000000000
352	FT911-12-4319	4610	0.0000000000
352	FT911-12-4320	4611	0.0000000000
352	FT911-12-4321	4612	0.0000000000
352	FT911-12-4322	4613	0.0000000000
352	FT911-12-4323	4614	0.0000000000
352	FT911-12-4324	4615	0.0000000000
352	FT911-12-4325	4616	0.0000000000
352	FT911-12-4326	4617	0.0000000000
352	FT911-12-4327	4618	0.0000000000
352	FT911-12-4328	4619	0.0000000000
352	FT911-12-4329	4620	0.0000000000
352	FT911-12-4330	4621	0.0000000000
352	FT911-12-4331	4622	0.0000000000
352	FT911-12-4332	4623	0.0000000000
352	FT911-12-4333	4624	0.0000000000
352	FT911-12-4334	4625	0.0000000000
352	FT911-12-4335	4626	0.0000000000
352	FT911-12-4336	4627	0.0000000000
352	FT911-12-4337	4628	0.0000000000
352	FT911-12-4339	4629	0.0000000000
352	FT911-12-4340	4630	0.0000000000
352	FT911-12-4341	4631	0.0000000000
352	FT911-12-4342	4632	0.0000000000
352	FT911-12-4343	4633	0.0000000000
352	FT911-12-4344	4634	0.0000000000
352	FT911-12-4345	4635	0.0000000000
352	FT911-12-4346	4636	0.0000000000
352	FT911-12-4347	4637	0.0000000000
352	FT911-12-4348	4638	0.0000000000
352	FT911-12-4349	4639	0.0000000000
352	FT911-12-4350	4640	0.0000000000
352	FT911-12-4351	4641	0.0000000000
352	FT911-12-4352	4642	0.0000000000
352	FT911-12-4353	4643	0.0000000000
352	FT911-12-4354	4644	0.0000000000
352	FT911-12-4355	4645	0.0000000000
352	FT911-12-4357	4646	0.0000000000
352	FT911-12-4359	4647	0.0000000000
352	FT911-12-4360	4648	0.0000000000
352	FT911-12-4361	4649	0.0000000000
352	FT911-13-4366	4650	0.0000000000
352	FT911-13-4367	4651	0.0000000000
352	FT911-13-4368	4652	0.0000000000
352	FT911-13-4369	4653	0.0000000000
352	FT911-13-4370	4654	0.0000000000
352	FT911-13-4373	4655	0.0000000000
352	FT911-13-4375	4656	0.0000000000
352	FT911-13-4376	4657	0.0000000000
352	FT911-13-4377	4658	0.0000000000
352	FT911-13-4378	4659	0.0000000000
352	FT911-13-4379	4660	0.0000000000
352	FT911-13-4380	4661	0.0000000000
352	FT911-13-4381	4662	0.0000000000
352	FT911-13-4383	4663	0.0000000000
352	FT911-13-4384	4664	0.0000000000
352	FT911-13-4385	4665	0.0000000000
352	FT911-13-4388	4666	0.0000000000
352	FT911-13-4389	4667	0.0000000000
352	FT911-13-4390	4668	0.0000000000
352	FT911-13-4391	4669	0.0000000000
352	FT911-13-4392	4670	0.0000000000
352	FT911-13-4393	4671	0.0000000000
352	FT911-13-4395	4672	0.0000000000
352	FT911-13-4396	4673	0.0000000000
352	FT911-13-4397	4674	0.0000000000
352	FT911-13-4398	4675	0.0000000000
352	FT911-13-4399	4676	0.0000000000
352	FT911-13-4400	4677	0.0000000000
352	FT911-13-4401	4678	0.0000000000
352	FT911-13-4402	4679	0.0000000000
352	FT911-13-4403	4680	0.0000000000
352	FT911-13-4404	4681	0.0000000000
352	FT911-13-4405	4682	0.0000000000
352	FT911-13-4406	4683	0.0000000000
352	FT911-13-4408	4684	0.0000000000
352	FT911-13-4409	4685	0.0000000000
352	FT911-13-4410	4686	0.0000000000
352	FT911-13-4412	4687	0.0000000000
352	FT911-13-4413	4688	0.0000000000
352	FT911-13-4414	4689	0.0000000000
352	FT911-13-4415	4690	0.0000000000
352	FT911-13-4416	4691	0.0000000000
352	FT911-13-4418	4692	0.0000000000
352	FT911-13-4419	4693	0.0000000000
352	FT911-13-4420	4694	0.0000000000
352	FT911-13-4421	4695	0.0000000000
352	FT911-13-4422	4696	0.0000000000
352	FT911-13-4423	4697	0.0000000000
352	FT911-13-4426	4698	0.0000000000
352	FT911-13-4427	4699	0.0000000000
352	FT911-13-4428	4700	0.0000000000
352	FT911-13-4429	4701	0.0000000000
352	FT911-13-4431	4702	0.0000000000
352	FT911-13-4432	4703	0.0000000000
352	FT911-13-4433	4704	0.0000000000
352	FT911-13-4434	4705	0.0000000000
352	FT911-13-4435	4706	0.0000000000
352	FT911-13-4436	4707	0.0000000000
352	FT911-13-4437	4708	0.0000000000
352	FT911-13-4438	4709	0.0000000000
352	FT911-13-4440	4710	0.0000000000
352	FT911-13-4441	4711	0.0000000000
352	FT911-13-4442	4712	0.0000000000
352	FT911-13-4443	4713	0.0000000000
352	FT911-13-4444	4714	0.0000000000
352	FT911-13-4445	4715	0.0000000000
352	FT911-13-4446	4716	0.0000000000
352	FT911-13-4447	4717	0.0000000000
352	FT911-13-4448	4718	0.0000000000
352	FT911-13-4449	4719	0.0000000000
352	FT911-13-4450	4720	0.0000000000
352	FT911-13-4452	4721	0.0000000000
352	FT911-13-4453	4722	0.0000000000
352	FT911-13-4454	4723	0.0000000000
352	FT911-13-4455	4724	0.0000000000
352	FT911-13-4456	4725	0.0000000000
352	FT911-13-4457	4726	0.0000000000
352	FT911-13-4458	4727	0.0000000000
352	FT911-13-4462	4728	0.0000000000
352	FT911-13-4463	4729	0.0000000000
352	FT911-13-4464	4730	0.0000000000
352	FT911-13-4466	4731	0.0000000000
352	FT911-13-4470	4732	0.0000000000
352	FT911-13-4474	4733	0.0000000000
352	FT911-13-4475	4734	0.0000000000
352	FT911-13-4477	4735	0.0000000000
352	FT911-13-4480	4736	0.0000000000
352	FT911-13-4481	4737	0.0000000000
352	FT911-13-4483	4738	0.0000000000
352	FT911-13-4484	4739	0.0000000000
352	FT911-13-4485	4740	0.0000000000
352	FT911-13-4486	4741	0.0000000000
352	FT911-13-4487	4742	0.0000000000
352	FT911-13-4488	4743	0.0000000000
352	FT911-13-4490	4744	0.0000000000
352	FT911-13-4491	4745	0.0000000000
352	FT911-13-4492	4746	0.0000000000
352	FT911-13-4493	4747	0.0000000000
352	FT911-13-4494	4748	0.0000000000
352	FT911-13-4495	4749	0.0000000000
352	FT911-13-4496	4750	0.0000000000
352	FT911-13-4497	4751	0.0000000000
352	FT911-13-4498	4752	0.0000000000
352	FT911-13-4499	4753	0.0000000000
352	FT911-13-4500	4754	0.0000000000
352	FT911-13-4502	4755	0.0000000000
352	FT911-13-4503	4756	0.0000000000
352	FT911-13-4504	4757	0.0000000000
352	FT911-13-4505	4758	0.0000000000
352	FT911-13-4506	4759	0.0000000000
352	FT911-13-4507	4760	0.0000000000
352	FT911-13-4509	4761	0.0000000000
352	FT911-13-4510	4762	0.0000000000
352	FT911-13-4511	4763	0.0000000000
352	FT911-13-4513	4764	0.0000000000
352	FT911-13-4514	4765	0.0000000000
352	FT911-13-4515	4766	0.0000000000
352	FT911-13-4518	4767	0.0000000000
352	FT911-13-4519	4768	0.0000000000
352	FT911-13-4520	4769	0.0000000000
352	FT911-13-4521	4770	0.0000000000
352	FT911-13-4522	4771	0.0000000000
352	FT911-13-4523	4772	0.0000000000
352	FT911-13-4525	4773	0.0000000000
352	FT911-13-4527	4774	0.0000000000
352	FT911-13-4528	4775	0.0000000000
352	FT911-13-4529	4776	0.0000000000
352	FT911-13-4530	4777	0.0000000000
352	FT911-13-4531	4778	0.0000000000
352	FT911-13-4532	4779	0.0000000000
352	FT911-13-4533	4780	0.0000000000
352	FT911-13-4535	4781	0.0000000000
352	FT911-13-4539	4782	0.0000000000
352	FT911-13-4540	4783	0.0000000000
352	FT911-13-4541	4784	0.0000000000
352	FT911-13-4544	4785	0.0000000000
352	FT911-13-4545	4786	0.0000000000
352	FT911-13-4546	4787	0.0000000000
352	FT911-13-4547	4788	0.0000000000
352	FT911-13-4549	4789	0.0000000000
352	FT911-13-4550	4790	0.0000000000
352	FT911-13-4551	4791	0.0000000000
352	FT911-13-4552	4792	0.0000000000
352	FT911-13-4553	4793	0.0000000000
352	FT911-13-4554	4794	0.0000000000
352	FT911-13-4555	4795	0.0000000000
352	FT911-13-4556	4796	0.0000000000
352	FT911-13-4557	4797	0.0000000000
352	FT911-13-4558	4798	0.0000000000
352	FT911-13-4559	4799	0.0000000000
352	FT911-13-4560	4800	0.0000000000
352	FT911-13-4561	4801	0.0000000000
352	FT911-13-4562	4802	0.0000000000
352	FT911-13-4565	4803	0.0000000000
352	FT911-13-4567	4804	0.0000000000
352	FT911-13-4568	4805	0.0000000000
352	FT911-13-4569	4806	0.0000000000
352	FT911-13-4572	4807	0.0000000000
352	FT911-13-4573	4808	0.0000000000
352	FT911-13-4575	4809	0.0000000000
352	FT911-13-4576	4810	0.0000000000
352	FT911-13-4577	4811	0.0000000000
352	FT911-13-4578	4812	0.0000000000
352	FT911-13-4579	4813	0.0000000000
352	FT911-13-4580	4814	0.0000000000
352	FT911-13-4581	4815	0.0000000000
352	FT911-13-4583	4816	0.0000000000
352	FT911-13-4584	4817	0.0000000000
352	FT911-13-4585	4818	0.0000000000
352	FT911-13-4586	4819	0.0000000000
352	FT911-13-4587	4820	0.0000000000
352	FT911-13-4588	4821	0.0000000000
352	FT911-13-4589	4822	0.0000000000
352	FT911-13-4590	4823	0.0000000000
352	FT911-13-4592	4824	0.0000000000
352	FT911-13-4594	4825	0.0000000000
352	FT911-13-4597	4826	0.0000000000
352	FT911-13-4599	4827	0.0000000000
352	FT911-13-4603	4828	0.0000000000
352	FT911-13-4604	4829	0.0000000000
352	FT911-13-4605	4830	0.0000000000
352	FT911-13-4606	4831	0.0000000000
352	FT911-13-4607	4832	0.0000000000
352	FT911-13-4609	4833	0.0000000000
352	FT911-13-4610	4834	0.0000000000
352	FT911-13-4611	4835	0.0000000000
352	FT911-13-4612	4836	0.0000000000
352	FT911-13-4613	4837	0.0000000000
352	FT911-13-4614	4838	0.0000000000
352	FT911-13-4615	4839	0.0000000000
352	FT911-13-4616	4840	0.0000000000
352	FT911-13-4617	4841	0.0000000000
352	FT911-13-4618	4842	0.0000000000
352	FT911-13-4620	4843	0.0000000000
352	FT911-13-4621	4844	0.0000000000
352	FT911-13-4622	4845	0.0000000000
352	FT911-13-4623	4846	0.0000000000
352	FT911-13-4624	4847	0.0000000000
352	FT911-13-4625	4848	0.0000000000
352	FT911-13-4627	4849	0.0000000000
352	FT911-13-4628	4850	0.0000000000
352	FT911-13-4629	4851	0.0000000000
352	FT911-13-4630	4852	0.0000000000
352	FT911-13-4631	4853	0.0000000000
352	FT911-13-4632	4854	0.0000000000
352	FT911-13-4633	4855	0.0000000000
352	FT911-13-4634	4856	0.0000000000
352	FT911-13-4635	4857	0.0000000000
352	FT911-13-4636	4858	0.0000000000
352	FT911-13-4637	4859	0.0000000000
352	FT911-13-4639	4860	0.0000000000
352	FT911-13-4643	4861	0.0000000000
352	FT911-13-4644	4862	0.0000000000
352	FT911-13-4645	4863	0.0000000000
352	FT911-13-4646	4864	0.0000000000
352	FT911-13-4647	4865	0.0000000000
352	FT911-13-4648	4866	0.0000000000
352	FT911-13-4649	4867	0.0000000000
352	FT911-13-4650	4868	0.0000000000
352	FT911-13-4651	4869	0.0000000000
352	FT911-13-4652	4870	0.0000000000
352	FT911-13-4653	4871	0.0000000000
352	FT911-13-4655	4872	0.0000000000
352	FT911-13-4657	4873	0.0000000000
352	FT911-13-4658	4874	0.0000000000
352	FT911-13-4659	4875	0.0000000000
352	FT911-13-4660	4876	0.0000000000
352	FT911-13-4662	4877	0.0000000000
352	FT911-13-4664	4878	0.0000000000
352	FT911-13-4665	4879	0.0000000000
352	FT911-13-4667	4880	0.0000000000
352	FT911-13-4668	4881	0.0000000000
352	FT911-13-4671	4882	0.0000000000
352	FT911-13-4673	4883	0.0000000000
352	FT911-13-4674	4884	0.0000000000
352	FT911-13-4675	4885	0.0000000000
352	FT911-13-4676	4886	0.0000000000
352	FT911-13-4679	4887	0.0000000000
352	FT911-13-4681	4888	0.0000000000
352	FT911-13-4682	4889	0.0000000000
352	FT911-13-4683	4890	0.0000000000
352	FT911-13-4688	4891	0.0000000000
352	FT911-13-4689	4892	0.0000000000
352	FT911-13-4690	4893	0.0000000000
352	FT911-13-4696	4894	0.0000000000
352	FT911-13-4697	4895	0.0000000000
352	FT911-13-4698	4896	0.0000000000
352	FT911-13-4699	4897	0.0000000000
352	FT911-13-4700	4898	0.0000000000
352	FT911-13-4701	4899	0.0000000000
352	FT911-13-4702	4900	0.0000000000
352	FT911-13-4703	4901	0.0000000000
352	FT911-13-4704	4902	0.0000000000
352	FT911-13-4705	4903	0.0000000000
352	FT911-13-4707	4904	0.0000000000
352	FT911-13-4709	4905	0.0000000000
352	FT911-13-4711	4906	0.0000000000
352	FT911-13-4713	4907	0.0000000000
352	FT911-13-4714	4908	0.0000000000
352	FT911-13-4716	4909	0.0000000000
352	FT911-13-4717	4910	0.0000000000
352	FT911-13-4718	4911	0.0000000000
352	FT911-13-4719	4912	0.0000000000
352	FT911-13-4720	4913	0.0000000000
352	FT911-13-4721	4914	0.0000000000
352	FT911-13-4722	4915	0.0000000000
352	FT911-13-4723	4916	0.0000000000
352	FT911-13-4724	4917	0.0000000000
352	FT911-13-4725	4918	0.0000000000
352	FT911-13-4726	4919	0.0000000000
352	FT911-13-4727	4920	0.0000000000
352	FT911-13-4728	4921	0.0000000000
352	FT911-13-4731	4922	0.0000000000
352	FT911-13-4732	4923	0.0000000000
352	FT911-13-4733	4924	0.0000000000
352	FT911-13-4736	4925	0.0000000000
352	FT911-13-4737	4926	0.0000000000
352	FT911-13-4738	4927	0.0000000000
352	FT911-13-4739	4928	0.0000000000
352	FT911-13-4740	4929	0.0000000000
352	FT911-13-4741	4930	0.0000000000
352	FT911-13-4742	4931	0.0000000000
352	FT911-13-4743	4932	0.0000000000
352	FT911-13-4745	4933	0.0000000000
352	FT911-13-4747	4934	0.0000000000
352	FT911-13-4748	4935	0.0000000000
352	FT911-14-4749	4936	0.0000000000
352	FT911-14-4751	4937	0.0000000000
352	FT911-14-4755	4938	0.0000000000
352	FT911-14-4757	4939	0.0000000000
352	FT911-14-4758	4940	0.0000000000
352	FT911-14-4759	4941	0.0000000000
352	FT911-14-4760	4942	0.0000000000
352	FT911-14-4761	4943	0.0000000000
352	FT911-14-4762	4944	0.0000000000
352	FT911-14-4763	4945	0.0000000000
352	FT911-14-4764	4946	0.0000000000
352	FT911-14-4765	4947	0.0000000000
352	FT911-14-4766	4948	0.0000000000
352	FT911-14-4767	4949	0.0000000000
352	FT911-14-4768	4950	0.0000000000
352	FT911-14-4769	4951	0.0000000000
352	FT911-14-4770	4952	0.0000000000
352	FT911-14-4772	4953	0.0000000000
352	FT911-14-4773	4954	0.0000000000
352	FT911-14-4774	4955	0.0000000000
352	FT911-14-4775	4956	0.0000000000
352	FT911-14-4776	4957	0.0000000000
352	FT911-14-4777	4958	0.0000000000
352	FT911-14-4778	4959	0.0000000000
352	FT911-14-4779	4960	0.0000000000
352	FT911-14-4780	4961	0.0000000000
352	FT911-14-4785	4962	0.0000000000
352	FT911-14-4786	4963	0.0000000000
352	FT911-14-4787	4964	0.0000000000
352	FT911-14-4788	4965	0.0000000000
352	FT911-14-4789	4966	0.0000000000
352	FT911-14-4791	4967	0.0000000000
352	FT911-14-4792	4968	0.0000000000
352	FT911-14-4793	4969	0.0000000000
352	FT911-14-4794	4970	0.0000000000
352	FT911-14-4796	4971	0.0000000000
352	FT911-14-4798	4972	0.0000000000
352	FT911-14-4799	4973	0.0000000000
352	FT911-14-4800	4974	0.0000000000
352	FT911-14-4801	4975	0.0000000000
352	FT911-14-4802	4976	0.0000000000
352	FT911-14-4803	4977	0.0000000000
352	FT911-14-4804	4978	0.0000000000
352	FT911-14-4805	4979	0.0000000000
352	FT911-14-4806	4980	0.0000000000
352	FT911-14-4807	4981	0.0000000000
352	FT911-14-4809	4982	0.0000000000
352	FT911-14-4810	4983	0.0000000000
352	FT911-14-4811	4984	0.0000000000
352	FT911-14-4814	4985	0.0000000000
352	FT911-14-4815	4986	0.0000000000
352	FT911-14-4816	4987	0.0000000000
352	FT911-14-4817	4988	0.0000000000
352	FT911-14-4818	4989	0.0000000000
352	FT911-14-4819	4990	0.0000000000
352	FT911-14-4820	4991	0.0000000000
352	FT911-14-4821	4992	0.0000000000
352	FT911-14-4825	4993	0.0000000000
352	FT911-14-4826	4994	0.0000000000
352	FT911-14-4827	4995	0.0000000000
352	FT911-14-4828	4996	0.0000000000
352	FT911-14-4829	4997	0.0000000000
352	FT911-14-4830	4998	0.0000000000
352	FT911-14-4833	4999	0.0000000000
352	FT911-14-4834	5000	0.0000000000
352	FT911-14-4835	5001	0.0000000000
352	FT911-14-4837	5002	0.0000000000
352	FT911-14-4839	5003	0.0000000000
352	FT911-14-4844	5004	0.0000000000
352	FT911-14-4846	5005	0.0000000000
352	FT911-14-4847	5006	0.0000000000
352	FT911-14-4848	5007	0.0000000000
352	FT911-14-4849	5008	0.0000000000
352	FT911-14-4851	5009	0.0000000000
352	FT911-14-4853	5010	0.0000000000
352	FT911-14-4857	5011	0.0000000000
352	FT911-14-4859	5012	0.0000000000
352	FT911-14-4863	5013	0.0000000000
352	FT911-14-4865	5014	0.0000000000
352	FT911-14-4866	5015	0.0000000000
352	FT911-14-4867	5016	0.0000000000
352	FT911-14-4868	5017	0.0000000000
352	FT911-14-4869	5018	0.0000000000
352	FT911-14-4870	5019	0.0000000000
352	FT911-14-4871	5020	0.0000000000
352	FT911-14-4872	5021	0.0000000000
352	FT911-14-4873	5022	0.0000000000
352	FT911-14-4875	5023	0.0000000000
352	FT911-14-4876	5024	0.0000000000
352	FT911-14-4877	5025	0.0000000000
352	FT911-14-4878	5026	0.0000000000
352	FT911-14-4879	5027	0.0000000000
352	FT911-14-4881	5028	0.0000000000
352	FT911-14-4882	5029	0.0000000000
352	FT911-14-4883	5030	0.0000000000
352	FT911-14-4884	5031	0.0000000000
352	FT911-14-4885	5032	0.0000000000
352	FT911-14-4886	5033	0.0000000000
352	FT911-14-4887	5034	0.0000000000
352	FT911-14-4888	5035	0.0000000000
352	FT911-14-4889	5036	0.0000000000
352	FT911-14-4890	5037	0.0000000000
352	FT911-14-4891	5038	0.0000000000
352	FT911-14-4892	5039	0.0000000000
352	FT911-14-4893	5040	0.0000000000
352	FT911-14-4894	5041	0.0000000000
352	FT911-14-4895	5042	0.0000000000
352	FT911-14-4896	5043	0.0000000000
352	FT911-14-4897	5044	0.0000000000
352	FT911-14-4898	5045	0.0000000000
352	FT911-14-4899	5046	0.0000000000
352	FT911-14-4901	5047	0.0000000000
352	FT911-14-4902	5048	0.0000000000
352	FT911-14-4903	5049	0.0000000000
352	FT911-14-4904	5050	0.0000000000
352	FT911-14-4905	5051	0.0000000000
352	FT911-14-4906	5052	0.0000000000
352	FT911-14-4907	5053	0.0000000000
352	FT911-14-4908	5054	0.0000000000
352	FT911-14-4910	5055	0.0000000000
352	FT911-14-4911	5056	0.0000000000
352	FT911-14-4912	5057	0.0000000000
352	FT911-14-4914	5058	0.0000000000
352	FT911-14-4915	5059	0.0000000000
352	FT911-14-4917	5060	0.0000000000
352	FT911-14-4919	5061	0.0000000000
352	FT911-14-4920	5062	0.0000000000
352	FT911-14-4923	5063	0.0000000000
352	FT911-14-4925	5064	0.0000000000
352	FT911-14-4926	5065	0.0000000000
352	FT911-14-4928	5066	0.0000000000
352	FT911-14-4929	5067	0.0000000000
352	FT911-14-4931	5068	0.0000000000
352	FT911-14-4933	5069	0.0000000000
352	FT911-14-4935	5070	0.0000000000
352	FT911-14-4936	5071	0.0000000000
352	FT911-14-4937	5072	0.0000000000
352	FT911-14-4938	5073	0.0000000000
352	FT911-14-4939	5074	0.0000000000
352	FT911-14-4940	5075	0.0000000000
352	FT911-14-4941	5076	0.0000000000
352	FT911-14-4942	5077	0.0000000000
352	FT911-14-4944	5078	0.0000000000
352	FT911-14-4945	5079	0.0000000000
352	FT911-14-4946	5080	0.0000000000
352	FT911-14-4949	5081	0.0000000000
352	FT911-14-4950	5082	0.0000000000
352	FT911-14-4951	5083	0.0000000000
352	FT911-14-4953	5084	0.0000000000
352	FT911-14-4954	5085	0.0000000000
352	FT911-14-4955	5086	0.0000000000
352	FT911-14-4956	5087	0.0000000000
352	FT911-14-4958	5088	0.0000000000
352	FT911-14-4959	5089	0.0000000000
352	FT911-14-4960	5090	0.0000000000
352	FT911-14-4961	5091	0.0000000000
352	FT911-14-4962	5092	0.0000000000
352	FT911-14-4964	5093	0.0000000000
352	FT911-14-4965	5094	0.0000000000
352	FT911-14-4967	5095	0.0000000000
352	FT911-14-4969	5096	0.0000000000
352	FT911-14-4975	5097	0.0000000000
352	FT911-14-4976	5098	0.0000000000
352	FT911-14-4977	5099	0.0000000000
352	FT911-14-4978	5100	0.0000000000
352	FT911-14-4980	5101	0.0000000000
352	FT911-14-4981	5102	0.0000000000
352	FT911-14-4982	5103	0.0000000000
352	FT911-14-4983	5104	0.0000000000
352	FT911-14-4984	5105	0.0000000000
352	FT911-14-4986	5106	0.0000000000
352	FT911-14-4987	5107	0.0000000000
352	FT911-14-4988	5108	0.0000000000
352	FT911-14-4989	5109	0.0000000000
352	FT911-14-4991	5110	0.0000000000
352	FT911-14-4993	5111	0.0000000000
352	FT911-14-4994	5112	0.0000000000
352	FT911-14-4996	5113	0.0000000000
352	FT911-14-4998	5114	0.0000000000
352	FT911-14-4999	5115	0.0000000000
352	FT911-14-5000	5116	0.0000000000
352	FT911-14-5001	5117	0.0000000000
352	FT911-14-5002	5118	0.0000000000
352	FT911-14-5003	5119	0.0000000000
352	FT911-14-5004	5120	0.0000000000
352	FT911-14-5005	5121	0.0000000000
352	FT911-14-5006	5122	0.0000000000
352	FT911-14-5007	5123	0.0000000000
352	FT911-14-5008	5124	0.0000000000
352	FT911-14-5009	5125	0.0000000000
352	FT911-14-5010	5126	0.0000000000
352	FT911-14-5011	5127	0.0000000000
352	FT911-14-5012	5128	0.0000000000
352	FT911-14-5013	5129	0.0000000000
352	FT911-14-5014	5130	0.0000000000
352	FT911-14-5016	5131	0.0000000000
352	FT911-14-5017	5132	0.0000000000
352	FT911-14-5018	5133	0.0000000000
352	FT911-14-5019	5134	0.0000000000
352	FT911-14-5020	5135	0.0000000000
352	FT911-14-5021	5136	0.0000000000
352	FT911-14-5022	5137	0.0000000000
352	FT911-14-5027	5138	0.0000000000
352	FT911-14-5030	5139	0.0000000000
352	FT911-14-5031	5140	0.0000000000
352	FT911-14-5033	5141	0.0000000000
352	FT911-14-5034	5142	0.0000000000
352	FT911-14-5035	5143	0.0000000000
352	FT911-14-5038	5144	0.0000000000
352	FT911-14-5039	5145	0.0000000000
352	FT911-14-5040	5146	0.0000000000
352	FT911-14-5041	5147	0.0000000000
352	FT911-14-5042	5148	0.0000000000
352	FT911-14-5043	5149	0.0000000000
352	FT911-14-5045	5150	0.0000000000
352	FT911-14-5052	5151	0.0000000000
352	FT911-14-5053	5152	0.0000000000
352	FT911-14-5054	5153	0.0000000000
352	FT911-14-5055	5154	0.0000000000
352	FT911-14-5056	5155	0.0000000000
352	FT911-14-5057	5156	0.0000000000
352	FT911-14-5058	5157	0.0000000000
352	FT911-14-5059	5158	0.0000000000
352	FT911-14-5062	5159	0.0000000000
352	FT911-14-5063	5160	0.0000000000
352	FT911-14-5068	5161	0.0000000000
352	FT911-14-5069	5162	0.0000000000
352	FT911-14-5070	5163	0.0000000000
352	FT911-14-5071	5164	0.0000000000
352	FT911-14-5072	5165	0.0000000000
352	FT911-14-5073	5166	0.0000000000
352	FT911-14-5074	5167	0.0000000000
352	FT911-14-5075	5168	0.0000000000
352	FT911-14-5077	5169	0.0000000000
352	FT911-14-5078	5170	0.0000000000
352	FT911-14-5079	5171	0.0000000000
352	FT911-14-5081	5172	0.0000000000
352	FT911-14-5083	5173	0.0000000000
352	FT911-14-5088	5174	0.0000000000
352	FT911-14-5089	5175	0.0000000000
352	FT911-14-5090	5176	0.0000000000
352	FT911-14-5091	5177	0.0000000000
352	FT911-14-5092	5178	0.0000000000
352	FT911-14-5093	5179	0.0000000000
352	FT911-14-5094	5180	0.0000000000
352	FT911-14-5095	5181	0.0000000000
352	FT911-14-5096	5182	0.0000000000
352	FT911-14-5098	5183	0.0000000000
352	FT911-14-5099	5184	0.0000000000
352	FT911-14-5100	5185	0.0000000000
352	FT911-14-5101	5186	0.0000000000
352	FT911-14-5102	5187	0.0000000000
352	FT911-14-5103	5188	0.0000000000
352	FT911-14-5104	5189	0.0000000000
352	FT911-14-5106	5190	0.0000000000
352	FT911-14-5108	5191	0.0000000000
352	FT911-14-5111	5192	0.0000000000
352	FT911-14-5112	5193	0.0000000000
352	FT911-14-5114	5194	0.0000000000
352	FT911-14-5115	5195	0.0000000000
352	FT911-14-5119	5196	0.0000000000
352	FT911-14-5121	5197	0.0000000000
352	FT911-14-5126	5198	0.0000000000
352	FT911-15-5130	5199	0.0000000000
352	FT911-15-5133	5200	0.0000000000
352	FT911-15-5135	5201	0.0000000000
352	FT911-15-5141	5202	0.0000000000
352	FT911-15-5143	5203	0.0000000000
352	FT911-15-5149	5204	0.0000000000
352	FT911-15-5150	5205	0.0000000000
352	FT911-15-5152	5206	0.0000000000
352	FT911-15-5154	5207	0.0000000000
352	FT911-15-5156	5208	0.0000000000
352	FT911-15-5160	5209	0.0000000000
352	FT911-15-5161	5210	0.0000000000
352	FT911-15-5162	5211	0.0000000000
352	FT911-15-5164	5212	0.0000000000
352	FT911-15-5165	5213	0.0000000000
352	FT911-15-5169	5214	0.0000000000
352	FT911-15-5170	5215	0.0000000000
352	FT911-15-5171	5216	0.0000000000
352	FT911-15-5172	5217	0.0000000000
352	FT911-15-5173	5218	0.0000000000
352	FT911-15-5174	5219	0.0000000000
352	FT911-15-5175	5220	0.0000000000
352	FT911-15-5176	5221	0.0000000000
352	FT911-15-5178	5222	0.0000000000
352	FT911-15-5179	5223	0.0000000000
352	FT911-15-5181	5224	0.0000000000
352	FT911-15-5183	5225	0.0000000000
352	FT911-15-5185	5226	0.0000000000
352	FT911-15-5186	5227	0.0000000000
352	FT911-15-5188	5228	0.0000000000
352	FT911-15-5189	5229	0.0000000000
352	FT911-15-5190	5230	0.0000000000
352	FT911-15-5191	5231	0.0000000000
352	FT911-15-5192	5232	0.0000000000
352	FT911-15-5193	5233	0.0000000000
352	FT911-15-5194	5234	0.0000000000
352	FT911-15-5195	5235	0.0000000000
352	FT911-15-5196	5236	0.0000000000
352	FT911-15-5197	5237	0.0000000000
352	FT911-15-5198	5238	0.0000000000
352	FT911-15-5200	5239	0.0000000000
352	FT911-15-5201	5240	0.0000000000
352	FT911-15-5204	5241	0.0000000000
352	FT911-15-5205	5242	0.0000000000
352	FT911-15-5207	5243	0.0000000000
352	FT911-15-5208	5244	0.0000000000
352	FT911-15-5209	5245	0.0000000000
352	FT911-15-5211	5246	0.0000000000
352	FT911-15-5213	5247	0.0000000000
352	FT911-15-5214	5248	0.0000000000
352	FT911-15-5215	5249	0.0000000000
352	FT911-15-5216	5250	0.0000000000
352	FT911-15-5217	5251	0.0000000000
352	FT911-15-5218	5252	0.0000000000
352	FT911-15-5219	5253	0.0000000000
352	FT911-15-5220	5254	0.0000000000
352	FT911-15-5221	5255	0.0000000000
352	FT911-15-5222	5256	0.0000000000
352	FT911-15-5223	5257	0.0000000000
352	FT911-15-5224	5258	0.0000000000
352	FT911-15-5225	5259	0.0000000000
352	FT911-15-5226	5260	0.0000000000
352	FT911-15-5227	5261	0.0000000000
352	FT911-15-5228	5262	0.0000000000
352	FT911-15-5229	5263	0.0000000000
352	FT911-15-5230	5264	0.0000000000
352	FT911-15-5234	5265	0.0000000000
352	FT911-15-5235	5266	0.0000000000
352	FT911-15-5236	5267	0.0000000000
352	FT911-15-5237	5268	0.0000000000
352	FT911-15-5238	5269	0.0000000000
352	FT911-15-5239	5270	0.0000000000
352	FT911-15-5240	5271	0.0000000000
352	FT911-15-5241	5272	0.0000000000
352	FT911-15-5242	5273	0.0000000000
352	FT911-15-5243	5274	0.0000000000
352	FT911-15-5244	5275	0.0000000000
352	FT911-15-5245	5276	0.0000000000
352	FT911-15-5246	5277	0.0000000000
352	FT911-15-5247	5278	0.0000000000
352	FT911-15-5249	5279	0.0000000000
352	FT911-15-5250	5280	0.0000000000
352	FT911-15-5251	5281	0.0000000000
352	FT911-15-5252	5282	0.0000000000
352	FT911-15-5254	5283	0.0000000000
352	FT911-15-5256	5284	0.0000000000
352	FT911-15-5258	5285	0.0000000000
352	FT911-15-5262	5286	0.0000000000
352	FT911-15-5263	5287	0.0000000000
352	FT911-15-5265	5288	0.0000000000
352	FT911-15-5267	5289	0.0000000000
352	FT911-15-5268	5290	0.0000000000
352	FT911-15-5269	5291	0.0000000000
352	FT911-15-5270	5292	0.0000000000
352	FT911-15-5274	5293	0.0000000000
352	FT911-15-5276	5294	0.0000000000
352	FT911-15-5277	5295	0.0000000000
352	FT911-15-5278	5296	0.0000000000
352	FT911-15-5281	5297	0.0000000000
352	FT911-15-5283	5298	0.0000000000
352	FT911-15-5284	5299	0.0000000000
352	FT911-15-5285	5300	0.0000000000
352	FT911-15-5286	5301	0.0000000000
352	FT911-15-5287	5302	0.0000000000
352	FT911-15-5288	5303	0.0000000000
352	FT911-15-5289	5304	0.0000000000
352	FT911-15-5290	5305	0.0000000000
352	FT911-15-5291	5306	0.0000000000
352	FT911-15-5292	5307	0.0000000000
352	FT911-15-5293	5308	0.0000000000
352	FT911-15-5294	5309	0.0000000000
352	FT911-15-5295	5310	0.0000000000
352	FT911-15-5296	5311	0.0000000000
352	FT911-15-5298	5312	0.0000000000
352	FT911-15-5299	5313	0.0000000000
352	FT911-15-5300	5314	0.0000000000
352	FT911-15-5303	5315	0.0000000000
352	FT911-15-5304	5316	0.0000000000
352	FT911-15-5309	5317	0.0000000000
352	FT911-15-5312	5318	0.0000000000
352	FT911-15-5313	5319	0.0000000000
352	FT911-15-5314	5320	0.0000000000
352	FT911-15-5315	5321	0.0000000000
352	FT911-15-5316	5322	0.0000000000
352	FT911-15-5317	5323	0.0000000000
352	FT911-15-5318	5324	0.0000000000
352	FT911-15-5319	5325	0.0000000000
352	FT911-15-5320	5326	0.0000000000
352	FT911-15-5321	5327	0.0000000000
352	FT911-15-5322	5328	0.0000000000
352	FT911-15-5323	5329	0.0000000000
352	FT911-15-5324	5330	0.0000000000
352	FT911-15-5325	5331	0.0000000000
352	FT911-15-5328	5332	0.0000000000
352	FT911-15-5331	5333	0.0000000000
352	FT911-15-5332	5334	0.0000000000
352	FT911-15-5333	5335	0.0000000000
352	FT911-15-5334	5336	0.0000000000
352	FT911-15-5335	5337	0.0000000000
352	FT911-15-5336	5338	0.0000000000
352	FT911-15-5337	5339	0.0000000000
352	FT911-15-5338	5340	0.0000000000
352	FT911-15-5339	5341	0.0000000000
352	FT911-15-5340	5342	0.0000000000
352	FT911-15-5341	5343	0.0000000000
352	FT911-15-5342	5344	0.0000000000
352	FT911-15-5343	5345	0.0000000000
352	FT911-15-5344	5346	0.0000000000
352	FT911-15-5345	5347	0.0000000000
352	FT911-15-5346	5348	0.0000000000
352	FT911-15-5347	5349	0.0000000000
352	FT911-15-5348	5350	0.0000000000
352	FT911-15-5349	5351	0.0000000000
352	FT911-15-5350	5352	0.0000000000
352	FT911-15-5351	5353	0.0000000000
352	FT911-15-5353	5354	0.0000000000
352	FT911-15-5354	5355	0.0000000000
352	FT911-15-5355	5356	0.0000000000
352	FT911-15-5356	5357	0.0000000000
352	FT911-15-5357	5358	0.0000000000
352	FT911-15-5358	5359	0.0000000000
352	FT911-15-5359	5360	0.0000000000
352	FT911-15-5360	5361	0.0000000000
352	FT911-15-5361	5362	0.0000000000
352	FT911-15-5362	5363	0.0000000000
352	FT911-15-5363	5364	0.0000000000
352	FT911-15-5364	5365	0.0000000000
352	FT911-15-5365	5366	0.0000000000
352	FT911-15-5366	5367	0.0000000000
352	FT911-15-5367	5368	0.0000000000
353	FT911-2-493	1	0.5452041216
353	FT911-9-3266	2	0.3206202137
353	FT911-10-3463	3	0.2254631144
353	FT911-15-5205	4	0.2004413127
353	FT911-7-2451	5	0.1262041365
353	FT911-10-3376	6	0.1145887534
353	FT911-10-3464	7	0.1077359874
353	FT911-14-4973	8	0.0914876641
353	FT911-4-1154	9	0.0236381684
353	FT911-8-2900	10	0.0224245157
353	FT911-13-4579	11	0.0220058979
353	FT911-7-2531	12	0.0208551304
353	FT911-1-19	13	0.0201857558
353	FT911-2-665	14	0.0193896847
353	FT911-10-3502	15	0.0192687659
353	FT911-10-3670	16	0.0186628752
353	FT911-10-3614	17	0.0179914297
353	FT911-4-1121	18	0.0174420822
353	FT911-5-1658	19	0.0173488293
353	FT911-7-2427	20	0.0169906357
353	FT911-6-2206	21	0.0168492158
353	FT911-15-5164	22	0.0168111723
353	FT911-11-4002	23	0.0168035388
353	FT911-13-4659	24	0.0166944895
353	FT911-5-1647	25	0.0166457200
353	FT911-9-3188	26	0.0163198006
353	FT911-4-1456	27	0.0160385706
353	FT911-10-3360	28	0.0155013498
353	FT911-14-4807	29	0.0153161460
353	FT911-1-345	30	0.0153141446
353	FT911-12-4157	31	0.0152345739
353	FT911-7-2482	32	0.0151934680
353	FT911-4-1460	33	0.0151048955
353	FT911-14-4917	34	0.0150683631
353	FT911-6-2203	35	0.0150264322
353	FT911-14-4829	36	0.0148952100
353	FT911-10-3693	37	0.0148792460
353	FT911-5-1804	38	0.0148569985
353	FT911-7-2529	39	0.0147513455
353	FT911-10-3352	40	0.0146882015
353	FT911-1-281	41	0.0145503131
353	FT911-15-5202	42	0.0145284797
353	FT911-5-1781	43	0.0145163165
353	FT911-3-883	44	0.0143760287
353	FT911-5-1751	45	0.0142715564
353	FT911-15-5357	46	0.0142244951
353	FT911-1-374	47	0.0141638741
353	FT911-5-1792	48	0.0141465042
353	FT911-1-158	49	0.0140205068
353	FT911-15-5283	50	0.0139969253
353	FT911-7-2251	51	0.0139524442
353	FT911-7-2245	52	0.0138359188
353	FT911-11-3823	53	0.0137244791
353	FT911-10-3425	54	0.0136475980
353	FT911-12-4248	55	0.0135389019
353	FT911-5-1626	56	0.0135130403
353	FT911-2-681	57	0.0133670049
353	FT911-14-4998	58	0.0133403715
353	FT911-12-4024	59	0.0132474403
353	FT911-12-4261	60	0.0132037761
353	FT911-6-1864	61	0.0130561587
353	FT911-14-4971	62	0.0130337787
353	FT911-5-1649	63	0.0130211604
353	FT911-12-4197	64	0.0129883049
353	FT911-7-2353	65	0.0128899851
353	FT911-5-1698	66	0.0128703951
353	FT911-15-5192	67	0.0128387253
353	FT911-6-1962	68	0.0128066687
353	FT911-3-865	69	0.0127348064
353	FT911-1-12	70	0.0127255609
353	FT911-15-5365	71	0.0127220584
353	FT911-8-2743	72	0.0126920271
353	FT911-1-195	73	0.0126330870
353	FT911-7-2477	74	0.0125680899
353	FT911-10-3602	75	0.0124288706
353	FT911-2-651	76	0.0124181519
353	FT911-7-2581	77	0.0124059858
353	FT911-7-2405	78	0.0123680621
353	FT911-3-1091	79	0.0123574587
353	FT911-11-3746	80	0.0123295791
353	FT911-9-3016	81	0.0122451529
353	FT911-10-3427	82	0.0122420355
353	FT911-8-2699	83	0.0122263144
353	FT911-7-2234	84	0.0121764828
353	FT911-5-1717	85	0.0121282294
353	FT911-7-2330	86	0.0121155388
353	FT911-14-4805	87	0.0119992856
353	FT911-3-825	88	0.0119755767
353	FT911-12-4343	89	0.0119294295
353	FT911-12-4092	90	0.0119280499
353	FT911-3-730	91	0.0118804892
353	FT911-15-5182	92	0.0118760383
353	FT911-15-5191	93	0.0118756462
353	FT911-1-148	94	0.0118650780
353	FT911-4-1351	95	0.0118467744
353	FT911-12-4027	96	0.0118050222
353	FT911-3-1070	97	0.0117855756
353	FT911-13-4503	98	0.0117315665
353	FT911-8-2680	99	0.0116965100
353	FT911-1-97	100	0.0116779382
353	FT911-14-4885	101	0.0116727017
353	FT911-14-5084	102	0.0116691967
353	FT911-2-394	103	0.0116668051
353	FT911-1-15	104	0.0116579946
353	FT911-2-489	105	0.0116282380
353	FT911-4-1349	106	0.0116065933
353	FT911-13-4395	107	0.0115950268
353	FT911-15-5244	108	0.0115285585
353	FT911-4-1129	109	0.0114980603
353	FT911-6-2000	110	0.0114670211
353	FT911-9-3256	111	0.0114561612
353	FT911-10-3625	112	0.0114514501
353	FT911-7-2547	113	0.0114283276
353	FT911-1-214	114	0.0114262270
353	FT911-11-3755	115	0.0113531306
353	FT911-1-201	116	0.0113380746
353	FT911-12-4078	117	0.0112794253
353	FT911-8-2859	118	0.0112403944
353	FT911-5-1818	119	0.0112346300
353	FT911-1-241	120	0.0112340098
353	FT911-1-165	121	0.0112185918
353	FT911-11-3938	122	0.0111885370
353	FT911-2-655	123	0.0111862755
353	FT911-14-4976	124	0.0111800859
353	FT911-4-1331	125	0.0111600032
353	FT911-13-4407	126	0.0111589218
353	FT911-15-5301	127	0.0111496380
353	FT911-3-906	128	0.0111480797
353	FT911-9-3150	129	0.0110943847
353	FT911-7-2331	130	0.0110830165
353	FT911-13-4745	131	0.0109911699
353	FT911-6-1963	132	0.0109703020
353	FT911-11-3951	133	0.0109651626
353	FT911-8-2825	134	0.0108884100
353	FT911-6-1936	135	0.0108596256
353	FT911-9-3128	136	0.0108489629
353	FT911-14-4970	137	0.0108402864
353	FT911-1-252	138	0.0108322794
353	FT911-1-342	139	0.0108150581
353	FT911-12-4081	140	0.0108039189
353	FT911-13-4511	141	0.0108024301
353	FT911-6-1938	142	0.0107864829
353	FT911-5-1753	143	0.0107836509
353	FT911-5-1555	144	0.0107706808
353	FT911-14-4757	145	0.0107650888
353	FT911-12-4198	146	0.0107358914
353	FT911-5-1480	147	0.0107027520
353	FT911-12-4019	148	0.0106981897
353	FT911-12-4159	149	0.0106928691
353	FT911-1-170	150	0.0106678205
353	FT911-11-3778	151	0.0106273272
353	FT911-1-249	152	0.0106113097
353	FT911-9-2954	153	0.0105756127
353	FT911-1-57	154	0.0105280025
353	FT911-11-3813	155	0.0105083156
353	FT911-4-1384	156	0.0105032791
353	FT911-1-9	157	0.0104913881
353	FT911-1-308	158	0.0104871024
353	FT911-3-842	159	0.0104408942
353	FT911-4-1336	160	0.0104192461
353	FT911-6-1967	161	0.0104101884
353	FT911-14-5108	162	0.0104064214
353	FT911-4-1438	163	0.0103969425
353	FT911-2-401	164	0.0103914574
353	FT911-7-2327	165	0.0103867937
353	FT911-8-2902	166	0.0103840844
353	FT911-3-891	167	0.0103768599
353	FT911-10-3408	168	0.0103623814
353	FT911-4-1431	169	0.0103535791
353	FT911-10-3326	170	0.0103090613
353	FT911-5-1788	171	0.0103057241
353	FT911-14-4844	172	0.0102912348
353	FT911-14-5008	173	0.0102844528
353	FT911-15-5287	174	0.0102837782
353	FT911-12-4304	175	0.0102773277
353	FT911-11-3869	176	0.0102675395
353	FT911-7-2546	177	0.0102625676
353	FT911-12-4160	178	0.0102617602
353	FT911-2-465	179	0.0102291739
353	FT911-13-4729	180	0.0101963499
353	FT911-8-2944	181	0.0101636055
353	FT911-1-284	182	0.0101528604
353	FT911-6-1948	183	0.0101150946
353	FT911-14-5037	184	0.0101147949
353	FT911-3-897	185	0.0100834487
353	FT911-4-1377	186	0.0100832535
353	FT911-12-4129	187	0.0100801108
353	FT911-14-4832	188	0.0100547205
353	FT911-15-5173	189	0.0100296382
353	FT911-1-5	190	0.0100255188
353	FT911-13-4625	191	0.0100212297
353	FT911-7-2314	192	0.0100204452
353	FT911-14-4924	193	0.0100179104
353	FT911-2-411	194	0.0099874814
353	FT911-2-625	195	0.0099760167
353	FT911-13-4573	196	0.0099730986
353	FT911-15-5247	197	0.0099218164
353	FT911-10-3513	198	0.0098920306
353	FT911-2-437	199	0.0098906482
353	FT911-9-2966	200	0.0098019832
353	FT911-11-3818	201	0.0097943799
353	FT911-12-4045	202	0.0097858607
353	FT911-12-4178	203	0.0097716095
353	FT911-7-2508	204	0.0097709808
353	FT911-7-2590	205	0.0096713315
353	FT911-1-100	206	0.0096598233
353	FT911-9-3118	207	0.0096552943
353	FT911-8-2632	208	0.0096297685
353	FT911-9-2975	209	0.0095605446
353	FT911-6-2141	210	0.0095451938
353	FT911-4-1220	211	0.0095426840
353	FT911-12-4316	212	0.0095375064
353	FT911-1-139	213	0.0095313598
353	FT911-8-2882	214	0.0095279360
353	FT911-5-1830	215	0.0095153495
353	FT911-11-3952	216	0.0095109063
353	FT911-1-212	217	0.0094769818
353	FT911-5-1483	218	0.0094720938
353	FT911-15-5349	219	0.0094610499
353	FT911-14-4875	220	0.0094572072
353	FT911-15-5327	221	0.0094524079
353	FT911-15-5274	222	0.0094287980
353	FT911-2-461	223	0.0093729418
353	FT911-3-853	224	0.0093622705
353	FT911-2-627	225	0.0093131511
353	FT911-6-1965	226	0.0092779927
353	FT911-3-1013	227	0.0092673065
353	FT911-13-4724	228	0.0092525225
353	FT911-7-2228	229	0.0092335062
353	FT911-11-3731	230	0.0092294921
353	FT911-14-5011	231	0.0092108807
353	FT911-7-2566	232	0.0091674971
353	FT911-9-3142	233	0.0091513187
353	FT911-1-285	234	0.0091297355
353	FT911-2-558	235	0.0091154081
353	FT911-14-4816	236	0.0091131225
353	FT911-15-5180	237	0.0091093148
353	FT911-6-2009	238	0.0090912000
353	FT911-13-4444	239	0.0090818573
353	FT911-8-2792	240	0.0090518951
353	FT911-9-3051	241	0.0090469594
353	FT911-9-3319	242	0.0090275100
353	FT911-3-826	243	0.0090099717
353	FT911-4-1306	244	0.0090093123
353	FT911-6-1879	245	0.0089629867
353	FT911-8-2942	246	0.0089440016
353	FT911-14-4756	247	0.0089291282
353	FT911-13-4416	248	0.0089281719
353	FT911-7-2585	249	0.0089216779
353	FT911-1-263	250	0.0089180760
353	FT911-4-1281	251	0.0089049980
353	FT911-15-5231	252	0.0088950677
353	FT911-9-3145	253	0.0088860722
353	FT911-11-3815	254	0.0088387072
353	FT911-7-2266	255	0.0088086132
353	FT911-13-4476	256	0.0088019013
353	FT911-4-1404	257	0.0087950092
353	FT911-10-3393	258	0.0087911630
353	FT911-2-536	259	0.0087881131
353	FT911-12-4286	260	0.0087704851
353	FT911-9-3141	261	0.0087632767
353	FT911-11-3782	262	0.0087581218
353	FT911-12-4061	263	0.0087491212
353	FT911-4-1167	264	0.0087377627
353	FT911-11-3887	265	0.0087017395
353	FT911-5-1707	266	0.0086763246
353	FT911-7-2360	267	0.0086674723
353	FT911-2-623	268	0.0086657041
353	FT911-9-3067	269	0.0086446213
353	FT911-12-4202	270	0.0086425424
353	FT911-5-1537	271	0.0086048797
353	FT911-3-943	272	0.0085748139
353	FT911-14-4817	273	0.0085307514
353	FT911-2-707	274	0.0085278630
353	FT911-1-333	275	0.0085261744
353	FT911-3-1084	276	0.0085136723
353	FT911-13-4535	277	0.0084874499
353	FT911-10-3355	278	0.0084871306
353	FT911-8-2721	279	0.0084407507
353	FT911-11-3908	280	0.0084205898
353	FT911-2-632	281	0.0083978206
353	FT911-12-4210	282	0.0083633320
353	FT911-10-3488	283	0.0083602012
353	FT911-6-2138	284	0.0083515633
353	FT911-9-3173	285	0.0083135327
353	FT911-2-587	286	0.0082940348
353	FT911-13-4386	287	0.0082895889
353	FT911-11-3803	288	0.0082886745
353	FT911-7-2376	289	0.0082703645
353	FT911-14-4899	290	0.0082425727
353	FT911-1-14	291	0.0082326044
353	FT911-5-1780	292	0.0082286004
353	FT911-9-3187	293	0.0082096002
353	FT911-10-3571	294	0.0081924841
353	FT911-11-3718	295	0.0081726084
353	FT911-8-2630	296	0.0081574662
353	FT911-5-1564	297	0.0081296509
353	FT911-7-2307	298	0.0081202715
353	FT911-8-2805	299	0.0081178587
353	FT911-7-2227	300	0.0081000301
353	FT911-12-4056	301	0.0080924473
353	FT911-9-3139	302	0.0080906434
353	FT911-7-2237	303	0.0080744052
353	FT911-7-2406	304	0.0080556594
353	FT911-7-2255	305	0.0080531512
353	FT911-2-705	306	0.0080483751
353	FT911-4-1276	307	0.0080409439
353	FT911-8-2857	308	0.0080299897
353	FT911-7-2223	309	0.0080201505
353	FT911-7-2511	310	0.0080102946
353	FT911-7-2435	311	0.0080068284
353	FT911-3-829	312	0.0079948223
353	FT911-13-4733	313	0.0079935986
353	FT911-6-2193	314	0.0079583794
353	FT911-7-2302	315	0.0079416426
353	FT911-13-4697	316	0.0079277115
353	FT911-10-3653	317	0.0078716364
353	FT911-10-3455	318	0.0078440562
353	FT911-3-1072	319	0.0078438125
353	FT911-1-29	320	0.0078332844
353	FT911-6-2146	321	0.0078133410
353	FT911-3-857	322	0.0078097131
353	FT911-8-2683	323	0.0077561854
353	FT911-11-3804	324	0.0077150310
353	FT911-7-2563	325	0.0077133812
353	FT911-6-2036	326	0.0077064683
353	FT911-12-4229	327	0.0076819004
353	FT911-1-136	328	0.0076555784
353	FT911-1-280	329	0.0076468494
353	FT911-4-1436	330	0.0076295730
353	FT911-1-347	331	0.0076153394
353	FT911-3-1038	332	0.0076126311
353	FT911-9-3181	333	0.0075837588
353	FT911-12-4123	334	0.0075738972
353	FT911-4-1415	335	0.0075484400
353	FT911-1-182	336	0.0075196914
353	FT911-10-3620	337	0.0074514348
353	FT911-1-138	338	0.0074413792
353	FT911-12-4262	339	0.0074376072
353	FT911-14-5062	340	0.0074361299
353	FT911-4-1162	341	0.0073639985
353	FT911-13-4462	342	0.0073460993
353	FT911-7-2213	343	0.0073438322
353	FT911-13-4440	344	0.0073136733
353	FT911-3-911	345	0.0072998621
353	FT911-10-3486	346	0.0072924647
353	FT911-8-2661	347	0.0072906572
353	FT911-6-1900	348	0.0072799880
353	FT911-2-676	349	0.0072748488
353	FT911-8-2770	350	0.0072476834
353	FT911-7-2408	351	0.0072305597
353	FT911-13-4406	352	0.0072143953
353	FT911-1-120	353	0.0071694790
353	FT911-11-3935	354	0.0071492050
353	FT911-10-3329	355	0.0071458964
353	FT911-11-3814	356	0.0071425179
353	FT911-9-3279	357	0.0071228083
353	FT911-2-658	358	0.0071170972
353	FT911-13-4600	359	0.0071159037
353	FT911-12-4239	360	0.0071025288
353	FT911-10-3433	361	0.0070596974
353	FT911-6-1984	362	0.0070307325
353	FT911-3-1071	363	0.0070291725
353	FT911-12-4088	364	0.0070142057
353	FT911-14-5097	365	0.0069907006
353	FT911-14-5064	366	0.0069893912
353	FT911-4-1145	367	0.0069770992
353	FT911-3-923	368	0.0069306483
353	FT911-7-2480	369	0.0068612562
353	FT911-14-4925	370	0.0068569270
353	FT911-4-1337	371	0.0068423738
353	FT911-1-123	372	0.0068274031
353	FT911-5-1606	373	0.0068233002
353	FT911-12-4244	374	0.0068091554
353	FT911-14-4934	375	0.0068072953
353	FT911-13-4520	376	0.0068048492
353	FT911-14-4863	377	0.0067869001
353	FT911-3-738	378	0.0067682084
353	FT911-1-99	379	0.0067371089
353	FT911-2-525	380	0.0067255680
353	FT911-3-810	381	0.0067026694
353	FT911-8-2735	382	0.0066977758
353	FT911-4-1138	383	0.0066956662
353	FT911-15-5248	384	0.0066865521
353	FT911-3-1065	385	0.0066837956
353	FT911-6-1922	386	0.0066813477
353	FT911-5-1549	387	0.0066798727
353	FT911-6-2094	388	0.0066611178
353	FT911-6-1903	389	0.0066495141
353	FT911-9-3140	390	0.0066225473
353	FT911-8-2681	391	0.0065939073
353	FT911-4-1283	392	0.0065929228
353	FT911-9-3313	393	0.0065897663
353	FT911-7-2396	394	0.0065532344
353	FT911-4-1141	395	0.0064722363
353	FT911-6-2049	396	0.0064529903
353	FT911-9-3235	397	0.0064507441
353	FT911-15-5241	398	0.0064379821
353	FT911-10-3339	399	0.0064371141
353	FT911-12-4125	400	0.0064179684
353	FT911-8-2785	401	0.0063988121
353	FT911-4-1143	402	0.0063883281
353	FT911-9-2968	403	0.0063814879
353	FT911-2-640	404	0.0063573086
353	FT911-12-4172	405	0.0063274075
353	FT911-11-3738	406	0.0063227970
353	FT911-3-752	407	0.0063190917
353	FT911-14-5067	408	0.0063180198
353	FT911-3-1014	409	0.0063172531
353	FT911-4-1406	410	0.0063160726
353	FT911-11-3860	411	0.0063104644
353	FT911-10-3386	412	0.0063047621
353	FT911-11-3960	413	0.0063014943
353	FT911-13-4599	414	0.0063009089
353	FT911-6-2016	415	0.0062998557
353	FT911-11-3963	416	0.0062902492
353	FT911-12-4227	417	0.0062900031
353	FT911-6-2068	418	0.0062880081
353	FT911-10-3334	419	0.0062818419
353	FT911-14-5001	420	0.0062661987
353	FT911-3-981	421	0.0062509507
353	FT911-4-1290	422	0.0062247672
353	FT911-4-1139	423	0.0061675906
353	FT911-10-3601	424	0.0061625979
353	FT911-3-948	425	0.0061584472
353	FT911-13-4390	426	0.0061518918
353	FT911-11-3961	427	0.0061363382
353	FT911-1-352	428	0.0061353911
353	FT911-3-1092	429	0.0061305632
353	FT911-8-2807	430	0.0061254538
353	FT911-4-1291	431	0.0061169618
353	FT911-4-1261	432	0.0061117397
353	FT911-3-843	433	0.0061071331
353	FT911-13-4405	434	0.0060946107
353	FT911-10-3332	435	0.0060914951
353	FT911-2-387	436	0.0060896973
353	FT911-11-3931	437	0.0060856338
353	FT911-13-4691	438	0.0060552256
353	FT911-5-1773	439	0.0060442722
353	FT911-4-1277	440	0.0060349673
353	FT911-8-2874	441	0.0060343290
353	FT911-2-699	442	0.0060225404
353	FT911-5-1675	443	0.0060104660
353	FT911-7-2397	444	0.0060059625
353	FT911-3-1067	445	0.0060039410
353	FT911-6-1834	446	0.0059943532
353	FT911-9-2960	447	0.0059882968
353	FT911-3-1066	448	0.0059749080
353	FT911-14-5000	449	0.0059551904
353	FT911-7-2363	450	0.0059398963
353	FT911-1-247	451	0.0059366932
353	FT911-1-248	452	0.0059285054
353	FT911-15-5159	453	0.0059208613
353	FT911-14-4930	454	0.0059059271
353	FT911-8-2708	455	0.0058879760
353	FT911-1-79	456	0.0058725937
353	FT911-7-2216	457	0.0058571946
353	FT911-4-1432	458	0.0058545895
353	FT911-6-1897	459	0.0058458236
353	FT911-2-472	460	0.0058365542
353	FT911-11-3824	461	0.0058299444
353	FT911-13-4465	462	0.0058276310
353	FT911-8-2772	463	0.0058156081
353	FT911-5-1495	464	0.0058077193
353	FT911-11-3990	465	0.0058050098
353	FT911-2-619	466	0.0057969599
353	FT911-9-3217	467	0.0057872504
353	FT911-4-1421	468	0.0057800331
353	FT911-3-975	469	0.0057666140
353	FT911-2-515	470	0.0057608291
353	FT911-8-2832	471	0.0057548533
353	FT911-15-5130	472	0.0057535438
353	FT911-13-4543	473	0.0057518642
353	FT911-1-84	474	0.0057429918
353	FT911-3-961	475	0.0057423862
353	FT911-13-4463	476	0.0057310961
353	FT911-15-5243	477	0.0057118095
353	FT911-8-2800	478	0.0057008287
353	FT911-9-3079	479	0.0056828525
353	FT911-12-4364	480	0.0056657082
353	FT911-3-1031	481	0.0056419247
353	FT911-4-1123	482	0.0056367870
353	FT911-1-83	483	0.0056326685
353	FT911-5-1692	484	0.0056171630
353	FT911-1-119	485	0.0056058226
353	FT911-11-3817	486	0.0055835415
353	FT911-15-5167	487	0.0055786681
353	FT911-6-2002	488	0.0055491905
353	FT911-7-2453	489	0.0055418297
353	FT911-6-2058	490	0.0055383419
353	FT911-9-3170	491	0.0055278675
353	FT911-4-1159	492	0.0055126688
353	FT911-15-5275	493	0.0054868854
353	FT911-10-3378	494	0.0054866277
353	FT911-15-5331	495	0.0054781248
353	FT911-2-500	496	0.0054585072
353	FT911-2-597	497	0.0054523232
353	FT911-13-4685	498	0.0054490461
353	FT911-8-2676	499	0.0054362727
353	FT911-7-2277	500	0.0054264504
353	FT911-2-636	501	0.0054228046
353	FT911-2-559	502	0.0054185029
353	FT911-4-1237	503	0.0054014329
353	FT911-4-1388	504	0.0053984001
353	FT911-5-1672	505	0.0053890342
353	FT911-1-85	506	0.0053812441
353	FT911-9-3095	507	0.0053654247
353	FT911-8-2802	508	0.0053612316
353	FT911-2-557	509	0.0053605282
353	FT911-11-3808	510	0.0053303989
353	FT911-14-4771	511	0.0053240141
353	FT911-5-1617	512	0.0053232925
353	FT911-15-5151	513	0.0053009844
353	FT911-8-2621	514	0.0052908394
353	FT911-2-564	515	0.0052811965
353	FT911-3-1005	516	0.0052544101
353	FT911-9-3028	517	0.0052538451
353	FT911-5-1546	518	0.0052444641
353	FT911-6-1920	519	0.0052336543
353	FT911-6-2066	520	0.0052122160
353	FT911-11-3920	521	0.0051957751
353	FT911-11-3891	522	0.0051954801
353	FT911-6-1989	523	0.0051814262
353	FT911-3-845	524	0.0051755319
353	FT911-3-979	525	0.0051659102
353	FT911-13-4500	526	0.0051597402
353	FT911-4-1142	527	0.0051478805
353	FT911-8-2649	528	0.0051399958
353	FT911-8-2786	529	0.0051075507
353	FT911-7-2333	530	0.0050967509
353	FT911-5-1511	531	0.0050929362
353	FT911-13-4473	532	0.0050789822
353	FT911-6-2208	533	0.0050774142
353	FT911-3-969	534	0.0050704326
353	FT911-3-988	535	0.0050648781
353	FT911-15-5263	536	0.0050595653
353	FT911-12-4363	537	0.0050428350
353	FT911-13-4619	538	0.0050064030
353	FT911-6-2178	539	0.0049865828
353	FT911-12-4273	540	0.0049803141
353	FT911-8-2835	541	0.0049788538
353	FT911-9-2964	542	0.0049703486
353	FT911-9-3132	543	0.0049615518
353	FT911-7-2263	544	0.0049402057
353	FT911-7-2570	545	0.0049279860
353	FT911-14-4862	546	0.0049170998
353	FT911-3-966	547	0.0049044282
353	FT911-15-5145	548	0.0049014041
353	FT911-4-1105	549	0.0049000163
353	FT911-11-3719	550	0.0048767434
353	FT911-3-846	551	0.0048700718
353	FT911-4-1242	552	0.0048628236
353	FT911-6-1949	553	0.0048587413
353	FT911-1-90	554	0.0048498865
353	FT911-7-2335	555	0.0048298388
353	FT911-3-781	556	0.0048289856
353	FT911-1-122	557	0.0048220945
353	FT911-10-3658	558	0.0048180604
353	FT911-1-121	559	0.0048165468
353	FT911-7-2455	560	0.0047921112
353	FT911-13-4466	561	0.0047910739
353	FT911-6-2183	562	0.0047874371
353	FT911-13-4689	563	0.0047788646
353	FT911-2-506	564	0.0047314375
353	FT911-6-2180	565	0.0047230351
353	FT911-14-4936	566	0.0047169495
353	FT911-11-3775	567	0.0047162491
353	FT911-4-1258	568	0.0047152844
353	FT911-13-4472	569	0.0047077571
353	FT911-6-1981	570	0.0047062915
353	FT911-15-5138	571	0.0046823268
353	FT911-1-38	572	0.0046732902
353	FT911-4-1342	573	0.0046580976
353	FT911-2-565	574	0.0046580898
353	FT911-11-3946	575	0.0046429349
353	FT911-1-323	576	0.0046147192
353	FT911-13-4734	577	0.0045884854
353	FT911-3-783	578	0.0045503360
353	FT911-4-1163	579	0.0044891691
353	FT911-6-1929	580	0.0044890703
353	FT911-14-5026	581	0.0044874259
353	FT911-9-3307	582	0.0044448406
353	FT911-11-3724	583	0.0044367859
353	FT911-1-181	584	0.0044271847
353	FT911-6-2181	585	0.0044209580
353	FT911-11-3936	586	0.0043892865
353	FT911-13-4470	587	0.0043598728
353	FT911-9-3135	588	0.0043427341
353	FT911-10-3572	589	0.0042770666
353	FT911-9-3292	590	0.0042199558
353	FT911-2-612	591	0.0041907072
353	FT911-11-3830	592	0.0041022896
353	FT911-9-3205	593	0.0040806882
353	FT911-3-1098	594	0.0040229649
353	FT911-2-633	595	0.0039457364
353	FT911-10-3543	596	0.0039348041
353	FT911-13-4647	597	0.0038633088
353	FT911-1-127	598	0.0038506417
353	FT911-15-5129	599	0.0038212226
353	FT911-14-5029	600	0.0038123566
353	FT911-8-2853	601	0.0037401295
353	FT911-6-2067	602	0.0037085485
353	FT911-9-3102	603	0.0037061885
353	FT911-13-4517	604	0.0036929957
353	FT911-10-3432	605	0.0036457412
353	FT911-13-4566	606	0.0036375787
353	FT911-9-3203	607	0.0036218247
353	FT911-7-2221	608	0.0036130241
353	FT911-14-5028	609	0.0035642726
353	FT911-2-512	610	0.0035522926
353	FT911-7-2513	611	0.0035300730
353	FT911-15-5146	612	0.0034855097
353	FT911-15-5232	613	0.0034495872
353	FT911-9-3074	614	0.0034237731
353	FT911-6-2031	615	0.0033873827
353	FT911-7-2299	616	0.0033826033
353	FT911-15-5168	617	0.0033512734
353	FT911-14-5048	618	0.0032727516
353	FT911-12-4127	619	0.0032152668
353	FT911-11-3786	620	0.0031317013
353	FT911-1-137	621	0.0030839502
353	FT911-4-1171	622	0.0030551847
353	FT911-14-4909	623	0.0030309445
353	FT911-10-3603	624	0.0030116222
353	FT911-5-1563	625	0.0029843626
353	FT911-10-3340	626	0.0028958578
353	FT911-1-371	627	0.0028617584
353	FT911-4-1416	628	0.0027943057
353	FT911-1-1	629	0.0000000000
353	FT911-1-2	630	0.0000000000
353	FT911-1-3	631	0.0000000000
353	FT911-1-4	632	0.0000000000
353	FT911-1-6	633	0.0000000000
353	FT911-1-7	634	0.0000000000
353	FT911-1-8	635	0.0000000000
353	FT911-1-10	636	0.0000000000
353	FT911-1-11	637	0.0000000000
353	FT911-1-13	638	0.0000000000
353	FT911-1-16	639	0.0000000000
353	FT911-1-17	640	0.0000000000
353	FT911-1-18	641	0.0000000000
353	FT911-1-20	642	0.0000000000
353	FT911-1-21	643	0.0000000000
353	FT911-1-22	644	0.0000000000
353	FT911-1-23	645	0.0000000000
353	FT911-1-24	646	0.0000000000
353	FT911-1-25	647	0.0000000000
353	FT911-1-26	648	0.0000000000
353	FT911-1-27	649	0.0000000000
353	FT911-1-28	650	0.0000000000
353	FT911-1-30	651	0.0000000000
353	FT911-1-31	652	0.0000000000
353	FT911-1-32	653	0.0000000000
353	FT911-1-33	654	0.0000000000
353	FT911-1-34	655	0.0000000000
353	FT911-1-35	656	0.0000000000
353	FT911-1-36	657	0.0000000000
353	FT911-1-37	658	0.0000000000
353	FT911-1-39	659	0.0000000000
353	FT911-1-40	660	0.0000000000
353	FT911-1-41	661	0.0000000000
353	FT911-1-42	662	0.0000000000
353	FT911-1-43	663	0.0000000000
353	FT911-1-44	664	0.0000000000
353	FT911-1-45	665	0.0000000000
353	FT911-1-46	666	0.0000000000
353	FT911-1-47	667	0.0000000000
353	FT911-1-48	668	0.0000000000
353	FT911-1-49	669	0.0000000000
353	FT911-1-50	670	0.0000000000
353	FT911-1-51	671	0.0000000000
353	FT911-1-52	672	0.0000000000
353	FT911-1-53	673	0.0000000000
353	FT911-1-54	674	0.0000000000
353	FT911-1-55	675	0.0000000000
353	FT911-1-56	676	0.0000000000
353	FT911-1-58	677	0.0000000000
353	FT911-1-59	678	0.0000000000
353	FT911-1-60	679	0.0000000000
353	FT911-1-61	680	0.0000000000
353	FT911-1-62	681	0.0000000000
353	FT911-1-63	682	0.0000000000
353	FT911-1-64	683	0.0000000000
353	FT911-1-65	684	0.0000000000
353	FT911-1-66	685	0.0000000000
353	FT911-1-67	686	0.0000000000
353	FT911-1-68	687	0.0000000000
353	FT911-1-69	688	0.0000000000
353	FT911-1-70	689	0.0000000000
353	FT911-1-71	690	0.0000000000
353	FT911-1-72	691	0.0000000000
353	FT911-1-73	692	0.0000000000
353	FT911-1-74	693	0.0000000000
353	FT911-1-75	694	0.0000000000
353	FT911-1-76	695	0.0000000000
353	FT911-1-77	696	0.0000000000
353	FT911-1-78	697	0.0000000000
353	FT911-1-80	698	0.0000000000
353	FT911-1-81	699	0.0000000000
353	FT911-1-82	700	0.0000000000
353	FT911-1-86	701	0.0000000000
353	FT911-1-87	702	0.0000000000
353	FT911-1-88	703	0.0000000000
353	FT911-1-89	704	0.0000000000
353	FT911-1-91	705	0.0000000000
353	FT911-1-92	706	0.0000000000
353	FT911-1-93	707	0.0000000000
353	FT911-1-94	708	0.0000000000
353	FT911-1-95	709	0.0000000000
353	FT911-1-96	710	0.0000000000
353	FT911-1-98	711	0.0000000000
353	FT911-1-101	712	0.0000000000
353	FT911-1-102	713	0.0000000000
353	FT911-1-103	714	0.0000000000
353	FT911-1-104	715	0.0000000000
353	FT911-1-105	716	0.0000000000
353	FT911-1-106	717	0.0000000000
353	FT911-1-107	718	0.0000000000
353	FT911-1-108	719	0.0000000000
353	FT911-1-109	720	0.0000000000
353	FT911-1-110	721	0.0000000000
353	FT911-1-111	722	0.0000000000
353	FT911-1-112	723	0.0000000000
353	FT911-1-113	724	0.0000000000
353	FT911-1-114	725	0.0000000000
353	FT911-1-115	726	0.0000000000
353	FT911-1-116	727	0.0000000000
353	FT911-1-117	728	0.0000000000
353	FT911-1-118	729	0.0000000000
353	FT911-1-124	730	0.0000000000
353	FT911-1-125	731	0.0000000000
353	FT911-1-126	732	0.0000000000
353	FT911-1-128	733	0.0000000000
353	FT911-1-129	734	0.0000000000
353	FT911-1-130	735	0.0000000000
353	FT911-1-131	736	0.0000000000
353	FT911-1-132	737	0.0000000000
353	FT911-1-133	738	0.0000000000
353	FT911-1-134	739	0.0000000000
353	FT911-1-135	740	0.0000000000
353	FT911-1-140	741	0.0000000000
353	FT911-1-141	742	0.0000000000
353	FT911-1-142	743	0.0000000000
353	FT911-1-143	744	0.0000000000
353	FT911-1-144	745	0.0000000000
353	FT911-1-145	746	0.0000000000
353	FT911-1-146	747	0.0000000000
353	FT911-1-147	748	0.0000000000
353	FT911-1-149	749	0.0000000000
353	FT911-1-150	750	0.0000000000
353	FT911-1-151	751	0.0000000000
353	FT911-1-152	752	0.0000000000
353	FT911-1-153	753	0.0000000000
353	FT911-1-154	754	0.0000000000
353	FT911-1-155	755	0.0000000000
353	FT911-1-156	756	0.0000000000
353	FT911-1-157	757	0.0000000000
353	FT911-1-159	758	0.0000000000
353	FT911-1-160	759	0.0000000000
353	FT911-1-161	760	0.0000000000
353	FT911-1-162	761	0.0000000000
353	FT911-1-163	762	0.0000000000
353	FT911-1-164	763	0.0000000000
353	FT911-1-166	764	0.0000000000
353	FT911-1-167	765	0.0000000000
353	FT911-1-168	766	0.0000000000
353	FT911-1-169	767	0.0000000000
353	FT911-1-171	768	0.0000000000
353	FT911-1-172	769	0.0000000000
353	FT911-1-173	770	0.0000000000
353	FT911-1-174	771	0.0000000000
353	FT911-1-175	772	0.0000000000
353	FT911-1-176	773	0.0000000000
353	FT911-1-177	774	0.0000000000
353	FT911-1-178	775	0.0000000000
353	FT911-1-179	776	0.0000000000
353	FT911-1-180	777	0.0000000000
353	FT911-1-183	778	0.0000000000
353	FT911-1-184	779	0.0000000000
353	FT911-1-185	780	0.0000000000
353	FT911-1-186	781	0.0000000000
353	FT911-1-187	782	0.0000000000
353	FT911-1-188	783	0.0000000000
353	FT911-1-189	784	0.0000000000
353	FT911-1-190	785	0.0000000000
353	FT911-1-191	786	0.0000000000
353	FT911-1-192	787	0.0000000000
353	FT911-1-193	788	0.0000000000
353	FT911-1-194	789	0.0000000000
353	FT911-1-196	790	0.0000000000
353	FT911-1-197	791	0.0000000000
353	FT911-1-198	792	0.0000000000
353	FT911-1-199	793	0.0000000000
353	FT911-1-200	794	0.0000000000
353	FT911-1-202	795	0.0000000000
353	FT911-1-203	796	0.0000000000
353	FT911-1-204	797	0.0000000000
353	FT911-1-205	798	0.0000000000
353	FT911-1-206	799	0.0000000000
353	FT911-1-207	800	0.0000000000
353	FT911-1-208	801	0.0000000000
353	FT911-1-209	802	0.0000000000
353	FT911-1-210	803	0.0000000000
353	FT911-1-211	804	0.0000000000
353	FT911-1-213	805	0.0000000000
353	FT911-1-215	806	0.0000000000
353	FT911-1-216	807	0.0000000000
353	FT911-1-217	808	0.0000000000
353	FT911-1-218	809	0.0000000000
353	FT911-1-219	810	0.0000000000
353	FT911-1-220	811	0.0000000000
353	FT911-1-221	812	0.0000000000
353	FT911-1-222	813	0.0000000000
353	FT911-1-223	814	0.0000000000
353	FT911-1-224	815	0.0000000000
353	FT911-1-225	816	0.0000000000
353	FT911-1-226	817	0.0000000000
353	FT911-1-227	818	0.0000000000
353	FT911-1-228	819	0.0000000000
353	FT911-1-229	820	0.0000000000
353	FT911-1-230	821	0.0000000000
353	FT911-1-231	822	0.0000000000
353	FT911-1-232	823	0.0000000000
353	FT911-1-233	824	0.0000000000
353	FT911-1-234	825	0.0000000000
353	FT911-1-235	826	0.0000000000
353	FT911-1-236	827	0.0000000000
353	FT911-1-237	828	0.0000000000
353	FT911-1-238	829	0.0000000000
353	FT911-1-239	830	0.0000000000
353	FT911-1-240	831	0.0000000000
353	FT911-1-242	832	0.0000000000
353	FT911-1-243	833	0.0000000000
353	FT911-1-244	834	0.0000000000
353	FT911-1-245	835	0.0000000000
353	FT911-1-246	836	0.0000000000
353	FT911-1-250	837	0.0000000000
353	FT911-1-251	838	0.0000000000
353	FT911-1-253	839	0.0000000000
353	FT911-1-254	840	0.0000000000
353	FT911-1-255	841	0.0000000000
353	FT911-1-256	842	0.0000000000
353	FT911-1-257	843	0.0000000000
353	FT911-1-258	844	0.0000000000
353	FT911-1-259	845	0.0000000000
353	FT911-1-260	846	0.0000000000
353	FT911-1-261	847	0.0000000000
353	FT911-1-262	848	0.0000000000
353	FT911-1-264	849	0.0000000000
353	FT911-1-265	850	0.0000000000
353	FT911-1-266	851	0.0000000000
353	FT911-1-267	852	0.0000000000
353	FT911-1-268	853	0.0000000000
353	FT911-1-269	854	0.0000000000
353	FT911-1-270	855	0.0000000000
353	FT911-1-271	856	0.0000000000
353	FT911-1-272	857	0.0000000000
353	FT911-1-273	858	0.0000000000
353	FT911-1-274	859	0.0000000000
353	FT911-1-275	860	0.0000000000
353	FT911-1-276	861	0.0000000000
353	FT911-1-277	862	0.0000000000
353	FT911-1-278	863	0.0000000000
353	FT911-1-279	864	0.0000000000
353	FT911-1-282	865	0.0000000000
353	FT911-1-283	866	0.0000000000
353	FT911-1-286	867	0.0000000000
353	FT911-1-287	868	0.0000000000
353	FT911-1-288	869	0.0000000000
353	FT911-1-289	870	0.0000000000
353	FT911-1-290	871	0.0000000000
353	FT911-1-291	872	0.0000000000
353	FT911-1-292	873	0.0000000000
353	FT911-1-293	874	0.0000000000
353	FT911-1-294	875	0.0000000000
353	FT911-1-295	876	0.0000000000
353	FT911-1-296	877	0.0000000000
353	FT911-1-297	878	0.0000000000
353	FT911-1-298	879	0.0000000000
353	FT911-1-299	880	0.0000000000
353	FT911-1-300	881	0.0000000000
353	FT911-1-301	882	0.0000000000
353	FT911-1-302	883	0.0000000000
353	FT911-1-303	884	0.0000000000
353	FT911-1-304	885	0.0000000000
353	FT911-1-305	886	0.0000000000
353	FT911-1-306	887	0.0000000000
353	FT911-1-307	888	0.0000000000
353	FT911-1-309	889	0.0000000000
353	FT911-1-310	890	0.0000000000
353	FT911-1-311	891	0.0000000000
353	FT911-1-312	892	0.0000000000
353	FT911-1-313	893	0.0000000000
353	FT911-1-314	894	0.0000000000
353	FT911-1-315	895	0.0000000000
353	FT911-1-316	896	0.0000000000
353	FT911-1-317	897	0.0000000000
353	FT911-1-318	898	0.0000000000
353	FT911-1-319	899	0.0000000000
353	FT911-1-320	900	0.0000000000
353	FT911-1-321	901	0.0000000000
353	FT911-1-322	902	0.0000000000
353	FT911-1-324	903	0.0000000000
353	FT911-1-325	904	0.0000000000
353	FT911-1-326	905	0.0000000000
353	FT911-1-327	906	0.0000000000
353	FT911-1-328	907	0.0000000000
353	FT911-1-329	908	0.0000000000
353	FT911-1-330	909	0.0000000000
353	FT911-1-331	910	0.0000000000
353	FT911-1-332	911	0.0000000000
353	FT911-1-334	912	0.0000000000
353	FT911-1-335	913	0.0000000000
353	FT911-1-336	914	0.0000000000
353	FT911-1-337	915	0.0000000000
353	FT911-1-338	916	0.0000000000
353	FT911-1-339	917	0.0000000000
353	FT911-1-340	918	0.0000000000
353	FT911-1-341	919	0.0000000000
353	FT911-1-343	920	0.0000000000
353	FT911-1-344	921	0.0000000000
353	FT911-1-346	922	0.0000000000
353	FT911-1-348	923	0.0000000000
353	FT911-1-349	924	0.0000000000
353	FT911-1-350	925	0.0000000000
353	FT911-1-351	926	0.0000000000
353	FT911-1-353	927	0.0000000000
353	FT911-1-354	928	0.0000000000
353	FT911-1-355	929	0.0000000000
353	FT911-1-356	930	0.0000000000
353	FT911-1-357	931	0.0000000000
353	FT911-1-358	932	0.0000000000
353	FT911-1-359	933	0.0000000000
353	FT911-1-360	934	0.0000000000
353	FT911-1-361	935	0.0000000000
353	FT911-1-362	936	0.0000000000
353	FT911-1-363	937	0.0000000000
353	FT911-1-364	938	0.0000000000
353	FT911-1-365	939	0.0000000000
353	FT911-1-366	940	0.0000000000
353	FT911-1-367	941	0.0000000000
353	FT911-1-368	942	0.0000000000
353	FT911-1-369	943	0.0000000000
353	FT911-1-370	944	0.0000000000
353	FT911-1-372	945	0.0000000000
353	FT911-1-373	946	0.0000000000
353	FT911-1-375	947	0.0000000000
353	FT911-2-376	948	0.0000000000
353	FT911-2-377	949	0.0000000000
353	FT911-2-378	950	0.0000000000
353	FT911-2-379	951	0.0000000000
353	FT911-2-380	952	0.0000000000
353	FT911-2-381	953	0.0000000000
353	FT911-2-382	954	0.0000000000
353	FT911-2-383	955	0.0000000000
353	FT911-2-384	956	0.0000000000
353	FT911-2-385	957	0.0000000000
353	FT911-2-386	958	0.0000000000
353	FT911-2-388	959	0.0000000000
353	FT911-2-389	960	0.0000000000
353	FT911-2-390	961	0.0000000000
353	FT911-2-391	962	0.0000000000
353	FT911-2-392	963	0.0000000000
353	FT911-2-393	964	0.0000000000
353	FT911-2-395	965	0.0000000000
353	FT911-2-396	966	0.0000000000
353	FT911-2-397	967	0.0000000000
353	FT911-2-398	968	0.0000000000
353	FT911-2-399	969	0.0000000000
353	FT911-2-400	970	0.0000000000
353	FT911-2-402	971	0.0000000000
353	FT911-2-403	972	0.0000000000
353	FT911-2-404	973	0.0000000000
353	FT911-2-405	974	0.0000000000
353	FT911-2-406	975	0.0000000000
353	FT911-2-407	976	0.0000000000
353	FT911-2-408	977	0.0000000000
353	FT911-2-409	978	0.0000000000
353	FT911-2-410	979	0.0000000000
353	FT911-2-412	980	0.0000000000
353	FT911-2-413	981	0.0000000000
353	FT911-2-414	982	0.0000000000
353	FT911-2-415	983	0.0000000000
353	FT911-2-416	984	0.0000000000
353	FT911-2-417	985	0.0000000000
353	FT911-2-418	986	0.0000000000
353	FT911-2-419	987	0.0000000000
353	FT911-2-420	988	0.0000000000
353	FT911-2-421	989	0.0000000000
353	FT911-2-422	990	0.0000000000
353	FT911-2-423	991	0.0000000000
353	FT911-2-424	992	0.0000000000
353	FT911-2-425	993	0.0000000000
353	FT911-2-426	994	0.0000000000
353	FT911-2-427	995	0.0000000000
353	FT911-2-428	996	0.0000000000
353	FT911-2-429	997	0.0000000000
353	FT911-2-430	998	0.0000000000
353	FT911-2-431	999	0.0000000000
353	FT911-2-432	1000	0.0000000000
353	FT911-2-433	1001	0.0000000000
353	FT911-2-434	1002	0.0000000000
353	FT911-2-435	1003	0.0000000000
353	FT911-2-436	1004	0.0000000000
353	FT911-2-438	1005	0.0000000000
353	FT911-2-439	1006	0.0000000000
353	FT911-2-440	1007	0.0000000000
353	FT911-2-441	1008	0.0000000000
353	FT911-2-442	1009	0.0000000000
353	FT911-2-443	1010	0.0000000000
353	FT911-2-444	1011	0.0000000000
353	FT911-2-445	1012	0.0000000000
353	FT911-2-446	1013	0.0000000000
353	FT911-2-447	1014	0.0000000000
353	FT911-2-448	1015	0.0000000000
353	FT911-2-449	1016	0.0000000000
353	FT911-2-450	1017	0.0000000000
353	FT911-2-451	1018	0.0000000000
353	FT911-2-452	1019	0.0000000000
353	FT911-2-453	1020	0.0000000000
353	FT911-2-454	1021	0.0000000000
353	FT911-2-455	1022	0.0000000000
353	FT911-2-456	1023	0.0000000000
353	FT911-2-457	1024	0.0000000000
353	FT911-2-458	1025	0.0000000000
353	FT911-2-459	1026	0.0000000000
353	FT911-2-460	1027	0.0000000000
353	FT911-2-462	1028	0.0000000000
353	FT911-2-463	1029	0.0000000000
353	FT911-2-464	1030	0.0000000000
353	FT911-2-466	1031	0.0000000000
353	FT911-2-467	1032	0.0000000000
353	FT911-2-468	1033	0.0000000000
353	FT911-2-469	1034	0.0000000000
353	FT911-2-470	1035	0.0000000000
353	FT911-2-471	1036	0.0000000000
353	FT911-2-473	1037	0.0000000000
353	FT911-2-474	1038	0.0000000000
353	FT911-2-475	1039	0.0000000000
353	FT911-2-476	1040	0.0000000000
353	FT911-2-477	1041	0.0000000000
353	FT911-2-478	1042	0.0000000000
353	FT911-2-479	1043	0.0000000000
353	FT911-2-480	1044	0.0000000000
353	FT911-2-481	1045	0.0000000000
353	FT911-2-482	1046	0.0000000000
353	FT911-2-483	1047	0.0000000000
353	FT911-2-484	1048	0.0000000000
353	FT911-2-485	1049	0.0000000000
353	FT911-2-486	1050	0.0000000000
353	FT911-2-487	1051	0.0000000000
353	FT911-2-488	1052	0.0000000000
353	FT911-2-490	1053	0.0000000000
353	FT911-2-491	1054	0.0000000000
353	FT911-2-492	1055	0.0000000000
353	FT911-2-494	1056	0.0000000000
353	FT911-2-495	1057	0.0000000000
353	FT911-2-496	1058	0.0000000000
353	FT911-2-497	1059	0.0000000000
353	FT911-2-498	1060	0.0000000000
353	FT911-2-499	1061	0.0000000000
353	FT911-2-501	1062	0.0000000000
353	FT911-2-502	1063	0.0000000000
353	FT911-2-503	1064	0.0000000000
353	FT911-2-504	1065	0.0000000000
353	FT911-2-505	1066	0.0000000000
353	FT911-2-507	1067	0.0000000000
353	FT911-2-508	1068	0.0000000000
353	FT911-2-509	1069	0.0000000000
353	FT911-2-510	1070	0.0000000000
353	FT911-2-511	1071	0.0000000000
353	FT911-2-513	1072	0.0000000000
353	FT911-2-514	1073	0.0000000000
353	FT911-2-516	1074	0.0000000000
353	FT911-2-517	1075	0.0000000000
353	FT911-2-518	1076	0.0000000000
353	FT911-2-519	1077	0.0000000000
353	FT911-2-520	1078	0.0000000000
353	FT911-2-521	1079	0.0000000000
353	FT911-2-522	1080	0.0000000000
353	FT911-2-523	1081	0.0000000000
353	FT911-2-524	1082	0.0000000000
353	FT911-2-526	1083	0.0000000000
353	FT911-2-527	1084	0.0000000000
353	FT911-2-528	1085	0.0000000000
353	FT911-2-529	1086	0.0000000000
353	FT911-2-530	1087	0.0000000000
353	FT911-2-531	1088	0.0000000000
353	FT911-2-532	1089	0.0000000000
353	FT911-2-533	1090	0.0000000000
353	FT911-2-534	1091	0.0000000000
353	FT911-2-535	1092	0.0000000000
353	FT911-2-537	1093	0.0000000000
353	FT911-2-538	1094	0.0000000000
353	FT911-2-539	1095	0.0000000000
353	FT911-2-540	1096	0.0000000000
353	FT911-2-541	1097	0.0000000000
353	FT911-2-542	1098	0.0000000000
353	FT911-2-543	1099	0.0000000000
353	FT911-2-544	1100	0.0000000000
353	FT911-2-545	1101	0.0000000000
353	FT911-2-546	1102	0.0000000000
353	FT911-2-547	1103	0.0000000000
353	FT911-2-548	1104	0.0000000000
353	FT911-2-549	1105	0.0000000000
353	FT911-2-550	1106	0.0000000000
353	FT911-2-551	1107	0.0000000000
353	FT911-2-552	1108	0.0000000000
353	FT911-2-553	1109	0.0000000000
353	FT911-2-554	1110	0.0000000000
353	FT911-2-555	1111	0.0000000000
353	FT911-2-556	1112	0.0000000000
353	FT911-2-560	1113	0.0000000000
353	FT911-2-561	1114	0.0000000000
353	FT911-2-562	1115	0.0000000000
353	FT911-2-563	1116	0.0000000000
353	FT911-2-566	1117	0.0000000000
353	FT911-2-567	1118	0.0000000000
353	FT911-2-568	1119	0.0000000000
353	FT911-2-569	1120	0.0000000000
353	FT911-2-570	1121	0.0000000000
353	FT911-2-571	1122	0.0000000000
353	FT911-2-572	1123	0.0000000000
353	FT911-2-573	1124	0.0000000000
353	FT911-2-574	1125	0.0000000000
353	FT911-2-575	1126	0.0000000000
353	FT911-2-576	1127	0.0000000000
353	FT911-2-577	1128	0.0000000000
353	FT911-2-578	1129	0.0000000000
353	FT911-2-579	1130	0.0000000000
353	FT911-2-580	1131	0.0000000000
353	FT911-2-581	1132	0.0000000000
353	FT911-2-582	1133	0.0000000000
353	FT911-2-583	1134	0.0000000000
353	FT911-2-584	1135	0.0000000000
353	FT911-2-585	1136	0.0000000000
353	FT911-2-586	1137	0.0000000000
353	FT911-2-588	1138	0.0000000000
353	FT911-2-589	1139	0.0000000000
353	FT911-2-590	1140	0.0000000000
353	FT911-2-591	1141	0.0000000000
353	FT911-2-592	1142	0.0000000000
353	FT911-2-593	1143	0.0000000000
353	FT911-2-594	1144	0.0000000000
353	FT911-2-595	1145	0.0000000000
353	FT911-2-596	1146	0.0000000000
353	FT911-2-598	1147	0.0000000000
353	FT911-2-599	1148	0.0000000000
353	FT911-2-600	1149	0.0000000000
353	FT911-2-601	1150	0.0000000000
353	FT911-2-602	1151	0.0000000000
353	FT911-2-603	1152	0.0000000000
353	FT911-2-604	1153	0.0000000000
353	FT911-2-605	1154	0.0000000000
353	FT911-2-606	1155	0.0000000000
353	FT911-2-607	1156	0.0000000000
353	FT911-2-608	1157	0.0000000000
353	FT911-2-609	1158	0.0000000000
353	FT911-2-610	1159	0.0000000000
353	FT911-2-611	1160	0.0000000000
353	FT911-2-613	1161	0.0000000000
353	FT911-2-614	1162	0.0000000000
353	FT911-2-615	1163	0.0000000000
353	FT911-2-616	1164	0.0000000000
353	FT911-2-617	1165	0.0000000000
353	FT911-2-618	1166	0.0000000000
353	FT911-2-620	1167	0.0000000000
353	FT911-2-621	1168	0.0000000000
353	FT911-2-622	1169	0.0000000000
353	FT911-2-624	1170	0.0000000000
353	FT911-2-626	1171	0.0000000000
353	FT911-2-628	1172	0.0000000000
353	FT911-2-629	1173	0.0000000000
353	FT911-2-630	1174	0.0000000000
353	FT911-2-631	1175	0.0000000000
353	FT911-2-634	1176	0.0000000000
353	FT911-2-635	1177	0.0000000000
353	FT911-2-637	1178	0.0000000000
353	FT911-2-638	1179	0.0000000000
353	FT911-2-639	1180	0.0000000000
353	FT911-2-641	1181	0.0000000000
353	FT911-2-642	1182	0.0000000000
353	FT911-2-643	1183	0.0000000000
353	FT911-2-644	1184	0.0000000000
353	FT911-2-645	1185	0.0000000000
353	FT911-2-646	1186	0.0000000000
353	FT911-2-647	1187	0.0000000000
353	FT911-2-648	1188	0.0000000000
353	FT911-2-649	1189	0.0000000000
353	FT911-2-650	1190	0.0000000000
353	FT911-2-652	1191	0.0000000000
353	FT911-2-653	1192	0.0000000000
353	FT911-2-654	1193	0.0000000000
353	FT911-2-656	1194	0.0000000000
353	FT911-2-657	1195	0.0000000000
353	FT911-2-659	1196	0.0000000000
353	FT911-2-660	1197	0.0000000000
353	FT911-2-661	1198	0.0000000000
353	FT911-2-662	1199	0.0000000000
353	FT911-2-663	1200	0.0000000000
353	FT911-2-664	1201	0.0000000000
353	FT911-2-666	1202	0.0000000000
353	FT911-2-667	1203	0.0000000000
353	FT911-2-668	1204	0.0000000000
353	FT911-2-669	1205	0.0000000000
353	FT911-2-670	1206	0.0000000000
353	FT911-2-671	1207	0.0000000000
353	FT911-2-672	1208	0.0000000000
353	FT911-2-673	1209	0.0000000000
353	FT911-2-674	1210	0.0000000000
353	FT911-2-675	1211	0.0000000000
353	FT911-2-677	1212	0.0000000000
353	FT911-2-678	1213	0.0000000000
353	FT911-2-679	1214	0.0000000000
353	FT911-2-680	1215	0.0000000000
353	FT911-2-682	1216	0.0000000000
353	FT911-2-683	1217	0.0000000000
353	FT911-2-684	1218	0.0000000000
353	FT911-2-685	1219	0.0000000000
353	FT911-2-686	1220	0.0000000000
353	FT911-2-687	1221	0.0000000000
353	FT911-2-688	1222	0.0000000000
353	FT911-2-689	1223	0.0000000000
353	FT911-2-690	1224	0.0000000000
353	FT911-2-691	1225	0.0000000000
353	FT911-2-692	1226	0.0000000000
353	FT911-2-693	1227	0.0000000000
353	FT911-2-694	1228	0.0000000000
353	FT911-2-695	1229	0.0000000000
353	FT911-2-696	1230	0.0000000000
353	FT911-2-697	1231	0.0000000000
353	FT911-2-698	1232	0.0000000000
353	FT911-2-700	1233	0.0000000000
353	FT911-2-701	1234	0.0000000000
353	FT911-2-702	1235	0.0000000000
353	FT911-2-703	1236	0.0000000000
353	FT911-2-704	1237	0.0000000000
353	FT911-2-706	1238	0.0000000000
353	FT911-2-708	1239	0.0000000000
353	FT911-2-709	1240	0.0000000000
353	FT911-2-710	1241	0.0000000000
353	FT911-2-711	1242	0.0000000000
353	FT911-2-712	1243	0.0000000000
353	FT911-2-713	1244	0.0000000000
353	FT911-2-714	1245	0.0000000000
353	FT911-2-715	1246	0.0000000000
353	FT911-2-716	1247	0.0000000000
353	FT911-2-717	1248	0.0000000000
353	FT911-2-718	1249	0.0000000000
353	FT911-2-719	1250	0.0000000000
353	FT911-2-720	1251	0.0000000000
353	FT911-2-721	1252	0.0000000000
353	FT911-3-722	1253	0.0000000000
353	FT911-3-723	1254	0.0000000000
353	FT911-3-724	1255	0.0000000000
353	FT911-3-725	1256	0.0000000000
353	FT911-3-726	1257	0.0000000000
353	FT911-3-727	1258	0.0000000000
353	FT911-3-728	1259	0.0000000000
353	FT911-3-729	1260	0.0000000000
353	FT911-3-731	1261	0.0000000000
353	FT911-3-732	1262	0.0000000000
353	FT911-3-733	1263	0.0000000000
353	FT911-3-734	1264	0.0000000000
353	FT911-3-735	1265	0.0000000000
353	FT911-3-736	1266	0.0000000000
353	FT911-3-737	1267	0.0000000000
353	FT911-3-739	1268	0.0000000000
353	FT911-3-740	1269	0.0000000000
353	FT911-3-741	1270	0.0000000000
353	FT911-3-742	1271	0.0000000000
353	FT911-3-743	1272	0.0000000000
353	FT911-3-744	1273	0.0000000000
353	FT911-3-745	1274	0.0000000000
353	FT911-3-746	1275	0.0000000000
353	FT911-3-747	1276	0.0000000000
353	FT911-3-748	1277	0.0000000000
353	FT911-3-749	1278	0.0000000000
353	FT911-3-750	1279	0.0000000000
353	FT911-3-751	1280	0.0000000000
353	FT911-3-753	1281	0.0000000000
353	FT911-3-754	1282	0.0000000000
353	FT911-3-755	1283	0.0000000000
353	FT911-3-756	1284	0.0000000000
353	FT911-3-757	1285	0.0000000000
353	FT911-3-758	1286	0.0000000000
353	FT911-3-759	1287	0.0000000000
353	FT911-3-760	1288	0.0000000000
353	FT911-3-761	1289	0.0000000000
353	FT911-3-762	1290	0.0000000000
353	FT911-3-763	1291	0.0000000000
353	FT911-3-764	1292	0.0000000000
353	FT911-3-765	1293	0.0000000000
353	FT911-3-766	1294	0.0000000000
353	FT911-3-767	1295	0.0000000000
353	FT911-3-768	1296	0.0000000000
353	FT911-3-769	1297	0.0000000000
353	FT911-3-770	1298	0.0000000000
353	FT911-3-771	1299	0.0000000000
353	FT911-3-772	1300	0.0000000000
353	FT911-3-773	1301	0.0000000000
353	FT911-3-774	1302	0.0000000000
353	FT911-3-775	1303	0.0000000000
353	FT911-3-776	1304	0.0000000000
353	FT911-3-777	1305	0.0000000000
353	FT911-3-778	1306	0.0000000000
353	FT911-3-779	1307	0.0000000000
353	FT911-3-780	1308	0.0000000000
353	FT911-3-782	1309	0.0000000000
353	FT911-3-784	1310	0.0000000000
353	FT911-3-785	1311	0.0000000000
353	FT911-3-786	1312	0.0000000000
353	FT911-3-787	1313	0.0000000000
353	FT911-3-788	1314	0.0000000000
353	FT911-3-789	1315	0.0000000000
353	FT911-3-790	1316	0.0000000000
353	FT911-3-791	1317	0.0000000000
353	FT911-3-792	1318	0.0000000000
353	FT911-3-793	1319	0.0000000000
353	FT911-3-794	1320	0.0000000000
353	FT911-3-795	1321	0.0000000000
353	FT911-3-796	1322	0.0000000000
353	FT911-3-797	1323	0.0000000000
353	FT911-3-798	1324	0.0000000000
353	FT911-3-799	1325	0.0000000000
353	FT911-3-800	1326	0.0000000000
353	FT911-3-801	1327	0.0000000000
353	FT911-3-802	1328	0.0000000000
353	FT911-3-803	1329	0.0000000000
353	FT911-3-804	1330	0.0000000000
353	FT911-3-805	1331	0.0000000000
353	FT911-3-806	1332	0.0000000000
353	FT911-3-807	1333	0.0000000000
353	FT911-3-808	1334	0.0000000000
353	FT911-3-809	1335	0.0000000000
353	FT911-3-811	1336	0.0000000000
353	FT911-3-812	1337	0.0000000000
353	FT911-3-813	1338	0.0000000000
353	FT911-3-814	1339	0.0000000000
353	FT911-3-815	1340	0.0000000000
353	FT911-3-816	1341	0.0000000000
353	FT911-3-817	1342	0.0000000000
353	FT911-3-818	1343	0.0000000000
353	FT911-3-819	1344	0.0000000000
353	FT911-3-820	1345	0.0000000000
353	FT911-3-821	1346	0.0000000000
353	FT911-3-822	1347	0.0000000000
353	FT911-3-823	1348	0.0000000000
353	FT911-3-824	1349	0.0000000000
353	FT911-3-827	1350	0.0000000000
353	FT911-3-828	1351	0.0000000000
353	FT911-3-830	1352	0.0000000000
353	FT911-3-831	1353	0.0000000000
353	FT911-3-832	1354	0.0000000000
353	FT911-3-833	1355	0.0000000000
353	FT911-3-834	1356	0.0000000000
353	FT911-3-835	1357	0.0000000000
353	FT911-3-836	1358	0.0000000000
353	FT911-3-837	1359	0.0000000000
353	FT911-3-838	1360	0.0000000000
353	FT911-3-839	1361	0.0000000000
353	FT911-3-840	1362	0.0000000000
353	FT911-3-841	1363	0.0000000000
353	FT911-3-844	1364	0.0000000000
353	FT911-3-847	1365	0.0000000000
353	FT911-3-848	1366	0.0000000000
353	FT911-3-849	1367	0.0000000000
353	FT911-3-850	1368	0.0000000000
353	FT911-3-851	1369	0.0000000000
353	FT911-3-852	1370	0.0000000000
353	FT911-3-854	1371	0.0000000000
353	FT911-3-855	1372	0.0000000000
353	FT911-3-856	1373	0.0000000000
353	FT911-3-858	1374	0.0000000000
353	FT911-3-859	1375	0.0000000000
353	FT911-3-860	1376	0.0000000000
353	FT911-3-861	1377	0.0000000000
353	FT911-3-862	1378	0.0000000000
353	FT911-3-863	1379	0.0000000000
353	FT911-3-864	1380	0.0000000000
353	FT911-3-866	1381	0.0000000000
353	FT911-3-867	1382	0.0000000000
353	FT911-3-868	1383	0.0000000000
353	FT911-3-869	1384	0.0000000000
353	FT911-3-870	1385	0.0000000000
353	FT911-3-871	1386	0.0000000000
353	FT911-3-872	1387	0.0000000000
353	FT911-3-873	1388	0.0000000000
353	FT911-3-874	1389	0.0000000000
353	FT911-3-875	1390	0.0000000000
353	FT911-3-876	1391	0.0000000000
353	FT911-3-877	1392	0.0000000000
353	FT911-3-878	1393	0.0000000000
353	FT911-3-879	1394	0.0000000000
353	FT911-3-880	1395	0.0000000000
353	FT911-3-881	1396	0.0000000000
353	FT911-3-882	1397	0.0000000000
353	FT911-3-884	1398	0.0000000000
353	FT911-3-885	1399	0.0000000000
353	FT911-3-886	1400	0.0000000000
353	FT911-3-887	1401	0.0000000000
353	FT911-3-888	1402	0.0000000000
353	FT911-3-889	1403	0.0000000000
353	FT911-3-890	1404	0.0000000000
353	FT911-3-892	1405	0.0000000000
353	FT911-3-893	1406	0.0000000000
353	FT911-3-894	1407	0.0000000000
353	FT911-3-895	1408	0.0000000000
353	FT911-3-896	1409	0.0000000000
353	FT911-3-898	1410	0.0000000000
353	FT911-3-899	1411	0.0000000000
353	FT911-3-900	1412	0.0000000000
353	FT911-3-901	1413	0.0000000000
353	FT911-3-902	1414	0.0000000000
353	FT911-3-903	1415	0.0000000000
353	FT911-3-904	1416	0.0000000000
353	FT911-3-905	1417	0.0000000000
353	FT911-3-907	1418	0.0000000000
353	FT911-3-908	1419	0.0000000000
353	FT911-3-909	1420	0.0000000000
353	FT911-3-910	1421	0.0000000000
353	FT911-3-912	1422	0.0000000000
353	FT911-3-913	1423	0.0000000000
353	FT911-3-914	1424	0.0000000000
353	FT911-3-915	1425	0.0000000000
353	FT911-3-916	1426	0.0000000000
353	FT911-3-917	1427	0.0000000000
353	FT911-3-918	1428	0.0000000000
353	FT911-3-919	1429	0.0000000000
353	FT911-3-920	1430	0.0000000000
353	FT911-3-921	1431	0.0000000000
353	FT911-3-922	1432	0.0000000000
353	FT911-3-924	1433	0.0000000000
353	FT911-3-925	1434	0.0000000000
353	FT911-3-926	1435	0.0000000000
353	FT911-3-927	1436	0.0000000000
353	FT911-3-928	1437	0.0000000000
353	FT911-3-929	1438	0.0000000000
353	FT911-3-930	1439	0.0000000000
353	FT911-3-931	1440	0.0000000000
353	FT911-3-932	1441	0.0000000000
353	FT911-3-933	1442	0.0000000000
353	FT911-3-934	1443	0.0000000000
353	FT911-3-935	1444	0.0000000000
353	FT911-3-936	1445	0.0000000000
353	FT911-3-937	1446	0.0000000000
353	FT911-3-938	1447	0.0000000000
353	FT911-3-939	1448	0.0000000000
353	FT911-3-940	1449	0.0000000000
353	FT911-3-941	1450	0.0000000000
353	FT911-3-942	1451	0.0000000000
353	FT911-3-944	1452	0.0000000000
353	FT911-3-945	1453	0.0000000000
353	FT911-3-946	1454	0.0000000000
353	FT911-3-947	1455	0.0000000000
353	FT911-3-949	1456	0.0000000000
353	FT911-3-950	1457	0.0000000000
353	FT911-3-951	1458	0.0000000000
353	FT911-3-952	1459	0.0000000000
353	FT911-3-953	1460	0.0000000000
353	FT911-3-954	1461	0.0000000000
353	FT911-3-955	1462	0.0000000000
353	FT911-3-956	1463	0.0000000000
353	FT911-3-957	1464	0.0000000000
353	FT911-3-958	1465	0.0000000000
353	FT911-3-959	1466	0.0000000000
353	FT911-3-960	1467	0.0000000000
353	FT911-3-962	1468	0.0000000000
353	FT911-3-963	1469	0.0000000000
353	FT911-3-964	1470	0.0000000000
353	FT911-3-965	1471	0.0000000000
353	FT911-3-967	1472	0.0000000000
353	FT911-3-968	1473	0.0000000000
353	FT911-3-970	1474	0.0000000000
353	FT911-3-971	1475	0.0000000000
353	FT911-3-972	1476	0.0000000000
353	FT911-3-973	1477	0.0000000000
353	FT911-3-974	1478	0.0000000000
353	FT911-3-976	1479	0.0000000000
353	FT911-3-977	1480	0.0000000000
353	FT911-3-978	1481	0.0000000000
353	FT911-3-980	1482	0.0000000000
353	FT911-3-982	1483	0.0000000000
353	FT911-3-983	1484	0.0000000000
353	FT911-3-984	1485	0.0000000000
353	FT911-3-985	1486	0.0000000000
353	FT911-3-986	1487	0.0000000000
353	FT911-3-987	1488	0.0000000000
353	FT911-3-989	1489	0.0000000000
353	FT911-3-990	1490	0.0000000000
353	FT911-3-991	1491	0.0000000000
353	FT911-3-992	1492	0.0000000000
353	FT911-3-993	1493	0.0000000000
353	FT911-3-994	1494	0.0000000000
353	FT911-3-995	1495	0.0000000000
353	FT911-3-996	1496	0.0000000000
353	FT911-3-997	1497	0.0000000000
353	FT911-3-998	1498	0.0000000000
353	FT911-3-999	1499	0.0000000000
353	FT911-3-1000	1500	0.0000000000
353	FT911-3-1001	1501	0.0000000000
353	FT911-3-1002	1502	0.0000000000
353	FT911-3-1003	1503	0.0000000000
353	FT911-3-1004	1504	0.0000000000
353	FT911-3-1006	1505	0.0000000000
353	FT911-3-1007	1506	0.0000000000
353	FT911-3-1008	1507	0.0000000000
353	FT911-3-1009	1508	0.0000000000
353	FT911-3-1010	1509	0.0000000000
353	FT911-3-1011	1510	0.0000000000
353	FT911-3-1012	1511	0.0000000000
353	FT911-3-1015	1512	0.0000000000
353	FT911-3-1016	1513	0.0000000000
353	FT911-3-1017	1514	0.0000000000
353	FT911-3-1018	1515	0.0000000000
353	FT911-3-1019	1516	0.0000000000
353	FT911-3-1020	1517	0.0000000000
353	FT911-3-1021	1518	0.0000000000
353	FT911-3-1022	1519	0.0000000000
353	FT911-3-1023	1520	0.0000000000
353	FT911-3-1024	1521	0.0000000000
353	FT911-3-1025	1522	0.0000000000
353	FT911-3-1026	1523	0.0000000000
353	FT911-3-1027	1524	0.0000000000
353	FT911-3-1028	1525	0.0000000000
353	FT911-3-1029	1526	0.0000000000
353	FT911-3-1030	1527	0.0000000000
353	FT911-3-1032	1528	0.0000000000
353	FT911-3-1033	1529	0.0000000000
353	FT911-3-1034	1530	0.0000000000
353	FT911-3-1035	1531	0.0000000000
353	FT911-3-1036	1532	0.0000000000
353	FT911-3-1037	1533	0.0000000000
353	FT911-3-1039	1534	0.0000000000
353	FT911-3-1040	1535	0.0000000000
353	FT911-3-1041	1536	0.0000000000
353	FT911-3-1042	1537	0.0000000000
353	FT911-3-1043	1538	0.0000000000
353	FT911-3-1044	1539	0.0000000000
353	FT911-3-1045	1540	0.0000000000
353	FT911-3-1046	1541	0.0000000000
353	FT911-3-1047	1542	0.0000000000
353	FT911-3-1048	1543	0.0000000000
353	FT911-3-1049	1544	0.0000000000
353	FT911-3-1050	1545	0.0000000000
353	FT911-3-1051	1546	0.0000000000
353	FT911-3-1052	1547	0.0000000000
353	FT911-3-1053	1548	0.0000000000
353	FT911-3-1054	1549	0.0000000000
353	FT911-3-1055	1550	0.0000000000
353	FT911-3-1056	1551	0.0000000000
353	FT911-3-1057	1552	0.0000000000
353	FT911-3-1058	1553	0.0000000000
353	FT911-3-1059	1554	0.0000000000
353	FT911-3-1060	1555	0.0000000000
353	FT911-3-1061	1556	0.0000000000
353	FT911-3-1062	1557	0.0000000000
353	FT911-3-1063	1558	0.0000000000
353	FT911-3-1064	1559	0.0000000000
353	FT911-3-1068	1560	0.0000000000
353	FT911-3-1069	1561	0.0000000000
353	FT911-3-1073	1562	0.0000000000
353	FT911-3-1074	1563	0.0000000000
353	FT911-3-1075	1564	0.0000000000
353	FT911-3-1076	1565	0.0000000000
353	FT911-3-1077	1566	0.0000000000
353	FT911-3-1078	1567	0.0000000000
353	FT911-3-1079	1568	0.0000000000
353	FT911-3-1080	1569	0.0000000000
353	FT911-3-1081	1570	0.0000000000
353	FT911-3-1082	1571	0.0000000000
353	FT911-3-1083	1572	0.0000000000
353	FT911-3-1085	1573	0.0000000000
353	FT911-3-1086	1574	0.0000000000
353	FT911-3-1087	1575	0.0000000000
353	FT911-3-1088	1576	0.0000000000
353	FT911-3-1089	1577	0.0000000000
353	FT911-3-1090	1578	0.0000000000
353	FT911-3-1093	1579	0.0000000000
353	FT911-3-1094	1580	0.0000000000
353	FT911-3-1095	1581	0.0000000000
353	FT911-3-1096	1582	0.0000000000
353	FT911-3-1097	1583	0.0000000000
353	FT911-4-1099	1584	0.0000000000
353	FT911-4-1100	1585	0.0000000000
353	FT911-4-1101	1586	0.0000000000
353	FT911-4-1102	1587	0.0000000000
353	FT911-4-1103	1588	0.0000000000
353	FT911-4-1104	1589	0.0000000000
353	FT911-4-1106	1590	0.0000000000
353	FT911-4-1107	1591	0.0000000000
353	FT911-4-1108	1592	0.0000000000
353	FT911-4-1109	1593	0.0000000000
353	FT911-4-1110	1594	0.0000000000
353	FT911-4-1111	1595	0.0000000000
353	FT911-4-1112	1596	0.0000000000
353	FT911-4-1113	1597	0.0000000000
353	FT911-4-1114	1598	0.0000000000
353	FT911-4-1115	1599	0.0000000000
353	FT911-4-1116	1600	0.0000000000
353	FT911-4-1117	1601	0.0000000000
353	FT911-4-1118	1602	0.0000000000
353	FT911-4-1119	1603	0.0000000000
353	FT911-4-1120	1604	0.0000000000
353	FT911-4-1122	1605	0.0000000000
353	FT911-4-1124	1606	0.0000000000
353	FT911-4-1125	1607	0.0000000000
353	FT911-4-1126	1608	0.0000000000
353	FT911-4-1127	1609	0.0000000000
353	FT911-4-1128	1610	0.0000000000
353	FT911-4-1130	1611	0.0000000000
353	FT911-4-1131	1612	0.0000000000
353	FT911-4-1132	1613	0.0000000000
353	FT911-4-1133	1614	0.0000000000
353	FT911-4-1134	1615	0.0000000000
353	FT911-4-1135	1616	0.0000000000
353	FT911-4-1136	1617	0.0000000000
353	FT911-4-1137	1618	0.0000000000
353	FT911-4-1140	1619	0.0000000000
353	FT911-4-1144	1620	0.0000000000
353	FT911-4-1146	1621	0.0000000000
353	FT911-4-1147	1622	0.0000000000
353	FT911-4-1148	1623	0.0000000000
353	FT911-4-1149	1624	0.0000000000
353	FT911-4-1150	1625	0.0000000000
353	FT911-4-1151	1626	0.0000000000
353	FT911-4-1152	1627	0.0000000000
353	FT911-4-1153	1628	0.0000000000
353	FT911-4-1155	1629	0.0000000000
353	FT911-4-1156	1630	0.0000000000
353	FT911-4-1157	1631	0.0000000000
353	FT911-4-1158	1632	0.0000000000
353	FT911-4-1160	1633	0.0000000000
353	FT911-4-1161	1634	0.0000000000
353	FT911-4-1164	1635	0.0000000000
353	FT911-4-1165	1636	0.0000000000
353	FT911-4-1166	1637	0.0000000000
353	FT911-4-1168	1638	0.0000000000
353	FT911-4-1169	1639	0.0000000000
353	FT911-4-1170	1640	0.0000000000
353	FT911-4-1172	1641	0.0000000000
353	FT911-4-1173	1642	0.0000000000
353	FT911-4-1174	1643	0.0000000000
353	FT911-4-1175	1644	0.0000000000
353	FT911-4-1176	1645	0.0000000000
353	FT911-4-1177	1646	0.0000000000
353	FT911-4-1178	1647	0.0000000000
353	FT911-4-1179	1648	0.0000000000
353	FT911-4-1180	1649	0.0000000000
353	FT911-4-1181	1650	0.0000000000
353	FT911-4-1182	1651	0.0000000000
353	FT911-4-1183	1652	0.0000000000
353	FT911-4-1184	1653	0.0000000000
353	FT911-4-1185	1654	0.0000000000
353	FT911-4-1186	1655	0.0000000000
353	FT911-4-1187	1656	0.0000000000
353	FT911-4-1188	1657	0.0000000000
353	FT911-4-1189	1658	0.0000000000
353	FT911-4-1190	1659	0.0000000000
353	FT911-4-1191	1660	0.0000000000
353	FT911-4-1192	1661	0.0000000000
353	FT911-4-1193	1662	0.0000000000
353	FT911-4-1194	1663	0.0000000000
353	FT911-4-1195	1664	0.0000000000
353	FT911-4-1196	1665	0.0000000000
353	FT911-4-1197	1666	0.0000000000
353	FT911-4-1198	1667	0.0000000000
353	FT911-4-1199	1668	0.0000000000
353	FT911-4-1200	1669	0.0000000000
353	FT911-4-1201	1670	0.0000000000
353	FT911-4-1202	1671	0.0000000000
353	FT911-4-1203	1672	0.0000000000
353	FT911-4-1204	1673	0.0000000000
353	FT911-4-1205	1674	0.0000000000
353	FT911-4-1206	1675	0.0000000000
353	FT911-4-1207	1676	0.0000000000
353	FT911-4-1208	1677	0.0000000000
353	FT911-4-1209	1678	0.0000000000
353	FT911-4-1210	1679	0.0000000000
353	FT911-4-1211	1680	0.0000000000
353	FT911-4-1212	1681	0.0000000000
353	FT911-4-1213	1682	0.0000000000
353	FT911-4-1214	1683	0.0000000000
353	FT911-4-1215	1684	0.0000000000
353	FT911-4-1216	1685	0.0000000000
353	FT911-4-1217	1686	0.0000000000
353	FT911-4-1218	1687	0.0000000000
353	FT911-4-1219	1688	0.0000000000
353	FT911-4-1221	1689	0.0000000000
353	FT911-4-1222	1690	0.0000000000
353	FT911-4-1223	1691	0.0000000000
353	FT911-4-1224	1692	0.0000000000
353	FT911-4-1225	1693	0.0000000000
353	FT911-4-1226	1694	0.0000000000
353	FT911-4-1227	1695	0.0000000000
353	FT911-4-1228	1696	0.0000000000
353	FT911-4-1229	1697	0.0000000000
353	FT911-4-1230	1698	0.0000000000
353	FT911-4-1231	1699	0.0000000000
353	FT911-4-1232	1700	0.0000000000
353	FT911-4-1233	1701	0.0000000000
353	FT911-4-1234	1702	0.0000000000
353	FT911-4-1235	1703	0.0000000000
353	FT911-4-1236	1704	0.0000000000
353	FT911-4-1238	1705	0.0000000000
353	FT911-4-1239	1706	0.0000000000
353	FT911-4-1240	1707	0.0000000000
353	FT911-4-1241	1708	0.0000000000
353	FT911-4-1243	1709	0.0000000000
353	FT911-4-1244	1710	0.0000000000
353	FT911-4-1245	1711	0.0000000000
353	FT911-4-1246	1712	0.0000000000
353	FT911-4-1247	1713	0.0000000000
353	FT911-4-1248	1714	0.0000000000
353	FT911-4-1249	1715	0.0000000000
353	FT911-4-1250	1716	0.0000000000
353	FT911-4-1251	1717	0.0000000000
353	FT911-4-1252	1718	0.0000000000
353	FT911-4-1253	1719	0.0000000000
353	FT911-4-1254	1720	0.0000000000
353	FT911-4-1255	1721	0.0000000000
353	FT911-4-1256	1722	0.0000000000
353	FT911-4-1257	1723	0.0000000000
353	FT911-4-1259	1724	0.0000000000
353	FT911-4-1260	1725	0.0000000000
353	FT911-4-1262	1726	0.0000000000
353	FT911-4-1263	1727	0.0000000000
353	FT911-4-1264	1728	0.0000000000
353	FT911-4-1265	1729	0.0000000000
353	FT911-4-1266	1730	0.0000000000
353	FT911-4-1267	1731	0.0000000000
353	FT911-4-1268	1732	0.0000000000
353	FT911-4-1269	1733	0.0000000000
353	FT911-4-1270	1734	0.0000000000
353	FT911-4-1271	1735	0.0000000000
353	FT911-4-1272	1736	0.0000000000
353	FT911-4-1273	1737	0.0000000000
353	FT911-4-1274	1738	0.0000000000
353	FT911-4-1275	1739	0.0000000000
353	FT911-4-1278	1740	0.0000000000
353	FT911-4-1279	1741	0.0000000000
353	FT911-4-1280	1742	0.0000000000
353	FT911-4-1282	1743	0.0000000000
353	FT911-4-1284	1744	0.0000000000
353	FT911-4-1285	1745	0.0000000000
353	FT911-4-1286	1746	0.0000000000
353	FT911-4-1287	1747	0.0000000000
353	FT911-4-1288	1748	0.0000000000
353	FT911-4-1289	1749	0.0000000000
353	FT911-4-1292	1750	0.0000000000
353	FT911-4-1293	1751	0.0000000000
353	FT911-4-1294	1752	0.0000000000
353	FT911-4-1295	1753	0.0000000000
353	FT911-4-1296	1754	0.0000000000
353	FT911-4-1297	1755	0.0000000000
353	FT911-4-1298	1756	0.0000000000
353	FT911-4-1299	1757	0.0000000000
353	FT911-4-1300	1758	0.0000000000
353	FT911-4-1301	1759	0.0000000000
353	FT911-4-1302	1760	0.0000000000
353	FT911-4-1303	1761	0.0000000000
353	FT911-4-1304	1762	0.0000000000
353	FT911-4-1305	1763	0.0000000000
353	FT911-4-1307	1764	0.0000000000
353	FT911-4-1308	1765	0.0000000000
353	FT911-4-1309	1766	0.0000000000
353	FT911-4-1310	1767	0.0000000000
353	FT911-4-1311	1768	0.0000000000
353	FT911-4-1312	1769	0.0000000000
353	FT911-4-1313	1770	0.0000000000
353	FT911-4-1314	1771	0.0000000000
353	FT911-4-1315	1772	0.0000000000
353	FT911-4-1316	1773	0.0000000000
353	FT911-4-1317	1774	0.0000000000
353	FT911-4-1318	1775	0.0000000000
353	FT911-4-1319	1776	0.0000000000
353	FT911-4-1320	1777	0.0000000000
353	FT911-4-1321	1778	0.0000000000
353	FT911-4-1322	1779	0.0000000000
353	FT911-4-1323	1780	0.0000000000
353	FT911-4-1324	1781	0.0000000000
353	FT911-4-1325	1782	0.0000000000
353	FT911-4-1326	1783	0.0000000000
353	FT911-4-1327	1784	0.0000000000
353	FT911-4-1328	1785	0.0000000000
353	FT911-4-1329	1786	0.0000000000
353	FT911-4-1330	1787	0.0000000000
353	FT911-4-1332	1788	0.0000000000
353	FT911-4-1333	1789	0.0000000000
353	FT911-4-1334	1790	0.0000000000
353	FT911-4-1335	1791	0.0000000000
353	FT911-4-1338	1792	0.0000000000
353	FT911-4-1339	1793	0.0000000000
353	FT911-4-1340	1794	0.0000000000
353	FT911-4-1341	1795	0.0000000000
353	FT911-4-1343	1796	0.0000000000
353	FT911-4-1344	1797	0.0000000000
353	FT911-4-1345	1798	0.0000000000
353	FT911-4-1346	1799	0.0000000000
353	FT911-4-1347	1800	0.0000000000
353	FT911-4-1348	1801	0.0000000000
353	FT911-4-1350	1802	0.0000000000
353	FT911-4-1352	1803	0.0000000000
353	FT911-4-1353	1804	0.0000000000
353	FT911-4-1354	1805	0.0000000000
353	FT911-4-1355	1806	0.0000000000
353	FT911-4-1356	1807	0.0000000000
353	FT911-4-1357	1808	0.0000000000
353	FT911-4-1358	1809	0.0000000000
353	FT911-4-1359	1810	0.0000000000
353	FT911-4-1360	1811	0.0000000000
353	FT911-4-1361	1812	0.0000000000
353	FT911-4-1362	1813	0.0000000000
353	FT911-4-1363	1814	0.0000000000
353	FT911-4-1364	1815	0.0000000000
353	FT911-4-1365	1816	0.0000000000
353	FT911-4-1366	1817	0.0000000000
353	FT911-4-1367	1818	0.0000000000
353	FT911-4-1368	1819	0.0000000000
353	FT911-4-1369	1820	0.0000000000
353	FT911-4-1370	1821	0.0000000000
353	FT911-4-1371	1822	0.0000000000
353	FT911-4-1372	1823	0.0000000000
353	FT911-4-1373	1824	0.0000000000
353	FT911-4-1374	1825	0.0000000000
353	FT911-4-1375	1826	0.0000000000
353	FT911-4-1376	1827	0.0000000000
353	FT911-4-1378	1828	0.0000000000
353	FT911-4-1379	1829	0.0000000000
353	FT911-4-1380	1830	0.0000000000
353	FT911-4-1381	1831	0.0000000000
353	FT911-4-1382	1832	0.0000000000
353	FT911-4-1383	1833	0.0000000000
353	FT911-4-1385	1834	0.0000000000
353	FT911-4-1386	1835	0.0000000000
353	FT911-4-1387	1836	0.0000000000
353	FT911-4-1389	1837	0.0000000000
353	FT911-4-1390	1838	0.0000000000
353	FT911-4-1391	1839	0.0000000000
353	FT911-4-1392	1840	0.0000000000
353	FT911-4-1393	1841	0.0000000000
353	FT911-4-1394	1842	0.0000000000
353	FT911-4-1395	1843	0.0000000000
353	FT911-4-1396	1844	0.0000000000
353	FT911-4-1397	1845	0.0000000000
353	FT911-4-1398	1846	0.0000000000
353	FT911-4-1399	1847	0.0000000000
353	FT911-4-1400	1848	0.0000000000
353	FT911-4-1401	1849	0.0000000000
353	FT911-4-1402	1850	0.0000000000
353	FT911-4-1403	1851	0.0000000000
353	FT911-4-1405	1852	0.0000000000
353	FT911-4-1407	1853	0.0000000000
353	FT911-4-1408	1854	0.0000000000
353	FT911-4-1409	1855	0.0000000000
353	FT911-4-1410	1856	0.0000000000
353	FT911-4-1411	1857	0.0000000000
353	FT911-4-1412	1858	0.0000000000
353	FT911-4-1413	1859	0.0000000000
353	FT911-4-1414	1860	0.0000000000
353	FT911-4-1417	1861	0.0000000000
353	FT911-4-1418	1862	0.0000000000
353	FT911-4-1419	1863	0.0000000000
353	FT911-4-1420	1864	0.0000000000
353	FT911-4-1422	1865	0.0000000000
353	FT911-4-1423	1866	0.0000000000
353	FT911-4-1424	1867	0.0000000000
353	FT911-4-1425	1868	0.0000000000
353	FT911-4-1426	1869	0.0000000000
353	FT911-4-1427	1870	0.0000000000
353	FT911-4-1428	1871	0.0000000000
353	FT911-4-1429	1872	0.0000000000
353	FT911-4-1430	1873	0.0000000000
353	FT911-4-1433	1874	0.0000000000
353	FT911-4-1434	1875	0.0000000000
353	FT911-4-1435	1876	0.0000000000
353	FT911-4-1437	1877	0.0000000000
353	FT911-4-1439	1878	0.0000000000
353	FT911-4-1440	1879	0.0000000000
353	FT911-4-1441	1880	0.0000000000
353	FT911-4-1442	1881	0.0000000000
353	FT911-4-1443	1882	0.0000000000
353	FT911-4-1444	1883	0.0000000000
353	FT911-4-1445	1884	0.0000000000
353	FT911-4-1446	1885	0.0000000000
353	FT911-4-1447	1886	0.0000000000
353	FT911-4-1448	1887	0.0000000000
353	FT911-4-1449	1888	0.0000000000
353	FT911-4-1450	1889	0.0000000000
353	FT911-4-1451	1890	0.0000000000
353	FT911-4-1452	1891	0.0000000000
353	FT911-4-1453	1892	0.0000000000
353	FT911-4-1454	1893	0.0000000000
353	FT911-4-1455	1894	0.0000000000
353	FT911-4-1457	1895	0.0000000000
353	FT911-4-1458	1896	0.0000000000
353	FT911-4-1459	1897	0.0000000000
353	FT911-4-1461	1898	0.0000000000
353	FT911-4-1462	1899	0.0000000000
353	FT911-4-1463	1900	0.0000000000
353	FT911-4-1464	1901	0.0000000000
353	FT911-4-1465	1902	0.0000000000
353	FT911-4-1466	1903	0.0000000000
353	FT911-4-1467	1904	0.0000000000
353	FT911-4-1468	1905	0.0000000000
353	FT911-4-1469	1906	0.0000000000
353	FT911-4-1470	1907	0.0000000000
353	FT911-4-1471	1908	0.0000000000
353	FT911-4-1472	1909	0.0000000000
353	FT911-4-1473	1910	0.0000000000
353	FT911-4-1474	1911	0.0000000000
353	FT911-4-1475	1912	0.0000000000
353	FT911-4-1476	1913	0.0000000000
353	FT911-4-1477	1914	0.0000000000
353	FT911-4-1478	1915	0.0000000000
353	FT911-5-1479	1916	0.0000000000
353	FT911-5-1481	1917	0.0000000000
353	FT911-5-1482	1918	0.0000000000
353	FT911-5-1484	1919	0.0000000000
353	FT911-5-1485	1920	0.0000000000
353	FT911-5-1486	1921	0.0000000000
353	FT911-5-1487	1922	0.0000000000
353	FT911-5-1488	1923	0.0000000000
353	FT911-5-1489	1924	0.0000000000
353	FT911-5-1490	1925	0.0000000000
353	FT911-5-1491	1926	0.0000000000
353	FT911-5-1492	1927	0.0000000000
353	FT911-5-1493	1928	0.0000000000
353	FT911-5-1494	1929	0.0000000000
353	FT911-5-1496	1930	0.0000000000
353	FT911-5-1497	1931	0.0000000000
353	FT911-5-1498	1932	0.0000000000
353	FT911-5-1499	1933	0.0000000000
353	FT911-5-1500	1934	0.0000000000
353	FT911-5-1501	1935	0.0000000000
353	FT911-5-1502	1936	0.0000000000
353	FT911-5-1503	1937	0.0000000000
353	FT911-5-1504	1938	0.0000000000
353	FT911-5-1505	1939	0.0000000000
353	FT911-5-1506	1940	0.0000000000
353	FT911-5-1507	1941	0.0000000000
353	FT911-5-1508	1942	0.0000000000
353	FT911-5-1509	1943	0.0000000000
353	FT911-5-1510	1944	0.0000000000
353	FT911-5-1512	1945	0.0000000000
353	FT911-5-1513	1946	0.0000000000
353	FT911-5-1514	1947	0.0000000000
353	FT911-5-1515	1948	0.0000000000
353	FT911-5-1516	1949	0.0000000000
353	FT911-5-1517	1950	0.0000000000
353	FT911-5-1518	1951	0.0000000000
353	FT911-5-1519	1952	0.0000000000
353	FT911-5-1520	1953	0.0000000000
353	FT911-5-1521	1954	0.0000000000
353	FT911-5-1522	1955	0.0000000000
353	FT911-5-1523	1956	0.0000000000
353	FT911-5-1524	1957	0.0000000000
353	FT911-5-1525	1958	0.0000000000
353	FT911-5-1526	1959	0.0000000000
353	FT911-5-1527	1960	0.0000000000
353	FT911-5-1528	1961	0.0000000000
353	FT911-5-1529	1962	0.0000000000
353	FT911-5-1530	1963	0.0000000000
353	FT911-5-1531	1964	0.0000000000
353	FT911-5-1532	1965	0.0000000000
353	FT911-5-1533	1966	0.0000000000
353	FT911-5-1534	1967	0.0000000000
353	FT911-5-1535	1968	0.0000000000
353	FT911-5-1536	1969	0.0000000000
353	FT911-5-1538	1970	0.0000000000
353	FT911-5-1539	1971	0.0000000000
353	FT911-5-1540	1972	0.0000000000
353	FT911-5-1541	1973	0.0000000000
353	FT911-5-1542	1974	0.0000000000
353	FT911-5-1543	1975	0.0000000000
353	FT911-5-1544	1976	0.0000000000
353	FT911-5-1545	1977	0.0000000000
353	FT911-5-1547	1978	0.0000000000
353	FT911-5-1548	1979	0.0000000000
353	FT911-5-1550	1980	0.0000000000
353	FT911-5-1551	1981	0.0000000000
353	FT911-5-1552	1982	0.0000000000
353	FT911-5-1553	1983	0.0000000000
353	FT911-5-1554	1984	0.0000000000
353	FT911-5-1556	1985	0.0000000000
353	FT911-5-1557	1986	0.0000000000
353	FT911-5-1558	1987	0.0000000000
353	FT911-5-1559	1988	0.0000000000
353	FT911-5-1560	1989	0.0000000000
353	FT911-5-1561	1990	0.0000000000
353	FT911-5-1562	1991	0.0000000000
353	FT911-5-1565	1992	0.0000000000
353	FT911-5-1566	1993	0.0000000000
353	FT911-5-1567	1994	0.0000000000
353	FT911-5-1568	1995	0.0000000000
353	FT911-5-1569	1996	0.0000000000
353	FT911-5-1570	1997	0.0000000000
353	FT911-5-1571	1998	0.0000000000
353	FT911-5-1572	1999	0.0000000000
353	FT911-5-1573	2000	0.0000000000
353	FT911-5-1574	2001	0.0000000000
353	FT911-5-1575	2002	0.0000000000
353	FT911-5-1576	2003	0.0000000000
353	FT911-5-1577	2004	0.0000000000
353	FT911-5-1578	2005	0.0000000000
353	FT911-5-1579	2006	0.0000000000
353	FT911-5-1580	2007	0.0000000000
353	FT911-5-1581	2008	0.0000000000
353	FT911-5-1582	2009	0.0000000000
353	FT911-5-1583	2010	0.0000000000
353	FT911-5-1584	2011	0.0000000000
353	FT911-5-1585	2012	0.0000000000
353	FT911-5-1586	2013	0.0000000000
353	FT911-5-1587	2014	0.0000000000
353	FT911-5-1588	2015	0.0000000000
353	FT911-5-1589	2016	0.0000000000
353	FT911-5-1590	2017	0.0000000000
353	FT911-5-1591	2018	0.0000000000
353	FT911-5-1592	2019	0.0000000000
353	FT911-5-1593	2020	0.0000000000
353	FT911-5-1594	2021	0.0000000000
353	FT911-5-1595	2022	0.0000000000
353	FT911-5-1596	2023	0.0000000000
353	FT911-5-1597	2024	0.0000000000
353	FT911-5-1598	2025	0.0000000000
353	FT911-5-1599	2026	0.0000000000
353	FT911-5-1600	2027	0.0000000000
353	FT911-5-1601	2028	0.0000000000
353	FT911-5-1602	2029	0.0000000000
353	FT911-5-1603	2030	0.0000000000
353	FT911-5-1604	2031	0.0000000000
353	FT911-5-1605	2032	0.0000000000
353	FT911-5-1607	2033	0.0000000000
353	FT911-5-1608	2034	0.0000000000
353	FT911-5-1609	2035	0.0000000000
353	FT911-5-1610	2036	0.0000000000
353	FT911-5-1611	2037	0.0000000000
353	FT911-5-1612	2038	0.0000000000
353	FT911-5-1613	2039	0.0000000000
353	FT911-5-1614	2040	0.0000000000
353	FT911-5-1615	2041	0.0000000000
353	FT911-5-1616	2042	0.0000000000
353	FT911-5-1618	2043	0.0000000000
353	FT911-5-1619	2044	0.0000000000
353	FT911-5-1620	2045	0.0000000000
353	FT911-5-1621	2046	0.0000000000
353	FT911-5-1622	2047	0.0000000000
353	FT911-5-1623	2048	0.0000000000
353	FT911-5-1624	2049	0.0000000000
353	FT911-5-1625	2050	0.0000000000
353	FT911-5-1627	2051	0.0000000000
353	FT911-5-1628	2052	0.0000000000
353	FT911-5-1629	2053	0.0000000000
353	FT911-5-1630	2054	0.0000000000
353	FT911-5-1631	2055	0.0000000000
353	FT911-5-1632	2056	0.0000000000
353	FT911-5-1633	2057	0.0000000000
353	FT911-5-1634	2058	0.0000000000
353	FT911-5-1635	2059	0.0000000000
353	FT911-5-1636	2060	0.0000000000
353	FT911-5-1637	2061	0.0000000000
353	FT911-5-1638	2062	0.0000000000
353	FT911-5-1639	2063	0.0000000000
353	FT911-5-1640	2064	0.0000000000
353	FT911-5-1641	2065	0.0000000000
353	FT911-5-1642	2066	0.0000000000
353	FT911-5-1643	2067	0.0000000000
353	FT911-5-1644	2068	0.0000000000
353	FT911-5-1645	2069	0.0000000000
353	FT911-5-1646	2070	0.0000000000
353	FT911-5-1648	2071	0.0000000000
353	FT911-5-1650	2072	0.0000000000
353	FT911-5-1651	2073	0.0000000000
353	FT911-5-1652	2074	0.0000000000
353	FT911-5-1653	2075	0.0000000000
353	FT911-5-1654	2076	0.0000000000
353	FT911-5-1655	2077	0.0000000000
353	FT911-5-1656	2078	0.0000000000
353	FT911-5-1657	2079	0.0000000000
353	FT911-5-1659	2080	0.0000000000
353	FT911-5-1660	2081	0.0000000000
353	FT911-5-1661	2082	0.0000000000
353	FT911-5-1662	2083	0.0000000000
353	FT911-5-1663	2084	0.0000000000
353	FT911-5-1664	2085	0.0000000000
353	FT911-5-1665	2086	0.0000000000
353	FT911-5-1666	2087	0.0000000000
353	FT911-5-1667	2088	0.0000000000
353	FT911-5-1668	2089	0.0000000000
353	FT911-5-1669	2090	0.0000000000
353	FT911-5-1670	2091	0.0000000000
353	FT911-5-1671	2092	0.0000000000
353	FT911-5-1673	2093	0.0000000000
353	FT911-5-1674	2094	0.0000000000
353	FT911-5-1676	2095	0.0000000000
353	FT911-5-1677	2096	0.0000000000
353	FT911-5-1678	2097	0.0000000000
353	FT911-5-1679	2098	0.0000000000
353	FT911-5-1680	2099	0.0000000000
353	FT911-5-1681	2100	0.0000000000
353	FT911-5-1682	2101	0.0000000000
353	FT911-5-1683	2102	0.0000000000
353	FT911-5-1684	2103	0.0000000000
353	FT911-5-1685	2104	0.0000000000
353	FT911-5-1686	2105	0.0000000000
353	FT911-5-1687	2106	0.0000000000
353	FT911-5-1688	2107	0.0000000000
353	FT911-5-1689	2108	0.0000000000
353	FT911-5-1690	2109	0.0000000000
353	FT911-5-1691	2110	0.0000000000
353	FT911-5-1693	2111	0.0000000000
353	FT911-5-1694	2112	0.0000000000
353	FT911-5-1695	2113	0.0000000000
353	FT911-5-1696	2114	0.0000000000
353	FT911-5-1697	2115	0.0000000000
353	FT911-5-1699	2116	0.0000000000
353	FT911-5-1700	2117	0.0000000000
353	FT911-5-1701	2118	0.0000000000
353	FT911-5-1702	2119	0.0000000000
353	FT911-5-1703	2120	0.0000000000
353	FT911-5-1704	2121	0.0000000000
353	FT911-5-1705	2122	0.0000000000
353	FT911-5-1706	2123	0.0000000000
353	FT911-5-1708	2124	0.0000000000
353	FT911-5-1709	2125	0.0000000000
353	FT911-5-1710	2126	0.0000000000
353	FT911-5-1711	2127	0.0000000000
353	FT911-5-1712	2128	0.0000000000
353	FT911-5-1713	2129	0.0000000000
353	FT911-5-1714	2130	0.0000000000
353	FT911-5-1715	2131	0.0000000000
353	FT911-5-1716	2132	0.0000000000
353	FT911-5-1718	2133	0.0000000000
353	FT911-5-1719	2134	0.0000000000
353	FT911-5-1720	2135	0.0000000000
353	FT911-5-1721	2136	0.0000000000
353	FT911-5-1722	2137	0.0000000000
353	FT911-5-1723	2138	0.0000000000
353	FT911-5-1724	2139	0.0000000000
353	FT911-5-1725	2140	0.0000000000
353	FT911-5-1726	2141	0.0000000000
353	FT911-5-1727	2142	0.0000000000
353	FT911-5-1728	2143	0.0000000000
353	FT911-5-1729	2144	0.0000000000
353	FT911-5-1730	2145	0.0000000000
353	FT911-5-1731	2146	0.0000000000
353	FT911-5-1732	2147	0.0000000000
353	FT911-5-1733	2148	0.0000000000
353	FT911-5-1734	2149	0.0000000000
353	FT911-5-1735	2150	0.0000000000
353	FT911-5-1736	2151	0.0000000000
353	FT911-5-1737	2152	0.0000000000
353	FT911-5-1738	2153	0.0000000000
353	FT911-5-1739	2154	0.0000000000
353	FT911-5-1740	2155	0.0000000000
353	FT911-5-1741	2156	0.0000000000
353	FT911-5-1742	2157	0.0000000000
353	FT911-5-1743	2158	0.0000000000
353	FT911-5-1744	2159	0.0000000000
353	FT911-5-1745	2160	0.0000000000
353	FT911-5-1746	2161	0.0000000000
353	FT911-5-1747	2162	0.0000000000
353	FT911-5-1748	2163	0.0000000000
353	FT911-5-1749	2164	0.0000000000
353	FT911-5-1750	2165	0.0000000000
353	FT911-5-1752	2166	0.0000000000
353	FT911-5-1754	2167	0.0000000000
353	FT911-5-1755	2168	0.0000000000
353	FT911-5-1756	2169	0.0000000000
353	FT911-5-1757	2170	0.0000000000
353	FT911-5-1758	2171	0.0000000000
353	FT911-5-1759	2172	0.0000000000
353	FT911-5-1760	2173	0.0000000000
353	FT911-5-1761	2174	0.0000000000
353	FT911-5-1762	2175	0.0000000000
353	FT911-5-1763	2176	0.0000000000
353	FT911-5-1764	2177	0.0000000000
353	FT911-5-1765	2178	0.0000000000
353	FT911-5-1766	2179	0.0000000000
353	FT911-5-1767	2180	0.0000000000
353	FT911-5-1768	2181	0.0000000000
353	FT911-5-1769	2182	0.0000000000
353	FT911-5-1770	2183	0.0000000000
353	FT911-5-1771	2184	0.0000000000
353	FT911-5-1772	2185	0.0000000000
353	FT911-5-1774	2186	0.0000000000
353	FT911-5-1775	2187	0.0000000000
353	FT911-5-1776	2188	0.0000000000
353	FT911-5-1777	2189	0.0000000000
353	FT911-5-1778	2190	0.0000000000
353	FT911-5-1779	2191	0.0000000000
353	FT911-5-1782	2192	0.0000000000
353	FT911-5-1783	2193	0.0000000000
353	FT911-5-1784	2194	0.0000000000
353	FT911-5-1785	2195	0.0000000000
353	FT911-5-1786	2196	0.0000000000
353	FT911-5-1787	2197	0.0000000000
353	FT911-5-1789	2198	0.0000000000
353	FT911-5-1790	2199	0.0000000000
353	FT911-5-1791	2200	0.0000000000
353	FT911-5-1793	2201	0.0000000000
353	FT911-5-1794	2202	0.0000000000
353	FT911-5-1795	2203	0.0000000000
353	FT911-5-1796	2204	0.0000000000
353	FT911-5-1797	2205	0.0000000000
353	FT911-5-1798	2206	0.0000000000
353	FT911-5-1799	2207	0.0000000000
353	FT911-5-1800	2208	0.0000000000
353	FT911-5-1801	2209	0.0000000000
353	FT911-5-1802	2210	0.0000000000
353	FT911-5-1803	2211	0.0000000000
353	FT911-5-1805	2212	0.0000000000
353	FT911-5-1806	2213	0.0000000000
353	FT911-5-1807	2214	0.0000000000
353	FT911-5-1808	2215	0.0000000000
353	FT911-5-1809	2216	0.0000000000
353	FT911-5-1810	2217	0.0000000000
353	FT911-5-1811	2218	0.0000000000
353	FT911-5-1812	2219	0.0000000000
353	FT911-5-1813	2220	0.0000000000
353	FT911-5-1814	2221	0.0000000000
353	FT911-5-1815	2222	0.0000000000
353	FT911-5-1816	2223	0.0000000000
353	FT911-5-1817	2224	0.0000000000
353	FT911-5-1819	2225	0.0000000000
353	FT911-5-1820	2226	0.0000000000
353	FT911-5-1821	2227	0.0000000000
353	FT911-5-1822	2228	0.0000000000
353	FT911-5-1823	2229	0.0000000000
353	FT911-5-1824	2230	0.0000000000
353	FT911-5-1825	2231	0.0000000000
353	FT911-5-1826	2232	0.0000000000
353	FT911-5-1827	2233	0.0000000000
353	FT911-5-1828	2234	0.0000000000
353	FT911-5-1829	2235	0.0000000000
353	FT911-5-1831	2236	0.0000000000
353	FT911-6-1832	2237	0.0000000000
353	FT911-6-1833	2238	0.0000000000
353	FT911-6-1835	2239	0.0000000000
353	FT911-6-1836	2240	0.0000000000
353	FT911-6-1837	2241	0.0000000000
353	FT911-6-1838	2242	0.0000000000
353	FT911-6-1839	2243	0.0000000000
353	FT911-6-1840	2244	0.0000000000
353	FT911-6-1841	2245	0.0000000000
353	FT911-6-1842	2246	0.0000000000
353	FT911-6-1843	2247	0.0000000000
353	FT911-6-1844	2248	0.0000000000
353	FT911-6-1845	2249	0.0000000000
353	FT911-6-1846	2250	0.0000000000
353	FT911-6-1847	2251	0.0000000000
353	FT911-6-1848	2252	0.0000000000
353	FT911-6-1849	2253	0.0000000000
353	FT911-6-1850	2254	0.0000000000
353	FT911-6-1851	2255	0.0000000000
353	FT911-6-1852	2256	0.0000000000
353	FT911-6-1853	2257	0.0000000000
353	FT911-6-1854	2258	0.0000000000
353	FT911-6-1855	2259	0.0000000000
353	FT911-6-1856	2260	0.0000000000
353	FT911-6-1857	2261	0.0000000000
353	FT911-6-1858	2262	0.0000000000
353	FT911-6-1859	2263	0.0000000000
353	FT911-6-1860	2264	0.0000000000
353	FT911-6-1861	2265	0.0000000000
353	FT911-6-1862	2266	0.0000000000
353	FT911-6-1863	2267	0.0000000000
353	FT911-6-1865	2268	0.0000000000
353	FT911-6-1866	2269	0.0000000000
353	FT911-6-1867	2270	0.0000000000
353	FT911-6-1868	2271	0.0000000000
353	FT911-6-1869	2272	0.0000000000
353	FT911-6-1870	2273	0.0000000000
353	FT911-6-1871	2274	0.0000000000
353	FT911-6-1872	2275	0.0000000000
353	FT911-6-1873	2276	0.0000000000
353	FT911-6-1874	2277	0.0000000000
353	FT911-6-1875	2278	0.0000000000
353	FT911-6-1876	2279	0.0000000000
353	FT911-6-1877	2280	0.0000000000
353	FT911-6-1878	2281	0.0000000000
353	FT911-6-1880	2282	0.0000000000
353	FT911-6-1881	2283	0.0000000000
353	FT911-6-1882	2284	0.0000000000
353	FT911-6-1883	2285	0.0000000000
353	FT911-6-1884	2286	0.0000000000
353	FT911-6-1885	2287	0.0000000000
353	FT911-6-1886	2288	0.0000000000
353	FT911-6-1887	2289	0.0000000000
353	FT911-6-1888	2290	0.0000000000
353	FT911-6-1889	2291	0.0000000000
353	FT911-6-1890	2292	0.0000000000
353	FT911-6-1891	2293	0.0000000000
353	FT911-6-1892	2294	0.0000000000
353	FT911-6-1893	2295	0.0000000000
353	FT911-6-1894	2296	0.0000000000
353	FT911-6-1895	2297	0.0000000000
353	FT911-6-1896	2298	0.0000000000
353	FT911-6-1898	2299	0.0000000000
353	FT911-6-1899	2300	0.0000000000
353	FT911-6-1901	2301	0.0000000000
353	FT911-6-1902	2302	0.0000000000
353	FT911-6-1904	2303	0.0000000000
353	FT911-6-1905	2304	0.0000000000
353	FT911-6-1906	2305	0.0000000000
353	FT911-6-1907	2306	0.0000000000
353	FT911-6-1908	2307	0.0000000000
353	FT911-6-1909	2308	0.0000000000
353	FT911-6-1910	2309	0.0000000000
353	FT911-6-1911	2310	0.0000000000
353	FT911-6-1912	2311	0.0000000000
353	FT911-6-1913	2312	0.0000000000
353	FT911-6-1914	2313	0.0000000000
353	FT911-6-1915	2314	0.0000000000
353	FT911-6-1916	2315	0.0000000000
353	FT911-6-1917	2316	0.0000000000
353	FT911-6-1918	2317	0.0000000000
353	FT911-6-1919	2318	0.0000000000
353	FT911-6-1921	2319	0.0000000000
353	FT911-6-1923	2320	0.0000000000
353	FT911-6-1924	2321	0.0000000000
353	FT911-6-1925	2322	0.0000000000
353	FT911-6-1926	2323	0.0000000000
353	FT911-6-1927	2324	0.0000000000
353	FT911-6-1928	2325	0.0000000000
353	FT911-6-1930	2326	0.0000000000
353	FT911-6-1931	2327	0.0000000000
353	FT911-6-1932	2328	0.0000000000
353	FT911-6-1933	2329	0.0000000000
353	FT911-6-1934	2330	0.0000000000
353	FT911-6-1935	2331	0.0000000000
353	FT911-6-1937	2332	0.0000000000
353	FT911-6-1939	2333	0.0000000000
353	FT911-6-1940	2334	0.0000000000
353	FT911-6-1941	2335	0.0000000000
353	FT911-6-1942	2336	0.0000000000
353	FT911-6-1943	2337	0.0000000000
353	FT911-6-1944	2338	0.0000000000
353	FT911-6-1945	2339	0.0000000000
353	FT911-6-1946	2340	0.0000000000
353	FT911-6-1947	2341	0.0000000000
353	FT911-6-1950	2342	0.0000000000
353	FT911-6-1951	2343	0.0000000000
353	FT911-6-1952	2344	0.0000000000
353	FT911-6-1953	2345	0.0000000000
353	FT911-6-1954	2346	0.0000000000
353	FT911-6-1955	2347	0.0000000000
353	FT911-6-1956	2348	0.0000000000
353	FT911-6-1957	2349	0.0000000000
353	FT911-6-1958	2350	0.0000000000
353	FT911-6-1959	2351	0.0000000000
353	FT911-6-1960	2352	0.0000000000
353	FT911-6-1961	2353	0.0000000000
353	FT911-6-1964	2354	0.0000000000
353	FT911-6-1966	2355	0.0000000000
353	FT911-6-1968	2356	0.0000000000
353	FT911-6-1969	2357	0.0000000000
353	FT911-6-1970	2358	0.0000000000
353	FT911-6-1971	2359	0.0000000000
353	FT911-6-1972	2360	0.0000000000
353	FT911-6-1973	2361	0.0000000000
353	FT911-6-1974	2362	0.0000000000
353	FT911-6-1975	2363	0.0000000000
353	FT911-6-1976	2364	0.0000000000
353	FT911-6-1977	2365	0.0000000000
353	FT911-6-1978	2366	0.0000000000
353	FT911-6-1979	2367	0.0000000000
353	FT911-6-1980	2368	0.0000000000
353	FT911-6-1982	2369	0.0000000000
353	FT911-6-1983	2370	0.0000000000
353	FT911-6-1985	2371	0.0000000000
353	FT911-6-1986	2372	0.0000000000
353	FT911-6-1987	2373	0.0000000000
353	FT911-6-1988	2374	0.0000000000
353	FT911-6-1990	2375	0.0000000000
353	FT911-6-1991	2376	0.0000000000
353	FT911-6-1992	2377	0.0000000000
353	FT911-6-1993	2378	0.0000000000
353	FT911-6-1994	2379	0.0000000000
353	FT911-6-1995	2380	0.0000000000
353	FT911-6-1996	2381	0.0000000000
353	FT911-6-1997	2382	0.0000000000
353	FT911-6-1998	2383	0.0000000000
353	FT911-6-1999	2384	0.0000000000
353	FT911-6-2001	2385	0.0000000000
353	FT911-6-2003	2386	0.0000000000
353	FT911-6-2004	2387	0.0000000000
353	FT911-6-2005	2388	0.0000000000
353	FT911-6-2006	2389	0.0000000000
353	FT911-6-2007	2390	0.0000000000
353	FT911-6-2008	2391	0.0000000000
353	FT911-6-2010	2392	0.0000000000
353	FT911-6-2011	2393	0.0000000000
353	FT911-6-2012	2394	0.0000000000
353	FT911-6-2013	2395	0.0000000000
353	FT911-6-2014	2396	0.0000000000
353	FT911-6-2015	2397	0.0000000000
353	FT911-6-2017	2398	0.0000000000
353	FT911-6-2018	2399	0.0000000000
353	FT911-6-2019	2400	0.0000000000
353	FT911-6-2020	2401	0.0000000000
353	FT911-6-2021	2402	0.0000000000
353	FT911-6-2022	2403	0.0000000000
353	FT911-6-2023	2404	0.0000000000
353	FT911-6-2024	2405	0.0000000000
353	FT911-6-2025	2406	0.0000000000
353	FT911-6-2026	2407	0.0000000000
353	FT911-6-2027	2408	0.0000000000
353	FT911-6-2028	2409	0.0000000000
353	FT911-6-2029	2410	0.0000000000
353	FT911-6-2030	2411	0.0000000000
353	FT911-6-2032	2412	0.0000000000
353	FT911-6-2033	2413	0.0000000000
353	FT911-6-2034	2414	0.0000000000
353	FT911-6-2035	2415	0.0000000000
353	FT911-6-2037	2416	0.0000000000
353	FT911-6-2038	2417	0.0000000000
353	FT911-6-2039	2418	0.0000000000
353	FT911-6-2040	2419	0.0000000000
353	FT911-6-2041	2420	0.0000000000
353	FT911-6-2042	2421	0.0000000000
353	FT911-6-2043	2422	0.0000000000
353	FT911-6-2044	2423	0.0000000000
353	FT911-6-2045	2424	0.0000000000
353	FT911-6-2046	2425	0.0000000000
353	FT911-6-2047	2426	0.0000000000
353	FT911-6-2048	2427	0.0000000000
353	FT911-6-2050	2428	0.0000000000
353	FT911-6-2051	2429	0.0000000000
353	FT911-6-2052	2430	0.0000000000
353	FT911-6-2053	2431	0.0000000000
353	FT911-6-2054	2432	0.0000000000
353	FT911-6-2055	2433	0.0000000000
353	FT911-6-2056	2434	0.0000000000
353	FT911-6-2057	2435	0.0000000000
353	FT911-6-2059	2436	0.0000000000
353	FT911-6-2060	2437	0.0000000000
353	FT911-6-2061	2438	0.0000000000
353	FT911-6-2062	2439	0.0000000000
353	FT911-6-2063	2440	0.0000000000
353	FT911-6-2064	2441	0.0000000000
353	FT911-6-2065	2442	0.0000000000
353	FT911-6-2069	2443	0.0000000000
353	FT911-6-2070	2444	0.0000000000
353	FT911-6-2071	2445	0.0000000000
353	FT911-6-2072	2446	0.0000000000
353	FT911-6-2073	2447	0.0000000000
353	FT911-6-2074	2448	0.0000000000
353	FT911-6-2075	2449	0.0000000000
353	FT911-6-2076	2450	0.0000000000
353	FT911-6-2077	2451	0.0000000000
353	FT911-6-2078	2452	0.0000000000
353	FT911-6-2079	2453	0.0000000000
353	FT911-6-2080	2454	0.0000000000
353	FT911-6-2081	2455	0.0000000000
353	FT911-6-2082	2456	0.0000000000
353	FT911-6-2083	2457	0.0000000000
353	FT911-6-2084	2458	0.0000000000
353	FT911-6-2085	2459	0.0000000000
353	FT911-6-2086	2460	0.0000000000
353	FT911-6-2087	2461	0.0000000000
353	FT911-6-2088	2462	0.0000000000
353	FT911-6-2089	2463	0.0000000000
353	FT911-6-2090	2464	0.0000000000
353	FT911-6-2091	2465	0.0000000000
353	FT911-6-2092	2466	0.0000000000
353	FT911-6-2093	2467	0.0000000000
353	FT911-6-2095	2468	0.0000000000
353	FT911-6-2096	2469	0.0000000000
353	FT911-6-2097	2470	0.0000000000
353	FT911-6-2098	2471	0.0000000000
353	FT911-6-2099	2472	0.0000000000
353	FT911-6-2100	2473	0.0000000000
353	FT911-6-2101	2474	0.0000000000
353	FT911-6-2102	2475	0.0000000000
353	FT911-6-2103	2476	0.0000000000
353	FT911-6-2104	2477	0.0000000000
353	FT911-6-2105	2478	0.0000000000
353	FT911-6-2106	2479	0.0000000000
353	FT911-6-2107	2480	0.0000000000
353	FT911-6-2108	2481	0.0000000000
353	FT911-6-2109	2482	0.0000000000
353	FT911-6-2110	2483	0.0000000000
353	FT911-6-2111	2484	0.0000000000
353	FT911-6-2112	2485	0.0000000000
353	FT911-6-2113	2486	0.0000000000
353	FT911-6-2114	2487	0.0000000000
353	FT911-6-2115	2488	0.0000000000
353	FT911-6-2116	2489	0.0000000000
353	FT911-6-2117	2490	0.0000000000
353	FT911-6-2118	2491	0.0000000000
353	FT911-6-2119	2492	0.0000000000
353	FT911-6-2120	2493	0.0000000000
353	FT911-6-2121	2494	0.0000000000
353	FT911-6-2122	2495	0.0000000000
353	FT911-6-2123	2496	0.0000000000
353	FT911-6-2124	2497	0.0000000000
353	FT911-6-2125	2498	0.0000000000
353	FT911-6-2126	2499	0.0000000000
353	FT911-6-2127	2500	0.0000000000
353	FT911-6-2128	2501	0.0000000000
353	FT911-6-2129	2502	0.0000000000
353	FT911-6-2130	2503	0.0000000000
353	FT911-6-2131	2504	0.0000000000
353	FT911-6-2132	2505	0.0000000000
353	FT911-6-2133	2506	0.0000000000
353	FT911-6-2134	2507	0.0000000000
353	FT911-6-2135	2508	0.0000000000
353	FT911-6-2136	2509	0.0000000000
353	FT911-6-2137	2510	0.0000000000
353	FT911-6-2139	2511	0.0000000000
353	FT911-6-2140	2512	0.0000000000
353	FT911-6-2142	2513	0.0000000000
353	FT911-6-2143	2514	0.0000000000
353	FT911-6-2144	2515	0.0000000000
353	FT911-6-2145	2516	0.0000000000
353	FT911-6-2147	2517	0.0000000000
353	FT911-6-2148	2518	0.0000000000
353	FT911-6-2149	2519	0.0000000000
353	FT911-6-2150	2520	0.0000000000
353	FT911-6-2151	2521	0.0000000000
353	FT911-6-2152	2522	0.0000000000
353	FT911-6-2153	2523	0.0000000000
353	FT911-6-2154	2524	0.0000000000
353	FT911-6-2155	2525	0.0000000000
353	FT911-6-2156	2526	0.0000000000
353	FT911-6-2157	2527	0.0000000000
353	FT911-6-2158	2528	0.0000000000
353	FT911-6-2159	2529	0.0000000000
353	FT911-6-2160	2530	0.0000000000
353	FT911-6-2161	2531	0.0000000000
353	FT911-6-2162	2532	0.0000000000
353	FT911-6-2163	2533	0.0000000000
353	FT911-6-2164	2534	0.0000000000
353	FT911-6-2165	2535	0.0000000000
353	FT911-6-2166	2536	0.0000000000
353	FT911-6-2167	2537	0.0000000000
353	FT911-6-2168	2538	0.0000000000
353	FT911-6-2169	2539	0.0000000000
353	FT911-6-2170	2540	0.0000000000
353	FT911-6-2171	2541	0.0000000000
353	FT911-6-2172	2542	0.0000000000
353	FT911-6-2173	2543	0.0000000000
353	FT911-6-2174	2544	0.0000000000
353	FT911-6-2175	2545	0.0000000000
353	FT911-6-2176	2546	0.0000000000
353	FT911-6-2177	2547	0.0000000000
353	FT911-6-2179	2548	0.0000000000
353	FT911-6-2182	2549	0.0000000000
353	FT911-6-2184	2550	0.0000000000
353	FT911-6-2185	2551	0.0000000000
353	FT911-6-2186	2552	0.0000000000
353	FT911-6-2187	2553	0.0000000000
353	FT911-6-2188	2554	0.0000000000
353	FT911-6-2189	2555	0.0000000000
353	FT911-6-2190	2556	0.0000000000
353	FT911-6-2191	2557	0.0000000000
353	FT911-6-2192	2558	0.0000000000
353	FT911-6-2194	2559	0.0000000000
353	FT911-6-2195	2560	0.0000000000
353	FT911-6-2196	2561	0.0000000000
353	FT911-6-2197	2562	0.0000000000
353	FT911-6-2198	2563	0.0000000000
353	FT911-6-2199	2564	0.0000000000
353	FT911-6-2200	2565	0.0000000000
353	FT911-6-2201	2566	0.0000000000
353	FT911-6-2202	2567	0.0000000000
353	FT911-6-2204	2568	0.0000000000
353	FT911-6-2205	2569	0.0000000000
353	FT911-6-2207	2570	0.0000000000
353	FT911-6-2209	2571	0.0000000000
353	FT911-6-2210	2572	0.0000000000
353	FT911-6-2211	2573	0.0000000000
353	FT911-7-2212	2574	0.0000000000
353	FT911-7-2214	2575	0.0000000000
353	FT911-7-2215	2576	0.0000000000
353	FT911-7-2217	2577	0.0000000000
353	FT911-7-2218	2578	0.0000000000
353	FT911-7-2219	2579	0.0000000000
353	FT911-7-2220	2580	0.0000000000
353	FT911-7-2222	2581	0.0000000000
353	FT911-7-2224	2582	0.0000000000
353	FT911-7-2225	2583	0.0000000000
353	FT911-7-2226	2584	0.0000000000
353	FT911-7-2229	2585	0.0000000000
353	FT911-7-2230	2586	0.0000000000
353	FT911-7-2231	2587	0.0000000000
353	FT911-7-2232	2588	0.0000000000
353	FT911-7-2233	2589	0.0000000000
353	FT911-7-2235	2590	0.0000000000
353	FT911-7-2236	2591	0.0000000000
353	FT911-7-2238	2592	0.0000000000
353	FT911-7-2239	2593	0.0000000000
353	FT911-7-2240	2594	0.0000000000
353	FT911-7-2241	2595	0.0000000000
353	FT911-7-2242	2596	0.0000000000
353	FT911-7-2243	2597	0.0000000000
353	FT911-7-2244	2598	0.0000000000
353	FT911-7-2246	2599	0.0000000000
353	FT911-7-2247	2600	0.0000000000
353	FT911-7-2248	2601	0.0000000000
353	FT911-7-2249	2602	0.0000000000
353	FT911-7-2250	2603	0.0000000000
353	FT911-7-2252	2604	0.0000000000
353	FT911-7-2253	2605	0.0000000000
353	FT911-7-2254	2606	0.0000000000
353	FT911-7-2256	2607	0.0000000000
353	FT911-7-2257	2608	0.0000000000
353	FT911-7-2258	2609	0.0000000000
353	FT911-7-2259	2610	0.0000000000
353	FT911-7-2260	2611	0.0000000000
353	FT911-7-2261	2612	0.0000000000
353	FT911-7-2262	2613	0.0000000000
353	FT911-7-2264	2614	0.0000000000
353	FT911-7-2265	2615	0.0000000000
353	FT911-7-2267	2616	0.0000000000
353	FT911-7-2268	2617	0.0000000000
353	FT911-7-2269	2618	0.0000000000
353	FT911-7-2270	2619	0.0000000000
353	FT911-7-2271	2620	0.0000000000
353	FT911-7-2272	2621	0.0000000000
353	FT911-7-2273	2622	0.0000000000
353	FT911-7-2274	2623	0.0000000000
353	FT911-7-2275	2624	0.0000000000
353	FT911-7-2276	2625	0.0000000000
353	FT911-7-2278	2626	0.0000000000
353	FT911-7-2279	2627	0.0000000000
353	FT911-7-2280	2628	0.0000000000
353	FT911-7-2281	2629	0.0000000000
353	FT911-7-2282	2630	0.0000000000
353	FT911-7-2283	2631	0.0000000000
353	FT911-7-2284	2632	0.0000000000
353	FT911-7-2285	2633	0.0000000000
353	FT911-7-2286	2634	0.0000000000
353	FT911-7-2287	2635	0.0000000000
353	FT911-7-2288	2636	0.0000000000
353	FT911-7-2289	2637	0.0000000000
353	FT911-7-2290	2638	0.0000000000
353	FT911-7-2291	2639	0.0000000000
353	FT911-7-2292	2640	0.0000000000
353	FT911-7-2293	2641	0.0000000000
353	FT911-7-2294	2642	0.0000000000
353	FT911-7-2295	2643	0.0000000000
353	FT911-7-2296	2644	0.0000000000
353	FT911-7-2297	2645	0.0000000000
353	FT911-7-2298	2646	0.0000000000
353	FT911-7-2300	2647	0.0000000000
353	FT911-7-2301	2648	0.0000000000
353	FT911-7-2303	2649	0.0000000000
353	FT911-7-2304	2650	0.0000000000
353	FT911-7-2305	2651	0.0000000000
353	FT911-7-2306	2652	0.0000000000
353	FT911-7-2308	2653	0.0000000000
353	FT911-7-2309	2654	0.0000000000
353	FT911-7-2310	2655	0.0000000000
353	FT911-7-2311	2656	0.0000000000
353	FT911-7-2312	2657	0.0000000000
353	FT911-7-2313	2658	0.0000000000
353	FT911-7-2315	2659	0.0000000000
353	FT911-7-2316	2660	0.0000000000
353	FT911-7-2317	2661	0.0000000000
353	FT911-7-2318	2662	0.0000000000
353	FT911-7-2319	2663	0.0000000000
353	FT911-7-2320	2664	0.0000000000
353	FT911-7-2321	2665	0.0000000000
353	FT911-7-2322	2666	0.0000000000
353	FT911-7-2323	2667	0.0000000000
353	FT911-7-2324	2668	0.0000000000
353	FT911-7-2325	2669	0.0000000000
353	FT911-7-2326	2670	0.0000000000
353	FT911-7-2328	2671	0.0000000000
353	FT911-7-2329	2672	0.0000000000
353	FT911-7-2332	2673	0.0000000000
353	FT911-7-2334	2674	0.0000000000
353	FT911-7-2336	2675	0.0000000000
353	FT911-7-2337	2676	0.0000000000
353	FT911-7-2338	2677	0.0000000000
353	FT911-7-2339	2678	0.0000000000
353	FT911-7-2340	2679	0.0000000000
353	FT911-7-2341	2680	0.0000000000
353	FT911-7-2342	2681	0.0000000000
353	FT911-7-2343	2682	0.0000000000
353	FT911-7-2344	2683	0.0000000000
353	FT911-7-2345	2684	0.0000000000
353	FT911-7-2346	2685	0.0000000000
353	FT911-7-2347	2686	0.0000000000
353	FT911-7-2348	2687	0.0000000000
353	FT911-7-2349	2688	0.0000000000
353	FT911-7-2350	2689	0.0000000000
353	FT911-7-2351	2690	0.0000000000
353	FT911-7-2352	2691	0.0000000000
353	FT911-7-2354	2692	0.0000000000
353	FT911-7-2355	2693	0.0000000000
353	FT911-7-2356	2694	0.0000000000
353	FT911-7-2357	2695	0.0000000000
353	FT911-7-2358	2696	0.0000000000
353	FT911-7-2359	2697	0.0000000000
353	FT911-7-2361	2698	0.0000000000
353	FT911-7-2362	2699	0.0000000000
353	FT911-7-2364	2700	0.0000000000
353	FT911-7-2365	2701	0.0000000000
353	FT911-7-2366	2702	0.0000000000
353	FT911-7-2367	2703	0.0000000000
353	FT911-7-2368	2704	0.0000000000
353	FT911-7-2369	2705	0.0000000000
353	FT911-7-2370	2706	0.0000000000
353	FT911-7-2371	2707	0.0000000000
353	FT911-7-2372	2708	0.0000000000
353	FT911-7-2373	2709	0.0000000000
353	FT911-7-2374	2710	0.0000000000
353	FT911-7-2375	2711	0.0000000000
353	FT911-7-2377	2712	0.0000000000
353	FT911-7-2378	2713	0.0000000000
353	FT911-7-2379	2714	0.0000000000
353	FT911-7-2380	2715	0.0000000000
353	FT911-7-2381	2716	0.0000000000
353	FT911-7-2382	2717	0.0000000000
353	FT911-7-2383	2718	0.0000000000
353	FT911-7-2384	2719	0.0000000000
353	FT911-7-2385	2720	0.0000000000
353	FT911-7-2386	2721	0.0000000000
353	FT911-7-2387	2722	0.0000000000
353	FT911-7-2388	2723	0.0000000000
353	FT911-7-2389	2724	0.0000000000
353	FT911-7-2390	2725	0.0000000000
353	FT911-7-2391	2726	0.0000000000
353	FT911-7-2392	2727	0.0000000000
353	FT911-7-2393	2728	0.0000000000
353	FT911-7-2394	2729	0.0000000000
353	FT911-7-2395	2730	0.0000000000
353	FT911-7-2398	2731	0.0000000000
353	FT911-7-2399	2732	0.0000000000
353	FT911-7-2400	2733	0.0000000000
353	FT911-7-2401	2734	0.0000000000
353	FT911-7-2402	2735	0.0000000000
353	FT911-7-2403	2736	0.0000000000
353	FT911-7-2404	2737	0.0000000000
353	FT911-7-2407	2738	0.0000000000
353	FT911-7-2409	2739	0.0000000000
353	FT911-7-2410	2740	0.0000000000
353	FT911-7-2411	2741	0.0000000000
353	FT911-7-2412	2742	0.0000000000
353	FT911-7-2413	2743	0.0000000000
353	FT911-7-2414	2744	0.0000000000
353	FT911-7-2415	2745	0.0000000000
353	FT911-7-2416	2746	0.0000000000
353	FT911-7-2417	2747	0.0000000000
353	FT911-7-2418	2748	0.0000000000
353	FT911-7-2419	2749	0.0000000000
353	FT911-7-2420	2750	0.0000000000
353	FT911-7-2421	2751	0.0000000000
353	FT911-7-2422	2752	0.0000000000
353	FT911-7-2423	2753	0.0000000000
353	FT911-7-2424	2754	0.0000000000
353	FT911-7-2425	2755	0.0000000000
353	FT911-7-2426	2756	0.0000000000
353	FT911-7-2428	2757	0.0000000000
353	FT911-7-2429	2758	0.0000000000
353	FT911-7-2430	2759	0.0000000000
353	FT911-7-2431	2760	0.0000000000
353	FT911-7-2432	2761	0.0000000000
353	FT911-7-2433	2762	0.0000000000
353	FT911-7-2434	2763	0.0000000000
353	FT911-7-2436	2764	0.0000000000
353	FT911-7-2437	2765	0.0000000000
353	FT911-7-2438	2766	0.0000000000
353	FT911-7-2439	2767	0.0000000000
353	FT911-7-2440	2768	0.0000000000
353	FT911-7-2441	2769	0.0000000000
353	FT911-7-2442	2770	0.0000000000
353	FT911-7-2443	2771	0.0000000000
353	FT911-7-2444	2772	0.0000000000
353	FT911-7-2445	2773	0.0000000000
353	FT911-7-2446	2774	0.0000000000
353	FT911-7-2447	2775	0.0000000000
353	FT911-7-2448	2776	0.0000000000
353	FT911-7-2449	2777	0.0000000000
353	FT911-7-2450	2778	0.0000000000
353	FT911-7-2452	2779	0.0000000000
353	FT911-7-2454	2780	0.0000000000
353	FT911-7-2456	2781	0.0000000000
353	FT911-7-2457	2782	0.0000000000
353	FT911-7-2458	2783	0.0000000000
353	FT911-7-2459	2784	0.0000000000
353	FT911-7-2460	2785	0.0000000000
353	FT911-7-2461	2786	0.0000000000
353	FT911-7-2462	2787	0.0000000000
353	FT911-7-2463	2788	0.0000000000
353	FT911-7-2464	2789	0.0000000000
353	FT911-7-2465	2790	0.0000000000
353	FT911-7-2466	2791	0.0000000000
353	FT911-7-2467	2792	0.0000000000
353	FT911-7-2468	2793	0.0000000000
353	FT911-7-2469	2794	0.0000000000
353	FT911-7-2470	2795	0.0000000000
353	FT911-7-2471	2796	0.0000000000
353	FT911-7-2472	2797	0.0000000000
353	FT911-7-2473	2798	0.0000000000
353	FT911-7-2474	2799	0.0000000000
353	FT911-7-2475	2800	0.0000000000
353	FT911-7-2476	2801	0.0000000000
353	FT911-7-2478	2802	0.0000000000
353	FT911-7-2479	2803	0.0000000000
353	FT911-7-2481	2804	0.0000000000
353	FT911-7-2483	2805	0.0000000000
353	FT911-7-2484	2806	0.0000000000
353	FT911-7-2485	2807	0.0000000000
353	FT911-7-2486	2808	0.0000000000
353	FT911-7-2487	2809	0.0000000000
353	FT911-7-2488	2810	0.0000000000
353	FT911-7-2489	2811	0.0000000000
353	FT911-7-2490	2812	0.0000000000
353	FT911-7-2491	2813	0.0000000000
353	FT911-7-2492	2814	0.0000000000
353	FT911-7-2493	2815	0.0000000000
353	FT911-7-2494	2816	0.0000000000
353	FT911-7-2495	2817	0.0000000000
353	FT911-7-2496	2818	0.0000000000
353	FT911-7-2497	2819	0.0000000000
353	FT911-7-2498	2820	0.0000000000
353	FT911-7-2499	2821	0.0000000000
353	FT911-7-2500	2822	0.0000000000
353	FT911-7-2501	2823	0.0000000000
353	FT911-7-2502	2824	0.0000000000
353	FT911-7-2503	2825	0.0000000000
353	FT911-7-2504	2826	0.0000000000
353	FT911-7-2505	2827	0.0000000000
353	FT911-7-2506	2828	0.0000000000
353	FT911-7-2507	2829	0.0000000000
353	FT911-7-2509	2830	0.0000000000
353	FT911-7-2510	2831	0.0000000000
353	FT911-7-2512	2832	0.0000000000
353	FT911-7-2514	2833	0.0000000000
353	FT911-7-2515	2834	0.0000000000
353	FT911-7-2516	2835	0.0000000000
353	FT911-7-2517	2836	0.0000000000
353	FT911-7-2518	2837	0.0000000000
353	FT911-7-2519	2838	0.0000000000
353	FT911-7-2520	2839	0.0000000000
353	FT911-7-2521	2840	0.0000000000
353	FT911-7-2522	2841	0.0000000000
353	FT911-7-2523	2842	0.0000000000
353	FT911-7-2524	2843	0.0000000000
353	FT911-7-2525	2844	0.0000000000
353	FT911-7-2526	2845	0.0000000000
353	FT911-7-2527	2846	0.0000000000
353	FT911-7-2528	2847	0.0000000000
353	FT911-7-2530	2848	0.0000000000
353	FT911-7-2532	2849	0.0000000000
353	FT911-7-2533	2850	0.0000000000
353	FT911-7-2534	2851	0.0000000000
353	FT911-7-2535	2852	0.0000000000
353	FT911-7-2536	2853	0.0000000000
353	FT911-7-2537	2854	0.0000000000
353	FT911-7-2538	2855	0.0000000000
353	FT911-7-2539	2856	0.0000000000
353	FT911-7-2540	2857	0.0000000000
353	FT911-7-2541	2858	0.0000000000
353	FT911-7-2542	2859	0.0000000000
353	FT911-7-2543	2860	0.0000000000
353	FT911-7-2544	2861	0.0000000000
353	FT911-7-2545	2862	0.0000000000
353	FT911-7-2548	2863	0.0000000000
353	FT911-7-2549	2864	0.0000000000
353	FT911-7-2550	2865	0.0000000000
353	FT911-7-2551	2866	0.0000000000
353	FT911-7-2552	2867	0.0000000000
353	FT911-7-2553	2868	0.0000000000
353	FT911-7-2554	2869	0.0000000000
353	FT911-7-2555	2870	0.0000000000
353	FT911-7-2556	2871	0.0000000000
353	FT911-7-2557	2872	0.0000000000
353	FT911-7-2558	2873	0.0000000000
353	FT911-7-2559	2874	0.0000000000
353	FT911-7-2560	2875	0.0000000000
353	FT911-7-2561	2876	0.0000000000
353	FT911-7-2562	2877	0.0000000000
353	FT911-7-2564	2878	0.0000000000
353	FT911-7-2565	2879	0.0000000000
353	FT911-7-2567	2880	0.0000000000
353	FT911-7-2568	2881	0.0000000000
353	FT911-7-2569	2882	0.0000000000
353	FT911-7-2571	2883	0.0000000000
353	FT911-7-2572	2884	0.0000000000
353	FT911-7-2573	2885	0.0000000000
353	FT911-7-2574	2886	0.0000000000
353	FT911-7-2575	2887	0.0000000000
353	FT911-7-2576	2888	0.0000000000
353	FT911-7-2577	2889	0.0000000000
353	FT911-7-2578	2890	0.0000000000
353	FT911-7-2579	2891	0.0000000000
353	FT911-7-2580	2892	0.0000000000
353	FT911-7-2582	2893	0.0000000000
353	FT911-7-2583	2894	0.0000000000
353	FT911-7-2584	2895	0.0000000000
353	FT911-7-2586	2896	0.0000000000
353	FT911-7-2587	2897	0.0000000000
353	FT911-7-2588	2898	0.0000000000
353	FT911-7-2589	2899	0.0000000000
353	FT911-7-2591	2900	0.0000000000
353	FT911-7-2592	2901	0.0000000000
353	FT911-7-2593	2902	0.0000000000
353	FT911-7-2594	2903	0.0000000000
353	FT911-7-2595	2904	0.0000000000
353	FT911-7-2596	2905	0.0000000000
353	FT911-7-2597	2906	0.0000000000
353	FT911-7-2598	2907	0.0000000000
353	FT911-7-2599	2908	0.0000000000
353	FT911-7-2600	2909	0.0000000000
353	FT911-7-2601	2910	0.0000000000
353	FT911-7-2602	2911	0.0000000000
353	FT911-7-2603	2912	0.0000000000
353	FT911-7-2604	2913	0.0000000000
353	FT911-7-2605	2914	0.0000000000
353	FT911-7-2606	2915	0.0000000000
353	FT911-7-2607	2916	0.0000000000
353	FT911-7-2608	2917	0.0000000000
353	FT911-7-2609	2918	0.0000000000
353	FT911-7-2610	2919	0.0000000000
353	FT911-7-2611	2920	0.0000000000
353	FT911-7-2612	2921	0.0000000000
353	FT911-7-2613	2922	0.0000000000
353	FT911-7-2614	2923	0.0000000000
353	FT911-7-2615	2924	0.0000000000
353	FT911-7-2616	2925	0.0000000000
353	FT911-7-2617	2926	0.0000000000
353	FT911-7-2618	2927	0.0000000000
353	FT911-7-2619	2928	0.0000000000
353	FT911-7-2620	2929	0.0000000000
353	FT911-8-2622	2930	0.0000000000
353	FT911-8-2623	2931	0.0000000000
353	FT911-8-2624	2932	0.0000000000
353	FT911-8-2625	2933	0.0000000000
353	FT911-8-2626	2934	0.0000000000
353	FT911-8-2627	2935	0.0000000000
353	FT911-8-2628	2936	0.0000000000
353	FT911-8-2629	2937	0.0000000000
353	FT911-8-2631	2938	0.0000000000
353	FT911-8-2633	2939	0.0000000000
353	FT911-8-2634	2940	0.0000000000
353	FT911-8-2635	2941	0.0000000000
353	FT911-8-2636	2942	0.0000000000
353	FT911-8-2637	2943	0.0000000000
353	FT911-8-2638	2944	0.0000000000
353	FT911-8-2639	2945	0.0000000000
353	FT911-8-2640	2946	0.0000000000
353	FT911-8-2641	2947	0.0000000000
353	FT911-8-2642	2948	0.0000000000
353	FT911-8-2643	2949	0.0000000000
353	FT911-8-2644	2950	0.0000000000
353	FT911-8-2645	2951	0.0000000000
353	FT911-8-2646	2952	0.0000000000
353	FT911-8-2647	2953	0.0000000000
353	FT911-8-2648	2954	0.0000000000
353	FT911-8-2650	2955	0.0000000000
353	FT911-8-2651	2956	0.0000000000
353	FT911-8-2652	2957	0.0000000000
353	FT911-8-2653	2958	0.0000000000
353	FT911-8-2654	2959	0.0000000000
353	FT911-8-2655	2960	0.0000000000
353	FT911-8-2656	2961	0.0000000000
353	FT911-8-2657	2962	0.0000000000
353	FT911-8-2658	2963	0.0000000000
353	FT911-8-2659	2964	0.0000000000
353	FT911-8-2660	2965	0.0000000000
353	FT911-8-2662	2966	0.0000000000
353	FT911-8-2663	2967	0.0000000000
353	FT911-8-2664	2968	0.0000000000
353	FT911-8-2665	2969	0.0000000000
353	FT911-8-2666	2970	0.0000000000
353	FT911-8-2667	2971	0.0000000000
353	FT911-8-2668	2972	0.0000000000
353	FT911-8-2669	2973	0.0000000000
353	FT911-8-2670	2974	0.0000000000
353	FT911-8-2671	2975	0.0000000000
353	FT911-8-2672	2976	0.0000000000
353	FT911-8-2673	2977	0.0000000000
353	FT911-8-2674	2978	0.0000000000
353	FT911-8-2675	2979	0.0000000000
353	FT911-8-2677	2980	0.0000000000
353	FT911-8-2678	2981	0.0000000000
353	FT911-8-2679	2982	0.0000000000
353	FT911-8-2682	2983	0.0000000000
353	FT911-8-2684	2984	0.0000000000
353	FT911-8-2685	2985	0.0000000000
353	FT911-8-2686	2986	0.0000000000
353	FT911-8-2687	2987	0.0000000000
353	FT911-8-2688	2988	0.0000000000
353	FT911-8-2689	2989	0.0000000000
353	FT911-8-2690	2990	0.0000000000
353	FT911-8-2691	2991	0.0000000000
353	FT911-8-2692	2992	0.0000000000
353	FT911-8-2693	2993	0.0000000000
353	FT911-8-2694	2994	0.0000000000
353	FT911-8-2695	2995	0.0000000000
353	FT911-8-2696	2996	0.0000000000
353	FT911-8-2697	2997	0.0000000000
353	FT911-8-2698	2998	0.0000000000
353	FT911-8-2700	2999	0.0000000000
353	FT911-8-2701	3000	0.0000000000
353	FT911-8-2702	3001	0.0000000000
353	FT911-8-2703	3002	0.0000000000
353	FT911-8-2704	3003	0.0000000000
353	FT911-8-2705	3004	0.0000000000
353	FT911-8-2706	3005	0.0000000000
353	FT911-8-2707	3006	0.0000000000
353	FT911-8-2709	3007	0.0000000000
353	FT911-8-2710	3008	0.0000000000
353	FT911-8-2711	3009	0.0000000000
353	FT911-8-2712	3010	0.0000000000
353	FT911-8-2713	3011	0.0000000000
353	FT911-8-2714	3012	0.0000000000
353	FT911-8-2715	3013	0.0000000000
353	FT911-8-2716	3014	0.0000000000
353	FT911-8-2717	3015	0.0000000000
353	FT911-8-2718	3016	0.0000000000
353	FT911-8-2719	3017	0.0000000000
353	FT911-8-2720	3018	0.0000000000
353	FT911-8-2722	3019	0.0000000000
353	FT911-8-2723	3020	0.0000000000
353	FT911-8-2724	3021	0.0000000000
353	FT911-8-2725	3022	0.0000000000
353	FT911-8-2726	3023	0.0000000000
353	FT911-8-2727	3024	0.0000000000
353	FT911-8-2728	3025	0.0000000000
353	FT911-8-2729	3026	0.0000000000
353	FT911-8-2730	3027	0.0000000000
353	FT911-8-2731	3028	0.0000000000
353	FT911-8-2732	3029	0.0000000000
353	FT911-8-2733	3030	0.0000000000
353	FT911-8-2734	3031	0.0000000000
353	FT911-8-2736	3032	0.0000000000
353	FT911-8-2737	3033	0.0000000000
353	FT911-8-2738	3034	0.0000000000
353	FT911-8-2739	3035	0.0000000000
353	FT911-8-2740	3036	0.0000000000
353	FT911-8-2741	3037	0.0000000000
353	FT911-8-2742	3038	0.0000000000
353	FT911-8-2744	3039	0.0000000000
353	FT911-8-2745	3040	0.0000000000
353	FT911-8-2746	3041	0.0000000000
353	FT911-8-2747	3042	0.0000000000
353	FT911-8-2748	3043	0.0000000000
353	FT911-8-2749	3044	0.0000000000
353	FT911-8-2750	3045	0.0000000000
353	FT911-8-2751	3046	0.0000000000
353	FT911-8-2752	3047	0.0000000000
353	FT911-8-2753	3048	0.0000000000
353	FT911-8-2754	3049	0.0000000000
353	FT911-8-2755	3050	0.0000000000
353	FT911-8-2756	3051	0.0000000000
353	FT911-8-2757	3052	0.0000000000
353	FT911-8-2758	3053	0.0000000000
353	FT911-8-2759	3054	0.0000000000
353	FT911-8-2760	3055	0.0000000000
353	FT911-8-2761	3056	0.0000000000
353	FT911-8-2762	3057	0.0000000000
353	FT911-8-2763	3058	0.0000000000
353	FT911-8-2764	3059	0.0000000000
353	FT911-8-2765	3060	0.0000000000
353	FT911-8-2766	3061	0.0000000000
353	FT911-8-2767	3062	0.0000000000
353	FT911-8-2768	3063	0.0000000000
353	FT911-8-2769	3064	0.0000000000
353	FT911-8-2771	3065	0.0000000000
353	FT911-8-2773	3066	0.0000000000
353	FT911-8-2774	3067	0.0000000000
353	FT911-8-2775	3068	0.0000000000
353	FT911-8-2776	3069	0.0000000000
353	FT911-8-2777	3070	0.0000000000
353	FT911-8-2778	3071	0.0000000000
353	FT911-8-2779	3072	0.0000000000
353	FT911-8-2780	3073	0.0000000000
353	FT911-8-2781	3074	0.0000000000
353	FT911-8-2782	3075	0.0000000000
353	FT911-8-2783	3076	0.0000000000
353	FT911-8-2784	3077	0.0000000000
353	FT911-8-2787	3078	0.0000000000
353	FT911-8-2788	3079	0.0000000000
353	FT911-8-2789	3080	0.0000000000
353	FT911-8-2790	3081	0.0000000000
353	FT911-8-2791	3082	0.0000000000
353	FT911-8-2793	3083	0.0000000000
353	FT911-8-2794	3084	0.0000000000
353	FT911-8-2795	3085	0.0000000000
353	FT911-8-2796	3086	0.0000000000
353	FT911-8-2797	3087	0.0000000000
353	FT911-8-2798	3088	0.0000000000
353	FT911-8-2799	3089	0.0000000000
353	FT911-8-2801	3090	0.0000000000
353	FT911-8-2803	3091	0.0000000000
353	FT911-8-2804	3092	0.0000000000
353	FT911-8-2806	3093	0.0000000000
353	FT911-8-2808	3094	0.0000000000
353	FT911-8-2809	3095	0.0000000000
353	FT911-8-2810	3096	0.0000000000
353	FT911-8-2811	3097	0.0000000000
353	FT911-8-2812	3098	0.0000000000
353	FT911-8-2813	3099	0.0000000000
353	FT911-8-2814	3100	0.0000000000
353	FT911-8-2815	3101	0.0000000000
353	FT911-8-2816	3102	0.0000000000
353	FT911-8-2817	3103	0.0000000000
353	FT911-8-2818	3104	0.0000000000
353	FT911-8-2819	3105	0.0000000000
353	FT911-8-2820	3106	0.0000000000
353	FT911-8-2821	3107	0.0000000000
353	FT911-8-2822	3108	0.0000000000
353	FT911-8-2823	3109	0.0000000000
353	FT911-8-2824	3110	0.0000000000
353	FT911-8-2826	3111	0.0000000000
353	FT911-8-2827	3112	0.0000000000
353	FT911-8-2828	3113	0.0000000000
353	FT911-8-2829	3114	0.0000000000
353	FT911-8-2830	3115	0.0000000000
353	FT911-8-2831	3116	0.0000000000
353	FT911-8-2833	3117	0.0000000000
353	FT911-8-2834	3118	0.0000000000
353	FT911-8-2836	3119	0.0000000000
353	FT911-8-2837	3120	0.0000000000
353	FT911-8-2838	3121	0.0000000000
353	FT911-8-2839	3122	0.0000000000
353	FT911-8-2840	3123	0.0000000000
353	FT911-8-2841	3124	0.0000000000
353	FT911-8-2842	3125	0.0000000000
353	FT911-8-2843	3126	0.0000000000
353	FT911-8-2844	3127	0.0000000000
353	FT911-8-2845	3128	0.0000000000
353	FT911-8-2846	3129	0.0000000000
353	FT911-8-2847	3130	0.0000000000
353	FT911-8-2848	3131	0.0000000000
353	FT911-8-2849	3132	0.0000000000
353	FT911-8-2850	3133	0.0000000000
353	FT911-8-2851	3134	0.0000000000
353	FT911-8-2852	3135	0.0000000000
353	FT911-8-2854	3136	0.0000000000
353	FT911-8-2855	3137	0.0000000000
353	FT911-8-2856	3138	0.0000000000
353	FT911-8-2858	3139	0.0000000000
353	FT911-8-2860	3140	0.0000000000
353	FT911-8-2861	3141	0.0000000000
353	FT911-8-2862	3142	0.0000000000
353	FT911-8-2863	3143	0.0000000000
353	FT911-8-2864	3144	0.0000000000
353	FT911-8-2865	3145	0.0000000000
353	FT911-8-2866	3146	0.0000000000
353	FT911-8-2867	3147	0.0000000000
353	FT911-8-2868	3148	0.0000000000
353	FT911-8-2869	3149	0.0000000000
353	FT911-8-2870	3150	0.0000000000
353	FT911-8-2871	3151	0.0000000000
353	FT911-8-2872	3152	0.0000000000
353	FT911-8-2873	3153	0.0000000000
353	FT911-8-2875	3154	0.0000000000
353	FT911-8-2876	3155	0.0000000000
353	FT911-8-2877	3156	0.0000000000
353	FT911-8-2878	3157	0.0000000000
353	FT911-8-2879	3158	0.0000000000
353	FT911-8-2880	3159	0.0000000000
353	FT911-8-2881	3160	0.0000000000
353	FT911-8-2883	3161	0.0000000000
353	FT911-8-2884	3162	0.0000000000
353	FT911-8-2885	3163	0.0000000000
353	FT911-8-2886	3164	0.0000000000
353	FT911-8-2887	3165	0.0000000000
353	FT911-8-2888	3166	0.0000000000
353	FT911-8-2889	3167	0.0000000000
353	FT911-8-2890	3168	0.0000000000
353	FT911-8-2891	3169	0.0000000000
353	FT911-8-2892	3170	0.0000000000
353	FT911-8-2893	3171	0.0000000000
353	FT911-8-2894	3172	0.0000000000
353	FT911-8-2895	3173	0.0000000000
353	FT911-8-2896	3174	0.0000000000
353	FT911-8-2897	3175	0.0000000000
353	FT911-8-2898	3176	0.0000000000
353	FT911-8-2899	3177	0.0000000000
353	FT911-8-2901	3178	0.0000000000
353	FT911-8-2903	3179	0.0000000000
353	FT911-8-2904	3180	0.0000000000
353	FT911-8-2905	3181	0.0000000000
353	FT911-8-2906	3182	0.0000000000
353	FT911-8-2907	3183	0.0000000000
353	FT911-8-2908	3184	0.0000000000
353	FT911-8-2909	3185	0.0000000000
353	FT911-8-2910	3186	0.0000000000
353	FT911-8-2911	3187	0.0000000000
353	FT911-8-2912	3188	0.0000000000
353	FT911-8-2913	3189	0.0000000000
353	FT911-8-2914	3190	0.0000000000
353	FT911-8-2915	3191	0.0000000000
353	FT911-8-2916	3192	0.0000000000
353	FT911-8-2917	3193	0.0000000000
353	FT911-8-2918	3194	0.0000000000
353	FT911-8-2919	3195	0.0000000000
353	FT911-8-2920	3196	0.0000000000
353	FT911-8-2921	3197	0.0000000000
353	FT911-8-2922	3198	0.0000000000
353	FT911-8-2923	3199	0.0000000000
353	FT911-8-2924	3200	0.0000000000
353	FT911-8-2925	3201	0.0000000000
353	FT911-8-2926	3202	0.0000000000
353	FT911-8-2927	3203	0.0000000000
353	FT911-8-2928	3204	0.0000000000
353	FT911-8-2929	3205	0.0000000000
353	FT911-8-2930	3206	0.0000000000
353	FT911-8-2931	3207	0.0000000000
353	FT911-8-2932	3208	0.0000000000
353	FT911-8-2933	3209	0.0000000000
353	FT911-8-2934	3210	0.0000000000
353	FT911-8-2935	3211	0.0000000000
353	FT911-8-2936	3212	0.0000000000
353	FT911-8-2937	3213	0.0000000000
353	FT911-8-2938	3214	0.0000000000
353	FT911-8-2939	3215	0.0000000000
353	FT911-8-2940	3216	0.0000000000
353	FT911-8-2941	3217	0.0000000000
353	FT911-8-2943	3218	0.0000000000
353	FT911-8-2945	3219	0.0000000000
353	FT911-8-2946	3220	0.0000000000
353	FT911-8-2947	3221	0.0000000000
353	FT911-8-2948	3222	0.0000000000
353	FT911-8-2949	3223	0.0000000000
353	FT911-9-2950	3224	0.0000000000
353	FT911-9-2951	3225	0.0000000000
353	FT911-9-2952	3226	0.0000000000
353	FT911-9-2953	3227	0.0000000000
353	FT911-9-2955	3228	0.0000000000
353	FT911-9-2956	3229	0.0000000000
353	FT911-9-2957	3230	0.0000000000
353	FT911-9-2958	3231	0.0000000000
353	FT911-9-2959	3232	0.0000000000
353	FT911-9-2961	3233	0.0000000000
353	FT911-9-2962	3234	0.0000000000
353	FT911-9-2963	3235	0.0000000000
353	FT911-9-2965	3236	0.0000000000
353	FT911-9-2967	3237	0.0000000000
353	FT911-9-2969	3238	0.0000000000
353	FT911-9-2970	3239	0.0000000000
353	FT911-9-2971	3240	0.0000000000
353	FT911-9-2972	3241	0.0000000000
353	FT911-9-2973	3242	0.0000000000
353	FT911-9-2974	3243	0.0000000000
353	FT911-9-2976	3244	0.0000000000
353	FT911-9-2977	3245	0.0000000000
353	FT911-9-2978	3246	0.0000000000
353	FT911-9-2979	3247	0.0000000000
353	FT911-9-2980	3248	0.0000000000
353	FT911-9-2981	3249	0.0000000000
353	FT911-9-2982	3250	0.0000000000
353	FT911-9-2983	3251	0.0000000000
353	FT911-9-2984	3252	0.0000000000
353	FT911-9-2985	3253	0.0000000000
353	FT911-9-2986	3254	0.0000000000
353	FT911-9-2987	3255	0.0000000000
353	FT911-9-2988	3256	0.0000000000
353	FT911-9-2989	3257	0.0000000000
353	FT911-9-2990	3258	0.0000000000
353	FT911-9-2991	3259	0.0000000000
353	FT911-9-2992	3260	0.0000000000
353	FT911-9-2993	3261	0.0000000000
353	FT911-9-2994	3262	0.0000000000
353	FT911-9-2995	3263	0.0000000000
353	FT911-9-2996	3264	0.0000000000
353	FT911-9-2997	3265	0.0000000000
353	FT911-9-2998	3266	0.0000000000
353	FT911-9-2999	3267	0.0000000000
353	FT911-9-3000	3268	0.0000000000
353	FT911-9-3001	3269	0.0000000000
353	FT911-9-3002	3270	0.0000000000
353	FT911-9-3003	3271	0.0000000000
353	FT911-9-3004	3272	0.0000000000
353	FT911-9-3005	3273	0.0000000000
353	FT911-9-3006	3274	0.0000000000
353	FT911-9-3007	3275	0.0000000000
353	FT911-9-3008	3276	0.0000000000
353	FT911-9-3009	3277	0.0000000000
353	FT911-9-3010	3278	0.0000000000
353	FT911-9-3011	3279	0.0000000000
353	FT911-9-3012	3280	0.0000000000
353	FT911-9-3013	3281	0.0000000000
353	FT911-9-3014	3282	0.0000000000
353	FT911-9-3015	3283	0.0000000000
353	FT911-9-3017	3284	0.0000000000
353	FT911-9-3018	3285	0.0000000000
353	FT911-9-3019	3286	0.0000000000
353	FT911-9-3020	3287	0.0000000000
353	FT911-9-3021	3288	0.0000000000
353	FT911-9-3022	3289	0.0000000000
353	FT911-9-3023	3290	0.0000000000
353	FT911-9-3024	3291	0.0000000000
353	FT911-9-3025	3292	0.0000000000
353	FT911-9-3026	3293	0.0000000000
353	FT911-9-3027	3294	0.0000000000
353	FT911-9-3029	3295	0.0000000000
353	FT911-9-3030	3296	0.0000000000
353	FT911-9-3031	3297	0.0000000000
353	FT911-9-3032	3298	0.0000000000
353	FT911-9-3033	3299	0.0000000000
353	FT911-9-3034	3300	0.0000000000
353	FT911-9-3035	3301	0.0000000000
353	FT911-9-3036	3302	0.0000000000
353	FT911-9-3037	3303	0.0000000000
353	FT911-9-3038	3304	0.0000000000
353	FT911-9-3039	3305	0.0000000000
353	FT911-9-3040	3306	0.0000000000
353	FT911-9-3041	3307	0.0000000000
353	FT911-9-3042	3308	0.0000000000
353	FT911-9-3043	3309	0.0000000000
353	FT911-9-3044	3310	0.0000000000
353	FT911-9-3045	3311	0.0000000000
353	FT911-9-3046	3312	0.0000000000
353	FT911-9-3047	3313	0.0000000000
353	FT911-9-3048	3314	0.0000000000
353	FT911-9-3049	3315	0.0000000000
353	FT911-9-3050	3316	0.0000000000
353	FT911-9-3052	3317	0.0000000000
353	FT911-9-3053	3318	0.0000000000
353	FT911-9-3054	3319	0.0000000000
353	FT911-9-3055	3320	0.0000000000
353	FT911-9-3056	3321	0.0000000000
353	FT911-9-3057	3322	0.0000000000
353	FT911-9-3058	3323	0.0000000000
353	FT911-9-3059	3324	0.0000000000
353	FT911-9-3060	3325	0.0000000000
353	FT911-9-3061	3326	0.0000000000
353	FT911-9-3062	3327	0.0000000000
353	FT911-9-3063	3328	0.0000000000
353	FT911-9-3064	3329	0.0000000000
353	FT911-9-3065	3330	0.0000000000
353	FT911-9-3066	3331	0.0000000000
353	FT911-9-3068	3332	0.0000000000
353	FT911-9-3069	3333	0.0000000000
353	FT911-9-3070	3334	0.0000000000
353	FT911-9-3071	3335	0.0000000000
353	FT911-9-3072	3336	0.0000000000
353	FT911-9-3073	3337	0.0000000000
353	FT911-9-3075	3338	0.0000000000
353	FT911-9-3076	3339	0.0000000000
353	FT911-9-3077	3340	0.0000000000
353	FT911-9-3078	3341	0.0000000000
353	FT911-9-3080	3342	0.0000000000
353	FT911-9-3081	3343	0.0000000000
353	FT911-9-3082	3344	0.0000000000
353	FT911-9-3083	3345	0.0000000000
353	FT911-9-3084	3346	0.0000000000
353	FT911-9-3085	3347	0.0000000000
353	FT911-9-3086	3348	0.0000000000
353	FT911-9-3087	3349	0.0000000000
353	FT911-9-3088	3350	0.0000000000
353	FT911-9-3089	3351	0.0000000000
353	FT911-9-3090	3352	0.0000000000
353	FT911-9-3091	3353	0.0000000000
353	FT911-9-3092	3354	0.0000000000
353	FT911-9-3093	3355	0.0000000000
353	FT911-9-3094	3356	0.0000000000
353	FT911-9-3096	3357	0.0000000000
353	FT911-9-3097	3358	0.0000000000
353	FT911-9-3098	3359	0.0000000000
353	FT911-9-3099	3360	0.0000000000
353	FT911-9-3100	3361	0.0000000000
353	FT911-9-3101	3362	0.0000000000
353	FT911-9-3103	3363	0.0000000000
353	FT911-9-3104	3364	0.0000000000
353	FT911-9-3105	3365	0.0000000000
353	FT911-9-3106	3366	0.0000000000
353	FT911-9-3107	3367	0.0000000000
353	FT911-9-3108	3368	0.0000000000
353	FT911-9-3109	3369	0.0000000000
353	FT911-9-3110	3370	0.0000000000
353	FT911-9-3111	3371	0.0000000000
353	FT911-9-3112	3372	0.0000000000
353	FT911-9-3113	3373	0.0000000000
353	FT911-9-3114	3374	0.0000000000
353	FT911-9-3115	3375	0.0000000000
353	FT911-9-3116	3376	0.0000000000
353	FT911-9-3117	3377	0.0000000000
353	FT911-9-3119	3378	0.0000000000
353	FT911-9-3120	3379	0.0000000000
353	FT911-9-3121	3380	0.0000000000
353	FT911-9-3122	3381	0.0000000000
353	FT911-9-3123	3382	0.0000000000
353	FT911-9-3124	3383	0.0000000000
353	FT911-9-3125	3384	0.0000000000
353	FT911-9-3126	3385	0.0000000000
353	FT911-9-3127	3386	0.0000000000
353	FT911-9-3129	3387	0.0000000000
353	FT911-9-3130	3388	0.0000000000
353	FT911-9-3131	3389	0.0000000000
353	FT911-9-3133	3390	0.0000000000
353	FT911-9-3134	3391	0.0000000000
353	FT911-9-3136	3392	0.0000000000
353	FT911-9-3137	3393	0.0000000000
353	FT911-9-3138	3394	0.0000000000
353	FT911-9-3143	3395	0.0000000000
353	FT911-9-3144	3396	0.0000000000
353	FT911-9-3146	3397	0.0000000000
353	FT911-9-3147	3398	0.0000000000
353	FT911-9-3148	3399	0.0000000000
353	FT911-9-3149	3400	0.0000000000
353	FT911-9-3151	3401	0.0000000000
353	FT911-9-3152	3402	0.0000000000
353	FT911-9-3153	3403	0.0000000000
353	FT911-9-3154	3404	0.0000000000
353	FT911-9-3155	3405	0.0000000000
353	FT911-9-3156	3406	0.0000000000
353	FT911-9-3157	3407	0.0000000000
353	FT911-9-3158	3408	0.0000000000
353	FT911-9-3159	3409	0.0000000000
353	FT911-9-3160	3410	0.0000000000
353	FT911-9-3161	3411	0.0000000000
353	FT911-9-3162	3412	0.0000000000
353	FT911-9-3163	3413	0.0000000000
353	FT911-9-3164	3414	0.0000000000
353	FT911-9-3165	3415	0.0000000000
353	FT911-9-3166	3416	0.0000000000
353	FT911-9-3167	3417	0.0000000000
353	FT911-9-3168	3418	0.0000000000
353	FT911-9-3169	3419	0.0000000000
353	FT911-9-3171	3420	0.0000000000
353	FT911-9-3172	3421	0.0000000000
353	FT911-9-3174	3422	0.0000000000
353	FT911-9-3175	3423	0.0000000000
353	FT911-9-3176	3424	0.0000000000
353	FT911-9-3177	3425	0.0000000000
353	FT911-9-3178	3426	0.0000000000
353	FT911-9-3179	3427	0.0000000000
353	FT911-9-3180	3428	0.0000000000
353	FT911-9-3182	3429	0.0000000000
353	FT911-9-3183	3430	0.0000000000
353	FT911-9-3184	3431	0.0000000000
353	FT911-9-3185	3432	0.0000000000
353	FT911-9-3186	3433	0.0000000000
353	FT911-9-3189	3434	0.0000000000
353	FT911-9-3190	3435	0.0000000000
353	FT911-9-3191	3436	0.0000000000
353	FT911-9-3192	3437	0.0000000000
353	FT911-9-3193	3438	0.0000000000
353	FT911-9-3194	3439	0.0000000000
353	FT911-9-3195	3440	0.0000000000
353	FT911-9-3196	3441	0.0000000000
353	FT911-9-3197	3442	0.0000000000
353	FT911-9-3198	3443	0.0000000000
353	FT911-9-3199	3444	0.0000000000
353	FT911-9-3200	3445	0.0000000000
353	FT911-9-3201	3446	0.0000000000
353	FT911-9-3202	3447	0.0000000000
353	FT911-9-3204	3448	0.0000000000
353	FT911-9-3206	3449	0.0000000000
353	FT911-9-3207	3450	0.0000000000
353	FT911-9-3208	3451	0.0000000000
353	FT911-9-3209	3452	0.0000000000
353	FT911-9-3210	3453	0.0000000000
353	FT911-9-3211	3454	0.0000000000
353	FT911-9-3212	3455	0.0000000000
353	FT911-9-3213	3456	0.0000000000
353	FT911-9-3214	3457	0.0000000000
353	FT911-9-3215	3458	0.0000000000
353	FT911-9-3216	3459	0.0000000000
353	FT911-9-3218	3460	0.0000000000
353	FT911-9-3219	3461	0.0000000000
353	FT911-9-3220	3462	0.0000000000
353	FT911-9-3221	3463	0.0000000000
353	FT911-9-3222	3464	0.0000000000
353	FT911-9-3223	3465	0.0000000000
353	FT911-9-3224	3466	0.0000000000
353	FT911-9-3225	3467	0.0000000000
353	FT911-9-3226	3468	0.0000000000
353	FT911-9-3227	3469	0.0000000000
353	FT911-9-3228	3470	0.0000000000
353	FT911-9-3229	3471	0.0000000000
353	FT911-9-3230	3472	0.0000000000
353	FT911-9-3231	3473	0.0000000000
353	FT911-9-3232	3474	0.0000000000
353	FT911-9-3233	3475	0.0000000000
353	FT911-9-3234	3476	0.0000000000
353	FT911-9-3236	3477	0.0000000000
353	FT911-9-3237	3478	0.0000000000
353	FT911-9-3238	3479	0.0000000000
353	FT911-9-3239	3480	0.0000000000
353	FT911-9-3240	3481	0.0000000000
353	FT911-9-3241	3482	0.0000000000
353	FT911-9-3242	3483	0.0000000000
353	FT911-9-3243	3484	0.0000000000
353	FT911-9-3244	3485	0.0000000000
353	FT911-9-3245	3486	0.0000000000
353	FT911-9-3246	3487	0.0000000000
353	FT911-9-3247	3488	0.0000000000
353	FT911-9-3248	3489	0.0000000000
353	FT911-9-3249	3490	0.0000000000
353	FT911-9-3250	3491	0.0000000000
353	FT911-9-3251	3492	0.0000000000
353	FT911-9-3252	3493	0.0000000000
353	FT911-9-3253	3494	0.0000000000
353	FT911-9-3254	3495	0.0000000000
353	FT911-9-3255	3496	0.0000000000
353	FT911-9-3257	3497	0.0000000000
353	FT911-9-3258	3498	0.0000000000
353	FT911-9-3259	3499	0.0000000000
353	FT911-9-3260	3500	0.0000000000
353	FT911-9-3261	3501	0.0000000000
353	FT911-9-3262	3502	0.0000000000
353	FT911-9-3263	3503	0.0000000000
353	FT911-9-3264	3504	0.0000000000
353	FT911-9-3265	3505	0.0000000000
353	FT911-9-3267	3506	0.0000000000
353	FT911-9-3268	3507	0.0000000000
353	FT911-9-3269	3508	0.0000000000
353	FT911-9-3270	3509	0.0000000000
353	FT911-9-3271	3510	0.0000000000
353	FT911-9-3272	3511	0.0000000000
353	FT911-9-3273	3512	0.0000000000
353	FT911-9-3274	3513	0.0000000000
353	FT911-9-3275	3514	0.0000000000
353	FT911-9-3276	3515	0.0000000000
353	FT911-9-3277	3516	0.0000000000
353	FT911-9-3278	3517	0.0000000000
353	FT911-9-3280	3518	0.0000000000
353	FT911-9-3281	3519	0.0000000000
353	FT911-9-3282	3520	0.0000000000
353	FT911-9-3283	3521	0.0000000000
353	FT911-9-3284	3522	0.0000000000
353	FT911-9-3285	3523	0.0000000000
353	FT911-9-3286	3524	0.0000000000
353	FT911-9-3287	3525	0.0000000000
353	FT911-9-3288	3526	0.0000000000
353	FT911-9-3289	3527	0.0000000000
353	FT911-9-3290	3528	0.0000000000
353	FT911-9-3291	3529	0.0000000000
353	FT911-9-3293	3530	0.0000000000
353	FT911-9-3294	3531	0.0000000000
353	FT911-9-3295	3532	0.0000000000
353	FT911-9-3296	3533	0.0000000000
353	FT911-9-3297	3534	0.0000000000
353	FT911-9-3298	3535	0.0000000000
353	FT911-9-3299	3536	0.0000000000
353	FT911-9-3300	3537	0.0000000000
353	FT911-9-3301	3538	0.0000000000
353	FT911-9-3302	3539	0.0000000000
353	FT911-9-3303	3540	0.0000000000
353	FT911-9-3304	3541	0.0000000000
353	FT911-9-3305	3542	0.0000000000
353	FT911-9-3306	3543	0.0000000000
353	FT911-9-3308	3544	0.0000000000
353	FT911-9-3309	3545	0.0000000000
353	FT911-9-3310	3546	0.0000000000
353	FT911-9-3311	3547	0.0000000000
353	FT911-9-3312	3548	0.0000000000
353	FT911-9-3314	3549	0.0000000000
353	FT911-9-3315	3550	0.0000000000
353	FT911-9-3316	3551	0.0000000000
353	FT911-9-3317	3552	0.0000000000
353	FT911-9-3318	3553	0.0000000000
353	FT911-9-3320	3554	0.0000000000
353	FT911-9-3321	3555	0.0000000000
353	FT911-9-3322	3556	0.0000000000
353	FT911-10-3323	3557	0.0000000000
353	FT911-10-3324	3558	0.0000000000
353	FT911-10-3325	3559	0.0000000000
353	FT911-10-3327	3560	0.0000000000
353	FT911-10-3328	3561	0.0000000000
353	FT911-10-3330	3562	0.0000000000
353	FT911-10-3331	3563	0.0000000000
353	FT911-10-3333	3564	0.0000000000
353	FT911-10-3335	3565	0.0000000000
353	FT911-10-3336	3566	0.0000000000
353	FT911-10-3337	3567	0.0000000000
353	FT911-10-3338	3568	0.0000000000
353	FT911-10-3341	3569	0.0000000000
353	FT911-10-3342	3570	0.0000000000
353	FT911-10-3343	3571	0.0000000000
353	FT911-10-3344	3572	0.0000000000
353	FT911-10-3345	3573	0.0000000000
353	FT911-10-3346	3574	0.0000000000
353	FT911-10-3347	3575	0.0000000000
353	FT911-10-3348	3576	0.0000000000
353	FT911-10-3349	3577	0.0000000000
353	FT911-10-3350	3578	0.0000000000
353	FT911-10-3351	3579	0.0000000000
353	FT911-10-3353	3580	0.0000000000
353	FT911-10-3354	3581	0.0000000000
353	FT911-10-3356	3582	0.0000000000
353	FT911-10-3357	3583	0.0000000000
353	FT911-10-3358	3584	0.0000000000
353	FT911-10-3359	3585	0.0000000000
353	FT911-10-3361	3586	0.0000000000
353	FT911-10-3362	3587	0.0000000000
353	FT911-10-3363	3588	0.0000000000
353	FT911-10-3364	3589	0.0000000000
353	FT911-10-3365	3590	0.0000000000
353	FT911-10-3366	3591	0.0000000000
353	FT911-10-3367	3592	0.0000000000
353	FT911-10-3368	3593	0.0000000000
353	FT911-10-3369	3594	0.0000000000
353	FT911-10-3370	3595	0.0000000000
353	FT911-10-3371	3596	0.0000000000
353	FT911-10-3372	3597	0.0000000000
353	FT911-10-3373	3598	0.0000000000
353	FT911-10-3374	3599	0.0000000000
353	FT911-10-3375	3600	0.0000000000
353	FT911-10-3377	3601	0.0000000000
353	FT911-10-3379	3602	0.0000000000
353	FT911-10-3380	3603	0.0000000000
353	FT911-10-3381	3604	0.0000000000
353	FT911-10-3382	3605	0.0000000000
353	FT911-10-3383	3606	0.0000000000
353	FT911-10-3384	3607	0.0000000000
353	FT911-10-3385	3608	0.0000000000
353	FT911-10-3387	3609	0.0000000000
353	FT911-10-3388	3610	0.0000000000
353	FT911-10-3389	3611	0.0000000000
353	FT911-10-3390	3612	0.0000000000
353	FT911-10-3391	3613	0.0000000000
353	FT911-10-3392	3614	0.0000000000
353	FT911-10-3394	3615	0.0000000000
353	FT911-10-3395	3616	0.0000000000
353	FT911-10-3396	3617	0.0000000000
353	FT911-10-3397	3618	0.0000000000
353	FT911-10-3398	3619	0.0000000000
353	FT911-10-3399	3620	0.0000000000
353	FT911-10-3400	3621	0.0000000000
353	FT911-10-3401	3622	0.0000000000
353	FT911-10-3402	3623	0.0000000000
353	FT911-10-3403	3624	0.0000000000
353	FT911-10-3404	3625	0.0000000000
353	FT911-10-3405	3626	0.0000000000
353	FT911-10-3406	3627	0.0000000000
353	FT911-10-3407	3628	0.0000000000
353	FT911-10-3409	3629	0.0000000000
353	FT911-10-3410	3630	0.0000000000
353	FT911-10-3411	3631	0.0000000000
353	FT911-10-3412	3632	0.0000000000
353	FT911-10-3413	3633	0.0000000000
353	FT911-10-3414	3634	0.0000000000
353	FT911-10-3415	3635	0.0000000000
353	FT911-10-3416	3636	0.0000000000
353	FT911-10-3417	3637	0.0000000000
353	FT911-10-3418	3638	0.0000000000
353	FT911-10-3419	3639	0.0000000000
353	FT911-10-3420	3640	0.0000000000
353	FT911-10-3421	3641	0.0000000000
353	FT911-10-3422	3642	0.0000000000
353	FT911-10-3423	3643	0.0000000000
353	FT911-10-3424	3644	0.0000000000
353	FT911-10-3426	3645	0.0000000000
353	FT911-10-3428	3646	0.0000000000
353	FT911-10-3429	3647	0.0000000000
353	FT911-10-3430	3648	0.0000000000
353	FT911-10-3431	3649	0.0000000000
353	FT911-10-3434	3650	0.0000000000
353	FT911-10-3435	3651	0.0000000000
353	FT911-10-3436	3652	0.0000000000
353	FT911-10-3437	3653	0.0000000000
353	FT911-10-3438	3654	0.0000000000
353	FT911-10-3439	3655	0.0000000000
353	FT911-10-3440	3656	0.0000000000
353	FT911-10-3441	3657	0.0000000000
353	FT911-10-3442	3658	0.0000000000
353	FT911-10-3443	3659	0.0000000000
353	FT911-10-3444	3660	0.0000000000
353	FT911-10-3445	3661	0.0000000000
353	FT911-10-3446	3662	0.0000000000
353	FT911-10-3447	3663	0.0000000000
353	FT911-10-3448	3664	0.0000000000
353	FT911-10-3449	3665	0.0000000000
353	FT911-10-3450	3666	0.0000000000
353	FT911-10-3451	3667	0.0000000000
353	FT911-10-3452	3668	0.0000000000
353	FT911-10-3453	3669	0.0000000000
353	FT911-10-3454	3670	0.0000000000
353	FT911-10-3456	3671	0.0000000000
353	FT911-10-3457	3672	0.0000000000
353	FT911-10-3458	3673	0.0000000000
353	FT911-10-3459	3674	0.0000000000
353	FT911-10-3460	3675	0.0000000000
353	FT911-10-3461	3676	0.0000000000
353	FT911-10-3462	3677	0.0000000000
353	FT911-10-3465	3678	0.0000000000
353	FT911-10-3466	3679	0.0000000000
353	FT911-10-3467	3680	0.0000000000
353	FT911-10-3468	3681	0.0000000000
353	FT911-10-3469	3682	0.0000000000
353	FT911-10-3470	3683	0.0000000000
353	FT911-10-3471	3684	0.0000000000
353	FT911-10-3472	3685	0.0000000000
353	FT911-10-3473	3686	0.0000000000
353	FT911-10-3474	3687	0.0000000000
353	FT911-10-3475	3688	0.0000000000
353	FT911-10-3476	3689	0.0000000000
353	FT911-10-3477	3690	0.0000000000
353	FT911-10-3478	3691	0.0000000000
353	FT911-10-3479	3692	0.0000000000
353	FT911-10-3480	3693	0.0000000000
353	FT911-10-3481	3694	0.0000000000
353	FT911-10-3482	3695	0.0000000000
353	FT911-10-3483	3696	0.0000000000
353	FT911-10-3484	3697	0.0000000000
353	FT911-10-3485	3698	0.0000000000
353	FT911-10-3487	3699	0.0000000000
353	FT911-10-3489	3700	0.0000000000
353	FT911-10-3490	3701	0.0000000000
353	FT911-10-3491	3702	0.0000000000
353	FT911-10-3492	3703	0.0000000000
353	FT911-10-3493	3704	0.0000000000
353	FT911-10-3494	3705	0.0000000000
353	FT911-10-3495	3706	0.0000000000
353	FT911-10-3496	3707	0.0000000000
353	FT911-10-3497	3708	0.0000000000
353	FT911-10-3498	3709	0.0000000000
353	FT911-10-3499	3710	0.0000000000
353	FT911-10-3500	3711	0.0000000000
353	FT911-10-3501	3712	0.0000000000
353	FT911-10-3503	3713	0.0000000000
353	FT911-10-3504	3714	0.0000000000
353	FT911-10-3505	3715	0.0000000000
353	FT911-10-3506	3716	0.0000000000
353	FT911-10-3507	3717	0.0000000000
353	FT911-10-3508	3718	0.0000000000
353	FT911-10-3509	3719	0.0000000000
353	FT911-10-3510	3720	0.0000000000
353	FT911-10-3511	3721	0.0000000000
353	FT911-10-3512	3722	0.0000000000
353	FT911-10-3514	3723	0.0000000000
353	FT911-10-3515	3724	0.0000000000
353	FT911-10-3516	3725	0.0000000000
353	FT911-10-3517	3726	0.0000000000
353	FT911-10-3518	3727	0.0000000000
353	FT911-10-3519	3728	0.0000000000
353	FT911-10-3520	3729	0.0000000000
353	FT911-10-3521	3730	0.0000000000
353	FT911-10-3522	3731	0.0000000000
353	FT911-10-3523	3732	0.0000000000
353	FT911-10-3524	3733	0.0000000000
353	FT911-10-3525	3734	0.0000000000
353	FT911-10-3526	3735	0.0000000000
353	FT911-10-3527	3736	0.0000000000
353	FT911-10-3528	3737	0.0000000000
353	FT911-10-3529	3738	0.0000000000
353	FT911-10-3530	3739	0.0000000000
353	FT911-10-3531	3740	0.0000000000
353	FT911-10-3532	3741	0.0000000000
353	FT911-10-3533	3742	0.0000000000
353	FT911-10-3534	3743	0.0000000000
353	FT911-10-3535	3744	0.0000000000
353	FT911-10-3536	3745	0.0000000000
353	FT911-10-3537	3746	0.0000000000
353	FT911-10-3538	3747	0.0000000000
353	FT911-10-3539	3748	0.0000000000
353	FT911-10-3540	3749	0.0000000000
353	FT911-10-3541	3750	0.0000000000
353	FT911-10-3542	3751	0.0000000000
353	FT911-10-3544	3752	0.0000000000
353	FT911-10-3545	3753	0.0000000000
353	FT911-10-3546	3754	0.0000000000
353	FT911-10-3547	3755	0.0000000000
353	FT911-10-3548	3756	0.0000000000
353	FT911-10-3549	3757	0.0000000000
353	FT911-10-3550	3758	0.0000000000
353	FT911-10-3551	3759	0.0000000000
353	FT911-10-3552	3760	0.0000000000
353	FT911-10-3553	3761	0.0000000000
353	FT911-10-3554	3762	0.0000000000
353	FT911-10-3555	3763	0.0000000000
353	FT911-10-3556	3764	0.0000000000
353	FT911-10-3557	3765	0.0000000000
353	FT911-10-3558	3766	0.0000000000
353	FT911-10-3559	3767	0.0000000000
353	FT911-10-3560	3768	0.0000000000
353	FT911-10-3561	3769	0.0000000000
353	FT911-10-3562	3770	0.0000000000
353	FT911-10-3563	3771	0.0000000000
353	FT911-10-3564	3772	0.0000000000
353	FT911-10-3565	3773	0.0000000000
353	FT911-10-3566	3774	0.0000000000
353	FT911-10-3567	3775	0.0000000000
353	FT911-10-3568	3776	0.0000000000
353	FT911-10-3569	3777	0.0000000000
353	FT911-10-3570	3778	0.0000000000
353	FT911-10-3573	3779	0.0000000000
353	FT911-10-3574	3780	0.0000000000
353	FT911-10-3575	3781	0.0000000000
353	FT911-10-3576	3782	0.0000000000
353	FT911-10-3577	3783	0.0000000000
353	FT911-10-3578	3784	0.0000000000
353	FT911-10-3579	3785	0.0000000000
353	FT911-10-3580	3786	0.0000000000
353	FT911-10-3581	3787	0.0000000000
353	FT911-10-3582	3788	0.0000000000
353	FT911-10-3583	3789	0.0000000000
353	FT911-10-3584	3790	0.0000000000
353	FT911-10-3585	3791	0.0000000000
353	FT911-10-3586	3792	0.0000000000
353	FT911-10-3587	3793	0.0000000000
353	FT911-10-3588	3794	0.0000000000
353	FT911-10-3589	3795	0.0000000000
353	FT911-10-3590	3796	0.0000000000
353	FT911-10-3591	3797	0.0000000000
353	FT911-10-3592	3798	0.0000000000
353	FT911-10-3593	3799	0.0000000000
353	FT911-10-3594	3800	0.0000000000
353	FT911-10-3595	3801	0.0000000000
353	FT911-10-3596	3802	0.0000000000
353	FT911-10-3597	3803	0.0000000000
353	FT911-10-3598	3804	0.0000000000
353	FT911-10-3599	3805	0.0000000000
353	FT911-10-3600	3806	0.0000000000
353	FT911-10-3604	3807	0.0000000000
353	FT911-10-3605	3808	0.0000000000
353	FT911-10-3606	3809	0.0000000000
353	FT911-10-3607	3810	0.0000000000
353	FT911-10-3608	3811	0.0000000000
353	FT911-10-3609	3812	0.0000000000
353	FT911-10-3610	3813	0.0000000000
353	FT911-10-3611	3814	0.0000000000
353	FT911-10-3612	3815	0.0000000000
353	FT911-10-3613	3816	0.0000000000
353	FT911-10-3615	3817	0.0000000000
353	FT911-10-3616	3818	0.0000000000
353	FT911-10-3617	3819	0.0000000000
353	FT911-10-3618	3820	0.0000000000
353	FT911-10-3619	3821	0.0000000000
353	FT911-10-3621	3822	0.0000000000
353	FT911-10-3622	3823	0.0000000000
353	FT911-10-3623	3824	0.0000000000
353	FT911-10-3624	3825	0.0000000000
353	FT911-10-3626	3826	0.0000000000
353	FT911-10-3627	3827	0.0000000000
353	FT911-10-3628	3828	0.0000000000
353	FT911-10-3629	3829	0.0000000000
353	FT911-10-3630	3830	0.0000000000
353	FT911-10-3631	3831	0.0000000000
353	FT911-10-3632	3832	0.0000000000
353	FT911-10-3633	3833	0.0000000000
353	FT911-10-3634	3834	0.0000000000
353	FT911-10-3635	3835	0.0000000000
353	FT911-10-3636	3836	0.0000000000
353	FT911-10-3637	3837	0.0000000000
353	FT911-10-3638	3838	0.0000000000
353	FT911-10-3639	3839	0.0000000000
353	FT911-10-3640	3840	0.0000000000
353	FT911-10-3641	3841	0.0000000000
353	FT911-10-3642	3842	0.0000000000
353	FT911-10-3643	3843	0.0000000000
353	FT911-10-3644	3844	0.0000000000
353	FT911-10-3645	3845	0.0000000000
353	FT911-10-3646	3846	0.0000000000
353	FT911-10-3647	3847	0.0000000000
353	FT911-10-3648	3848	0.0000000000
353	FT911-10-3649	3849	0.0000000000
353	FT911-10-3650	3850	0.0000000000
353	FT911-10-3651	3851	0.0000000000
353	FT911-10-3652	3852	0.0000000000
353	FT911-10-3654	3853	0.0000000000
353	FT911-10-3655	3854	0.0000000000
353	FT911-10-3656	3855	0.0000000000
353	FT911-10-3657	3856	0.0000000000
353	FT911-10-3659	3857	0.0000000000
353	FT911-10-3660	3858	0.0000000000
353	FT911-10-3661	3859	0.0000000000
353	FT911-10-3662	3860	0.0000000000
353	FT911-10-3663	3861	0.0000000000
353	FT911-10-3664	3862	0.0000000000
353	FT911-10-3665	3863	0.0000000000
353	FT911-10-3666	3864	0.0000000000
353	FT911-10-3667	3865	0.0000000000
353	FT911-10-3668	3866	0.0000000000
353	FT911-10-3669	3867	0.0000000000
353	FT911-10-3671	3868	0.0000000000
353	FT911-10-3672	3869	0.0000000000
353	FT911-10-3673	3870	0.0000000000
353	FT911-10-3674	3871	0.0000000000
353	FT911-10-3675	3872	0.0000000000
353	FT911-10-3676	3873	0.0000000000
353	FT911-10-3677	3874	0.0000000000
353	FT911-10-3678	3875	0.0000000000
353	FT911-10-3679	3876	0.0000000000
353	FT911-10-3680	3877	0.0000000000
353	FT911-10-3681	3878	0.0000000000
353	FT911-10-3682	3879	0.0000000000
353	FT911-10-3683	3880	0.0000000000
353	FT911-10-3684	3881	0.0000000000
353	FT911-10-3685	3882	0.0000000000
353	FT911-10-3686	3883	0.0000000000
353	FT911-10-3687	3884	0.0000000000
353	FT911-10-3688	3885	0.0000000000
353	FT911-10-3689	3886	0.0000000000
353	FT911-10-3690	3887	0.0000000000
353	FT911-10-3691	3888	0.0000000000
353	FT911-10-3692	3889	0.0000000000
353	FT911-11-3694	3890	0.0000000000
353	FT911-11-3695	3891	0.0000000000
353	FT911-11-3696	3892	0.0000000000
353	FT911-11-3697	3893	0.0000000000
353	FT911-11-3698	3894	0.0000000000
353	FT911-11-3699	3895	0.0000000000
353	FT911-11-3700	3896	0.0000000000
353	FT911-11-3701	3897	0.0000000000
353	FT911-11-3702	3898	0.0000000000
353	FT911-11-3703	3899	0.0000000000
353	FT911-11-3704	3900	0.0000000000
353	FT911-11-3705	3901	0.0000000000
353	FT911-11-3706	3902	0.0000000000
353	FT911-11-3707	3903	0.0000000000
353	FT911-11-3708	3904	0.0000000000
353	FT911-11-3709	3905	0.0000000000
353	FT911-11-3710	3906	0.0000000000
353	FT911-11-3711	3907	0.0000000000
353	FT911-11-3712	3908	0.0000000000
353	FT911-11-3713	3909	0.0000000000
353	FT911-11-3714	3910	0.0000000000
353	FT911-11-3715	3911	0.0000000000
353	FT911-11-3716	3912	0.0000000000
353	FT911-11-3717	3913	0.0000000000
353	FT911-11-3720	3914	0.0000000000
353	FT911-11-3721	3915	0.0000000000
353	FT911-11-3722	3916	0.0000000000
353	FT911-11-3723	3917	0.0000000000
353	FT911-11-3725	3918	0.0000000000
353	FT911-11-3726	3919	0.0000000000
353	FT911-11-3727	3920	0.0000000000
353	FT911-11-3728	3921	0.0000000000
353	FT911-11-3729	3922	0.0000000000
353	FT911-11-3730	3923	0.0000000000
353	FT911-11-3732	3924	0.0000000000
353	FT911-11-3733	3925	0.0000000000
353	FT911-11-3734	3926	0.0000000000
353	FT911-11-3735	3927	0.0000000000
353	FT911-11-3736	3928	0.0000000000
353	FT911-11-3737	3929	0.0000000000
353	FT911-11-3739	3930	0.0000000000
353	FT911-11-3740	3931	0.0000000000
353	FT911-11-3741	3932	0.0000000000
353	FT911-11-3742	3933	0.0000000000
353	FT911-11-3743	3934	0.0000000000
353	FT911-11-3744	3935	0.0000000000
353	FT911-11-3745	3936	0.0000000000
353	FT911-11-3747	3937	0.0000000000
353	FT911-11-3748	3938	0.0000000000
353	FT911-11-3749	3939	0.0000000000
353	FT911-11-3750	3940	0.0000000000
353	FT911-11-3751	3941	0.0000000000
353	FT911-11-3752	3942	0.0000000000
353	FT911-11-3753	3943	0.0000000000
353	FT911-11-3754	3944	0.0000000000
353	FT911-11-3756	3945	0.0000000000
353	FT911-11-3757	3946	0.0000000000
353	FT911-11-3758	3947	0.0000000000
353	FT911-11-3759	3948	0.0000000000
353	FT911-11-3760	3949	0.0000000000
353	FT911-11-3761	3950	0.0000000000
353	FT911-11-3762	3951	0.0000000000
353	FT911-11-3763	3952	0.0000000000
353	FT911-11-3764	3953	0.0000000000
353	FT911-11-3765	3954	0.0000000000
353	FT911-11-3766	3955	0.0000000000
353	FT911-11-3767	3956	0.0000000000
353	FT911-11-3768	3957	0.0000000000
353	FT911-11-3769	3958	0.0000000000
353	FT911-11-3770	3959	0.0000000000
353	FT911-11-3771	3960	0.0000000000
353	FT911-11-3772	3961	0.0000000000
353	FT911-11-3773	3962	0.0000000000
353	FT911-11-3774	3963	0.0000000000
353	FT911-11-3776	3964	0.0000000000
353	FT911-11-3777	3965	0.0000000000
353	FT911-11-3779	3966	0.0000000000
353	FT911-11-3780	3967	0.0000000000
353	FT911-11-3781	3968	0.0000000000
353	FT911-11-3783	3969	0.0000000000
353	FT911-11-3784	3970	0.0000000000
353	FT911-11-3785	3971	0.0000000000
353	FT911-11-3787	3972	0.0000000000
353	FT911-11-3788	3973	0.0000000000
353	FT911-11-3789	3974	0.0000000000
353	FT911-11-3790	3975	0.0000000000
353	FT911-11-3791	3976	0.0000000000
353	FT911-11-3792	3977	0.0000000000
353	FT911-11-3793	3978	0.0000000000
353	FT911-11-3794	3979	0.0000000000
353	FT911-11-3795	3980	0.0000000000
353	FT911-11-3796	3981	0.0000000000
353	FT911-11-3797	3982	0.0000000000
353	FT911-11-3798	3983	0.0000000000
353	FT911-11-3799	3984	0.0000000000
353	FT911-11-3800	3985	0.0000000000
353	FT911-11-3801	3986	0.0000000000
353	FT911-11-3802	3987	0.0000000000
353	FT911-11-3805	3988	0.0000000000
353	FT911-11-3806	3989	0.0000000000
353	FT911-11-3807	3990	0.0000000000
353	FT911-11-3809	3991	0.0000000000
353	FT911-11-3810	3992	0.0000000000
353	FT911-11-3811	3993	0.0000000000
353	FT911-11-3812	3994	0.0000000000
353	FT911-11-3816	3995	0.0000000000
353	FT911-11-3819	3996	0.0000000000
353	FT911-11-3820	3997	0.0000000000
353	FT911-11-3821	3998	0.0000000000
353	FT911-11-3822	3999	0.0000000000
353	FT911-11-3825	4000	0.0000000000
353	FT911-11-3826	4001	0.0000000000
353	FT911-11-3827	4002	0.0000000000
353	FT911-11-3828	4003	0.0000000000
353	FT911-11-3829	4004	0.0000000000
353	FT911-11-3831	4005	0.0000000000
353	FT911-11-3832	4006	0.0000000000
353	FT911-11-3833	4007	0.0000000000
353	FT911-11-3834	4008	0.0000000000
353	FT911-11-3835	4009	0.0000000000
353	FT911-11-3836	4010	0.0000000000
353	FT911-11-3837	4011	0.0000000000
353	FT911-11-3838	4012	0.0000000000
353	FT911-11-3839	4013	0.0000000000
353	FT911-11-3840	4014	0.0000000000
353	FT911-11-3841	4015	0.0000000000
353	FT911-11-3842	4016	0.0000000000
353	FT911-11-3843	4017	0.0000000000
353	FT911-11-3844	4018	0.0000000000
353	FT911-11-3845	4019	0.0000000000
353	FT911-11-3846	4020	0.0000000000
353	FT911-11-3847	4021	0.0000000000
353	FT911-11-3848	4022	0.0000000000
353	FT911-11-3849	4023	0.0000000000
353	FT911-11-3850	4024	0.0000000000
353	FT911-11-3851	4025	0.0000000000
353	FT911-11-3852	4026	0.0000000000
353	FT911-11-3853	4027	0.0000000000
353	FT911-11-3854	4028	0.0000000000
353	FT911-11-3855	4029	0.0000000000
353	FT911-11-3856	4030	0.0000000000
353	FT911-11-3857	4031	0.0000000000
353	FT911-11-3858	4032	0.0000000000
353	FT911-11-3859	4033	0.0000000000
353	FT911-11-3861	4034	0.0000000000
353	FT911-11-3862	4035	0.0000000000
353	FT911-11-3863	4036	0.0000000000
353	FT911-11-3864	4037	0.0000000000
353	FT911-11-3865	4038	0.0000000000
353	FT911-11-3866	4039	0.0000000000
353	FT911-11-3867	4040	0.0000000000
353	FT911-11-3868	4041	0.0000000000
353	FT911-11-3870	4042	0.0000000000
353	FT911-11-3871	4043	0.0000000000
353	FT911-11-3872	4044	0.0000000000
353	FT911-11-3873	4045	0.0000000000
353	FT911-11-3874	4046	0.0000000000
353	FT911-11-3875	4047	0.0000000000
353	FT911-11-3876	4048	0.0000000000
353	FT911-11-3877	4049	0.0000000000
353	FT911-11-3878	4050	0.0000000000
353	FT911-11-3879	4051	0.0000000000
353	FT911-11-3880	4052	0.0000000000
353	FT911-11-3881	4053	0.0000000000
353	FT911-11-3882	4054	0.0000000000
353	FT911-11-3883	4055	0.0000000000
353	FT911-11-3884	4056	0.0000000000
353	FT911-11-3885	4057	0.0000000000
353	FT911-11-3886	4058	0.0000000000
353	FT911-11-3888	4059	0.0000000000
353	FT911-11-3889	4060	0.0000000000
353	FT911-11-3890	4061	0.0000000000
353	FT911-11-3892	4062	0.0000000000
353	FT911-11-3893	4063	0.0000000000
353	FT911-11-3894	4064	0.0000000000
353	FT911-11-3895	4065	0.0000000000
353	FT911-11-3896	4066	0.0000000000
353	FT911-11-3897	4067	0.0000000000
353	FT911-11-3898	4068	0.0000000000
353	FT911-11-3899	4069	0.0000000000
353	FT911-11-3900	4070	0.0000000000
353	FT911-11-3901	4071	0.0000000000
353	FT911-11-3902	4072	0.0000000000
353	FT911-11-3903	4073	0.0000000000
353	FT911-11-3904	4074	0.0000000000
353	FT911-11-3905	4075	0.0000000000
353	FT911-11-3906	4076	0.0000000000
353	FT911-11-3907	4077	0.0000000000
353	FT911-11-3909	4078	0.0000000000
353	FT911-11-3910	4079	0.0000000000
353	FT911-11-3911	4080	0.0000000000
353	FT911-11-3912	4081	0.0000000000
353	FT911-11-3913	4082	0.0000000000
353	FT911-11-3914	4083	0.0000000000
353	FT911-11-3915	4084	0.0000000000
353	FT911-11-3916	4085	0.0000000000
353	FT911-11-3917	4086	0.0000000000
353	FT911-11-3918	4087	0.0000000000
353	FT911-11-3919	4088	0.0000000000
353	FT911-11-3921	4089	0.0000000000
353	FT911-11-3922	4090	0.0000000000
353	FT911-11-3923	4091	0.0000000000
353	FT911-11-3924	4092	0.0000000000
353	FT911-11-3925	4093	0.0000000000
353	FT911-11-3926	4094	0.0000000000
353	FT911-11-3927	4095	0.0000000000
353	FT911-11-3928	4096	0.0000000000
353	FT911-11-3929	4097	0.0000000000
353	FT911-11-3930	4098	0.0000000000
353	FT911-11-3932	4099	0.0000000000
353	FT911-11-3933	4100	0.0000000000
353	FT911-11-3934	4101	0.0000000000
353	FT911-11-3937	4102	0.0000000000
353	FT911-11-3939	4103	0.0000000000
353	FT911-11-3940	4104	0.0000000000
353	FT911-11-3941	4105	0.0000000000
353	FT911-11-3942	4106	0.0000000000
353	FT911-11-3943	4107	0.0000000000
353	FT911-11-3944	4108	0.0000000000
353	FT911-11-3945	4109	0.0000000000
353	FT911-11-3947	4110	0.0000000000
353	FT911-11-3948	4111	0.0000000000
353	FT911-11-3949	4112	0.0000000000
353	FT911-11-3950	4113	0.0000000000
353	FT911-11-3953	4114	0.0000000000
353	FT911-11-3954	4115	0.0000000000
353	FT911-11-3955	4116	0.0000000000
353	FT911-11-3956	4117	0.0000000000
353	FT911-11-3957	4118	0.0000000000
353	FT911-11-3958	4119	0.0000000000
353	FT911-11-3959	4120	0.0000000000
353	FT911-11-3962	4121	0.0000000000
353	FT911-11-3964	4122	0.0000000000
353	FT911-11-3965	4123	0.0000000000
353	FT911-11-3966	4124	0.0000000000
353	FT911-11-3967	4125	0.0000000000
353	FT911-11-3968	4126	0.0000000000
353	FT911-11-3969	4127	0.0000000000
353	FT911-11-3970	4128	0.0000000000
353	FT911-11-3971	4129	0.0000000000
353	FT911-11-3972	4130	0.0000000000
353	FT911-11-3973	4131	0.0000000000
353	FT911-11-3974	4132	0.0000000000
353	FT911-11-3975	4133	0.0000000000
353	FT911-11-3976	4134	0.0000000000
353	FT911-11-3977	4135	0.0000000000
353	FT911-11-3978	4136	0.0000000000
353	FT911-11-3979	4137	0.0000000000
353	FT911-11-3980	4138	0.0000000000
353	FT911-11-3981	4139	0.0000000000
353	FT911-11-3982	4140	0.0000000000
353	FT911-11-3983	4141	0.0000000000
353	FT911-11-3984	4142	0.0000000000
353	FT911-11-3985	4143	0.0000000000
353	FT911-11-3986	4144	0.0000000000
353	FT911-11-3987	4145	0.0000000000
353	FT911-11-3988	4146	0.0000000000
353	FT911-11-3989	4147	0.0000000000
353	FT911-11-3991	4148	0.0000000000
353	FT911-11-3992	4149	0.0000000000
353	FT911-11-3993	4150	0.0000000000
353	FT911-11-3994	4151	0.0000000000
353	FT911-11-3995	4152	0.0000000000
353	FT911-11-3996	4153	0.0000000000
353	FT911-11-3997	4154	0.0000000000
353	FT911-11-3998	4155	0.0000000000
353	FT911-11-3999	4156	0.0000000000
353	FT911-11-4000	4157	0.0000000000
353	FT911-11-4001	4158	0.0000000000
353	FT911-11-4003	4159	0.0000000000
353	FT911-11-4004	4160	0.0000000000
353	FT911-11-4005	4161	0.0000000000
353	FT911-11-4006	4162	0.0000000000
353	FT911-11-4007	4163	0.0000000000
353	FT911-11-4008	4164	0.0000000000
353	FT911-11-4009	4165	0.0000000000
353	FT911-11-4010	4166	0.0000000000
353	FT911-11-4011	4167	0.0000000000
353	FT911-11-4012	4168	0.0000000000
353	FT911-11-4013	4169	0.0000000000
353	FT911-11-4014	4170	0.0000000000
353	FT911-11-4015	4171	0.0000000000
353	FT911-12-4016	4172	0.0000000000
353	FT911-12-4017	4173	0.0000000000
353	FT911-12-4018	4174	0.0000000000
353	FT911-12-4020	4175	0.0000000000
353	FT911-12-4021	4176	0.0000000000
353	FT911-12-4022	4177	0.0000000000
353	FT911-12-4023	4178	0.0000000000
353	FT911-12-4025	4179	0.0000000000
353	FT911-12-4026	4180	0.0000000000
353	FT911-12-4028	4181	0.0000000000
353	FT911-12-4029	4182	0.0000000000
353	FT911-12-4030	4183	0.0000000000
353	FT911-12-4031	4184	0.0000000000
353	FT911-12-4032	4185	0.0000000000
353	FT911-12-4033	4186	0.0000000000
353	FT911-12-4034	4187	0.0000000000
353	FT911-12-4035	4188	0.0000000000
353	FT911-12-4036	4189	0.0000000000
353	FT911-12-4037	4190	0.0000000000
353	FT911-12-4038	4191	0.0000000000
353	FT911-12-4039	4192	0.0000000000
353	FT911-12-4040	4193	0.0000000000
353	FT911-12-4041	4194	0.0000000000
353	FT911-12-4042	4195	0.0000000000
353	FT911-12-4043	4196	0.0000000000
353	FT911-12-4044	4197	0.0000000000
353	FT911-12-4046	4198	0.0000000000
353	FT911-12-4047	4199	0.0000000000
353	FT911-12-4048	4200	0.0000000000
353	FT911-12-4049	4201	0.0000000000
353	FT911-12-4050	4202	0.0000000000
353	FT911-12-4051	4203	0.0000000000
353	FT911-12-4052	4204	0.0000000000
353	FT911-12-4053	4205	0.0000000000
353	FT911-12-4054	4206	0.0000000000
353	FT911-12-4055	4207	0.0000000000
353	FT911-12-4057	4208	0.0000000000
353	FT911-12-4058	4209	0.0000000000
353	FT911-12-4059	4210	0.0000000000
353	FT911-12-4060	4211	0.0000000000
353	FT911-12-4062	4212	0.0000000000
353	FT911-12-4063	4213	0.0000000000
353	FT911-12-4064	4214	0.0000000000
353	FT911-12-4065	4215	0.0000000000
353	FT911-12-4066	4216	0.0000000000
353	FT911-12-4067	4217	0.0000000000
353	FT911-12-4068	4218	0.0000000000
353	FT911-12-4069	4219	0.0000000000
353	FT911-12-4070	4220	0.0000000000
353	FT911-12-4071	4221	0.0000000000
353	FT911-12-4072	4222	0.0000000000
353	FT911-12-4073	4223	0.0000000000
353	FT911-12-4074	4224	0.0000000000
353	FT911-12-4075	4225	0.0000000000
353	FT911-12-4076	4226	0.0000000000
353	FT911-12-4077	4227	0.0000000000
353	FT911-12-4079	4228	0.0000000000
353	FT911-12-4080	4229	0.0000000000
353	FT911-12-4082	4230	0.0000000000
353	FT911-12-4083	4231	0.0000000000
353	FT911-12-4084	4232	0.0000000000
353	FT911-12-4085	4233	0.0000000000
353	FT911-12-4086	4234	0.0000000000
353	FT911-12-4087	4235	0.0000000000
353	FT911-12-4089	4236	0.0000000000
353	FT911-12-4090	4237	0.0000000000
353	FT911-12-4091	4238	0.0000000000
353	FT911-12-4093	4239	0.0000000000
353	FT911-12-4094	4240	0.0000000000
353	FT911-12-4095	4241	0.0000000000
353	FT911-12-4096	4242	0.0000000000
353	FT911-12-4097	4243	0.0000000000
353	FT911-12-4098	4244	0.0000000000
353	FT911-12-4099	4245	0.0000000000
353	FT911-12-4100	4246	0.0000000000
353	FT911-12-4101	4247	0.0000000000
353	FT911-12-4102	4248	0.0000000000
353	FT911-12-4103	4249	0.0000000000
353	FT911-12-4104	4250	0.0000000000
353	FT911-12-4105	4251	0.0000000000
353	FT911-12-4106	4252	0.0000000000
353	FT911-12-4107	4253	0.0000000000
353	FT911-12-4108	4254	0.0000000000
353	FT911-12-4109	4255	0.0000000000
353	FT911-12-4110	4256	0.0000000000
353	FT911-12-4111	4257	0.0000000000
353	FT911-12-4112	4258	0.0000000000
353	FT911-12-4113	4259	0.0000000000
353	FT911-12-4114	4260	0.0000000000
353	FT911-12-4115	4261	0.0000000000
353	FT911-12-4116	4262	0.0000000000
353	FT911-12-4117	4263	0.0000000000
353	FT911-12-4118	4264	0.0000000000
353	FT911-12-4119	4265	0.0000000000
353	FT911-12-4120	4266	0.0000000000
353	FT911-12-4121	4267	0.0000000000
353	FT911-12-4122	4268	0.0000000000
353	FT911-12-4124	4269	0.0000000000
353	FT911-12-4126	4270	0.0000000000
353	FT911-12-4128	4271	0.0000000000
353	FT911-12-4130	4272	0.0000000000
353	FT911-12-4131	4273	0.0000000000
353	FT911-12-4132	4274	0.0000000000
353	FT911-12-4133	4275	0.0000000000
353	FT911-12-4134	4276	0.0000000000
353	FT911-12-4135	4277	0.0000000000
353	FT911-12-4136	4278	0.0000000000
353	FT911-12-4137	4279	0.0000000000
353	FT911-12-4138	4280	0.0000000000
353	FT911-12-4139	4281	0.0000000000
353	FT911-12-4140	4282	0.0000000000
353	FT911-12-4141	4283	0.0000000000
353	FT911-12-4142	4284	0.0000000000
353	FT911-12-4143	4285	0.0000000000
353	FT911-12-4144	4286	0.0000000000
353	FT911-12-4145	4287	0.0000000000
353	FT911-12-4146	4288	0.0000000000
353	FT911-12-4147	4289	0.0000000000
353	FT911-12-4148	4290	0.0000000000
353	FT911-12-4149	4291	0.0000000000
353	FT911-12-4150	4292	0.0000000000
353	FT911-12-4151	4293	0.0000000000
353	FT911-12-4152	4294	0.0000000000
353	FT911-12-4153	4295	0.0000000000
353	FT911-12-4154	4296	0.0000000000
353	FT911-12-4155	4297	0.0000000000
353	FT911-12-4156	4298	0.0000000000
353	FT911-12-4158	4299	0.0000000000
353	FT911-12-4161	4300	0.0000000000
353	FT911-12-4162	4301	0.0000000000
353	FT911-12-4163	4302	0.0000000000
353	FT911-12-4164	4303	0.0000000000
353	FT911-12-4165	4304	0.0000000000
353	FT911-12-4166	4305	0.0000000000
353	FT911-12-4167	4306	0.0000000000
353	FT911-12-4168	4307	0.0000000000
353	FT911-12-4169	4308	0.0000000000
353	FT911-12-4170	4309	0.0000000000
353	FT911-12-4171	4310	0.0000000000
353	FT911-12-4173	4311	0.0000000000
353	FT911-12-4174	4312	0.0000000000
353	FT911-12-4175	4313	0.0000000000
353	FT911-12-4176	4314	0.0000000000
353	FT911-12-4177	4315	0.0000000000
353	FT911-12-4179	4316	0.0000000000
353	FT911-12-4180	4317	0.0000000000
353	FT911-12-4181	4318	0.0000000000
353	FT911-12-4182	4319	0.0000000000
353	FT911-12-4183	4320	0.0000000000
353	FT911-12-4184	4321	0.0000000000
353	FT911-12-4185	4322	0.0000000000
353	FT911-12-4186	4323	0.0000000000
353	FT911-12-4187	4324	0.0000000000
353	FT911-12-4188	4325	0.0000000000
353	FT911-12-4189	4326	0.0000000000
353	FT911-12-4190	4327	0.0000000000
353	FT911-12-4191	4328	0.0000000000
353	FT911-12-4192	4329	0.0000000000
353	FT911-12-4193	4330	0.0000000000
353	FT911-12-4194	4331	0.0000000000
353	FT911-12-4195	4332	0.0000000000
353	FT911-12-4196	4333	0.0000000000
353	FT911-12-4199	4334	0.0000000000
353	FT911-12-4200	4335	0.0000000000
353	FT911-12-4201	4336	0.0000000000
353	FT911-12-4203	4337	0.0000000000
353	FT911-12-4204	4338	0.0000000000
353	FT911-12-4205	4339	0.0000000000
353	FT911-12-4206	4340	0.0000000000
353	FT911-12-4207	4341	0.0000000000
353	FT911-12-4208	4342	0.0000000000
353	FT911-12-4209	4343	0.0000000000
353	FT911-12-4211	4344	0.0000000000
353	FT911-12-4212	4345	0.0000000000
353	FT911-12-4213	4346	0.0000000000
353	FT911-12-4214	4347	0.0000000000
353	FT911-12-4215	4348	0.0000000000
353	FT911-12-4216	4349	0.0000000000
353	FT911-12-4217	4350	0.0000000000
353	FT911-12-4218	4351	0.0000000000
353	FT911-12-4219	4352	0.0000000000
353	FT911-12-4220	4353	0.0000000000
353	FT911-12-4221	4354	0.0000000000
353	FT911-12-4222	4355	0.0000000000
353	FT911-12-4223	4356	0.0000000000
353	FT911-12-4224	4357	0.0000000000
353	FT911-12-4225	4358	0.0000000000
353	FT911-12-4226	4359	0.0000000000
353	FT911-12-4228	4360	0.0000000000
353	FT911-12-4230	4361	0.0000000000
353	FT911-12-4231	4362	0.0000000000
353	FT911-12-4232	4363	0.0000000000
353	FT911-12-4233	4364	0.0000000000
353	FT911-12-4234	4365	0.0000000000
353	FT911-12-4235	4366	0.0000000000
353	FT911-12-4236	4367	0.0000000000
353	FT911-12-4237	4368	0.0000000000
353	FT911-12-4238	4369	0.0000000000
353	FT911-12-4240	4370	0.0000000000
353	FT911-12-4241	4371	0.0000000000
353	FT911-12-4242	4372	0.0000000000
353	FT911-12-4243	4373	0.0000000000
353	FT911-12-4245	4374	0.0000000000
353	FT911-12-4246	4375	0.0000000000
353	FT911-12-4247	4376	0.0000000000
353	FT911-12-4249	4377	0.0000000000
353	FT911-12-4250	4378	0.0000000000
353	FT911-12-4251	4379	0.0000000000
353	FT911-12-4252	4380	0.0000000000
353	FT911-12-4253	4381	0.0000000000
353	FT911-12-4254	4382	0.0000000000
353	FT911-12-4255	4383	0.0000000000
353	FT911-12-4256	4384	0.0000000000
353	FT911-12-4257	4385	0.0000000000
353	FT911-12-4258	4386	0.0000000000
353	FT911-12-4259	4387	0.0000000000
353	FT911-12-4260	4388	0.0000000000
353	FT911-12-4263	4389	0.0000000000
353	FT911-12-4264	4390	0.0000000000
353	FT911-12-4265	4391	0.0000000000
353	FT911-12-4266	4392	0.0000000000
353	FT911-12-4267	4393	0.0000000000
353	FT911-12-4268	4394	0.0000000000
353	FT911-12-4269	4395	0.0000000000
353	FT911-12-4270	4396	0.0000000000
353	FT911-12-4271	4397	0.0000000000
353	FT911-12-4272	4398	0.0000000000
353	FT911-12-4274	4399	0.0000000000
353	FT911-12-4275	4400	0.0000000000
353	FT911-12-4276	4401	0.0000000000
353	FT911-12-4277	4402	0.0000000000
353	FT911-12-4278	4403	0.0000000000
353	FT911-12-4279	4404	0.0000000000
353	FT911-12-4280	4405	0.0000000000
353	FT911-12-4281	4406	0.0000000000
353	FT911-12-4282	4407	0.0000000000
353	FT911-12-4283	4408	0.0000000000
353	FT911-12-4284	4409	0.0000000000
353	FT911-12-4285	4410	0.0000000000
353	FT911-12-4287	4411	0.0000000000
353	FT911-12-4288	4412	0.0000000000
353	FT911-12-4289	4413	0.0000000000
353	FT911-12-4290	4414	0.0000000000
353	FT911-12-4291	4415	0.0000000000
353	FT911-12-4292	4416	0.0000000000
353	FT911-12-4293	4417	0.0000000000
353	FT911-12-4294	4418	0.0000000000
353	FT911-12-4295	4419	0.0000000000
353	FT911-12-4296	4420	0.0000000000
353	FT911-12-4297	4421	0.0000000000
353	FT911-12-4298	4422	0.0000000000
353	FT911-12-4299	4423	0.0000000000
353	FT911-12-4300	4424	0.0000000000
353	FT911-12-4301	4425	0.0000000000
353	FT911-12-4302	4426	0.0000000000
353	FT911-12-4303	4427	0.0000000000
353	FT911-12-4305	4428	0.0000000000
353	FT911-12-4306	4429	0.0000000000
353	FT911-12-4307	4430	0.0000000000
353	FT911-12-4308	4431	0.0000000000
353	FT911-12-4309	4432	0.0000000000
353	FT911-12-4310	4433	0.0000000000
353	FT911-12-4311	4434	0.0000000000
353	FT911-12-4312	4435	0.0000000000
353	FT911-12-4313	4436	0.0000000000
353	FT911-12-4314	4437	0.0000000000
353	FT911-12-4315	4438	0.0000000000
353	FT911-12-4317	4439	0.0000000000
353	FT911-12-4318	4440	0.0000000000
353	FT911-12-4319	4441	0.0000000000
353	FT911-12-4320	4442	0.0000000000
353	FT911-12-4321	4443	0.0000000000
353	FT911-12-4322	4444	0.0000000000
353	FT911-12-4323	4445	0.0000000000
353	FT911-12-4324	4446	0.0000000000
353	FT911-12-4325	4447	0.0000000000
353	FT911-12-4326	4448	0.0000000000
353	FT911-12-4327	4449	0.0000000000
353	FT911-12-4328	4450	0.0000000000
353	FT911-12-4329	4451	0.0000000000
353	FT911-12-4330	4452	0.0000000000
353	FT911-12-4331	4453	0.0000000000
353	FT911-12-4332	4454	0.0000000000
353	FT911-12-4333	4455	0.0000000000
353	FT911-12-4334	4456	0.0000000000
353	FT911-12-4335	4457	0.0000000000
353	FT911-12-4336	4458	0.0000000000
353	FT911-12-4337	4459	0.0000000000
353	FT911-12-4338	4460	0.0000000000
353	FT911-12-4339	4461	0.0000000000
353	FT911-12-4340	4462	0.0000000000
353	FT911-12-4341	4463	0.0000000000
353	FT911-12-4342	4464	0.0000000000
353	FT911-12-4344	4465	0.0000000000
353	FT911-12-4345	4466	0.0000000000
353	FT911-12-4346	4467	0.0000000000
353	FT911-12-4347	4468	0.0000000000
353	FT911-12-4348	4469	0.0000000000
353	FT911-12-4349	4470	0.0000000000
353	FT911-12-4350	4471	0.0000000000
353	FT911-12-4351	4472	0.0000000000
353	FT911-12-4352	4473	0.0000000000
353	FT911-12-4353	4474	0.0000000000
353	FT911-12-4354	4475	0.0000000000
353	FT911-12-4355	4476	0.0000000000
353	FT911-12-4356	4477	0.0000000000
353	FT911-12-4357	4478	0.0000000000
353	FT911-12-4358	4479	0.0000000000
353	FT911-12-4359	4480	0.0000000000
353	FT911-12-4360	4481	0.0000000000
353	FT911-12-4361	4482	0.0000000000
353	FT911-12-4362	4483	0.0000000000
353	FT911-12-4365	4484	0.0000000000
353	FT911-13-4366	4485	0.0000000000
353	FT911-13-4367	4486	0.0000000000
353	FT911-13-4368	4487	0.0000000000
353	FT911-13-4369	4488	0.0000000000
353	FT911-13-4370	4489	0.0000000000
353	FT911-13-4371	4490	0.0000000000
353	FT911-13-4372	4491	0.0000000000
353	FT911-13-4373	4492	0.0000000000
353	FT911-13-4374	4493	0.0000000000
353	FT911-13-4375	4494	0.0000000000
353	FT911-13-4376	4495	0.0000000000
353	FT911-13-4377	4496	0.0000000000
353	FT911-13-4378	4497	0.0000000000
353	FT911-13-4379	4498	0.0000000000
353	FT911-13-4380	4499	0.0000000000
353	FT911-13-4381	4500	0.0000000000
353	FT911-13-4382	4501	0.0000000000
353	FT911-13-4383	4502	0.0000000000
353	FT911-13-4384	4503	0.0000000000
353	FT911-13-4385	4504	0.0000000000
353	FT911-13-4387	4505	0.0000000000
353	FT911-13-4388	4506	0.0000000000
353	FT911-13-4389	4507	0.0000000000
353	FT911-13-4391	4508	0.0000000000
353	FT911-13-4392	4509	0.0000000000
353	FT911-13-4393	4510	0.0000000000
353	FT911-13-4394	4511	0.0000000000
353	FT911-13-4396	4512	0.0000000000
353	FT911-13-4397	4513	0.0000000000
353	FT911-13-4398	4514	0.0000000000
353	FT911-13-4399	4515	0.0000000000
353	FT911-13-4400	4516	0.0000000000
353	FT911-13-4401	4517	0.0000000000
353	FT911-13-4402	4518	0.0000000000
353	FT911-13-4403	4519	0.0000000000
353	FT911-13-4404	4520	0.0000000000
353	FT911-13-4408	4521	0.0000000000
353	FT911-13-4409	4522	0.0000000000
353	FT911-13-4410	4523	0.0000000000
353	FT911-13-4411	4524	0.0000000000
353	FT911-13-4412	4525	0.0000000000
353	FT911-13-4413	4526	0.0000000000
353	FT911-13-4414	4527	0.0000000000
353	FT911-13-4415	4528	0.0000000000
353	FT911-13-4417	4529	0.0000000000
353	FT911-13-4418	4530	0.0000000000
353	FT911-13-4419	4531	0.0000000000
353	FT911-13-4420	4532	0.0000000000
353	FT911-13-4421	4533	0.0000000000
353	FT911-13-4422	4534	0.0000000000
353	FT911-13-4423	4535	0.0000000000
353	FT911-13-4424	4536	0.0000000000
353	FT911-13-4425	4537	0.0000000000
353	FT911-13-4426	4538	0.0000000000
353	FT911-13-4427	4539	0.0000000000
353	FT911-13-4428	4540	0.0000000000
353	FT911-13-4429	4541	0.0000000000
353	FT911-13-4430	4542	0.0000000000
353	FT911-13-4431	4543	0.0000000000
353	FT911-13-4432	4544	0.0000000000
353	FT911-13-4433	4545	0.0000000000
353	FT911-13-4434	4546	0.0000000000
353	FT911-13-4435	4547	0.0000000000
353	FT911-13-4436	4548	0.0000000000
353	FT911-13-4437	4549	0.0000000000
353	FT911-13-4438	4550	0.0000000000
353	FT911-13-4439	4551	0.0000000000
353	FT911-13-4441	4552	0.0000000000
353	FT911-13-4442	4553	0.0000000000
353	FT911-13-4443	4554	0.0000000000
353	FT911-13-4445	4555	0.0000000000
353	FT911-13-4446	4556	0.0000000000
353	FT911-13-4447	4557	0.0000000000
353	FT911-13-4448	4558	0.0000000000
353	FT911-13-4449	4559	0.0000000000
353	FT911-13-4450	4560	0.0000000000
353	FT911-13-4451	4561	0.0000000000
353	FT911-13-4452	4562	0.0000000000
353	FT911-13-4453	4563	0.0000000000
353	FT911-13-4454	4564	0.0000000000
353	FT911-13-4455	4565	0.0000000000
353	FT911-13-4456	4566	0.0000000000
353	FT911-13-4457	4567	0.0000000000
353	FT911-13-4458	4568	0.0000000000
353	FT911-13-4459	4569	0.0000000000
353	FT911-13-4460	4570	0.0000000000
353	FT911-13-4461	4571	0.0000000000
353	FT911-13-4464	4572	0.0000000000
353	FT911-13-4467	4573	0.0000000000
353	FT911-13-4468	4574	0.0000000000
353	FT911-13-4469	4575	0.0000000000
353	FT911-13-4471	4576	0.0000000000
353	FT911-13-4474	4577	0.0000000000
353	FT911-13-4475	4578	0.0000000000
353	FT911-13-4477	4579	0.0000000000
353	FT911-13-4478	4580	0.0000000000
353	FT911-13-4479	4581	0.0000000000
353	FT911-13-4480	4582	0.0000000000
353	FT911-13-4481	4583	0.0000000000
353	FT911-13-4482	4584	0.0000000000
353	FT911-13-4483	4585	0.0000000000
353	FT911-13-4484	4586	0.0000000000
353	FT911-13-4485	4587	0.0000000000
353	FT911-13-4486	4588	0.0000000000
353	FT911-13-4487	4589	0.0000000000
353	FT911-13-4488	4590	0.0000000000
353	FT911-13-4489	4591	0.0000000000
353	FT911-13-4490	4592	0.0000000000
353	FT911-13-4491	4593	0.0000000000
353	FT911-13-4492	4594	0.0000000000
353	FT911-13-4493	4595	0.0000000000
353	FT911-13-4494	4596	0.0000000000
353	FT911-13-4495	4597	0.0000000000
353	FT911-13-4496	4598	0.0000000000
353	FT911-13-4497	4599	0.0000000000
353	FT911-13-4498	4600	0.0000000000
353	FT911-13-4499	4601	0.0000000000
353	FT911-13-4501	4602	0.0000000000
353	FT911-13-4502	4603	0.0000000000
353	FT911-13-4504	4604	0.0000000000
353	FT911-13-4505	4605	0.0000000000
353	FT911-13-4506	4606	0.0000000000
353	FT911-13-4507	4607	0.0000000000
353	FT911-13-4508	4608	0.0000000000
353	FT911-13-4509	4609	0.0000000000
353	FT911-13-4510	4610	0.0000000000
353	FT911-13-4512	4611	0.0000000000
353	FT911-13-4513	4612	0.0000000000
353	FT911-13-4514	4613	0.0000000000
353	FT911-13-4515	4614	0.0000000000
353	FT911-13-4516	4615	0.0000000000
353	FT911-13-4518	4616	0.0000000000
353	FT911-13-4519	4617	0.0000000000
353	FT911-13-4521	4618	0.0000000000
353	FT911-13-4522	4619	0.0000000000
353	FT911-13-4523	4620	0.0000000000
353	FT911-13-4524	4621	0.0000000000
353	FT911-13-4525	4622	0.0000000000
353	FT911-13-4526	4623	0.0000000000
353	FT911-13-4527	4624	0.0000000000
353	FT911-13-4528	4625	0.0000000000
353	FT911-13-4529	4626	0.0000000000
353	FT911-13-4530	4627	0.0000000000
353	FT911-13-4531	4628	0.0000000000
353	FT911-13-4532	4629	0.0000000000
353	FT911-13-4533	4630	0.0000000000
353	FT911-13-4534	4631	0.0000000000
353	FT911-13-4536	4632	0.0000000000
353	FT911-13-4537	4633	0.0000000000
353	FT911-13-4538	4634	0.0000000000
353	FT911-13-4539	4635	0.0000000000
353	FT911-13-4540	4636	0.0000000000
353	FT911-13-4541	4637	0.0000000000
353	FT911-13-4542	4638	0.0000000000
353	FT911-13-4544	4639	0.0000000000
353	FT911-13-4545	4640	0.0000000000
353	FT911-13-4546	4641	0.0000000000
353	FT911-13-4547	4642	0.0000000000
353	FT911-13-4548	4643	0.0000000000
353	FT911-13-4549	4644	0.0000000000
353	FT911-13-4550	4645	0.0000000000
353	FT911-13-4551	4646	0.0000000000
353	FT911-13-4552	4647	0.0000000000
353	FT911-13-4553	4648	0.0000000000
353	FT911-13-4554	4649	0.0000000000
353	FT911-13-4555	4650	0.0000000000
353	FT911-13-4556	4651	0.0000000000
353	FT911-13-4557	4652	0.0000000000
353	FT911-13-4558	4653	0.0000000000
353	FT911-13-4559	4654	0.0000000000
353	FT911-13-4560	4655	0.0000000000
353	FT911-13-4561	4656	0.0000000000
353	FT911-13-4562	4657	0.0000000000
353	FT911-13-4563	4658	0.0000000000
353	FT911-13-4564	4659	0.0000000000
353	FT911-13-4565	4660	0.0000000000
353	FT911-13-4567	4661	0.0000000000
353	FT911-13-4568	4662	0.0000000000
353	FT911-13-4569	4663	0.0000000000
353	FT911-13-4570	4664	0.0000000000
353	FT911-13-4571	4665	0.0000000000
353	FT911-13-4572	4666	0.0000000000
353	FT911-13-4574	4667	0.0000000000
353	FT911-13-4575	4668	0.0000000000
353	FT911-13-4576	4669	0.0000000000
353	FT911-13-4577	4670	0.0000000000
353	FT911-13-4578	4671	0.0000000000
353	FT911-13-4580	4672	0.0000000000
353	FT911-13-4581	4673	0.0000000000
353	FT911-13-4582	4674	0.0000000000
353	FT911-13-4583	4675	0.0000000000
353	FT911-13-4584	4676	0.0000000000
353	FT911-13-4585	4677	0.0000000000
353	FT911-13-4586	4678	0.0000000000
353	FT911-13-4587	4679	0.0000000000
353	FT911-13-4588	4680	0.0000000000
353	FT911-13-4589	4681	0.0000000000
353	FT911-13-4590	4682	0.0000000000
353	FT911-13-4591	4683	0.0000000000
353	FT911-13-4592	4684	0.0000000000
353	FT911-13-4593	4685	0.0000000000
353	FT911-13-4594	4686	0.0000000000
353	FT911-13-4595	4687	0.0000000000
353	FT911-13-4596	4688	0.0000000000
353	FT911-13-4597	4689	0.0000000000
353	FT911-13-4598	4690	0.0000000000
353	FT911-13-4601	4691	0.0000000000
353	FT911-13-4602	4692	0.0000000000
353	FT911-13-4603	4693	0.0000000000
353	FT911-13-4604	4694	0.0000000000
353	FT911-13-4605	4695	0.0000000000
353	FT911-13-4606	4696	0.0000000000
353	FT911-13-4607	4697	0.0000000000
353	FT911-13-4608	4698	0.0000000000
353	FT911-13-4609	4699	0.0000000000
353	FT911-13-4610	4700	0.0000000000
353	FT911-13-4611	4701	0.0000000000
353	FT911-13-4612	4702	0.0000000000
353	FT911-13-4613	4703	0.0000000000
353	FT911-13-4614	4704	0.0000000000
353	FT911-13-4615	4705	0.0000000000
353	FT911-13-4616	4706	0.0000000000
353	FT911-13-4617	4707	0.0000000000
353	FT911-13-4618	4708	0.0000000000
353	FT911-13-4620	4709	0.0000000000
353	FT911-13-4621	4710	0.0000000000
353	FT911-13-4622	4711	0.0000000000
353	FT911-13-4623	4712	0.0000000000
353	FT911-13-4624	4713	0.0000000000
353	FT911-13-4626	4714	0.0000000000
353	FT911-13-4627	4715	0.0000000000
353	FT911-13-4628	4716	0.0000000000
353	FT911-13-4629	4717	0.0000000000
353	FT911-13-4630	4718	0.0000000000
353	FT911-13-4631	4719	0.0000000000
353	FT911-13-4632	4720	0.0000000000
353	FT911-13-4633	4721	0.0000000000
353	FT911-13-4634	4722	0.0000000000
353	FT911-13-4635	4723	0.0000000000
353	FT911-13-4636	4724	0.0000000000
353	FT911-13-4637	4725	0.0000000000
353	FT911-13-4638	4726	0.0000000000
353	FT911-13-4639	4727	0.0000000000
353	FT911-13-4640	4728	0.0000000000
353	FT911-13-4641	4729	0.0000000000
353	FT911-13-4642	4730	0.0000000000
353	FT911-13-4643	4731	0.0000000000
353	FT911-13-4644	4732	0.0000000000
353	FT911-13-4645	4733	0.0000000000
353	FT911-13-4646	4734	0.0000000000
353	FT911-13-4648	4735	0.0000000000
353	FT911-13-4649	4736	0.0000000000
353	FT911-13-4650	4737	0.0000000000
353	FT911-13-4651	4738	0.0000000000
353	FT911-13-4652	4739	0.0000000000
353	FT911-13-4653	4740	0.0000000000
353	FT911-13-4654	4741	0.0000000000
353	FT911-13-4655	4742	0.0000000000
353	FT911-13-4656	4743	0.0000000000
353	FT911-13-4657	4744	0.0000000000
353	FT911-13-4658	4745	0.0000000000
353	FT911-13-4660	4746	0.0000000000
353	FT911-13-4661	4747	0.0000000000
353	FT911-13-4662	4748	0.0000000000
353	FT911-13-4663	4749	0.0000000000
353	FT911-13-4664	4750	0.0000000000
353	FT911-13-4665	4751	0.0000000000
353	FT911-13-4666	4752	0.0000000000
353	FT911-13-4667	4753	0.0000000000
353	FT911-13-4668	4754	0.0000000000
353	FT911-13-4669	4755	0.0000000000
353	FT911-13-4670	4756	0.0000000000
353	FT911-13-4671	4757	0.0000000000
353	FT911-13-4672	4758	0.0000000000
353	FT911-13-4673	4759	0.0000000000
353	FT911-13-4674	4760	0.0000000000
353	FT911-13-4675	4761	0.0000000000
353	FT911-13-4676	4762	0.0000000000
353	FT911-13-4677	4763	0.0000000000
353	FT911-13-4678	4764	0.0000000000
353	FT911-13-4679	4765	0.0000000000
353	FT911-13-4680	4766	0.0000000000
353	FT911-13-4681	4767	0.0000000000
353	FT911-13-4682	4768	0.0000000000
353	FT911-13-4683	4769	0.0000000000
353	FT911-13-4684	4770	0.0000000000
353	FT911-13-4686	4771	0.0000000000
353	FT911-13-4687	4772	0.0000000000
353	FT911-13-4688	4773	0.0000000000
353	FT911-13-4690	4774	0.0000000000
353	FT911-13-4692	4775	0.0000000000
353	FT911-13-4693	4776	0.0000000000
353	FT911-13-4694	4777	0.0000000000
353	FT911-13-4695	4778	0.0000000000
353	FT911-13-4696	4779	0.0000000000
353	FT911-13-4698	4780	0.0000000000
353	FT911-13-4699	4781	0.0000000000
353	FT911-13-4700	4782	0.0000000000
353	FT911-13-4701	4783	0.0000000000
353	FT911-13-4702	4784	0.0000000000
353	FT911-13-4703	4785	0.0000000000
353	FT911-13-4704	4786	0.0000000000
353	FT911-13-4705	4787	0.0000000000
353	FT911-13-4706	4788	0.0000000000
353	FT911-13-4707	4789	0.0000000000
353	FT911-13-4708	4790	0.0000000000
353	FT911-13-4709	4791	0.0000000000
353	FT911-13-4710	4792	0.0000000000
353	FT911-13-4711	4793	0.0000000000
353	FT911-13-4712	4794	0.0000000000
353	FT911-13-4713	4795	0.0000000000
353	FT911-13-4714	4796	0.0000000000
353	FT911-13-4715	4797	0.0000000000
353	FT911-13-4716	4798	0.0000000000
353	FT911-13-4717	4799	0.0000000000
353	FT911-13-4718	4800	0.0000000000
353	FT911-13-4719	4801	0.0000000000
353	FT911-13-4720	4802	0.0000000000
353	FT911-13-4721	4803	0.0000000000
353	FT911-13-4722	4804	0.0000000000
353	FT911-13-4723	4805	0.0000000000
353	FT911-13-4725	4806	0.0000000000
353	FT911-13-4726	4807	0.0000000000
353	FT911-13-4727	4808	0.0000000000
353	FT911-13-4728	4809	0.0000000000
353	FT911-13-4730	4810	0.0000000000
353	FT911-13-4731	4811	0.0000000000
353	FT911-13-4732	4812	0.0000000000
353	FT911-13-4735	4813	0.0000000000
353	FT911-13-4736	4814	0.0000000000
353	FT911-13-4737	4815	0.0000000000
353	FT911-13-4738	4816	0.0000000000
353	FT911-13-4739	4817	0.0000000000
353	FT911-13-4740	4818	0.0000000000
353	FT911-13-4741	4819	0.0000000000
353	FT911-13-4742	4820	0.0000000000
353	FT911-13-4743	4821	0.0000000000
353	FT911-13-4744	4822	0.0000000000
353	FT911-13-4746	4823	0.0000000000
353	FT911-13-4747	4824	0.0000000000
353	FT911-13-4748	4825	0.0000000000
353	FT911-14-4749	4826	0.0000000000
353	FT911-14-4750	4827	0.0000000000
353	FT911-14-4751	4828	0.0000000000
353	FT911-14-4752	4829	0.0000000000
353	FT911-14-4753	4830	0.0000000000
353	FT911-14-4754	4831	0.0000000000
353	FT911-14-4755	4832	0.0000000000
353	FT911-14-4758	4833	0.0000000000
353	FT911-14-4759	4834	0.0000000000
353	FT911-14-4760	4835	0.0000000000
353	FT911-14-4761	4836	0.0000000000
353	FT911-14-4762	4837	0.0000000000
353	FT911-14-4763	4838	0.0000000000
353	FT911-14-4764	4839	0.0000000000
353	FT911-14-4765	4840	0.0000000000
353	FT911-14-4766	4841	0.0000000000
353	FT911-14-4767	4842	0.0000000000
353	FT911-14-4768	4843	0.0000000000
353	FT911-14-4769	4844	0.0000000000
353	FT911-14-4770	4845	0.0000000000
353	FT911-14-4772	4846	0.0000000000
353	FT911-14-4773	4847	0.0000000000
353	FT911-14-4774	4848	0.0000000000
353	FT911-14-4775	4849	0.0000000000
353	FT911-14-4776	4850	0.0000000000
353	FT911-14-4777	4851	0.0000000000
353	FT911-14-4778	4852	0.0000000000
353	FT911-14-4779	4853	0.0000000000
353	FT911-14-4780	4854	0.0000000000
353	FT911-14-4781	4855	0.0000000000
353	FT911-14-4782	4856	0.0000000000
353	FT911-14-4783	4857	0.0000000000
353	FT911-14-4784	4858	0.0000000000
353	FT911-14-4785	4859	0.0000000000
353	FT911-14-4786	4860	0.0000000000
353	FT911-14-4787	4861	0.0000000000
353	FT911-14-4788	4862	0.0000000000
353	FT911-14-4789	4863	0.0000000000
353	FT911-14-4790	4864	0.0000000000
353	FT911-14-4791	4865	0.0000000000
353	FT911-14-4792	4866	0.0000000000
353	FT911-14-4793	4867	0.0000000000
353	FT911-14-4794	4868	0.0000000000
353	FT911-14-4795	4869	0.0000000000
353	FT911-14-4796	4870	0.0000000000
353	FT911-14-4797	4871	0.0000000000
353	FT911-14-4798	4872	0.0000000000
353	FT911-14-4799	4873	0.0000000000
353	FT911-14-4800	4874	0.0000000000
353	FT911-14-4801	4875	0.0000000000
353	FT911-14-4802	4876	0.0000000000
353	FT911-14-4803	4877	0.0000000000
353	FT911-14-4804	4878	0.0000000000
353	FT911-14-4806	4879	0.0000000000
353	FT911-14-4808	4880	0.0000000000
353	FT911-14-4809	4881	0.0000000000
353	FT911-14-4810	4882	0.0000000000
353	FT911-14-4811	4883	0.0000000000
353	FT911-14-4812	4884	0.0000000000
353	FT911-14-4813	4885	0.0000000000
353	FT911-14-4814	4886	0.0000000000
353	FT911-14-4815	4887	0.0000000000
353	FT911-14-4818	4888	0.0000000000
353	FT911-14-4819	4889	0.0000000000
353	FT911-14-4820	4890	0.0000000000
353	FT911-14-4821	4891	0.0000000000
353	FT911-14-4822	4892	0.0000000000
353	FT911-14-4823	4893	0.0000000000
353	FT911-14-4824	4894	0.0000000000
353	FT911-14-4825	4895	0.0000000000
353	FT911-14-4826	4896	0.0000000000
353	FT911-14-4827	4897	0.0000000000
353	FT911-14-4828	4898	0.0000000000
353	FT911-14-4830	4899	0.0000000000
353	FT911-14-4831	4900	0.0000000000
353	FT911-14-4833	4901	0.0000000000
353	FT911-14-4834	4902	0.0000000000
353	FT911-14-4835	4903	0.0000000000
353	FT911-14-4836	4904	0.0000000000
353	FT911-14-4837	4905	0.0000000000
353	FT911-14-4838	4906	0.0000000000
353	FT911-14-4839	4907	0.0000000000
353	FT911-14-4840	4908	0.0000000000
353	FT911-14-4841	4909	0.0000000000
353	FT911-14-4842	4910	0.0000000000
353	FT911-14-4843	4911	0.0000000000
353	FT911-14-4845	4912	0.0000000000
353	FT911-14-4846	4913	0.0000000000
353	FT911-14-4847	4914	0.0000000000
353	FT911-14-4848	4915	0.0000000000
353	FT911-14-4849	4916	0.0000000000
353	FT911-14-4850	4917	0.0000000000
353	FT911-14-4851	4918	0.0000000000
353	FT911-14-4852	4919	0.0000000000
353	FT911-14-4853	4920	0.0000000000
353	FT911-14-4854	4921	0.0000000000
353	FT911-14-4855	4922	0.0000000000
353	FT911-14-4856	4923	0.0000000000
353	FT911-14-4857	4924	0.0000000000
353	FT911-14-4858	4925	0.0000000000
353	FT911-14-4859	4926	0.0000000000
353	FT911-14-4860	4927	0.0000000000
353	FT911-14-4861	4928	0.0000000000
353	FT911-14-4864	4929	0.0000000000
353	FT911-14-4865	4930	0.0000000000
353	FT911-14-4866	4931	0.0000000000
353	FT911-14-4867	4932	0.0000000000
353	FT911-14-4868	4933	0.0000000000
353	FT911-14-4869	4934	0.0000000000
353	FT911-14-4870	4935	0.0000000000
353	FT911-14-4871	4936	0.0000000000
353	FT911-14-4872	4937	0.0000000000
353	FT911-14-4873	4938	0.0000000000
353	FT911-14-4874	4939	0.0000000000
353	FT911-14-4876	4940	0.0000000000
353	FT911-14-4877	4941	0.0000000000
353	FT911-14-4878	4942	0.0000000000
353	FT911-14-4879	4943	0.0000000000
353	FT911-14-4880	4944	0.0000000000
353	FT911-14-4881	4945	0.0000000000
353	FT911-14-4882	4946	0.0000000000
353	FT911-14-4883	4947	0.0000000000
353	FT911-14-4884	4948	0.0000000000
353	FT911-14-4886	4949	0.0000000000
353	FT911-14-4887	4950	0.0000000000
353	FT911-14-4888	4951	0.0000000000
353	FT911-14-4889	4952	0.0000000000
353	FT911-14-4890	4953	0.0000000000
353	FT911-14-4891	4954	0.0000000000
353	FT911-14-4892	4955	0.0000000000
353	FT911-14-4893	4956	0.0000000000
353	FT911-14-4894	4957	0.0000000000
353	FT911-14-4895	4958	0.0000000000
353	FT911-14-4896	4959	0.0000000000
353	FT911-14-4897	4960	0.0000000000
353	FT911-14-4898	4961	0.0000000000
353	FT911-14-4900	4962	0.0000000000
353	FT911-14-4901	4963	0.0000000000
353	FT911-14-4902	4964	0.0000000000
353	FT911-14-4903	4965	0.0000000000
353	FT911-14-4904	4966	0.0000000000
353	FT911-14-4905	4967	0.0000000000
353	FT911-14-4906	4968	0.0000000000
353	FT911-14-4907	4969	0.0000000000
353	FT911-14-4908	4970	0.0000000000
353	FT911-14-4910	4971	0.0000000000
353	FT911-14-4911	4972	0.0000000000
353	FT911-14-4912	4973	0.0000000000
353	FT911-14-4913	4974	0.0000000000
353	FT911-14-4914	4975	0.0000000000
353	FT911-14-4915	4976	0.0000000000
353	FT911-14-4916	4977	0.0000000000
353	FT911-14-4918	4978	0.0000000000
353	FT911-14-4919	4979	0.0000000000
353	FT911-14-4920	4980	0.0000000000
353	FT911-14-4921	4981	0.0000000000
353	FT911-14-4922	4982	0.0000000000
353	FT911-14-4923	4983	0.0000000000
353	FT911-14-4926	4984	0.0000000000
353	FT911-14-4927	4985	0.0000000000
353	FT911-14-4928	4986	0.0000000000
353	FT911-14-4929	4987	0.0000000000
353	FT911-14-4931	4988	0.0000000000
353	FT911-14-4932	4989	0.0000000000
353	FT911-14-4933	4990	0.0000000000
353	FT911-14-4935	4991	0.0000000000
353	FT911-14-4937	4992	0.0000000000
353	FT911-14-4938	4993	0.0000000000
353	FT911-14-4939	4994	0.0000000000
353	FT911-14-4940	4995	0.0000000000
353	FT911-14-4941	4996	0.0000000000
353	FT911-14-4942	4997	0.0000000000
353	FT911-14-4943	4998	0.0000000000
353	FT911-14-4944	4999	0.0000000000
353	FT911-14-4945	5000	0.0000000000
353	FT911-14-4946	5001	0.0000000000
353	FT911-14-4947	5002	0.0000000000
353	FT911-14-4948	5003	0.0000000000
353	FT911-14-4949	5004	0.0000000000
353	FT911-14-4950	5005	0.0000000000
353	FT911-14-4951	5006	0.0000000000
353	FT911-14-4952	5007	0.0000000000
353	FT911-14-4953	5008	0.0000000000
353	FT911-14-4954	5009	0.0000000000
353	FT911-14-4955	5010	0.0000000000
353	FT911-14-4956	5011	0.0000000000
353	FT911-14-4957	5012	0.0000000000
353	FT911-14-4958	5013	0.0000000000
353	FT911-14-4959	5014	0.0000000000
353	FT911-14-4960	5015	0.0000000000
353	FT911-14-4961	5016	0.0000000000
353	FT911-14-4962	5017	0.0000000000
353	FT911-14-4963	5018	0.0000000000
353	FT911-14-4964	5019	0.0000000000
353	FT911-14-4965	5020	0.0000000000
353	FT911-14-4966	5021	0.0000000000
353	FT911-14-4967	5022	0.0000000000
353	FT911-14-4968	5023	0.0000000000
353	FT911-14-4969	5024	0.0000000000
353	FT911-14-4972	5025	0.0000000000
353	FT911-14-4974	5026	0.0000000000
353	FT911-14-4975	5027	0.0000000000
353	FT911-14-4977	5028	0.0000000000
353	FT911-14-4978	5029	0.0000000000
353	FT911-14-4979	5030	0.0000000000
353	FT911-14-4980	5031	0.0000000000
353	FT911-14-4981	5032	0.0000000000
353	FT911-14-4982	5033	0.0000000000
353	FT911-14-4983	5034	0.0000000000
353	FT911-14-4984	5035	0.0000000000
353	FT911-14-4985	5036	0.0000000000
353	FT911-14-4986	5037	0.0000000000
353	FT911-14-4987	5038	0.0000000000
353	FT911-14-4988	5039	0.0000000000
353	FT911-14-4989	5040	0.0000000000
353	FT911-14-4990	5041	0.0000000000
353	FT911-14-4991	5042	0.0000000000
353	FT911-14-4992	5043	0.0000000000
353	FT911-14-4993	5044	0.0000000000
353	FT911-14-4994	5045	0.0000000000
353	FT911-14-4995	5046	0.0000000000
353	FT911-14-4996	5047	0.0000000000
353	FT911-14-4997	5048	0.0000000000
353	FT911-14-4999	5049	0.0000000000
353	FT911-14-5002	5050	0.0000000000
353	FT911-14-5003	5051	0.0000000000
353	FT911-14-5004	5052	0.0000000000
353	FT911-14-5005	5053	0.0000000000
353	FT911-14-5006	5054	0.0000000000
353	FT911-14-5007	5055	0.0000000000
353	FT911-14-5009	5056	0.0000000000
353	FT911-14-5010	5057	0.0000000000
353	FT911-14-5012	5058	0.0000000000
353	FT911-14-5013	5059	0.0000000000
353	FT911-14-5014	5060	0.0000000000
353	FT911-14-5015	5061	0.0000000000
353	FT911-14-5016	5062	0.0000000000
353	FT911-14-5017	5063	0.0000000000
353	FT911-14-5018	5064	0.0000000000
353	FT911-14-5019	5065	0.0000000000
353	FT911-14-5020	5066	0.0000000000
353	FT911-14-5021	5067	0.0000000000
353	FT911-14-5022	5068	0.0000000000
353	FT911-14-5023	5069	0.0000000000
353	FT911-14-5024	5070	0.0000000000
353	FT911-14-5025	5071	0.0000000000
353	FT911-14-5027	5072	0.0000000000
353	FT911-14-5030	5073	0.0000000000
353	FT911-14-5031	5074	0.0000000000
353	FT911-14-5032	5075	0.0000000000
353	FT911-14-5033	5076	0.0000000000
353	FT911-14-5034	5077	0.0000000000
353	FT911-14-5035	5078	0.0000000000
353	FT911-14-5036	5079	0.0000000000
353	FT911-14-5038	5080	0.0000000000
353	FT911-14-5039	5081	0.0000000000
353	FT911-14-5040	5082	0.0000000000
353	FT911-14-5041	5083	0.0000000000
353	FT911-14-5042	5084	0.0000000000
353	FT911-14-5043	5085	0.0000000000
353	FT911-14-5044	5086	0.0000000000
353	FT911-14-5045	5087	0.0000000000
353	FT911-14-5046	5088	0.0000000000
353	FT911-14-5047	5089	0.0000000000
353	FT911-14-5049	5090	0.0000000000
353	FT911-14-5050	5091	0.0000000000
353	FT911-14-5051	5092	0.0000000000
353	FT911-14-5052	5093	0.0000000000
353	FT911-14-5053	5094	0.0000000000
353	FT911-14-5054	5095	0.0000000000
353	FT911-14-5055	5096	0.0000000000
353	FT911-14-5056	5097	0.0000000000
353	FT911-14-5057	5098	0.0000000000
353	FT911-14-5058	5099	0.0000000000
353	FT911-14-5059	5100	0.0000000000
353	FT911-14-5060	5101	0.0000000000
353	FT911-14-5061	5102	0.0000000000
353	FT911-14-5063	5103	0.0000000000
353	FT911-14-5065	5104	0.0000000000
353	FT911-14-5066	5105	0.0000000000
353	FT911-14-5068	5106	0.0000000000
353	FT911-14-5069	5107	0.0000000000
353	FT911-14-5070	5108	0.0000000000
353	FT911-14-5071	5109	0.0000000000
353	FT911-14-5072	5110	0.0000000000
353	FT911-14-5073	5111	0.0000000000
353	FT911-14-5074	5112	0.0000000000
353	FT911-14-5075	5113	0.0000000000
353	FT911-14-5076	5114	0.0000000000
353	FT911-14-5077	5115	0.0000000000
353	FT911-14-5078	5116	0.0000000000
353	FT911-14-5079	5117	0.0000000000
353	FT911-14-5080	5118	0.0000000000
353	FT911-14-5081	5119	0.0000000000
353	FT911-14-5082	5120	0.0000000000
353	FT911-14-5083	5121	0.0000000000
353	FT911-14-5085	5122	0.0000000000
353	FT911-14-5086	5123	0.0000000000
353	FT911-14-5087	5124	0.0000000000
353	FT911-14-5088	5125	0.0000000000
353	FT911-14-5089	5126	0.0000000000
353	FT911-14-5090	5127	0.0000000000
353	FT911-14-5091	5128	0.0000000000
353	FT911-14-5092	5129	0.0000000000
353	FT911-14-5093	5130	0.0000000000
353	FT911-14-5094	5131	0.0000000000
353	FT911-14-5095	5132	0.0000000000
353	FT911-14-5096	5133	0.0000000000
353	FT911-14-5098	5134	0.0000000000
353	FT911-14-5099	5135	0.0000000000
353	FT911-14-5100	5136	0.0000000000
353	FT911-14-5101	5137	0.0000000000
353	FT911-14-5102	5138	0.0000000000
353	FT911-14-5103	5139	0.0000000000
353	FT911-14-5104	5140	0.0000000000
353	FT911-14-5105	5141	0.0000000000
353	FT911-14-5106	5142	0.0000000000
353	FT911-14-5107	5143	0.0000000000
353	FT911-14-5109	5144	0.0000000000
353	FT911-14-5110	5145	0.0000000000
353	FT911-14-5111	5146	0.0000000000
353	FT911-14-5112	5147	0.0000000000
353	FT911-14-5113	5148	0.0000000000
353	FT911-14-5114	5149	0.0000000000
353	FT911-14-5115	5150	0.0000000000
353	FT911-14-5116	5151	0.0000000000
353	FT911-14-5117	5152	0.0000000000
353	FT911-14-5118	5153	0.0000000000
353	FT911-14-5119	5154	0.0000000000
353	FT911-14-5120	5155	0.0000000000
353	FT911-14-5121	5156	0.0000000000
353	FT911-14-5122	5157	0.0000000000
353	FT911-14-5123	5158	0.0000000000
353	FT911-14-5124	5159	0.0000000000
353	FT911-14-5125	5160	0.0000000000
353	FT911-14-5126	5161	0.0000000000
353	FT911-14-5127	5162	0.0000000000
353	FT911-14-5128	5163	0.0000000000
353	FT911-15-5131	5164	0.0000000000
353	FT911-15-5132	5165	0.0000000000
353	FT911-15-5133	5166	0.0000000000
353	FT911-15-5134	5167	0.0000000000
353	FT911-15-5135	5168	0.0000000000
353	FT911-15-5136	5169	0.0000000000
353	FT911-15-5137	5170	0.0000000000
353	FT911-15-5139	5171	0.0000000000
353	FT911-15-5140	5172	0.0000000000
353	FT911-15-5141	5173	0.0000000000
353	FT911-15-5142	5174	0.0000000000
353	FT911-15-5143	5175	0.0000000000
353	FT911-15-5144	5176	0.0000000000
353	FT911-15-5147	5177	0.0000000000
353	FT911-15-5148	5178	0.0000000000
353	FT911-15-5149	5179	0.0000000000
353	FT911-15-5150	5180	0.0000000000
353	FT911-15-5152	5181	0.0000000000
353	FT911-15-5153	5182	0.0000000000
353	FT911-15-5154	5183	0.0000000000
353	FT911-15-5155	5184	0.0000000000
353	FT911-15-5156	5185	0.0000000000
353	FT911-15-5157	5186	0.0000000000
353	FT911-15-5158	5187	0.0000000000
353	FT911-15-5160	5188	0.0000000000
353	FT911-15-5161	5189	0.0000000000
353	FT911-15-5162	5190	0.0000000000
353	FT911-15-5163	5191	0.0000000000
353	FT911-15-5165	5192	0.0000000000
353	FT911-15-5166	5193	0.0000000000
353	FT911-15-5169	5194	0.0000000000
353	FT911-15-5170	5195	0.0000000000
353	FT911-15-5171	5196	0.0000000000
353	FT911-15-5172	5197	0.0000000000
353	FT911-15-5174	5198	0.0000000000
353	FT911-15-5175	5199	0.0000000000
353	FT911-15-5176	5200	0.0000000000
353	FT911-15-5177	5201	0.0000000000
353	FT911-15-5178	5202	0.0000000000
353	FT911-15-5179	5203	0.0000000000
353	FT911-15-5181	5204	0.0000000000
353	FT911-15-5183	5205	0.0000000000
353	FT911-15-5184	5206	0.0000000000
353	FT911-15-5185	5207	0.0000000000
353	FT911-15-5186	5208	0.0000000000
353	FT911-15-5187	5209	0.0000000000
353	FT911-15-5188	5210	0.0000000000
353	FT911-15-5189	5211	0.0000000000
353	FT911-15-5190	5212	0.0000000000
353	FT911-15-5193	5213	0.0000000000
353	FT911-15-5194	5214	0.0000000000
353	FT911-15-5195	5215	0.0000000000
353	FT911-15-5196	5216	0.0000000000
353	FT911-15-5197	5217	0.0000000000
353	FT911-15-5198	5218	0.0000000000
353	FT911-15-5199	5219	0.0000000000
353	FT911-15-5200	5220	0.0000000000
353	FT911-15-5201	5221	0.0000000000
353	FT911-15-5203	5222	0.0000000000
353	FT911-15-5204	5223	0.0000000000
353	FT911-15-5206	5224	0.0000000000
353	FT911-15-5207	5225	0.0000000000
353	FT911-15-5208	5226	0.0000000000
353	FT911-15-5209	5227	0.0000000000
353	FT911-15-5210	5228	0.0000000000
353	FT911-15-5211	5229	0.0000000000
353	FT911-15-5212	5230	0.0000000000
353	FT911-15-5213	5231	0.0000000000
353	FT911-15-5214	5232	0.0000000000
353	FT911-15-5215	5233	0.0000000000
353	FT911-15-5216	5234	0.0000000000
353	FT911-15-5217	5235	0.0000000000
353	FT911-15-5218	5236	0.0000000000
353	FT911-15-5219	5237	0.0000000000
353	FT911-15-5220	5238	0.0000000000
353	FT911-15-5221	5239	0.0000000000
353	FT911-15-5222	5240	0.0000000000
353	FT911-15-5223	5241	0.0000000000
353	FT911-15-5224	5242	0.0000000000
353	FT911-15-5225	5243	0.0000000000
353	FT911-15-5226	5244	0.0000000000
353	FT911-15-5227	5245	0.0000000000
353	FT911-15-5228	5246	0.0000000000
353	FT911-15-5229	5247	0.0000000000
353	FT911-15-5230	5248	0.0000000000
353	FT911-15-5233	5249	0.0000000000
353	FT911-15-5234	5250	0.0000000000
353	FT911-15-5235	5251	0.0000000000
353	FT911-15-5236	5252	0.0000000000
353	FT911-15-5237	5253	0.0000000000
353	FT911-15-5238	5254	0.0000000000
353	FT911-15-5239	5255	0.0000000000
353	FT911-15-5240	5256	0.0000000000
353	FT911-15-5242	5257	0.0000000000
353	FT911-15-5245	5258	0.0000000000
353	FT911-15-5246	5259	0.0000000000
353	FT911-15-5249	5260	0.0000000000
353	FT911-15-5250	5261	0.0000000000
353	FT911-15-5251	5262	0.0000000000
353	FT911-15-5252	5263	0.0000000000
353	FT911-15-5253	5264	0.0000000000
353	FT911-15-5254	5265	0.0000000000
353	FT911-15-5255	5266	0.0000000000
353	FT911-15-5256	5267	0.0000000000
353	FT911-15-5257	5268	0.0000000000
353	FT911-15-5258	5269	0.0000000000
353	FT911-15-5259	5270	0.0000000000
353	FT911-15-5260	5271	0.0000000000
353	FT911-15-5261	5272	0.0000000000
353	FT911-15-5262	5273	0.0000000000
353	FT911-15-5264	5274	0.0000000000
353	FT911-15-5265	5275	0.0000000000
353	FT911-15-5266	5276	0.0000000000
353	FT911-15-5267	5277	0.0000000000
353	FT911-15-5268	5278	0.0000000000
353	FT911-15-5269	5279	0.0000000000
353	FT911-15-5270	5280	0.0000000000
353	FT911-15-5271	5281	0.0000000000
353	FT911-15-5272	5282	0.0000000000
353	FT911-15-5273	5283	0.0000000000
353	FT911-15-5276	5284	0.0000000000
353	FT911-15-5277	5285	0.0000000000
353	FT911-15-5278	5286	0.0000000000
353	FT911-15-5279	5287	0.0000000000
353	FT911-15-5280	5288	0.0000000000
353	FT911-15-5281	5289	0.0000000000
353	FT911-15-5282	5290	0.0000000000
353	FT911-15-5284	5291	0.0000000000
353	FT911-15-5285	5292	0.0000000000
353	FT911-15-5286	5293	0.0000000000
353	FT911-15-5288	5294	0.0000000000
353	FT911-15-5289	5295	0.0000000000
353	FT911-15-5290	5296	0.0000000000
353	FT911-15-5291	5297	0.0000000000
353	FT911-15-5292	5298	0.0000000000
353	FT911-15-5293	5299	0.0000000000
353	FT911-15-5294	5300	0.0000000000
353	FT911-15-5295	5301	0.0000000000
353	FT911-15-5296	5302	0.0000000000
353	FT911-15-5297	5303	0.0000000000
353	FT911-15-5298	5304	0.0000000000
353	FT911-15-5299	5305	0.0000000000
353	FT911-15-5300	5306	0.0000000000
353	FT911-15-5302	5307	0.0000000000
353	FT911-15-5303	5308	0.0000000000
353	FT911-15-5304	5309	0.0000000000
353	FT911-15-5305	5310	0.0000000000
353	FT911-15-5306	5311	0.0000000000
353	FT911-15-5307	5312	0.0000000000
353	FT911-15-5308	5313	0.0000000000
353	FT911-15-5309	5314	0.0000000000
353	FT911-15-5310	5315	0.0000000000
353	FT911-15-5311	5316	0.0000000000
353	FT911-15-5312	5317	0.0000000000
353	FT911-15-5313	5318	0.0000000000
353	FT911-15-5314	5319	0.0000000000
353	FT911-15-5315	5320	0.0000000000
353	FT911-15-5316	5321	0.0000000000
353	FT911-15-5317	5322	0.0000000000
353	FT911-15-5318	5323	0.0000000000
353	FT911-15-5319	5324	0.0000000000
353	FT911-15-5320	5325	0.0000000000
353	FT911-15-5321	5326	0.0000000000
353	FT911-15-5322	5327	0.0000000000
353	FT911-15-5323	5328	0.0000000000
353	FT911-15-5324	5329	0.0000000000
353	FT911-15-5325	5330	0.0000000000
353	FT911-15-5326	5331	0.0000000000
353	FT911-15-5328	5332	0.0000000000
353	FT911-15-5329	5333	0.0000000000
353	FT911-15-5330	5334	0.0000000000
353	FT911-15-5332	5335	0.0000000000
353	FT911-15-5333	5336	0.0000000000
353	FT911-15-5334	5337	0.0000000000
353	FT911-15-5335	5338	0.0000000000
353	FT911-15-5336	5339	0.0000000000
353	FT911-15-5337	5340	0.0000000000
353	FT911-15-5338	5341	0.0000000000
353	FT911-15-5339	5342	0.0000000000
353	FT911-15-5340	5343	0.0000000000
353	FT911-15-5341	5344	0.0000000000
353	FT911-15-5342	5345	0.0000000000
353	FT911-15-5343	5346	0.0000000000
353	FT911-15-5344	5347	0.0000000000
353	FT911-15-5345	5348	0.0000000000
353	FT911-15-5346	5349	0.0000000000
353	FT911-15-5347	5350	0.0000000000
353	FT911-15-5348	5351	0.0000000000
353	FT911-15-5350	5352	0.0000000000
353	FT911-15-5351	5353	0.0000000000
353	FT911-15-5352	5354	0.0000000000
353	FT911-15-5353	5355	0.0000000000
353	FT911-15-5354	5356	0.0000000000
353	FT911-15-5355	5357	0.0000000000
353	FT911-15-5356	5358	0.0000000000
353	FT911-15-5358	5359	0.0000000000
353	FT911-15-5359	5360	0.0000000000
353	FT911-15-5360	5361	0.0000000000
353	FT911-15-5361	5362	0.0000000000
353	FT911-15-5362	5363	0.0000000000
353	FT911-15-5363	5364	0.0000000000
353	FT911-15-5364	5365	0.0000000000
353	FT911-15-5366	5366	0.0000000000
353	FT911-15-5367	5367	0.0000000000
353	FT911-15-5368	5368	0.0000000000
354	FT911-13-4677	1	0.2629374992
354	FT911-13-4698	2	0.2460104529
354	FT911-7-2270	3	0.2448235666
354	FT911-7-2384	4	0.2105909974
354	FT911-13-4452	5	0.2101804024
354	FT911-6-1849	6	0.1929822717
354	FT911-7-2599	7	0.1524111935
354	FT911-1-192	8	0.1446052288
354	FT911-8-2917	9	0.1436689463
354	FT911-10-3485	10	0.1236870053
354	FT911-1-339	11	0.1211293903
354	FT911-7-2350	12	0.1204676909
354	FT911-11-3917	13	0.1197915691
354	FT911-10-3568	14	0.1178829325
354	FT911-11-3887	15	0.1157793175
354	FT911-9-3117	16	0.1131735877
354	FT911-11-3705	17	0.1057366965
354	FT911-9-3180	18	0.1041144697
354	FT911-2-486	19	0.1035375273
354	FT911-13-4538	20	0.1013836661
354	FT911-8-2630	21	0.0982538326
354	FT911-15-5258	22	0.0971903740
354	FT911-14-5107	23	0.0967008675
354	FT911-1-42	24	0.0952659020
354	FT911-2-566	25	0.0930609866
354	FT911-3-947	26	0.0925489640
354	FT911-15-5148	27	0.0921786129
354	FT911-15-5187	28	0.0904980826
354	FT911-14-4940	29	0.0901725891
354	FT911-15-5150	30	0.0869527829
354	FT911-7-2475	31	0.0863467041
354	FT911-7-2592	32	0.0857754720
354	FT911-7-2250	33	0.0840359540
354	FT911-10-3392	34	0.0836417358
354	FT911-7-2269	35	0.0799915196
354	FT911-7-2267	36	0.0786313030
354	FT911-14-5124	37	0.0779176869
354	FT911-10-3639	38	0.0778089739
354	FT911-6-1905	39	0.0771025909
354	FT911-3-949	40	0.0742253666
354	FT911-4-1260	41	0.0732029961
354	FT911-7-2575	42	0.0698627694
354	FT911-6-2112	43	0.0691255131
354	FT911-6-1907	44	0.0691037994
354	FT911-11-3920	45	0.0676491211
354	FT911-4-1234	46	0.0675594041
354	FT911-6-1898	47	0.0669849901
354	FT911-11-3911	48	0.0654720038
354	FT911-6-2210	49	0.0654667428
354	FT911-7-2257	50	0.0647827258
354	FT911-8-2775	51	0.0636361879
354	FT911-3-725	52	0.0631670789
354	FT911-13-4460	53	0.0620466360
354	FT911-14-5118	54	0.0612880471
354	FT911-12-4363	55	0.0607391866
354	FT911-13-4639	56	0.0605863132
354	FT911-7-2474	57	0.0599898828
354	FT911-6-1833	58	0.0582278864
354	FT911-14-5065	59	0.0576162411
354	FT911-13-4472	60	0.0575899943
354	FT911-14-5026	61	0.0548946824
354	FT911-13-4467	62	0.0546327518
354	FT911-5-1593	63	0.0530995043
354	FT911-11-3889	64	0.0498285021
354	FT911-10-3387	65	0.0493013564
354	FT911-13-4638	66	0.0481755657
354	FT911-4-1318	67	0.0480508332
354	FT911-13-4649	68	0.0459342682
354	FT911-15-5357	69	0.0430014306
354	FT911-15-5307	70	0.0415046257
354	FT911-9-3240	71	0.0412880309
354	FT911-4-1164	72	0.0408415272
354	FT911-10-3525	73	0.0398881647
354	FT911-1-254	74	0.0394815505
354	FT911-9-3021	75	0.0392419980
354	FT911-2-689	76	0.0389003768
354	FT911-9-3202	77	0.0378238280
354	FT911-5-1635	78	0.0371563505
354	FT911-3-1096	79	0.0360340099
354	FT911-1-194	80	0.0353161541
354	FT911-8-2895	81	0.0344923154
354	FT911-9-3319	82	0.0343955307
354	FT911-14-4987	83	0.0340468987
354	FT911-13-4609	84	0.0327057570
354	FT911-5-1480	85	0.0323550077
354	FT911-7-2378	86	0.0321469828
354	FT911-1-305	87	0.0318284069
354	FT911-2-413	88	0.0317266477
354	FT911-12-4232	89	0.0317003601
354	FT911-11-3947	90	0.0312700205
354	FT911-11-3962	91	0.0310210155
354	FT911-6-2056	92	0.0309136759
354	FT911-2-592	93	0.0308639982
354	FT911-7-2226	94	0.0308375217
354	FT911-14-4801	95	0.0306363071
354	FT911-1-215	96	0.0306315026
354	FT911-13-4651	97	0.0305603127
354	FT911-14-4772	98	0.0305359081
354	FT911-4-1160	99	0.0305316534
354	FT911-3-728	100	0.0304665791
354	FT911-7-2392	101	0.0303881437
354	FT911-4-1293	102	0.0303228133
354	FT911-11-3927	103	0.0302014471
354	FT911-11-3955	104	0.0301400675
354	FT911-5-1624	105	0.0298230611
354	FT911-4-1202	106	0.0292658492
354	FT911-14-4787	107	0.0292266998
354	FT911-14-4948	108	0.0289321582
354	FT911-9-3160	109	0.0286609077
354	FT911-8-2924	110	0.0285254626
354	FT911-3-913	111	0.0285168272
354	FT911-3-809	112	0.0280346532
354	FT911-2-406	113	0.0279827586
354	FT911-12-4186	114	0.0278999406
354	FT911-14-5040	115	0.0278638353
354	FT911-6-2159	116	0.0277952443
354	FT911-5-1694	117	0.0277688966
354	FT911-5-1758	118	0.0277616719
354	FT911-13-4447	119	0.0276668813
354	FT911-1-297	120	0.0275993286
354	FT911-5-1679	121	0.0274929093
354	FT911-14-4753	122	0.0274568470
354	FT911-2-681	123	0.0273713601
354	FT911-4-1304	124	0.0273430074
354	FT911-1-82	125	0.0270757524
354	FT911-6-1939	126	0.0270550603
354	FT911-10-3403	127	0.0262637942
354	FT911-6-2195	128	0.0262325480
354	FT911-12-4244	129	0.0259434233
354	FT911-9-3322	130	0.0258832051
354	FT911-6-1945	131	0.0258541559
354	FT911-9-3054	132	0.0258261910
354	FT911-8-2687	133	0.0256454142
354	FT911-15-5248	134	0.0254762948
354	FT911-7-2238	135	0.0254216108
354	FT911-11-3801	136	0.0254013253
354	FT911-10-3427	137	0.0250677818
354	FT911-13-4727	138	0.0248431988
354	FT911-8-2855	139	0.0247198572
354	FT911-1-162	140	0.0247096537
354	FT911-2-623	141	0.0245647179
354	FT911-6-2054	142	0.0245505221
354	FT911-5-1531	143	0.0244626010
354	FT911-8-2785	144	0.0243799825
354	FT911-15-5326	145	0.0243406223
354	FT911-2-591	146	0.0242823298
354	FT911-2-707	147	0.0241739792
354	FT911-3-1070	148	0.0241330976
354	FT911-11-3779	149	0.0241000027
354	FT911-2-643	150	0.0240455372
354	FT911-2-418	151	0.0239903964
354	FT911-13-4604	152	0.0239874945
354	FT911-1-336	153	0.0239777574
354	FT911-14-4885	154	0.0239019679
354	FT911-12-4191	155	0.0238712968
354	FT911-10-3653	156	0.0237963895
354	FT911-10-3405	157	0.0237795528
354	FT911-6-2065	158	0.0237738349
354	FT911-13-4533	159	0.0237595674
354	FT911-4-1419	160	0.0236249015
354	FT911-4-1452	161	0.0235657054
354	FT911-7-2303	162	0.0235369125
354	FT911-9-3136	163	0.0234955143
354	FT911-3-855	164	0.0234595230
354	FT911-8-2796	165	0.0233010863
354	FT911-5-1687	166	0.0232638324
354	FT911-11-3939	167	0.0232569849
354	FT911-11-3755	168	0.0232475882
354	FT911-5-1712	169	0.0231857749
354	FT911-11-3937	170	0.0231526760
354	FT911-10-3569	171	0.0231513020
354	FT911-12-4195	172	0.0230524898
354	FT911-5-1583	173	0.0230497479
354	FT911-5-1818	174	0.0230049368
354	FT911-7-2214	175	0.0229542395
354	FT911-2-699	176	0.0229463575
354	FT911-6-2205	177	0.0229115407
354	FT911-6-1980	178	0.0228835738
354	FT911-12-4189	179	0.0228478857
354	FT911-11-3926	180	0.0226829514
354	FT911-10-3373	181	0.0226667728
354	FT911-12-4312	182	0.0226509189
354	FT911-7-2363	183	0.0226314772
354	FT911-1-354	184	0.0225953303
354	FT911-2-496	185	0.0225820840
354	FT911-4-1137	186	0.0225240909
354	FT911-15-5255	187	0.0225235436
354	FT911-8-2904	188	0.0224969554
354	FT911-10-3678	189	0.0224800565
354	FT911-6-1963	190	0.0224636775
354	FT911-5-1556	191	0.0224551078
354	FT911-8-2934	192	0.0223102905
354	FT911-6-2202	193	0.0222773819
354	FT911-9-2994	194	0.0221965947
354	FT911-6-2063	195	0.0221328392
354	FT911-8-2894	196	0.0220993406
354	FT911-6-1848	197	0.0220426240
354	FT911-14-4803	198	0.0220048818
354	FT911-14-5080	199	0.0219325693
354	FT911-3-905	200	0.0218940291
354	FT911-4-1296	201	0.0218785155
354	FT911-8-2714	202	0.0217905089
354	FT911-1-49	203	0.0217841550
354	FT911-5-1682	204	0.0217808198
354	FT911-11-3746	205	0.0217296332
354	FT911-13-4648	206	0.0216677114
354	FT911-12-4084	207	0.0216362635
354	FT911-1-128	208	0.0215712993
354	FT911-9-3191	209	0.0215688771
354	FT911-4-1457	210	0.0215645790
354	FT911-15-5262	211	0.0214578027
354	FT911-11-3948	212	0.0213994709
354	FT911-15-5167	213	0.0212551689
354	FT911-13-4459	214	0.0211242991
354	FT911-2-508	215	0.0211211276
354	FT911-5-1621	216	0.0210311457
354	FT911-11-3869	217	0.0210246441
354	FT911-11-3910	218	0.0210088590
354	FT911-1-172	219	0.0210083367
354	FT911-13-4572	220	0.0210004460
354	FT911-12-4359	221	0.0209761500
354	FT911-12-4044	222	0.0209631608
354	FT911-4-1212	223	0.0209137945
354	FT911-14-5038	224	0.0208646062
354	FT911-9-3258	225	0.0208448565
354	FT911-10-3459	226	0.0208225296
354	FT911-6-2137	227	0.0208095783
354	FT911-9-3246	228	0.0207345028
354	FT911-11-3762	229	0.0207247097
354	FT911-6-1948	230	0.0207124856
354	FT911-6-1916	231	0.0207054277
354	FT911-7-2277	232	0.0206752075
354	FT911-15-5238	233	0.0206294760
354	FT911-3-859	234	0.0206189614
354	FT911-1-114	235	0.0206110137
354	FT911-13-4587	236	0.0205569480
354	FT911-3-1032	237	0.0205388888
354	FT911-15-5173	238	0.0205374983
354	FT911-11-3902	239	0.0205292045
354	FT911-2-424	240	0.0204961898
354	FT911-1-341	241	0.0204741291
354	FT911-9-3095	242	0.0204426946
354	FT911-7-2301	243	0.0204318995
354	FT911-8-2716	244	0.0204264486
354	FT911-2-557	245	0.0204240386
354	FT911-14-5039	246	0.0204186872
354	FT911-3-767	247	0.0203794628
354	FT911-6-1942	248	0.0203775949
354	FT911-13-4374	249	0.0203410102
354	FT911-2-525	250	0.0203317617
354	FT911-15-5344	251	0.0203266416
354	FT911-2-535	252	0.0203042877
354	FT911-13-4531	253	0.0202799856
354	FT911-5-1681	254	0.0202782910
354	FT911-10-3328	255	0.0202753751
354	FT911-2-502	256	0.0201988896
354	FT911-6-2158	257	0.0201506168
354	FT911-14-5005	258	0.0200934189
354	FT911-4-1320	259	0.0200614056
354	FT911-15-5325	260	0.0200066411
354	FT911-15-5308	261	0.0199795912
354	FT911-12-4361	262	0.0198307698
354	FT911-13-4670	263	0.0198091972
354	FT911-2-569	264	0.0197626109
354	FT911-9-3158	265	0.0197526750
354	FT911-13-4571	266	0.0197212590
354	FT911-13-4449	267	0.0196921791
354	FT911-6-1858	268	0.0195816016
354	FT911-1-139	269	0.0195171830
354	FT911-13-4445	270	0.0194854343
354	FT911-15-5241	271	0.0194623739
354	FT911-8-2643	272	0.0193969962
354	FT911-8-2622	273	0.0193725505
354	FT911-15-5274	274	0.0193071692
354	FT911-1-256	275	0.0193040978
354	FT911-9-2968	276	0.0192915886
354	FT911-14-4995	277	0.0192862821
354	FT911-3-960	278	0.0192772407
354	FT911-6-2110	279	0.0192110422
354	FT911-2-584	280	0.0191853826
354	FT911-13-4736	281	0.0190572576
354	FT911-5-1814	282	0.0190533445
354	FT911-11-3963	283	0.0190157692
354	FT911-15-5337	284	0.0190133641
354	FT911-10-3334	285	0.0189903532
354	FT911-4-1451	286	0.0189464596
354	FT911-13-4724	287	0.0189462132
354	FT911-10-3350	288	0.0189245347
354	FT911-5-1683	289	0.0189237529
354	FT911-3-940	290	0.0189066016
354	FT911-7-2315	291	0.0188984825
354	FT911-14-4800	292	0.0188421226
354	FT911-4-1201	293	0.0188419798
354	FT911-15-5160	294	0.0188361227
354	FT911-12-4318	295	0.0187992377
354	FT911-7-2570	296	0.0187760185
354	FT911-3-1001	297	0.0187744548
354	FT911-14-4862	298	0.0187345411
354	FT911-4-1105	299	0.0186694517
354	FT911-14-4902	300	0.0186503413
354	FT911-4-1139	301	0.0186449654
354	FT911-11-3790	302	0.0186430885
354	FT911-13-4390	303	0.0185975071
354	FT911-6-2101	304	0.0185940640
354	FT911-1-188	305	0.0185717817
354	FT911-13-4471	306	0.0185707747
354	FT911-3-1092	307	0.0185330294
354	FT911-4-1408	308	0.0184944178
354	FT911-11-3970	309	0.0184837889
354	FT911-14-5112	310	0.0184743374
354	FT911-7-2335	311	0.0184020697
354	FT911-7-2617	312	0.0183474345
354	FT911-9-3107	313	0.0183323730
354	FT911-8-2922	314	0.0183185893
354	FT911-3-891	315	0.0182881635
354	FT911-12-4360	316	0.0182749261
354	FT911-3-1094	317	0.0182605753
354	FT911-14-4939	318	0.0180349025
354	FT911-13-4476	319	0.0180234848
354	FT911-8-2689	320	0.0179968678
354	FT911-9-3141	321	0.0179443939
354	FT911-3-992	322	0.0178812406
354	FT911-7-2564	323	0.0178793677
354	FT911-12-4227	324	0.0178303056
354	FT911-4-1131	325	0.0178000483
354	FT911-8-2708	326	0.0177996751
354	FT911-4-1146	327	0.0177967419
354	FT911-13-4480	328	0.0177764945
354	FT911-8-2848	329	0.0177721120
354	FT911-1-126	330	0.0177680354
354	FT911-5-1707	331	0.0177663438
354	FT911-9-3321	332	0.0177534414
354	FT911-7-2216	333	0.0177066212
354	FT911-1-319	334	0.0176344678
354	FT911-13-4719	335	0.0175831507
354	FT911-3-812	336	0.0175716837
354	FT911-9-3195	337	0.0174886722
354	FT911-13-4723	338	0.0173944273
354	FT911-5-1538	339	0.0173854389
354	FT911-10-3355	340	0.0173789348
354	FT911-5-1644	341	0.0173415114
354	FT911-8-2767	342	0.0173239447
354	FT911-8-2721	343	0.0172839637
354	FT911-8-2811	344	0.0172167704
354	FT911-2-570	345	0.0171718311
354	FT911-9-3119	346	0.0171347807
354	FT911-11-3856	347	0.0171303274
354	FT911-13-4418	348	0.0171253988
354	FT911-10-3488	349	0.0171190241
354	FT911-5-1520	350	0.0171055264
354	FT911-1-258	351	0.0170952556
354	FT911-9-3061	352	0.0170740612
354	FT911-5-1675	353	0.0170379002
354	FT911-7-2397	354	0.0170251342
354	FT911-6-1834	355	0.0169922251
354	FT911-13-4681	356	0.0169806643
354	FT911-6-2083	357	0.0169660833
354	FT911-5-1658	358	0.0169215989
354	FT911-11-3953	359	0.0169144419
354	FT911-8-2834	360	0.0169132314
354	FT911-13-4426	361	0.0168874339
354	FT911-11-3721	362	0.0168572709
354	FT911-11-3864	363	0.0168479724
354	FT911-5-1661	364	0.0167292861
354	FT911-1-358	365	0.0167170822
354	FT911-10-3539	366	0.0167142663
354	FT911-2-622	367	0.0167005167
354	FT911-6-2059	368	0.0166994935
354	FT911-7-2478	369	0.0166756089
354	FT911-2-644	370	0.0166590587
354	FT911-7-2462	371	0.0165797263
354	FT911-9-3139	372	0.0165670557
354	FT911-2-461	373	0.0165188596
354	FT911-11-3932	374	0.0165113037
354	FT911-8-2842	375	0.0164781569
354	FT911-9-3045	376	0.0164719849
354	FT911-5-1611	377	0.0164480457
354	FT911-9-3315	378	0.0164236289
354	FT911-14-4833	379	0.0164234994
354	FT911-7-2223	380	0.0164227086
354	FT911-7-2481	381	0.0164218952
354	FT911-1-213	382	0.0164057621
354	FT911-1-338	383	0.0163918077
354	FT911-10-3635	384	0.0163042248
354	FT911-4-1265	385	0.0162995573
354	FT911-5-1672	386	0.0162913465
354	FT911-7-2416	387	0.0162882117
354	FT911-1-85	388	0.0162677968
354	FT911-5-1685	389	0.0162439799
354	FT911-6-1839	390	0.0161943745
354	FT911-15-5281	391	0.0160681085
354	FT911-2-558	392	0.0160649827
354	FT911-1-124	393	0.0160613284
354	FT911-5-1659	394	0.0159559670
354	FT911-1-301	395	0.0159495166
354	FT911-13-4686	396	0.0159209637
354	FT911-12-4206	397	0.0158865737
354	FT911-5-1777	398	0.0158534009
354	FT911-11-3944	399	0.0158388648
354	FT911-11-3804	400	0.0157979214
354	FT911-7-2563	401	0.0157945431
354	FT911-14-5014	402	0.0157767094
354	FT911-13-4550	403	0.0157512534
354	FT911-6-2189	404	0.0157388986
354	FT911-11-3923	405	0.0157364559
354	FT911-12-4069	406	0.0157333275
354	FT911-4-1434	407	0.0157160541
354	FT911-6-2135	408	0.0156529768
354	FT911-6-2123	409	0.0156086958
354	FT911-3-1004	410	0.0155977221
354	FT911-1-287	411	0.0155575792
354	FT911-6-1853	412	0.0155346409
354	FT911-7-2567	413	0.0155274587
354	FT911-7-2402	414	0.0155047722
354	FT911-2-536	415	0.0154881584
354	FT911-12-4240	416	0.0154624934
354	FT911-12-4061	417	0.0154194392
354	FT911-5-1772	418	0.0152248347
354	FT911-11-3949	419	0.0152196374
354	FT911-5-1747	420	0.0152032185
354	FT911-8-2943	421	0.0151482355
354	FT911-8-2664	422	0.0150695495
354	FT911-13-4423	423	0.0150507027
354	FT911-7-2274	424	0.0150417249
354	FT911-11-3929	425	0.0149564698
354	FT911-4-1328	426	0.0149473736
354	FT911-7-2571	427	0.0149366926
354	FT911-6-1900	428	0.0149070922
354	FT911-6-2072	429	0.0148938366
354	FT911-5-1803	430	0.0148717561
354	FT911-7-2417	431	0.0148586742
354	FT911-6-1920	432	0.0148358679
354	FT911-7-2408	433	0.0148058787
354	FT911-7-2447	434	0.0147529159
354	FT911-5-1706	435	0.0147390958
354	FT911-4-1460	436	0.0147329240
354	FT911-12-4161	437	0.0147161350
354	FT911-1-335	438	0.0146918627
354	FT911-14-4866	439	0.0146915117
354	FT911-14-4873	440	0.0146884579
354	FT911-9-3264	441	0.0146726497
354	FT911-6-2144	442	0.0146677743
354	FT911-11-3935	443	0.0146392902
354	FT911-3-1053	444	0.0146388284
354	FT911-6-1946	445	0.0146267199
354	FT911-10-3430	446	0.0146253289
354	FT911-6-1928	447	0.0146168272
354	FT911-12-4049	448	0.0145930306
354	FT911-3-983	449	0.0145843902
354	FT911-13-4600	450	0.0145710999
354	FT911-7-2412	451	0.0145588699
354	FT911-2-509	452	0.0145275981
354	FT911-14-4754	453	0.0145260193
354	FT911-14-5029	454	0.0145253816
354	FT911-4-1340	455	0.0145204696
354	FT911-10-3693	456	0.0145128313
354	FT911-5-1603	457	0.0144773596
354	FT911-3-971	458	0.0144625217
354	FT911-9-3231	459	0.0144424502
354	FT911-14-4958	460	0.0144385320
354	FT911-11-3696	461	0.0144136763
354	FT911-4-1122	462	0.0144075182
354	FT911-1-302	463	0.0143904428
354	FT911-14-5058	464	0.0143347605
354	FT911-13-4660	465	0.0143009147
354	FT911-7-2227	466	0.0142754818
354	FT911-10-3365	467	0.0142548284
354	FT911-9-3034	468	0.0142313777
354	FT911-6-1981	469	0.0142273780
354	FT911-13-4483	470	0.0141895328
354	FT911-10-3614	471	0.0141596962
354	FT911-5-1781	472	0.0141588393
354	FT911-13-4708	473	0.0141549080
354	FT911-12-4151	474	0.0141445384
354	FT911-6-2067	475	0.0141298645
354	FT911-3-885	476	0.0141198710
354	FT911-3-829	477	0.0140900638
354	FT911-4-1342	478	0.0140816850
354	FT911-12-4296	479	0.0140209805
354	FT911-7-2441	480	0.0140160180
354	FT911-15-5233	481	0.0139980143
354	FT911-2-626	482	0.0139748585
354	FT911-5-1606	483	0.0139719413
354	FT911-9-3062	484	0.0139718231
354	FT911-3-1058	485	0.0139673900
354	FT911-9-3218	486	0.0139631806
354	FT911-15-5216	487	0.0138797865
354	FT911-5-1828	488	0.0138348105
354	FT911-12-4023	489	0.0138057522
354	FT911-6-2155	490	0.0137838565
354	FT911-14-4798	491	0.0137721018
354	FT911-7-2584	492	0.0137697240
354	FT911-12-4112	493	0.0137577492
354	FT911-5-1662	494	0.0137493515
354	FT911-4-1121	495	0.0137273463
354	FT911-12-4340	496	0.0136742693
354	FT911-1-244	497	0.0136655790
354	FT911-8-2939	498	0.0136646942
354	FT911-10-3452	499	0.0136589656
354	FT911-13-4601	500	0.0136273623
354	FT911-6-1878	501	0.0135985939
354	FT911-4-1330	502	0.0135787887
354	FT911-12-4205	503	0.0135757773
354	FT911-9-3140	504	0.0135608633
354	FT911-3-817	505	0.0135524277
354	FT911-12-4250	506	0.0135424425
354	FT911-8-2819	507	0.0135082653
354	FT911-3-833	508	0.0135052690
354	FT911-13-4502	509	0.0135028556
354	FT911-4-1283	510	0.0135002017
354	FT911-12-4177	511	0.0134780422
354	FT911-13-4491	512	0.0134627512
354	FT911-14-5023	513	0.0134160092
354	FT911-15-5134	514	0.0134093874
354	FT911-11-3837	515	0.0134014291
354	FT911-10-3363	516	0.0133844684
354	FT911-13-4596	517	0.0133708418
354	FT911-10-3652	518	0.0133642909
354	FT911-11-3934	519	0.0133535921
354	FT911-11-3844	520	0.0133220407
354	FT911-11-3769	521	0.0133203685
354	FT911-10-3611	522	0.0133147111
354	FT911-5-1655	523	0.0132839521
354	FT911-6-2039	524	0.0132467221
354	FT911-12-4173	525	0.0132450751
354	FT911-2-642	526	0.0132412775
354	FT911-3-847	527	0.0132349010
354	FT911-13-4692	528	0.0132084742
354	FT911-7-2222	529	0.0131913673
354	FT911-11-3946	530	0.0131613526
354	FT911-3-1056	531	0.0131511350
354	FT911-9-2956	532	0.0131355509
354	FT911-7-2450	533	0.0130821351
354	FT911-14-5070	534	0.0130594211
354	FT911-6-2017	535	0.0130415658
354	FT911-6-2166	536	0.0130216435
354	FT911-11-3950	537	0.0130169261
354	FT911-9-3278	538	0.0129575701
354	FT911-13-4442	539	0.0129573985
354	FT911-11-3738	540	0.0129470704
354	FT911-10-3337	541	0.0129399368
354	FT911-3-752	542	0.0129394832
354	FT911-14-4795	543	0.0129336092
354	FT911-13-4528	544	0.0129142012
354	FT911-13-4730	545	0.0128867954
354	FT911-6-2043	546	0.0128815604
354	FT911-7-2240	547	0.0128771258
354	FT911-13-4582	548	0.0128757484
354	FT911-1-290	549	0.0128591801
354	FT911-9-3274	550	0.0128586246
354	FT911-15-5340	551	0.0128497850
354	FT911-13-4417	552	0.0128265293
354	FT911-2-676	553	0.0128211835
354	FT911-3-1095	554	0.0128137906
354	FT911-9-3254	555	0.0128081018
354	FT911-6-2001	556	0.0127169380
354	FT911-15-5267	557	0.0127060587
354	FT911-5-1649	558	0.0127005027
354	FT911-14-5085	559	0.0126596580
354	FT911-3-777	560	0.0126510390
354	FT911-9-3320	561	0.0126298376
354	FT911-14-5083	562	0.0125970300
354	FT911-4-1329	563	0.0125898955
354	FT911-13-4585	564	0.0125854294
354	FT911-9-3085	565	0.0125512791
354	FT911-2-384	566	0.0125456314
354	FT911-2-541	567	0.0125436477
354	FT911-10-3643	568	0.0125275031
354	FT911-10-3524	569	0.0124640542
354	FT911-14-4868	570	0.0124470940
354	FT911-10-3493	571	0.0124435233
354	FT911-13-4561	572	0.0124222838
354	FT911-6-1841	573	0.0124112506
354	FT911-5-1660	574	0.0124062655
354	FT911-11-3830	575	0.0124014471
354	FT911-7-2279	576	0.0123955462
354	FT911-9-2972	577	0.0123739344
354	FT911-11-3958	578	0.0123634236
354	FT911-15-5273	579	0.0123623399
354	FT911-13-4735	580	0.0123503591
354	FT911-7-2236	581	0.0123337812
354	FT911-8-2791	582	0.0123199204
354	FT911-2-588	583	0.0123169024
354	FT911-3-1067	584	0.0122941550
354	FT911-5-1572	585	0.0122403887
354	FT911-11-3727	586	0.0122395597
354	FT911-12-4362	587	0.0122285025
354	FT911-3-923	588	0.0122145651
354	FT911-5-1730	589	0.0122132122
354	FT911-13-4532	590	0.0121902152
354	FT911-11-3730	591	0.0121882674
354	FT911-12-4103	592	0.0121831535
354	FT911-3-1098	593	0.0121616441
354	FT911-8-2782	594	0.0121474362
354	FT911-5-1614	595	0.0121399383
354	FT911-11-3925	596	0.0121340455
354	FT911-3-1036	597	0.0121338442
354	FT911-11-3954	598	0.0121127519
354	FT911-11-3702	599	0.0121019792
354	FT911-14-4930	600	0.0120934540
354	FT911-2-400	601	0.0120920172
354	FT911-14-4925	602	0.0120846387
354	FT911-8-2887	603	0.0120769445
354	FT911-12-4213	604	0.0120732226
354	FT911-14-4783	605	0.0120697416
354	FT911-4-1337	606	0.0120589901
354	FT911-8-2897	607	0.0120569146
354	FT911-5-1723	608	0.0120543247
354	FT911-4-1250	609	0.0120401746
354	FT911-1-123	610	0.0120326057
354	FT911-6-1899	611	0.0120035689
354	FT911-2-648	612	0.0119795798
354	FT911-12-4180	613	0.0119739298
354	FT911-7-2537	614	0.0119725562
354	FT911-2-633	615	0.0119281780
354	FT911-4-1362	616	0.0119200898
354	FT911-13-4690	617	0.0119077758
354	FT911-14-5063	618	0.0119009519
354	FT911-6-2075	619	0.0118965522
354	FT911-13-4461	620	0.0118814719
354	FT911-2-666	621	0.0118787853
354	FT911-12-4174	622	0.0118690810
354	FT911-12-4039	623	0.0118658376
354	FT911-7-2355	624	0.0118590229
354	FT911-13-4494	625	0.0118574865
354	FT911-6-2115	626	0.0118200248
354	FT911-10-3645	627	0.0118192647
354	FT911-10-3369	628	0.0118183475
354	FT911-7-2460	629	0.0117579033
354	FT911-3-1097	630	0.0117363430
354	FT911-14-4785	631	0.0117115025
354	FT911-1-95	632	0.0116839697
354	FT911-14-5007	633	0.0116510075
354	FT911-15-5295	634	0.0116412929
354	FT911-9-3084	635	0.0116329715
354	FT911-8-2769	636	0.0116242420
354	FT911-8-2681	637	0.0116210931
354	FT911-13-4428	638	0.0116188641
354	FT911-9-3313	639	0.0116137950
354	FT911-14-5019	640	0.0116009400
354	FT911-3-893	641	0.0115820252
354	FT911-12-4270	642	0.0115694374
354	FT911-6-1845	643	0.0115449529
354	FT911-10-3590	644	0.0115349387
354	FT911-14-4947	645	0.0115216857
354	FT911-12-4027	646	0.0115143130
354	FT911-13-4536	647	0.0115125103
354	FT911-14-4851	648	0.0114679345
354	FT911-3-776	649	0.0114472267
354	FT911-4-1295	650	0.0114435218
354	FT911-1-74	651	0.0114203033
354	FT911-8-2644	652	0.0114092789
354	FT911-5-1735	653	0.0113833972
354	FT911-8-2788	654	0.0113800704
354	FT911-8-2654	655	0.0113647869
354	FT911-6-2002	656	0.0113629712
354	FT911-4-1430	657	0.0113592038
354	FT911-13-4499	658	0.0113522234
354	FT911-1-94	659	0.0113301600
354	FT911-4-1147	660	0.0113124402
354	FT911-8-2853	661	0.0113066170
354	FT911-15-5275	662	0.0112353903
354	FT911-5-1751	663	0.0112320648
354	FT911-4-1129	664	0.0112149103
354	FT911-9-3102	665	0.0112040117
354	FT911-1-282	666	0.0111492477
354	FT911-14-5067	667	0.0111348693
354	FT911-11-3983	668	0.0111047099
354	FT911-5-1750	669	0.0111031216
354	FT911-9-3114	670	0.0110986310
354	FT911-2-559	671	0.0110953647
354	FT911-6-2073	672	0.0110907154
354	FT911-11-3845	673	0.0110694308
354	FT911-6-1902	674	0.0110520764
354	FT911-5-1678	675	0.0110191328
354	FT911-14-4834	676	0.0110146104
354	FT911-8-2810	677	0.0110134702
354	FT911-4-1217	678	0.0110075941
354	FT911-6-1930	679	0.0110044209
354	FT911-11-3798	680	0.0110039889
354	FT911-13-4726	681	0.0109919938
354	FT911-14-5114	682	0.0109559567
354	FT911-2-646	683	0.0109492147
354	FT911-6-2126	684	0.0109396741
354	FT911-11-3850	685	0.0109104698
354	FT911-4-1118	686	0.0109012500
354	FT911-5-1577	687	0.0108864594
354	FT911-10-3345	688	0.0108819332
354	FT911-10-3601	689	0.0108609539
354	FT911-7-2554	690	0.0108607966
354	FT911-6-2015	691	0.0108605359
354	FT911-14-4750	692	0.0108464436
354	FT911-5-1728	693	0.0108284999
354	FT911-8-2777	694	0.0108157113
354	FT911-2-545	695	0.0108126841
354	FT911-3-880	696	0.0108102451
354	FT911-15-5193	697	0.0108050171
354	FT911-14-4989	698	0.0108008263
354	FT911-11-3726	699	0.0107806848
354	FT911-4-1291	700	0.0107805250
354	FT911-5-1487	701	0.0107790056
354	FT911-4-1136	702	0.0107641248
354	FT911-10-3425	703	0.0107409942
354	FT911-2-512	704	0.0107387757
354	FT911-9-2973	705	0.0107244057
354	FT911-8-2711	706	0.0107025065
354	FT911-15-5245	707	0.0106944250
354	FT911-13-4412	708	0.0106939094
354	FT911-13-4691	709	0.0106717212
354	FT911-7-2329	710	0.0106702204
354	FT911-13-4743	711	0.0106614788
354	FT911-7-2545	712	0.0106561581
354	FT911-5-1773	713	0.0106524170
354	FT911-11-3874	714	0.0106432984
354	FT911-8-2874	715	0.0106348930
354	FT911-4-1248	716	0.0106346893
354	FT911-15-5149	717	0.0106328508
354	FT911-7-2248	718	0.0105983028
354	FT911-1-13	719	0.0105980994
354	FT911-5-1494	720	0.0105800853
354	FT911-14-4980	721	0.0105693889
354	FT911-1-252	722	0.0105655249
354	FT911-10-3561	723	0.0105594486
354	FT911-9-3282	724	0.0105594098
354	FT911-4-1142	725	0.0105412164
354	FT911-9-3121	726	0.0105226649
354	FT911-1-80	727	0.0105219312
354	FT911-6-1931	728	0.0105059314
354	FT911-3-795	729	0.0105055849
354	FT911-14-4941	730	0.0105023826
354	FT911-14-4874	731	0.0104888019
354	FT911-12-4198	732	0.0104715105
354	FT911-10-3435	733	0.0104634137
354	FT911-7-2457	734	0.0104607934
354	FT911-5-1511	735	0.0104287080
354	FT911-6-2086	736	0.0104280643
354	FT911-11-3821	737	0.0104118266
354	FT911-14-4858	738	0.0104105387
354	FT911-4-1114	739	0.0104045055
354	FT911-3-743	740	0.0103973685
354	FT911-2-583	741	0.0103463609
354	FT911-14-5050	742	0.0103448131
354	FT911-8-2891	743	0.0103441438
354	FT911-8-2822	744	0.0103327300
354	FT911-8-2868	745	0.0103243804
354	FT911-1-283	746	0.0103199927
354	FT911-3-1040	747	0.0103186285
354	FT911-13-4623	748	0.0103110594
354	FT911-11-3857	749	0.0103079809
354	FT911-13-4465	750	0.0102706088
354	FT911-1-259	751	0.0102409779
354	FT911-6-2031	752	0.0102402441
354	FT911-5-1495	753	0.0102355164
354	FT911-10-3404	754	0.0102324842
354	FT911-7-2299	755	0.0102257957
354	FT911-7-2246	756	0.0102229030
354	FT911-3-769	757	0.0102198335
354	FT911-13-4544	758	0.0102056569
354	FT911-5-1592	759	0.0101994308
354	FT911-6-2194	760	0.0101960202
354	FT911-12-4171	761	0.0101805279
354	FT911-10-3565	762	0.0101638178
354	FT911-10-3414	763	0.0101550883
354	FT911-7-2403	764	0.0101433489
354	FT911-8-2889	765	0.0101417227
354	FT911-1-257	766	0.0101407766
354	FT911-2-505	767	0.0101211324
354	FT911-3-961	768	0.0101203736
354	FT911-8-2784	769	0.0101134215
354	FT911-8-2814	770	0.0101127253
354	FT911-12-4034	771	0.0101043427
354	FT911-13-4382	772	0.0100993021
354	FT911-14-4864	773	0.0100893810
354	FT911-6-1962	774	0.0100791622
354	FT911-8-2728	775	0.0100694175
354	FT911-10-3566	776	0.0100678724
354	FT911-10-3326	777	0.0100551915
354	FT911-12-4269	778	0.0100506055
354	FT911-13-4396	779	0.0100485287
354	FT911-7-2473	780	0.0100470390
354	FT911-8-2886	781	0.0100334436
354	FT911-7-2422	782	0.0100300093
354	FT911-7-2348	783	0.0100273249
354	FT911-15-5365	784	0.0100125718
354	FT911-9-3229	785	0.0100080225
354	FT911-10-3436	786	0.0099992650
354	FT911-4-1187	787	0.0099970129
354	FT911-4-1465	788	0.0099868413
354	FT911-7-2421	789	0.0099863869
354	FT911-11-3719	790	0.0099860142
354	FT911-13-4602	791	0.0099768582
354	FT911-8-2795	792	0.0099757879
354	FT911-11-3780	793	0.0099693972
354	FT911-12-4132	794	0.0099524705
354	FT911-1-90	795	0.0099310198
354	FT911-3-1000	796	0.0099234878
354	FT911-4-1263	797	0.0099157024
354	FT911-12-4046	798	0.0099124519
354	FT911-3-962	799	0.0099090495
354	FT911-1-284	800	0.0099028371
354	FT911-9-2982	801	0.0098942583
354	FT911-14-5018	802	0.0098704391
354	FT911-14-5037	803	0.0098657091
354	FT911-13-4375	804	0.0098655795
354	FT911-12-4165	805	0.0098581021
354	FT911-13-4716	806	0.0098575195
354	FT911-10-3546	807	0.0098553990
354	FT911-12-4096	808	0.0098523958
354	FT911-11-3817	809	0.0098404257
354	FT911-15-5358	810	0.0098145415
354	FT911-6-1840	811	0.0098143533
354	FT911-9-3305	812	0.0097902202
354	FT911-1-48	813	0.0097895593
354	FT911-8-2710	814	0.0097837408
354	FT911-13-4625	815	0.0097744480
354	FT911-4-1148	816	0.0097710658
354	FT911-12-4175	817	0.0097651572
354	FT911-6-2058	818	0.0097607661
354	FT911-13-4645	819	0.0097470974
354	FT911-6-2087	820	0.0097461313
354	FT911-1-229	821	0.0097418200
354	FT911-13-4434	822	0.0097267919
354	FT911-3-1091	823	0.0097256229
354	FT911-3-1089	824	0.0097234289
354	FT911-4-1159	825	0.0097155199
354	FT911-3-921	826	0.0097132068
354	FT911-3-932	827	0.0097046279
354	FT911-14-5015	828	0.0097027956
354	FT911-3-904	829	0.0096997305
354	FT911-11-3805	830	0.0096991509
354	FT911-3-850	831	0.0096904889
354	FT911-3-878	832	0.0096854480
354	FT911-10-3378	833	0.0096696251
354	FT911-3-985	834	0.0096660524
354	FT911-6-1862	835	0.0096640491
354	FT911-1-225	836	0.0096622648
354	FT911-14-4964	837	0.0096499100
354	FT911-8-2916	838	0.0096446674
354	FT911-13-4570	839	0.0096428263
354	FT911-11-3980	840	0.0096425262
354	FT911-7-2479	841	0.0096218989
354	FT911-14-4861	842	0.0096163607
354	FT911-2-521	843	0.0096142176
354	FT911-7-2358	844	0.0096134231
354	FT911-1-178	845	0.0096118136
354	FT911-14-4782	846	0.0096058132
354	FT911-11-3826	847	0.0096017567
354	FT911-15-5246	848	0.0095989982
354	FT911-14-5027	849	0.0095859896
354	FT911-14-4912	850	0.0095846067
354	FT911-3-1037	851	0.0095726497
354	FT911-1-226	852	0.0095698055
354	FT911-14-4953	853	0.0095651379
354	FT911-1-303	854	0.0095643220
354	FT911-9-2966	855	0.0095606006
354	FT911-2-636	856	0.0095571434
354	FT911-11-3818	857	0.0095531846
354	FT911-2-529	858	0.0095506595
354	FT911-3-1090	859	0.0095450716
354	FT911-10-3567	860	0.0095402580
354	FT911-7-2330	861	0.0095352260
354	FT911-6-2055	862	0.0095272576
354	FT911-1-6	863	0.0095186985
354	FT911-3-990	864	0.0095068112
354	FT911-10-3348	865	0.0094965417
354	FT911-6-2119	866	0.0094798288
354	FT911-9-3174	867	0.0094741464
354	FT911-1-86	868	0.0094730989
354	FT911-3-821	869	0.0094712936
354	FT911-2-714	870	0.0094646523
354	FT911-4-1410	871	0.0094576836
354	FT911-5-1479	872	0.0094437082
354	FT911-2-555	873	0.0094394370
354	FT911-7-2362	874	0.0094371175
354	FT911-12-4321	875	0.0094311711
354	FT911-15-5306	876	0.0094282860
354	FT911-12-4104	877	0.0094277514
354	FT911-4-1344	878	0.0094139272
354	FT911-7-2357	879	0.0094132582
354	FT911-9-3133	880	0.0094131276
354	FT911-15-5259	881	0.0094016987
354	FT911-12-4062	882	0.0093920844
354	FT911-4-1278	883	0.0093878443
354	FT911-12-4092	884	0.0093876677
354	FT911-2-579	885	0.0093852627
354	FT911-3-876	886	0.0093840943
354	FT911-5-1617	887	0.0093817633
354	FT911-9-3155	888	0.0093718077
354	FT911-10-3606	889	0.0093688512
354	FT911-6-2197	890	0.0093687300
354	FT911-13-4605	891	0.0093575331
354	FT911-3-764	892	0.0093506589
354	FT911-9-3207	893	0.0093449758
354	FT911-13-4492	894	0.0093435688
354	FT911-10-3641	895	0.0093365854
354	FT911-2-641	896	0.0093352281
354	FT911-9-3222	897	0.0093288101
354	FT911-10-3634	898	0.0093263272
354	FT911-2-386	899	0.0093257545
354	FT911-9-3251	900	0.0093199971
354	FT911-8-2685	901	0.0093134251
354	FT911-3-723	902	0.0093129769
354	FT911-8-2652	903	0.0093121526
354	FT911-4-1220	904	0.0093076869
354	FT911-9-3111	905	0.0092890638
354	FT911-11-3952	906	0.0092766917
354	FT911-8-2651	907	0.0092741022
354	FT911-10-3450	908	0.0092653650
354	FT911-3-1005	909	0.0092603650
354	FT911-14-5025	910	0.0092546199
354	FT911-13-4593	911	0.0092511943
354	FT911-6-2116	912	0.0092468040
354	FT911-6-2010	913	0.0092436174
354	FT911-14-4963	914	0.0092322004
354	FT911-10-3674	915	0.0092307384
354	FT911-7-2557	916	0.0092283631
354	FT911-14-4878	917	0.0092282630
354	FT911-3-887	918	0.0092174930
354	FT911-2-615	919	0.0092116538
354	FT911-15-5291	920	0.0091826306
354	FT911-2-394	921	0.0091820616
354	FT911-5-1586	922	0.0091775658
354	FT911-6-1992	923	0.0091766941
354	FT911-5-1488	924	0.0091595188
354	FT911-10-3504	925	0.0091592107
354	FT911-3-853	926	0.0091317162
354	FT911-12-4057	927	0.0091230560
354	FT911-7-2549	928	0.0091169960
354	FT911-9-3129	929	0.0091115492
354	FT911-10-3457	930	0.0090948314
354	FT911-9-3025	931	0.0090904049
354	FT911-13-4523	932	0.0090889914
354	FT911-9-3115	933	0.0090853281
354	FT911-1-115	934	0.0090852209
354	FT911-2-627	935	0.0090838064
354	FT911-11-3747	936	0.0090749844
354	FT911-2-510	937	0.0090688503
354	FT911-2-522	938	0.0090603912
354	FT911-6-1965	939	0.0090495138
354	FT911-13-4394	940	0.0090492569
354	FT911-8-2730	941	0.0090435385
354	FT911-11-3742	942	0.0090423361
354	FT911-2-715	943	0.0090393214
354	FT911-9-3024	944	0.0090370535
354	FT911-13-4731	945	0.0090304308
354	FT911-2-504	946	0.0090274105
354	FT911-6-2000	947	0.0090248267
354	FT911-3-922	948	0.0090218218
354	FT911-8-2879	949	0.0090155447
354	FT911-14-4852	950	0.0089993887
354	FT911-13-4507	951	0.0089971039
354	FT911-7-2258	952	0.0089966195
354	FT911-10-3651	953	0.0089852388
354	FT911-12-4193	954	0.0089840075
354	FT911-15-5205	955	0.0089838307
354	FT911-5-1776	956	0.0089713172
354	FT911-3-759	957	0.0089649125
354	FT911-11-3886	958	0.0089616021
354	FT911-11-3986	959	0.0089611435
354	FT911-5-1524	960	0.0089561265
354	FT911-8-2838	961	0.0089484697
354	FT911-3-942	962	0.0089423388
354	FT911-10-3368	963	0.0089413589
354	FT911-14-4768	964	0.0089400207
354	FT911-1-185	965	0.0089343406
354	FT911-12-4143	966	0.0089289683
354	FT911-4-1366	967	0.0089279649
354	FT911-13-4674	968	0.0089258200
354	FT911-15-5263	969	0.0089169709
354	FT911-13-4389	970	0.0089124437
354	FT911-13-4429	971	0.0089104861
354	FT911-12-4058	972	0.0089073470
354	FT911-1-285	973	0.0089049076
354	FT911-7-2346	974	0.0088940354
354	FT911-14-4935	975	0.0088926020
354	FT911-15-5211	976	0.0088827265
354	FT911-15-5339	977	0.0088826668
354	FT911-5-1724	978	0.0088681949
354	FT911-13-4444	979	0.0088582085
354	FT911-3-1020	980	0.0088566167
354	FT911-1-320	981	0.0088472426
354	FT911-13-4384	982	0.0088439895
354	FT911-8-2799	983	0.0088335968
354	FT911-15-5290	984	0.0088325637
354	FT911-6-2038	985	0.0088304647
354	FT911-10-3503	986	0.0088304647
354	FT911-1-165	987	0.0088293068
354	FT911-8-2940	988	0.0088288755
354	FT911-8-2647	989	0.0088285451
354	FT911-6-1941	990	0.0088239390
354	FT911-13-4560	991	0.0088203542
354	FT911-10-3423	992	0.0087892030
354	FT911-4-1331	993	0.0087831961
354	FT911-9-3232	994	0.0087643605
354	FT911-11-3868	995	0.0087465834
354	FT911-6-1879	996	0.0087422652
354	FT911-14-5079	997	0.0087355775
354	FT911-1-67	998	0.0087270961
354	FT911-7-2331	999	0.0087226056
354	FT911-8-2918	1000	0.0087187247
354	FT911-6-2023	1001	0.0087186248
354	FT911-14-4756	1002	0.0087092405
354	FT911-7-2263	1003	0.0087066117
354	FT911-6-1975	1004	0.0087016324
354	FT911-7-2445	1005	0.0087012813
354	FT911-10-3656	1006	0.0086999449
354	FT911-1-263	1007	0.0086984604
354	FT911-1-140	1008	0.0086937626
354	FT911-6-1912	1009	0.0086816689
354	FT911-13-4370	1010	0.0086801356
354	FT911-15-5342	1011	0.0086767019
354	FT911-11-3783	1012	0.0086609188
354	FT911-2-487	1013	0.0086526049
354	FT911-15-5145	1014	0.0086382278
354	FT911-14-4815	1015	0.0086155237
354	FT911-9-3029	1016	0.0086058943
354	FT911-2-471	1017	0.0086046545
354	FT911-11-3834	1018	0.0086000416
354	FT911-8-2650	1019	0.0085980518
354	FT911-5-1620	1020	0.0085917278
354	FT911-7-2266	1021	0.0085916932
354	FT911-6-1908	1022	0.0085901886
354	FT911-3-1010	1023	0.0085893606
354	FT911-7-2461	1024	0.0085889841
354	FT911-4-1170	1025	0.0085819055
354	FT911-3-909	1026	0.0085762105
354	FT911-7-2275	1027	0.0085759953
354	FT911-7-2618	1028	0.0085710641
354	FT911-11-3871	1029	0.0085586690
354	FT911-4-1463	1030	0.0085543923
354	FT911-9-3211	1031	0.0085531410
354	FT911-10-3384	1032	0.0085508806
354	FT911-6-1895	1033	0.0085478343
354	FT911-6-1936	1034	0.0085467916
354	FT911-9-3128	1035	0.0085383998
354	FT911-7-2459	1036	0.0085359711
354	FT911-12-4319	1037	0.0085349210
354	FT911-3-951	1038	0.0085244670
354	FT911-14-5128	1039	0.0085189235
354	FT911-13-4695	1040	0.0085047504
354	FT911-1-122	1041	0.0084984527
354	FT911-4-1244	1042	0.0084875992
354	FT911-10-3659	1043	0.0084831007
354	FT911-8-2731	1044	0.0084592676
354	FT911-2-417	1045	0.0084466857
354	FT911-7-2455	1046	0.0084456101
354	FT911-10-3550	1047	0.0084424917
354	FT911-9-3067	1048	0.0084317398
354	FT911-12-4354	1049	0.0084301281
354	FT911-9-3183	1050	0.0084276672
354	FT911-10-3542	1051	0.0084267416
354	FT911-7-2377	1052	0.0084241501
354	FT911-13-4589	1053	0.0084113565
354	FT911-4-1110	1054	0.0083805527
354	FT911-7-2414	1055	0.0083727389
354	FT911-10-3511	1056	0.0083431954
354	FT911-2-506	1057	0.0083386789
354	FT911-14-4831	1058	0.0083369814
354	FT911-2-439	1059	0.0083309795
354	FT911-2-414	1060	0.0083278904
354	FT911-5-1600	1061	0.0083161566
354	FT911-15-5147	1062	0.0083072543
354	FT911-3-799	1063	0.0082867263
354	FT911-3-881	1064	0.0082559820
354	FT911-12-4287	1065	0.0082555698
354	FT911-9-3284	1066	0.0082508610
354	FT911-11-3714	1067	0.0082442706
354	FT911-14-5061	1068	0.0082346945
354	FT911-12-4313	1069	0.0082320838
354	FT911-3-895	1070	0.0082225665
354	FT911-2-647	1071	0.0082224361
354	FT911-12-4182	1072	0.0082217300
354	FT911-15-5219	1073	0.0082147544
354	FT911-7-2510	1074	0.0082036048
354	FT911-2-632	1075	0.0081910168
354	FT911-15-5207	1076	0.0081801882
354	FT911-3-986	1077	0.0081774349
354	FT911-13-4530	1078	0.0081740607
354	FT911-7-2410	1079	0.0081716854
354	FT911-7-2485	1080	0.0081677849
354	FT911-12-4031	1081	0.0081473371
354	FT911-12-4282	1082	0.0081453815
354	FT911-4-1165	1083	0.0081431518
354	FT911-12-4201	1084	0.0081340790
354	FT911-3-1050	1085	0.0081311476
354	FT911-14-5123	1086	0.0081283334
354	FT911-8-2884	1087	0.0081254320
354	FT911-4-1369	1088	0.0081207278
354	FT911-13-4481	1089	0.0081088082
354	FT911-15-5287	1090	0.0080935855
354	FT911-11-3797	1091	0.0080903262
354	FT911-13-4665	1092	0.0080895641
354	FT911-13-4386	1093	0.0080854504
354	FT911-7-2546	1094	0.0080768923
354	FT911-4-1125	1095	0.0080750941
354	FT911-12-4121	1096	0.0080698389
354	FT911-7-2376	1097	0.0080666994
354	FT911-6-2139	1098	0.0080609359
354	FT911-10-3588	1099	0.0080599087
354	FT911-7-2366	1100	0.0080575044
354	FT911-9-3077	1101	0.0080550999
354	FT911-4-1271	1102	0.0080405993
354	FT911-8-2742	1103	0.0080265811
354	FT911-5-1780	1104	0.0080259638
354	FT911-1-23	1105	0.0080239335
354	FT911-12-4037	1106	0.0080187709
354	FT911-9-3137	1107	0.0080176200
354	FT911-3-747	1108	0.0080151277
354	FT911-11-3725	1109	0.0080093321
354	FT911-9-3187	1110	0.0080074315
354	FT911-2-457	1111	0.0080066837
354	FT911-7-2576	1112	0.0079952522
354	FT911-8-2750	1113	0.0079855492
354	FT911-7-2573	1114	0.0079763357
354	FT911-10-3428	1115	0.0079737575
354	FT911-2-717	1116	0.0079709816
354	FT911-7-2588	1117	0.0079606485
354	FT911-3-798	1118	0.0079554524
354	FT911-7-2616	1119	0.0079547745
354	FT911-4-1112	1120	0.0079504792
354	FT911-13-4522	1121	0.0079457174
354	FT911-13-4722	1122	0.0079452617
354	FT911-13-4529	1123	0.0079369396
354	FT911-1-68	1124	0.0079358797
354	FT911-11-3977	1125	0.0079176954
354	FT911-11-3792	1126	0.0079165715
354	FT911-6-1929	1127	0.0079115313
354	FT911-1-59	1128	0.0079074506
354	FT911-3-941	1129	0.0079065448
354	FT911-3-1021	1130	0.0079002910
354	FT911-14-4996	1131	0.0078976626
354	FT911-12-4056	1132	0.0078931636
354	FT911-10-3473	1133	0.0078925491
354	FT911-11-3788	1134	0.0078923892
354	FT911-8-2648	1135	0.0078894782
354	FT911-9-3179	1136	0.0078823808
354	FT911-5-1782	1137	0.0078772251
354	FT911-5-1622	1138	0.0078640952
354	FT911-1-314	1139	0.0078598535
354	FT911-1-87	1140	0.0078573021
354	FT911-7-2406	1141	0.0078572816
354	FT911-15-5250	1142	0.0078564850
354	FT911-2-684	1143	0.0078506328
354	FT911-13-4427	1144	0.0078094848
354	FT911-13-4740	1145	0.0078063815
354	FT911-3-772	1146	0.0078056474
354	FT911-10-3434	1147	0.0078049631
354	FT911-6-1836	1148	0.0078034413
354	FT911-2-614	1149	0.0077995656
354	FT911-13-4514	1150	0.0077980000
354	FT911-2-459	1151	0.0077971052
354	FT911-4-1364	1152	0.0077962356
354	FT911-6-2181	1153	0.0077914903
354	FT911-5-1578	1154	0.0077825422
354	FT911-3-977	1155	0.0077757559
354	FT911-7-2448	1156	0.0077724154
354	FT911-14-5122	1157	0.0077688947
354	FT911-6-2193	1158	0.0077623972
354	FT911-6-2064	1159	0.0077467954
354	FT911-7-2302	1160	0.0077460725
354	FT911-11-3936	1161	0.0077356725
354	FT911-3-929	1162	0.0077103882
354	FT911-3-1003	1163	0.0077046859
354	FT911-12-4045	1164	0.0077017123
354	FT911-8-2870	1165	0.0076978953
354	FT911-5-1590	1166	0.0076954418
354	FT911-5-1766	1167	0.0076952494
354	FT911-5-1565	1168	0.0076830379
354	FT911-11-3971	1169	0.0076723814
354	FT911-5-1515	1170	0.0076579078
354	FT911-6-2145	1171	0.0076533093
354	FT911-3-1072	1172	0.0076506516
354	FT911-1-29	1173	0.0076403828
354	FT911-1-278	1174	0.0076395085
354	FT911-8-2883	1175	0.0076348196
354	FT911-6-2081	1176	0.0076338149
354	FT911-6-1986	1177	0.0076227391
354	FT911-6-1893	1178	0.0076157367
354	FT911-2-594	1179	0.0076096204
354	FT911-1-36	1180	0.0076047670
354	FT911-12-4109	1181	0.0076017977
354	FT911-10-3555	1182	0.0076000767
354	FT911-7-2562	1183	0.0075959520
354	FT911-2-677	1184	0.0075939609
354	FT911-13-4641	1185	0.0075924290
354	FT911-1-286	1186	0.0075891741
354	FT911-9-3314	1187	0.0075822650
354	FT911-9-3078	1188	0.0075782566
354	FT911-12-4128	1189	0.0075770853
354	FT911-7-2339	1190	0.0075700125
354	FT911-9-3108	1191	0.0075663166
354	FT911-8-2683	1192	0.0075651824
354	FT911-13-4551	1193	0.0075501761
354	FT911-6-2176	1194	0.0075385587
354	FT911-10-3572	1195	0.0075378964
354	FT911-4-1111	1196	0.0075308233
354	FT911-7-2572	1197	0.0075301608
354	FT911-7-2326	1198	0.0075281019
354	FT911-13-4628	1199	0.0075094957
354	FT911-14-4762	1200	0.0075035797
354	FT911-12-4229	1201	0.0074927268
354	FT911-9-3280	1202	0.0074817039
354	FT911-5-1552	1203	0.0074813893
354	FT911-6-2174	1204	0.0074805967
354	FT911-14-4824	1205	0.0074800373
354	FT911-12-4243	1206	0.0074685555
354	FT911-1-136	1207	0.0074670530
354	FT911-2-462	1208	0.0074644339
354	FT911-15-5349	1209	0.0074460782
354	FT911-4-1386	1210	0.0074220021
354	FT911-2-711	1211	0.0074025232
354	FT911-10-3660	1212	0.0074011035
354	FT911-12-4123	1213	0.0073873832
354	FT911-12-4052	1214	0.0073813498
354	FT911-6-1880	1215	0.0073724502
354	FT911-3-886	1216	0.0073512411
354	FT911-13-4654	1217	0.0073415918
354	FT911-2-456	1218	0.0073385834
354	FT911-1-207	1219	0.0073209881
354	FT911-8-2645	1220	0.0073070145
354	FT911-8-2653	1221	0.0072816444
354	FT911-6-1999	1222	0.0072793818
354	FT911-1-138	1223	0.0072581286
354	FT911-4-1418	1224	0.0072551954
354	FT911-11-3827	1225	0.0072284008
354	FT911-8-2923	1226	0.0072241803
354	FT911-1-266	1227	0.0072135990
354	FT911-13-4728	1228	0.0072124250
354	FT911-13-4546	1229	0.0072036170
354	FT911-9-3142	1230	0.0072023122
354	FT911-6-1940	1231	0.0071896849
354	FT911-6-2032	1232	0.0071895622
354	FT911-12-4220	1233	0.0071839352
354	FT911-4-1162	1234	0.0071826535
354	FT911-9-3110	1235	0.0071755259
354	FT911-8-2634	1236	0.0071542410
354	FT911-2-621	1237	0.0071416416
354	FT911-10-3486	1238	0.0071128813
354	FT911-5-1676	1239	0.0070928884
354	FT911-2-656	1240	0.0070666198
354	FT911-4-1211	1241	0.0070588082
354	FT911-1-143	1242	0.0070580071
354	FT911-4-1103	1243	0.0070455087
354	FT911-7-2300	1244	0.0070249125
354	FT911-3-814	1245	0.0070232939
354	FT911-13-4437	1246	0.0070178700
354	FT911-8-2736	1247	0.0070099295
354	FT911-8-2867	1248	0.0069977448
354	FT911-4-1255	1249	0.0069888776
354	FT911-8-2624	1250	0.0069804068
354	FT911-9-3001	1251	0.0069744411
354	FT911-13-4448	1252	0.0069695711
354	FT911-1-332	1253	0.0069559895
354	FT911-6-2074	1254	0.0069537617
354	FT911-13-4385	1255	0.0069517215
354	FT911-9-3279	1256	0.0069474027
354	FT911-7-2332	1257	0.0069352412
354	FT911-10-3543	1258	0.0069346933
354	FT911-5-1700	1259	0.0069346024
354	FT911-11-3795	1260	0.0069335330
354	FT911-10-3530	1261	0.0069277525
354	FT911-10-3433	1262	0.0068858460
354	FT911-4-1102	1263	0.0068807751
354	FT911-13-4618	1264	0.0068772962
354	FT911-4-1167	1265	0.0068768334
354	FT911-9-3161	1266	0.0068716998
354	FT911-7-2487	1267	0.0068690145
354	FT911-6-2201	1268	0.0068656818
354	FT911-12-4068	1269	0.0068579162
354	FT911-7-2374	1270	0.0068512267
354	FT911-6-1875	1271	0.0068254440
354	FT911-11-3841	1272	0.0068185765
354	FT911-13-4647	1273	0.0068086900
354	FT911-1-35	1274	0.0068042496
354	FT911-11-3930	1275	0.0068036502
354	FT911-5-1752	1276	0.0068024858
354	FT911-13-4575	1277	0.0068010631
354	FT911-1-219	1278	0.0068009547
354	FT911-11-3793	1279	0.0067995198
354	FT911-2-706	1280	0.0067886256
354	FT911-1-50	1281	0.0067875074
354	FT911-8-2715	1282	0.0067857342
354	FT911-5-1537	1283	0.0067722512
354	FT911-4-1256	1284	0.0067686920
354	FT911-14-5088	1285	0.0067679816
354	FT911-9-2951	1286	0.0067533521
354	FT911-15-5135	1287	0.0067447228
354	FT911-3-1022	1288	0.0067442479
354	FT911-15-5129	1289	0.0067345174
354	FT911-12-4238	1290	0.0067318244
354	FT911-1-324	1291	0.0067302331
354	FT911-7-2553	1292	0.0067291690
354	FT911-11-3943	1293	0.0067283338
354	FT911-12-4048	1294	0.0067199388
354	FT911-5-1633	1295	0.0066953241
354	FT911-1-350	1296	0.0066933152
354	FT911-8-2926	1297	0.0066896699
354	FT911-8-2854	1298	0.0066847195
354	FT911-9-3076	1299	0.0066832001
354	FT911-2-645	1300	0.0066701968
354	FT911-12-4199	1301	0.0066575021
354	FT911-7-2217	1302	0.0066506003
354	FT911-4-1222	1303	0.0066394323
354	FT911-14-4856	1304	0.0066382290
354	FT911-9-3124	1305	0.0066379604
354	FT911-10-3676	1306	0.0066347134
354	FT911-5-1708	1307	0.0066218269
354	FT911-7-2364	1308	0.0066207368
354	FT911-12-4098	1309	0.0066193871
354	FT911-2-713	1310	0.0066186561
354	FT911-13-4451	1311	0.0066134585
354	FT911-8-2937	1312	0.0066109222
354	FT911-15-5237	1313	0.0066090868
354	FT911-14-5120	1314	0.0066073928
354	FT911-3-738	1315	0.0066015352
354	FT911-11-3848	1316	0.0065959253
354	FT911-2-635	1317	0.0065924915
354	FT911-7-2486	1318	0.0065820722
354	FT911-6-2138	1319	0.0065728851
354	FT911-13-4598	1320	0.0065213796
354	FT911-6-1922	1321	0.0065168136
354	FT911-14-4990	1322	0.0065164222
354	FT911-2-710	1323	0.0065154601
354	FT911-6-1894	1324	0.0065100235
354	FT911-5-1677	1325	0.0064975556
354	FT911-4-1399	1326	0.0064817756
354	FT911-8-2787	1327	0.0064788624
354	FT911-2-624	1328	0.0064776633
354	FT911-11-3816	1329	0.0064772570
354	FT911-7-2343	1330	0.0064727145
354	FT911-7-2432	1331	0.0064722119
354	FT911-6-2136	1332	0.0064644990
354	FT911-8-2744	1333	0.0064523066
354	FT911-6-2113	1334	0.0064386145
354	FT911-5-1652	1335	0.0064210684
354	FT911-13-4566	1336	0.0064108636
354	FT911-6-2079	1337	0.0064101860
354	FT911-3-1062	1338	0.0064037894
354	FT911-4-1341	1339	0.0064013169
354	FT911-8-2684	1340	0.0063962112
354	FT911-10-3563	1341	0.0063939298
354	FT911-7-2396	1342	0.0063918551
354	FT911-1-168	1343	0.0063783435
354	FT911-6-2157	1344	0.0063744478
354	FT911-9-3249	1345	0.0063737428
354	FT911-8-2927	1346	0.0063437512
354	FT911-3-844	1347	0.0063407941
354	FT911-13-4450	1348	0.0063365118
354	FT911-4-1276	1349	0.0063284200
354	FT911-14-5127	1350	0.0063135950
354	FT911-6-1988	1351	0.0063034539
354	FT911-14-4957	1352	0.0062989285
354	FT911-6-2051	1353	0.0062982892
354	FT911-6-2057	1354	0.0062955482
354	FT911-15-5177	1355	0.0062859893
354	FT911-4-1425	1356	0.0062829540
354	FT911-8-2830	1357	0.0062727444
354	FT911-12-4125	1358	0.0062599202
354	FT911-4-1171	1359	0.0062560433
354	FT911-9-3046	1360	0.0062496714
354	FT911-5-1523	1361	0.0062433602
354	FT911-9-3075	1362	0.0062416976
354	FT911-13-4697	1363	0.0062393033
354	FT911-15-5288	1364	0.0062346260
354	FT911-8-2915	1365	0.0062226706
354	FT911-13-4725	1366	0.0062133171
354	FT911-3-732	1367	0.0062077307
354	FT911-2-721	1368	0.0062075089
354	FT911-6-2037	1369	0.0061983915
354	FT911-6-2122	1370	0.0061918932
354	FT911-14-4952	1371	0.0061892740
354	FT911-14-4887	1372	0.0061797913
354	FT911-13-4694	1373	0.0061790361
354	FT911-4-1406	1374	0.0061605337
354	FT911-7-2399	1375	0.0061483928
354	FT911-11-3733	1376	0.0061468405
354	FT911-6-1969	1377	0.0061466596
354	FT911-5-1500	1378	0.0061461145
354	FT911-13-4599	1379	0.0061457434
354	FT911-2-540	1380	0.0061396786
354	FT911-7-2359	1381	0.0061376047
354	FT911-10-3664	1382	0.0061314192
354	FT911-8-2718	1383	0.0061212761
354	FT911-4-1223	1384	0.0061210872
354	FT911-14-4765	1385	0.0061201758
354	FT911-7-2595	1386	0.0061128836
354	FT911-9-3186	1387	0.0061071401
354	FT911-11-3753	1388	0.0061065052
354	FT911-4-1144	1389	0.0060693067
354	FT911-9-2958	1390	0.0060589357
354	FT911-14-5009	1391	0.0060572866
354	FT911-6-2127	1392	0.0060436558
354	FT911-13-4371	1393	0.0060404991
354	FT911-13-4603	1394	0.0060335444
354	FT911-10-3442	1395	0.0060257263
354	FT911-8-2829	1396	0.0060203997
354	FT911-6-1873	1397	0.0060192169
354	FT911-2-686	1398	0.0060127765
354	FT911-13-4744	1399	0.0060016374
354	FT911-1-32	1400	0.0060014049
354	FT911-5-1784	1401	0.0059987605
354	FT911-12-4176	1402	0.0059960868
354	FT911-1-347	1403	0.0059934588
354	FT911-4-1119	1404	0.0059924931
354	FT911-12-4107	1405	0.0059778859
354	FT911-7-2276	1406	0.0059594579
354	FT911-9-3116	1407	0.0059532918
354	FT911-13-4501	1408	0.0059366741
354	FT911-11-3931	1409	0.0059357696
354	FT911-1-141	1410	0.0059314542
354	FT911-6-1919	1411	0.0059309119
354	FT911-6-1977	1412	0.0059274257
354	FT911-3-1019	1413	0.0059238966
354	FT911-13-4737	1414	0.0059175557
354	FT911-3-991	1415	0.0059165961
354	FT911-6-1901	1416	0.0059126531
354	FT911-7-2433	1417	0.0059124674
354	FT911-3-982	1418	0.0059079016
354	FT911-15-5168	1419	0.0059062796
354	FT911-4-1106	1420	0.0058905204
354	FT911-4-1277	1421	0.0058863508
354	FT911-12-4099	1422	0.0058798783
354	FT911-5-1774	1423	0.0058666335
354	FT911-14-4786	1424	0.0058602315
354	FT911-14-5062	1425	0.0058524165
354	FT911-15-5206	1426	0.0058489913
354	FT911-13-4626	1427	0.0058477405
354	FT911-11-3909	1428	0.0058307643
354	FT911-3-780	1429	0.0058296448
354	FT911-5-1670	1430	0.0058256493
354	FT911-6-1915	1431	0.0058228413
354	FT911-4-1299	1432	0.0058192696
354	FT911-4-1204	1433	0.0058159446
354	FT911-14-5000	1434	0.0058085385
354	FT911-6-1861	1435	0.0058040006
354	FT911-12-4303	1436	0.0058022512
354	FT911-12-4290	1437	0.0057966658
354	FT911-2-482	1438	0.0057908506
354	FT911-1-247	1439	0.0057904968
354	FT911-1-248	1440	0.0057825107
354	FT911-13-4462	1441	0.0057815602
354	FT911-13-4440	1442	0.0057560402
354	FT911-1-79	1443	0.0057279759
354	FT911-9-3300	1444	0.0057279451
354	FT911-7-2407	1445	0.0057000096
354	FT911-8-2798	1446	0.0056997821
354	FT911-11-3824	1447	0.0056863768
354	FT911-1-92	1448	0.0056853056
354	FT911-6-2170	1449	0.0056775856
354	FT911-12-4190	1450	0.0056747835
354	FT911-1-81	1451	0.0056650024
354	FT911-4-1209	1452	0.0056585653
354	FT911-7-2451	1453	0.0056565016
354	FT911-11-3924	1454	0.0056524249
354	FT911-5-1522	1455	0.0056453936
354	FT911-2-477	1456	0.0056396831
354	FT911-9-3026	1457	0.0056230593
354	FT911-2-515	1458	0.0056189636
354	FT911-1-96	1459	0.0056174415
354	FT911-8-2832	1460	0.0056131349
354	FT911-13-4404	1461	0.0056046564
354	FT911-14-4877	1462	0.0055994385
354	FT911-12-4239	1463	0.0055898643
354	FT911-7-2371	1464	0.0055873079
354	FT911-3-785	1465	0.0055835526
354	FT911-3-930	1466	0.0055822306
354	FT911-5-1714	1467	0.0055623036
354	FT911-8-2800	1468	0.0055604407
354	FT911-2-474	1469	0.0055520217
354	FT911-9-3031	1470	0.0055392997
354	FT911-8-2745	1471	0.0055357418
354	FT911-2-420	1472	0.0055302564
354	FT911-2-682	1473	0.0055210050
354	FT911-12-4088	1474	0.0055203518
354	FT911-3-1007	1475	0.0055089864
354	FT911-15-5154	1476	0.0055075542
354	FT911-3-1031	1477	0.0055029873
354	FT911-8-2831	1478	0.0054985038
354	FT911-9-3234	1479	0.0054929928
354	FT911-3-963	1480	0.0054924168
354	FT911-5-1767	1481	0.0054915542
354	FT911-9-3237	1482	0.0054894773
354	FT911-2-431	1483	0.0054886091
354	FT911-5-1550	1484	0.0054715919
354	FT911-1-322	1485	0.0054700081
354	FT911-7-2381	1486	0.0054659275
354	FT911-13-4746	1487	0.0054631512
354	FT911-12-4230	1488	0.0054574290
354	FT911-13-4464	1489	0.0054493520
354	FT911-3-838	1490	0.0054487276
354	FT911-1-78	1491	0.0054355099
354	FT911-7-2452	1492	0.0054280454
354	FT911-2-659	1493	0.0054127130
354	FT911-12-4093	1494	0.0054085382
354	FT911-4-1269	1495	0.0054074720
354	FT911-2-402	1496	0.0053779552
354	FT911-9-3299	1497	0.0053754969
354	FT911-11-3794	1498	0.0053705918
354	FT911-9-3175	1499	0.0053705025
354	FT911-13-4683	1500	0.0053638819
354	FT911-14-4934	1501	0.0053575083
354	FT911-9-3302	1502	0.0053566380
354	FT911-13-4520	1503	0.0053555831
354	FT911-6-1904	1504	0.0053539694
354	FT911-8-2893	1505	0.0053468840
354	FT911-14-4946	1506	0.0053459124
354	FT911-9-3134	1507	0.0053443134
354	FT911-15-5331	1508	0.0053432211
354	FT911-14-4863	1509	0.0053414568
354	FT911-14-4975	1510	0.0053268318
354	FT911-3-1024	1511	0.0053190052
354	FT911-3-746	1512	0.0053175995
354	FT911-3-1055	1513	0.0053167585
354	FT911-13-4685	1514	0.0053148585
354	FT911-7-2583	1515	0.0053076752
354	FT911-1-75	1516	0.0053053124
354	FT911-2-507	1517	0.0053005541
354	FT911-4-1298	1518	0.0052877231
354	FT911-3-810	1519	0.0052751651
354	FT911-3-836	1520	0.0052700264
354	FT911-2-568	1521	0.0052699643
354	FT911-4-1275	1522	0.0052681312
354	FT911-2-501	1523	0.0052678313
354	FT911-3-1065	1524	0.0052603110
354	FT911-5-1549	1525	0.0052572236
354	FT911-1-37	1526	0.0052488471
354	FT911-5-1695	1527	0.0052355059
354	FT911-3-787	1528	0.0052290839
354	FT911-11-3940	1529	0.0052278276
354	FT911-7-2389	1530	0.0052219201
354	FT911-4-1239	1531	0.0052164080
354	FT911-15-5272	1532	0.0052021572
354	FT911-14-4830	1533	0.0051856980
354	FT911-7-2320	1534	0.0051850740
354	FT911-8-2621	1535	0.0051605477
354	FT911-11-3922	1536	0.0051597708
354	FT911-12-4105	1537	0.0051568409
354	FT911-13-4629	1538	0.0051566813
354	FT911-4-1135	1539	0.0051565637
354	FT911-6-2204	1540	0.0051498421
354	FT911-5-1674	1541	0.0051278076
354	FT911-4-1289	1542	0.0051171390
354	FT911-7-2249	1543	0.0051133876
354	FT911-10-3340	1544	0.0051036557
354	FT911-4-1282	1545	0.0050965591
354	FT911-10-3487	1546	0.0050927839
354	FT911-6-1832	1547	0.0050918628
354	FT911-15-5152	1548	0.0050912173
354	FT911-6-2049	1549	0.0050786616
354	FT911-11-3723	1550	0.0050757413
354	FT911-13-4569	1551	0.0050744958
354	FT911-3-970	1552	0.0050743476
354	FT911-4-1158	1553	0.0050718815
354	FT911-11-3891	1554	0.0050675367
354	FT911-14-4913	1555	0.0050646804
354	FT911-3-924	1556	0.0050486223
354	FT911-15-5355	1557	0.0050463266
354	FT911-7-2379	1558	0.0050386128
354	FT911-13-4500	1559	0.0050326770
354	FT911-9-3182	1560	0.0050291197
354	FT911-4-1143	1561	0.0050277709
354	FT911-9-3032	1562	0.0050227143
354	FT911-13-4468	1563	0.0050180169
354	FT911-8-2649	1564	0.0050134188
354	FT911-6-2006	1565	0.0050119976
354	FT911-5-1490	1566	0.0050059264
354	FT911-6-1985	1567	0.0049988431
354	FT911-3-750	1568	0.0049800998
354	FT911-12-4172	1569	0.0049798248
354	FT911-11-3860	1570	0.0049664902
354	FT911-10-3386	1571	0.0049620023
354	FT911-7-2463	1572	0.0049619284
354	FT911-6-2208	1573	0.0049523783
354	FT911-4-1200	1574	0.0049511759
354	FT911-15-5142	1575	0.0049490616
354	FT911-9-3033	1576	0.0049351315
354	FT911-8-2809	1577	0.0049324451
354	FT911-14-4854	1578	0.0049302617
354	FT911-9-3092	1579	0.0049211765
354	FT911-14-5086	1580	0.0049175759
354	FT911-7-2278	1581	0.0049132290
354	FT911-3-737	1582	0.0049080219
354	FT911-9-3169	1583	0.0049002440
354	FT911-14-4797	1584	0.0048908825
354	FT911-9-3056	1585	0.0048672755
354	FT911-3-841	1586	0.0048666628
354	FT911-9-3036	1587	0.0048465004
354	FT911-7-2367	1588	0.0048432308
354	FT911-8-2833	1589	0.0048397171
354	FT911-9-3132	1590	0.0048393691
354	FT911-2-661	1591	0.0048298416
354	FT911-10-3458	1592	0.0048297668
354	FT911-5-1585	1593	0.0048296998
354	FT911-10-3464	1594	0.0048287544
354	FT911-1-352	1595	0.0048287032
354	FT911-2-571	1596	0.0048269346
354	FT911-4-1261	1597	0.0048100889
354	FT911-9-3094	1598	0.0048057003
354	FT911-10-3331	1599	0.0048011330
354	FT911-9-3112	1600	0.0047983275
354	FT911-4-1259	1601	0.0047967394
354	FT911-10-3332	1602	0.0047941560
354	FT911-4-1262	1603	0.0047930523
354	FT911-2-387	1604	0.0047927410
354	FT911-13-4469	1605	0.0047874043
354	FT911-15-5368	1606	0.0047773395
354	FT911-8-2702	1607	0.0047772598
354	FT911-13-4684	1608	0.0047738617
354	FT911-4-1407	1609	0.0047524923
354	FT911-8-2723	1610	0.0047486172
354	FT911-11-3899	1611	0.0047450175
354	FT911-6-1949	1612	0.0047390904
354	FT911-3-939	1613	0.0047390132
354	FT911-10-3429	1614	0.0047292258
354	FT911-13-4661	1615	0.0047271857
354	FT911-2-634	1616	0.0047262991
354	FT911-6-1923	1617	0.0047055008
354	FT911-2-430	1618	0.0047042619
354	FT911-13-4519	1619	0.0047040283
354	FT911-3-1066	1620	0.0047023990
354	FT911-14-5115	1621	0.0046989609
354	FT911-9-3035	1622	0.0046986780
354	FT911-8-2726	1623	0.0046971005
354	FT911-12-4170	1624	0.0046848611
354	FT911-7-2591	1625	0.0046779302
354	FT911-3-742	1626	0.0046396925
354	FT911-4-1249	1627	0.0046273665
354	FT911-1-117	1628	0.0046259184
354	FT911-3-848	1629	0.0046100177
354	FT911-1-321	1630	0.0046078315
354	FT911-6-1913	1631	0.0046058326
354	FT911-9-3308	1632	0.0046043809
354	FT911-6-1911	1633	0.0046040810
354	FT911-11-3775	1634	0.0046001073
354	FT911-2-472	1635	0.0045935112
354	FT911-8-2837	1636	0.0045745431
354	FT911-9-3287	1637	0.0045724365
354	FT911-11-3990	1638	0.0045686850
354	FT911-5-1498	1639	0.0045584285
354	FT911-14-5110	1640	0.0045557094
354	FT911-2-428	1641	0.0045525129
354	FT911-3-974	1642	0.0045521723
354	FT911-9-3286	1643	0.0045469804
354	FT911-6-2140	1644	0.0045468166
354	FT911-15-5130	1645	0.0045281800
354	FT911-1-84	1646	0.0045198754
354	FT911-1-89	1647	0.0045070658
354	FT911-4-1266	1648	0.0045013069
354	FT911-4-1113	1649	0.0044974304
354	FT911-1-208	1650	0.0044908689
354	FT911-9-3037	1651	0.0044833788
354	FT911-1-34	1652	0.0044825684
354	FT911-6-1914	1653	0.0044807340
354	FT911-4-1233	1654	0.0044801674
354	FT911-14-4841	1655	0.0044793767
354	FT911-3-959	1656	0.0044744984
354	FT911-1-41	1657	0.0044596038
354	FT911-12-4364	1658	0.0044590512
354	FT911-5-1547	1659	0.0044533746
354	FT911-1-47	1660	0.0044402613
354	FT911-4-1123	1661	0.0044362896
354	FT911-1-7	1662	0.0044245941
354	FT911-5-1692	1663	0.0044208450
354	FT911-8-2771	1664	0.0044139039
354	FT911-7-2311	1665	0.0044102948
354	FT911-6-2184	1666	0.0044098746
354	FT911-15-5136	1667	0.0044077039
354	FT911-4-1370	1668	0.0044056564
354	FT911-12-4108	1669	0.0044050872
354	FT911-11-3716	1670	0.0044021167
354	FT911-3-978	1671	0.0043597088
354	FT911-5-1591	1672	0.0043478257
354	FT911-9-3307	1673	0.0043353824
354	FT911-3-740	1674	0.0043347050
354	FT911-2-712	1675	0.0043343079
354	FT911-6-2165	1676	0.0043293023
354	FT911-11-3724	1677	0.0043275261
354	FT911-1-113	1678	0.0043253003
354	FT911-15-5312	1679	0.0043215793
354	FT911-10-3637	1680	0.0043119944
354	FT911-14-4997	1681	0.0043118254
354	FT911-3-834	1682	0.0043092431
354	FT911-8-2640	1683	0.0042835016
354	FT911-8-2676	1684	0.0042784799
354	FT911-5-1519	1685	0.0042779101
354	FT911-3-984	1686	0.0042662343
354	FT911-9-3297	1687	0.0042628214
354	FT911-13-4470	1688	0.0042525071
354	FT911-4-1388	1689	0.0042486732
354	FT911-12-4059	1690	0.0042402239
354	FT911-3-1017	1691	0.0042383583
354	FT911-13-4564	1692	0.0042307376
354	FT911-5-1821	1693	0.0042301243
354	FT911-3-967	1694	0.0042253868
354	FT911-4-1267	1695	0.0042195997
354	FT911-13-4414	1696	0.0041955763
354	FT911-8-2841	1697	0.0041873892
354	FT911-5-1507	1698	0.0041723288
354	FT911-7-2577	1699	0.0041605699
354	FT911-2-564	1700	0.0041564311
354	FT911-12-4106	1701	0.0041517869
354	FT911-9-3294	1702	0.0041511041
354	FT911-13-4563	1703	0.0041454350
354	FT911-6-2162	1704	0.0041401703
354	FT911-9-3028	1705	0.0041349048
354	FT911-3-1015	1706	0.0041341429
354	FT911-3-973	1707	0.0041295855
354	FT911-12-4278	1708	0.0041249364
354	FT911-5-1551	1709	0.0041247566
354	FT911-1-173	1710	0.0041239697
354	FT911-9-3306	1711	0.0041237522
354	FT911-3-879	1712	0.0041144687
354	FT911-3-976	1713	0.0041125967
354	FT911-10-3470	1714	0.0041044064
354	FT911-7-2565	1715	0.0041038029
354	FT911-10-3644	1716	0.0041036722
354	FT911-6-2066	1717	0.0041021418
354	FT911-4-1413	1718	0.0040873013
354	FT911-11-3888	1719	0.0040838965
354	FT911-15-5203	1720	0.0040832969
354	FT911-6-1989	1721	0.0040779094
354	FT911-3-845	1722	0.0040732705
354	FT911-8-2885	1723	0.0040537669
354	FT911-3-920	1724	0.0040523823
354	FT911-10-3540	1725	0.0040390826
354	FT911-6-2177	1726	0.0040303204
354	FT911-5-1770	1727	0.0040204969
354	FT911-8-2786	1728	0.0040197676
354	FT911-7-2333	1729	0.0040112679
354	FT911-1-316	1730	0.0040108319
354	FT911-15-5144	1731	0.0040089830
354	FT911-3-988	1732	0.0039861832
354	FT911-9-3285	1733	0.0039859848
354	FT911-9-3205	1734	0.0039801976
354	FT911-5-1508	1735	0.0039788895
354	FT911-5-1831	1736	0.0039651398
354	FT911-11-3890	1737	0.0039588444
354	FT911-3-839	1738	0.0039506433
354	FT911-14-5024	1739	0.0039465975
354	FT911-5-1548	1740	0.0039422608
354	FT911-13-4619	1741	0.0039401619
354	FT911-14-4855	1742	0.0039263239
354	FT911-6-2178	1743	0.0039245629
354	FT911-12-4273	1744	0.0039196293
354	FT911-4-1232	1745	0.0039171340
354	FT911-14-4860	1746	0.0039144323
354	FT911-9-2964	1747	0.0039117862
354	FT911-10-3607	1748	0.0038983306
354	FT911-14-5113	1749	0.0038819914
354	FT911-9-3289	1750	0.0038755546
354	FT911-3-966	1751	0.0038599053
354	FT911-5-1545	1752	0.0038563385
354	FT911-7-2568	1753	0.0038477897
354	FT911-3-846	1754	0.0038328659
354	FT911-4-1242	1755	0.0038271614
354	FT911-9-3291	1756	0.0038208639
354	FT911-14-5117	1757	0.0038049079
354	FT911-3-781	1758	0.0038005301
354	FT911-14-5121	1759	0.0037955343
354	FT911-3-835	1760	0.0037937878
354	FT911-10-3658	1761	0.0037919316
354	FT911-1-121	1762	0.0037907404
354	FT911-4-1186	1763	0.0037800005
354	FT911-1-112	1764	0.0037735422
354	FT911-13-4466	1765	0.0037706926
354	FT911-13-4689	1766	0.0037610836
354	FT911-1-127	1767	0.0037558162
354	FT911-4-1412	1768	0.0037470689
354	FT911-13-4508	1769	0.0037353886
354	FT911-6-2180	1770	0.0037171444
354	FT911-14-4936	1771	0.0037123549
354	FT911-13-4518	1772	0.0037089346
354	FT911-6-2190	1773	0.0037074839
354	FT911-12-4047	1774	0.0037004766
354	FT911-15-5138	1775	0.0036851060
354	FT911-4-1257	1776	0.0036842691
354	FT911-1-38	1777	0.0036779939
354	FT911-1-318	1778	0.0036726940
354	FT911-2-565	1779	0.0036660308
354	FT911-4-1238	1780	0.0036559456
354	FT911-7-2569	1781	0.0036439254
354	FT911-1-323	1782	0.0036318972
354	FT911-14-4865	1783	0.0036264826
354	FT911-13-4734	1784	0.0036112505
354	FT911-4-1100	1785	0.0036100537
354	FT911-12-4310	1786	0.0036092998
354	FT911-6-2172	1787	0.0036019872
354	FT911-3-783	1788	0.0035812260
354	FT911-8-2839	1789	0.0035675545
354	FT911-1-76	1790	0.0035665100
354	FT911-2-708	1791	0.0035322067
354	FT911-12-4055	1792	0.0034893822
354	FT911-1-181	1793	0.0034843029
354	FT911-3-918	1794	0.0034815984
354	FT911-9-3295	1795	0.0034789158
354	FT911-14-5109	1796	0.0034771278
354	FT911-7-2334	1797	0.0034653519
354	FT911-15-5141	1798	0.0034616216
354	FT911-9-3281	1799	0.0034553291
354	FT911-6-2179	1800	0.0034251121
354	FT911-14-5111	1801	0.0034241910
354	FT911-9-3135	1802	0.0034178382
354	FT911-2-426	1803	0.0034084510
354	FT911-14-5116	1804	0.0034054324
354	FT911-13-4373	1805	0.0034025664
354	FT911-4-1252	1806	0.0033940924
354	FT911-6-2188	1807	0.0033938997
354	FT911-15-5232	1808	0.0033646380
354	FT911-14-4944	1809	0.0033530617
354	FT911-3-782	1810	0.0033521223
354	FT911-4-1247	1811	0.0033447414
354	FT911-9-3074	1812	0.0033394596
354	FT911-13-4640	1813	0.0033320448
354	FT911-9-3292	1814	0.0033212087
354	FT911-9-3293	1815	0.0033211337
354	FT911-2-612	1816	0.0032981893
354	FT911-14-5030	1817	0.0032952358
354	FT911-3-779	1818	0.0032882582
354	FT911-10-3548	1819	0.0032874395
354	FT911-13-4642	1820	0.0032638187
354	FT911-13-4516	1821	0.0032357752
354	FT911-6-2080	1822	0.0032346694
354	FT911-10-3655	1823	0.0032211787
354	FT911-9-3303	1824	0.0032114417
354	FT911-14-5048	1825	0.0031921572
354	FT911-9-3131	1826	0.0031527304
354	FT911-4-1099	1827	0.0031386504
354	FT911-12-4127	1828	0.0031360880
354	FT911-13-4565	1829	0.0031133772
354	FT911-9-3288	1830	0.0031102978
354	FT911-6-2175	1831	0.0031094668
354	FT911-9-3020	1832	0.0030982436
354	FT911-6-2187	1833	0.0030507564
354	FT911-1-317	1834	0.0030288771
354	FT911-9-3309	1835	0.0030005903
354	FT911-8-2821	1836	0.0029995377
354	FT911-8-2776	1837	0.0029935156
354	FT911-14-4784	1838	0.0029638845
354	FT911-10-3603	1839	0.0029374584
354	FT911-4-1241	1840	0.0029358197
354	FT911-13-4517	1841	0.0029064781
354	FT911-4-1240	1842	0.0029000616
354	FT911-9-3204	1843	0.0028701715
354	FT911-10-3432	1844	0.0028692877
354	FT911-9-3203	1845	0.0028504648
354	FT911-2-427	1846	0.0028433005
354	FT911-14-5028	1847	0.0028051699
354	FT911-1-371	1848	0.0027912851
354	FT911-15-5146	1849	0.0027431816
354	FT911-4-1416	1850	0.0027254935
354	FT911-15-5140	1851	0.0026906164
354	FT911-4-1268	1852	0.0026708508
354	FT911-7-2345	1853	0.0026643531
354	FT911-15-5131	1854	0.0025849922
354	FT911-6-2168	1855	0.0025837224
354	FT911-11-3786	1856	0.0024647257
354	FT911-5-1604	1857	0.0024148252
354	FT911-8-2722	1858	0.0024059884
354	FT911-1-44	1859	0.0022114624
354	FT911-3-722	1860	0.0019989866
354	FT911-3-1063	1861	0.0019549794
354	FT911-4-1109	1862	0.0019442962
354	FT911-1-1	1863	0.0000000000
354	FT911-1-2	1864	0.0000000000
354	FT911-1-3	1865	0.0000000000
354	FT911-1-4	1866	0.0000000000
354	FT911-1-5	1867	0.0000000000
354	FT911-1-8	1868	0.0000000000
354	FT911-1-9	1869	0.0000000000
354	FT911-1-10	1870	0.0000000000
354	FT911-1-11	1871	0.0000000000
354	FT911-1-12	1872	0.0000000000
354	FT911-1-14	1873	0.0000000000
354	FT911-1-15	1874	0.0000000000
354	FT911-1-16	1875	0.0000000000
354	FT911-1-17	1876	0.0000000000
354	FT911-1-18	1877	0.0000000000
354	FT911-1-19	1878	0.0000000000
354	FT911-1-20	1879	0.0000000000
354	FT911-1-21	1880	0.0000000000
354	FT911-1-22	1881	0.0000000000
354	FT911-1-24	1882	0.0000000000
354	FT911-1-25	1883	0.0000000000
354	FT911-1-26	1884	0.0000000000
354	FT911-1-27	1885	0.0000000000
354	FT911-1-28	1886	0.0000000000
354	FT911-1-30	1887	0.0000000000
354	FT911-1-31	1888	0.0000000000
354	FT911-1-33	1889	0.0000000000
354	FT911-1-39	1890	0.0000000000
354	FT911-1-40	1891	0.0000000000
354	FT911-1-43	1892	0.0000000000
354	FT911-1-45	1893	0.0000000000
354	FT911-1-46	1894	0.0000000000
354	FT911-1-51	1895	0.0000000000
354	FT911-1-52	1896	0.0000000000
354	FT911-1-53	1897	0.0000000000
354	FT911-1-54	1898	0.0000000000
354	FT911-1-55	1899	0.0000000000
354	FT911-1-56	1900	0.0000000000
354	FT911-1-57	1901	0.0000000000
354	FT911-1-58	1902	0.0000000000
354	FT911-1-60	1903	0.0000000000
354	FT911-1-61	1904	0.0000000000
354	FT911-1-62	1905	0.0000000000
354	FT911-1-63	1906	0.0000000000
354	FT911-1-64	1907	0.0000000000
354	FT911-1-65	1908	0.0000000000
354	FT911-1-66	1909	0.0000000000
354	FT911-1-69	1910	0.0000000000
354	FT911-1-70	1911	0.0000000000
354	FT911-1-71	1912	0.0000000000
354	FT911-1-72	1913	0.0000000000
354	FT911-1-73	1914	0.0000000000
354	FT911-1-77	1915	0.0000000000
354	FT911-1-83	1916	0.0000000000
354	FT911-1-88	1917	0.0000000000
354	FT911-1-91	1918	0.0000000000
354	FT911-1-93	1919	0.0000000000
354	FT911-1-97	1920	0.0000000000
354	FT911-1-98	1921	0.0000000000
354	FT911-1-99	1922	0.0000000000
354	FT911-1-100	1923	0.0000000000
354	FT911-1-101	1924	0.0000000000
354	FT911-1-102	1925	0.0000000000
354	FT911-1-103	1926	0.0000000000
354	FT911-1-104	1927	0.0000000000
354	FT911-1-105	1928	0.0000000000
354	FT911-1-106	1929	0.0000000000
354	FT911-1-107	1930	0.0000000000
354	FT911-1-108	1931	0.0000000000
354	FT911-1-109	1932	0.0000000000
354	FT911-1-110	1933	0.0000000000
354	FT911-1-111	1934	0.0000000000
354	FT911-1-116	1935	0.0000000000
354	FT911-1-118	1936	0.0000000000
354	FT911-1-119	1937	0.0000000000
354	FT911-1-120	1938	0.0000000000
354	FT911-1-125	1939	0.0000000000
354	FT911-1-129	1940	0.0000000000
354	FT911-1-130	1941	0.0000000000
354	FT911-1-131	1942	0.0000000000
354	FT911-1-132	1943	0.0000000000
354	FT911-1-133	1944	0.0000000000
354	FT911-1-134	1945	0.0000000000
354	FT911-1-135	1946	0.0000000000
354	FT911-1-137	1947	0.0000000000
354	FT911-1-142	1948	0.0000000000
354	FT911-1-144	1949	0.0000000000
354	FT911-1-145	1950	0.0000000000
354	FT911-1-146	1951	0.0000000000
354	FT911-1-147	1952	0.0000000000
354	FT911-1-148	1953	0.0000000000
354	FT911-1-149	1954	0.0000000000
354	FT911-1-150	1955	0.0000000000
354	FT911-1-151	1956	0.0000000000
354	FT911-1-152	1957	0.0000000000
354	FT911-1-153	1958	0.0000000000
354	FT911-1-154	1959	0.0000000000
354	FT911-1-155	1960	0.0000000000
354	FT911-1-156	1961	0.0000000000
354	FT911-1-157	1962	0.0000000000
354	FT911-1-158	1963	0.0000000000
354	FT911-1-159	1964	0.0000000000
354	FT911-1-160	1965	0.0000000000
354	FT911-1-161	1966	0.0000000000
354	FT911-1-163	1967	0.0000000000
354	FT911-1-164	1968	0.0000000000
354	FT911-1-166	1969	0.0000000000
354	FT911-1-167	1970	0.0000000000
354	FT911-1-169	1971	0.0000000000
354	FT911-1-170	1972	0.0000000000
354	FT911-1-171	1973	0.0000000000
354	FT911-1-174	1974	0.0000000000
354	FT911-1-175	1975	0.0000000000
354	FT911-1-176	1976	0.0000000000
354	FT911-1-177	1977	0.0000000000
354	FT911-1-179	1978	0.0000000000
354	FT911-1-180	1979	0.0000000000
354	FT911-1-182	1980	0.0000000000
354	FT911-1-183	1981	0.0000000000
354	FT911-1-184	1982	0.0000000000
354	FT911-1-186	1983	0.0000000000
354	FT911-1-187	1984	0.0000000000
354	FT911-1-189	1985	0.0000000000
354	FT911-1-190	1986	0.0000000000
354	FT911-1-191	1987	0.0000000000
354	FT911-1-193	1988	0.0000000000
354	FT911-1-195	1989	0.0000000000
354	FT911-1-196	1990	0.0000000000
354	FT911-1-197	1991	0.0000000000
354	FT911-1-198	1992	0.0000000000
354	FT911-1-199	1993	0.0000000000
354	FT911-1-200	1994	0.0000000000
354	FT911-1-201	1995	0.0000000000
354	FT911-1-202	1996	0.0000000000
354	FT911-1-203	1997	0.0000000000
354	FT911-1-204	1998	0.0000000000
354	FT911-1-205	1999	0.0000000000
354	FT911-1-206	2000	0.0000000000
354	FT911-1-209	2001	0.0000000000
354	FT911-1-210	2002	0.0000000000
354	FT911-1-211	2003	0.0000000000
354	FT911-1-212	2004	0.0000000000
354	FT911-1-214	2005	0.0000000000
354	FT911-1-216	2006	0.0000000000
354	FT911-1-217	2007	0.0000000000
354	FT911-1-218	2008	0.0000000000
354	FT911-1-220	2009	0.0000000000
354	FT911-1-221	2010	0.0000000000
354	FT911-1-222	2011	0.0000000000
354	FT911-1-223	2012	0.0000000000
354	FT911-1-224	2013	0.0000000000
354	FT911-1-227	2014	0.0000000000
354	FT911-1-228	2015	0.0000000000
354	FT911-1-230	2016	0.0000000000
354	FT911-1-231	2017	0.0000000000
354	FT911-1-232	2018	0.0000000000
354	FT911-1-233	2019	0.0000000000
354	FT911-1-234	2020	0.0000000000
354	FT911-1-235	2021	0.0000000000
354	FT911-1-236	2022	0.0000000000
354	FT911-1-237	2023	0.0000000000
354	FT911-1-238	2024	0.0000000000
354	FT911-1-239	2025	0.0000000000
354	FT911-1-240	2026	0.0000000000
354	FT911-1-241	2027	0.0000000000
354	FT911-1-242	2028	0.0000000000
354	FT911-1-243	2029	0.0000000000
354	FT911-1-245	2030	0.0000000000
354	FT911-1-246	2031	0.0000000000
354	FT911-1-249	2032	0.0000000000
354	FT911-1-250	2033	0.0000000000
354	FT911-1-251	2034	0.0000000000
354	FT911-1-253	2035	0.0000000000
354	FT911-1-255	2036	0.0000000000
354	FT911-1-260	2037	0.0000000000
354	FT911-1-261	2038	0.0000000000
354	FT911-1-262	2039	0.0000000000
354	FT911-1-264	2040	0.0000000000
354	FT911-1-265	2041	0.0000000000
354	FT911-1-267	2042	0.0000000000
354	FT911-1-268	2043	0.0000000000
354	FT911-1-269	2044	0.0000000000
354	FT911-1-270	2045	0.0000000000
354	FT911-1-271	2046	0.0000000000
354	FT911-1-272	2047	0.0000000000
354	FT911-1-273	2048	0.0000000000
354	FT911-1-274	2049	0.0000000000
354	FT911-1-275	2050	0.0000000000
354	FT911-1-276	2051	0.0000000000
354	FT911-1-277	2052	0.0000000000
354	FT911-1-279	2053	0.0000000000
354	FT911-1-280	2054	0.0000000000
354	FT911-1-281	2055	0.0000000000
354	FT911-1-288	2056	0.0000000000
354	FT911-1-289	2057	0.0000000000
354	FT911-1-291	2058	0.0000000000
354	FT911-1-292	2059	0.0000000000
354	FT911-1-293	2060	0.0000000000
354	FT911-1-294	2061	0.0000000000
354	FT911-1-295	2062	0.0000000000
354	FT911-1-296	2063	0.0000000000
354	FT911-1-298	2064	0.0000000000
354	FT911-1-299	2065	0.0000000000
354	FT911-1-300	2066	0.0000000000
354	FT911-1-304	2067	0.0000000000
354	FT911-1-306	2068	0.0000000000
354	FT911-1-307	2069	0.0000000000
354	FT911-1-308	2070	0.0000000000
354	FT911-1-309	2071	0.0000000000
354	FT911-1-310	2072	0.0000000000
354	FT911-1-311	2073	0.0000000000
354	FT911-1-312	2074	0.0000000000
354	FT911-1-313	2075	0.0000000000
354	FT911-1-315	2076	0.0000000000
354	FT911-1-325	2077	0.0000000000
354	FT911-1-326	2078	0.0000000000
354	FT911-1-327	2079	0.0000000000
354	FT911-1-328	2080	0.0000000000
354	FT911-1-329	2081	0.0000000000
354	FT911-1-330	2082	0.0000000000
354	FT911-1-331	2083	0.0000000000
354	FT911-1-333	2084	0.0000000000
354	FT911-1-334	2085	0.0000000000
354	FT911-1-337	2086	0.0000000000
354	FT911-1-340	2087	0.0000000000
354	FT911-1-342	2088	0.0000000000
354	FT911-1-343	2089	0.0000000000
354	FT911-1-344	2090	0.0000000000
354	FT911-1-345	2091	0.0000000000
354	FT911-1-346	2092	0.0000000000
354	FT911-1-348	2093	0.0000000000
354	FT911-1-349	2094	0.0000000000
354	FT911-1-351	2095	0.0000000000
354	FT911-1-353	2096	0.0000000000
354	FT911-1-355	2097	0.0000000000
354	FT911-1-356	2098	0.0000000000
354	FT911-1-357	2099	0.0000000000
354	FT911-1-359	2100	0.0000000000
354	FT911-1-360	2101	0.0000000000
354	FT911-1-361	2102	0.0000000000
354	FT911-1-362	2103	0.0000000000
354	FT911-1-363	2104	0.0000000000
354	FT911-1-364	2105	0.0000000000
354	FT911-1-365	2106	0.0000000000
354	FT911-1-366	2107	0.0000000000
354	FT911-1-367	2108	0.0000000000
354	FT911-1-368	2109	0.0000000000
354	FT911-1-369	2110	0.0000000000
354	FT911-1-370	2111	0.0000000000
354	FT911-1-372	2112	0.0000000000
354	FT911-1-373	2113	0.0000000000
354	FT911-1-374	2114	0.0000000000
354	FT911-1-375	2115	0.0000000000
354	FT911-2-376	2116	0.0000000000
354	FT911-2-377	2117	0.0000000000
354	FT911-2-378	2118	0.0000000000
354	FT911-2-379	2119	0.0000000000
354	FT911-2-380	2120	0.0000000000
354	FT911-2-381	2121	0.0000000000
354	FT911-2-382	2122	0.0000000000
354	FT911-2-383	2123	0.0000000000
354	FT911-2-385	2124	0.0000000000
354	FT911-2-388	2125	0.0000000000
354	FT911-2-389	2126	0.0000000000
354	FT911-2-390	2127	0.0000000000
354	FT911-2-391	2128	0.0000000000
354	FT911-2-392	2129	0.0000000000
354	FT911-2-393	2130	0.0000000000
354	FT911-2-395	2131	0.0000000000
354	FT911-2-396	2132	0.0000000000
354	FT911-2-397	2133	0.0000000000
354	FT911-2-398	2134	0.0000000000
354	FT911-2-399	2135	0.0000000000
354	FT911-2-401	2136	0.0000000000
354	FT911-2-403	2137	0.0000000000
354	FT911-2-404	2138	0.0000000000
354	FT911-2-405	2139	0.0000000000
354	FT911-2-407	2140	0.0000000000
354	FT911-2-408	2141	0.0000000000
354	FT911-2-409	2142	0.0000000000
354	FT911-2-410	2143	0.0000000000
354	FT911-2-411	2144	0.0000000000
354	FT911-2-412	2145	0.0000000000
354	FT911-2-415	2146	0.0000000000
354	FT911-2-416	2147	0.0000000000
354	FT911-2-419	2148	0.0000000000
354	FT911-2-421	2149	0.0000000000
354	FT911-2-422	2150	0.0000000000
354	FT911-2-423	2151	0.0000000000
354	FT911-2-425	2152	0.0000000000
354	FT911-2-429	2153	0.0000000000
354	FT911-2-432	2154	0.0000000000
354	FT911-2-433	2155	0.0000000000
354	FT911-2-434	2156	0.0000000000
354	FT911-2-435	2157	0.0000000000
354	FT911-2-436	2158	0.0000000000
354	FT911-2-437	2159	0.0000000000
354	FT911-2-438	2160	0.0000000000
354	FT911-2-440	2161	0.0000000000
354	FT911-2-441	2162	0.0000000000
354	FT911-2-442	2163	0.0000000000
354	FT911-2-443	2164	0.0000000000
354	FT911-2-444	2165	0.0000000000
354	FT911-2-445	2166	0.0000000000
354	FT911-2-446	2167	0.0000000000
354	FT911-2-447	2168	0.0000000000
354	FT911-2-448	2169	0.0000000000
354	FT911-2-449	2170	0.0000000000
354	FT911-2-450	2171	0.0000000000
354	FT911-2-451	2172	0.0000000000
354	FT911-2-452	2173	0.0000000000
354	FT911-2-453	2174	0.0000000000
354	FT911-2-454	2175	0.0000000000
354	FT911-2-455	2176	0.0000000000
354	FT911-2-458	2177	0.0000000000
354	FT911-2-460	2178	0.0000000000
354	FT911-2-463	2179	0.0000000000
354	FT911-2-464	2180	0.0000000000
354	FT911-2-465	2181	0.0000000000
354	FT911-2-466	2182	0.0000000000
354	FT911-2-467	2183	0.0000000000
354	FT911-2-468	2184	0.0000000000
354	FT911-2-469	2185	0.0000000000
354	FT911-2-470	2186	0.0000000000
354	FT911-2-473	2187	0.0000000000
354	FT911-2-475	2188	0.0000000000
354	FT911-2-476	2189	0.0000000000
354	FT911-2-478	2190	0.0000000000
354	FT911-2-479	2191	0.0000000000
354	FT911-2-480	2192	0.0000000000
354	FT911-2-481	2193	0.0000000000
354	FT911-2-483	2194	0.0000000000
354	FT911-2-484	2195	0.0000000000
354	FT911-2-485	2196	0.0000000000
354	FT911-2-488	2197	0.0000000000
354	FT911-2-489	2198	0.0000000000
354	FT911-2-490	2199	0.0000000000
354	FT911-2-491	2200	0.0000000000
354	FT911-2-492	2201	0.0000000000
354	FT911-2-493	2202	0.0000000000
354	FT911-2-494	2203	0.0000000000
354	FT911-2-495	2204	0.0000000000
354	FT911-2-497	2205	0.0000000000
354	FT911-2-498	2206	0.0000000000
354	FT911-2-499	2207	0.0000000000
354	FT911-2-500	2208	0.0000000000
354	FT911-2-503	2209	0.0000000000
354	FT911-2-511	2210	0.0000000000
354	FT911-2-513	2211	0.0000000000
354	FT911-2-514	2212	0.0000000000
354	FT911-2-516	2213	0.0000000000
354	FT911-2-517	2214	0.0000000000
354	FT911-2-518	2215	0.0000000000
354	FT911-2-519	2216	0.0000000000
354	FT911-2-520	2217	0.0000000000
354	FT911-2-523	2218	0.0000000000
354	FT911-2-524	2219	0.0000000000
354	FT911-2-526	2220	0.0000000000
354	FT911-2-527	2221	0.0000000000
354	FT911-2-528	2222	0.0000000000
354	FT911-2-530	2223	0.0000000000
354	FT911-2-531	2224	0.0000000000
354	FT911-2-532	2225	0.0000000000
354	FT911-2-533	2226	0.0000000000
354	FT911-2-534	2227	0.0000000000
354	FT911-2-537	2228	0.0000000000
354	FT911-2-538	2229	0.0000000000
354	FT911-2-539	2230	0.0000000000
354	FT911-2-542	2231	0.0000000000
354	FT911-2-543	2232	0.0000000000
354	FT911-2-544	2233	0.0000000000
354	FT911-2-546	2234	0.0000000000
354	FT911-2-547	2235	0.0000000000
354	FT911-2-548	2236	0.0000000000
354	FT911-2-549	2237	0.0000000000
354	FT911-2-550	2238	0.0000000000
354	FT911-2-551	2239	0.0000000000
354	FT911-2-552	2240	0.0000000000
354	FT911-2-553	2241	0.0000000000
354	FT911-2-554	2242	0.0000000000
354	FT911-2-556	2243	0.0000000000
354	FT911-2-560	2244	0.0000000000
354	FT911-2-561	2245	0.0000000000
354	FT911-2-562	2246	0.0000000000
354	FT911-2-563	2247	0.0000000000
354	FT911-2-567	2248	0.0000000000
354	FT911-2-572	2249	0.0000000000
354	FT911-2-573	2250	0.0000000000
354	FT911-2-574	2251	0.0000000000
354	FT911-2-575	2252	0.0000000000
354	FT911-2-576	2253	0.0000000000
354	FT911-2-577	2254	0.0000000000
354	FT911-2-578	2255	0.0000000000
354	FT911-2-580	2256	0.0000000000
354	FT911-2-581	2257	0.0000000000
354	FT911-2-582	2258	0.0000000000
354	FT911-2-585	2259	0.0000000000
354	FT911-2-586	2260	0.0000000000
354	FT911-2-587	2261	0.0000000000
354	FT911-2-589	2262	0.0000000000
354	FT911-2-590	2263	0.0000000000
354	FT911-2-593	2264	0.0000000000
354	FT911-2-595	2265	0.0000000000
354	FT911-2-596	2266	0.0000000000
354	FT911-2-597	2267	0.0000000000
354	FT911-2-598	2268	0.0000000000
354	FT911-2-599	2269	0.0000000000
354	FT911-2-600	2270	0.0000000000
354	FT911-2-601	2271	0.0000000000
354	FT911-2-602	2272	0.0000000000
354	FT911-2-603	2273	0.0000000000
354	FT911-2-604	2274	0.0000000000
354	FT911-2-605	2275	0.0000000000
354	FT911-2-606	2276	0.0000000000
354	FT911-2-607	2277	0.0000000000
354	FT911-2-608	2278	0.0000000000
354	FT911-2-609	2279	0.0000000000
354	FT911-2-610	2280	0.0000000000
354	FT911-2-611	2281	0.0000000000
354	FT911-2-613	2282	0.0000000000
354	FT911-2-616	2283	0.0000000000
354	FT911-2-617	2284	0.0000000000
354	FT911-2-618	2285	0.0000000000
354	FT911-2-619	2286	0.0000000000
354	FT911-2-620	2287	0.0000000000
354	FT911-2-625	2288	0.0000000000
354	FT911-2-628	2289	0.0000000000
354	FT911-2-629	2290	0.0000000000
354	FT911-2-630	2291	0.0000000000
354	FT911-2-631	2292	0.0000000000
354	FT911-2-637	2293	0.0000000000
354	FT911-2-638	2294	0.0000000000
354	FT911-2-639	2295	0.0000000000
354	FT911-2-640	2296	0.0000000000
354	FT911-2-649	2297	0.0000000000
354	FT911-2-650	2298	0.0000000000
354	FT911-2-651	2299	0.0000000000
354	FT911-2-652	2300	0.0000000000
354	FT911-2-653	2301	0.0000000000
354	FT911-2-654	2302	0.0000000000
354	FT911-2-655	2303	0.0000000000
354	FT911-2-657	2304	0.0000000000
354	FT911-2-658	2305	0.0000000000
354	FT911-2-660	2306	0.0000000000
354	FT911-2-662	2307	0.0000000000
354	FT911-2-663	2308	0.0000000000
354	FT911-2-664	2309	0.0000000000
354	FT911-2-665	2310	0.0000000000
354	FT911-2-667	2311	0.0000000000
354	FT911-2-668	2312	0.0000000000
354	FT911-2-669	2313	0.0000000000
354	FT911-2-670	2314	0.0000000000
354	FT911-2-671	2315	0.0000000000
354	FT911-2-672	2316	0.0000000000
354	FT911-2-673	2317	0.0000000000
354	FT911-2-674	2318	0.0000000000
354	FT911-2-675	2319	0.0000000000
354	FT911-2-678	2320	0.0000000000
354	FT911-2-679	2321	0.0000000000
354	FT911-2-680	2322	0.0000000000
354	FT911-2-683	2323	0.0000000000
354	FT911-2-685	2324	0.0000000000
354	FT911-2-687	2325	0.0000000000
354	FT911-2-688	2326	0.0000000000
354	FT911-2-690	2327	0.0000000000
354	FT911-2-691	2328	0.0000000000
354	FT911-2-692	2329	0.0000000000
354	FT911-2-693	2330	0.0000000000
354	FT911-2-694	2331	0.0000000000
354	FT911-2-695	2332	0.0000000000
354	FT911-2-696	2333	0.0000000000
354	FT911-2-697	2334	0.0000000000
354	FT911-2-698	2335	0.0000000000
354	FT911-2-700	2336	0.0000000000
354	FT911-2-701	2337	0.0000000000
354	FT911-2-702	2338	0.0000000000
354	FT911-2-703	2339	0.0000000000
354	FT911-2-704	2340	0.0000000000
354	FT911-2-705	2341	0.0000000000
354	FT911-2-709	2342	0.0000000000
354	FT911-2-716	2343	0.0000000000
354	FT911-2-718	2344	0.0000000000
354	FT911-2-719	2345	0.0000000000
354	FT911-2-720	2346	0.0000000000
354	FT911-3-724	2347	0.0000000000
354	FT911-3-726	2348	0.0000000000
354	FT911-3-727	2349	0.0000000000
354	FT911-3-729	2350	0.0000000000
354	FT911-3-730	2351	0.0000000000
354	FT911-3-731	2352	0.0000000000
354	FT911-3-733	2353	0.0000000000
354	FT911-3-734	2354	0.0000000000
354	FT911-3-735	2355	0.0000000000
354	FT911-3-736	2356	0.0000000000
354	FT911-3-739	2357	0.0000000000
354	FT911-3-741	2358	0.0000000000
354	FT911-3-744	2359	0.0000000000
354	FT911-3-745	2360	0.0000000000
354	FT911-3-748	2361	0.0000000000
354	FT911-3-749	2362	0.0000000000
354	FT911-3-751	2363	0.0000000000
354	FT911-3-753	2364	0.0000000000
354	FT911-3-754	2365	0.0000000000
354	FT911-3-755	2366	0.0000000000
354	FT911-3-756	2367	0.0000000000
354	FT911-3-757	2368	0.0000000000
354	FT911-3-758	2369	0.0000000000
354	FT911-3-760	2370	0.0000000000
354	FT911-3-761	2371	0.0000000000
354	FT911-3-762	2372	0.0000000000
354	FT911-3-763	2373	0.0000000000
354	FT911-3-765	2374	0.0000000000
354	FT911-3-766	2375	0.0000000000
354	FT911-3-768	2376	0.0000000000
354	FT911-3-770	2377	0.0000000000
354	FT911-3-771	2378	0.0000000000
354	FT911-3-773	2379	0.0000000000
354	FT911-3-774	2380	0.0000000000
354	FT911-3-775	2381	0.0000000000
354	FT911-3-778	2382	0.0000000000
354	FT911-3-784	2383	0.0000000000
354	FT911-3-786	2384	0.0000000000
354	FT911-3-788	2385	0.0000000000
354	FT911-3-789	2386	0.0000000000
354	FT911-3-790	2387	0.0000000000
354	FT911-3-791	2388	0.0000000000
354	FT911-3-792	2389	0.0000000000
354	FT911-3-793	2390	0.0000000000
354	FT911-3-794	2391	0.0000000000
354	FT911-3-796	2392	0.0000000000
354	FT911-3-797	2393	0.0000000000
354	FT911-3-800	2394	0.0000000000
354	FT911-3-801	2395	0.0000000000
354	FT911-3-802	2396	0.0000000000
354	FT911-3-803	2397	0.0000000000
354	FT911-3-804	2398	0.0000000000
354	FT911-3-805	2399	0.0000000000
354	FT911-3-806	2400	0.0000000000
354	FT911-3-807	2401	0.0000000000
354	FT911-3-808	2402	0.0000000000
354	FT911-3-811	2403	0.0000000000
354	FT911-3-813	2404	0.0000000000
354	FT911-3-815	2405	0.0000000000
354	FT911-3-816	2406	0.0000000000
354	FT911-3-818	2407	0.0000000000
354	FT911-3-819	2408	0.0000000000
354	FT911-3-820	2409	0.0000000000
354	FT911-3-822	2410	0.0000000000
354	FT911-3-823	2411	0.0000000000
354	FT911-3-824	2412	0.0000000000
354	FT911-3-825	2413	0.0000000000
354	FT911-3-826	2414	0.0000000000
354	FT911-3-827	2415	0.0000000000
354	FT911-3-828	2416	0.0000000000
354	FT911-3-830	2417	0.0000000000
354	FT911-3-831	2418	0.0000000000
354	FT911-3-832	2419	0.0000000000
354	FT911-3-837	2420	0.0000000000
354	FT911-3-840	2421	0.0000000000
354	FT911-3-842	2422	0.0000000000
354	FT911-3-843	2423	0.0000000000
354	FT911-3-849	2424	0.0000000000
354	FT911-3-851	2425	0.0000000000
354	FT911-3-852	2426	0.0000000000
354	FT911-3-854	2427	0.0000000000
354	FT911-3-856	2428	0.0000000000
354	FT911-3-857	2429	0.0000000000
354	FT911-3-858	2430	0.0000000000
354	FT911-3-860	2431	0.0000000000
354	FT911-3-861	2432	0.0000000000
354	FT911-3-862	2433	0.0000000000
354	FT911-3-863	2434	0.0000000000
354	FT911-3-864	2435	0.0000000000
354	FT911-3-865	2436	0.0000000000
354	FT911-3-866	2437	0.0000000000
354	FT911-3-867	2438	0.0000000000
354	FT911-3-868	2439	0.0000000000
354	FT911-3-869	2440	0.0000000000
354	FT911-3-870	2441	0.0000000000
354	FT911-3-871	2442	0.0000000000
354	FT911-3-872	2443	0.0000000000
354	FT911-3-873	2444	0.0000000000
354	FT911-3-874	2445	0.0000000000
354	FT911-3-875	2446	0.0000000000
354	FT911-3-877	2447	0.0000000000
354	FT911-3-882	2448	0.0000000000
354	FT911-3-883	2449	0.0000000000
354	FT911-3-884	2450	0.0000000000
354	FT911-3-888	2451	0.0000000000
354	FT911-3-889	2452	0.0000000000
354	FT911-3-890	2453	0.0000000000
354	FT911-3-892	2454	0.0000000000
354	FT911-3-894	2455	0.0000000000
354	FT911-3-896	2456	0.0000000000
354	FT911-3-897	2457	0.0000000000
354	FT911-3-898	2458	0.0000000000
354	FT911-3-899	2459	0.0000000000
354	FT911-3-900	2460	0.0000000000
354	FT911-3-901	2461	0.0000000000
354	FT911-3-902	2462	0.0000000000
354	FT911-3-903	2463	0.0000000000
354	FT911-3-906	2464	0.0000000000
354	FT911-3-907	2465	0.0000000000
354	FT911-3-908	2466	0.0000000000
354	FT911-3-910	2467	0.0000000000
354	FT911-3-911	2468	0.0000000000
354	FT911-3-912	2469	0.0000000000
354	FT911-3-914	2470	0.0000000000
354	FT911-3-915	2471	0.0000000000
354	FT911-3-916	2472	0.0000000000
354	FT911-3-917	2473	0.0000000000
354	FT911-3-919	2474	0.0000000000
354	FT911-3-925	2475	0.0000000000
354	FT911-3-926	2476	0.0000000000
354	FT911-3-927	2477	0.0000000000
354	FT911-3-928	2478	0.0000000000
354	FT911-3-931	2479	0.0000000000
354	FT911-3-933	2480	0.0000000000
354	FT911-3-934	2481	0.0000000000
354	FT911-3-935	2482	0.0000000000
354	FT911-3-936	2483	0.0000000000
354	FT911-3-937	2484	0.0000000000
354	FT911-3-938	2485	0.0000000000
354	FT911-3-943	2486	0.0000000000
354	FT911-3-944	2487	0.0000000000
354	FT911-3-945	2488	0.0000000000
354	FT911-3-946	2489	0.0000000000
354	FT911-3-948	2490	0.0000000000
354	FT911-3-950	2491	0.0000000000
354	FT911-3-952	2492	0.0000000000
354	FT911-3-953	2493	0.0000000000
354	FT911-3-954	2494	0.0000000000
354	FT911-3-955	2495	0.0000000000
354	FT911-3-956	2496	0.0000000000
354	FT911-3-957	2497	0.0000000000
354	FT911-3-958	2498	0.0000000000
354	FT911-3-964	2499	0.0000000000
354	FT911-3-965	2500	0.0000000000
354	FT911-3-968	2501	0.0000000000
354	FT911-3-969	2502	0.0000000000
354	FT911-3-972	2503	0.0000000000
354	FT911-3-975	2504	0.0000000000
354	FT911-3-979	2505	0.0000000000
354	FT911-3-980	2506	0.0000000000
354	FT911-3-981	2507	0.0000000000
354	FT911-3-987	2508	0.0000000000
354	FT911-3-989	2509	0.0000000000
354	FT911-3-993	2510	0.0000000000
354	FT911-3-994	2511	0.0000000000
354	FT911-3-995	2512	0.0000000000
354	FT911-3-996	2513	0.0000000000
354	FT911-3-997	2514	0.0000000000
354	FT911-3-998	2515	0.0000000000
354	FT911-3-999	2516	0.0000000000
354	FT911-3-1002	2517	0.0000000000
354	FT911-3-1006	2518	0.0000000000
354	FT911-3-1008	2519	0.0000000000
354	FT911-3-1009	2520	0.0000000000
354	FT911-3-1011	2521	0.0000000000
354	FT911-3-1012	2522	0.0000000000
354	FT911-3-1013	2523	0.0000000000
354	FT911-3-1014	2524	0.0000000000
354	FT911-3-1016	2525	0.0000000000
354	FT911-3-1018	2526	0.0000000000
354	FT911-3-1023	2527	0.0000000000
354	FT911-3-1025	2528	0.0000000000
354	FT911-3-1026	2529	0.0000000000
354	FT911-3-1027	2530	0.0000000000
354	FT911-3-1028	2531	0.0000000000
354	FT911-3-1029	2532	0.0000000000
354	FT911-3-1030	2533	0.0000000000
354	FT911-3-1033	2534	0.0000000000
354	FT911-3-1034	2535	0.0000000000
354	FT911-3-1035	2536	0.0000000000
354	FT911-3-1038	2537	0.0000000000
354	FT911-3-1039	2538	0.0000000000
354	FT911-3-1041	2539	0.0000000000
354	FT911-3-1042	2540	0.0000000000
354	FT911-3-1043	2541	0.0000000000
354	FT911-3-1044	2542	0.0000000000
354	FT911-3-1045	2543	0.0000000000
354	FT911-3-1046	2544	0.0000000000
354	FT911-3-1047	2545	0.0000000000
354	FT911-3-1048	2546	0.0000000000
354	FT911-3-1049	2547	0.0000000000
354	FT911-3-1051	2548	0.0000000000
354	FT911-3-1052	2549	0.0000000000
354	FT911-3-1054	2550	0.0000000000
354	FT911-3-1057	2551	0.0000000000
354	FT911-3-1059	2552	0.0000000000
354	FT911-3-1060	2553	0.0000000000
354	FT911-3-1061	2554	0.0000000000
354	FT911-3-1064	2555	0.0000000000
354	FT911-3-1068	2556	0.0000000000
354	FT911-3-1069	2557	0.0000000000
354	FT911-3-1071	2558	0.0000000000
354	FT911-3-1073	2559	0.0000000000
354	FT911-3-1074	2560	0.0000000000
354	FT911-3-1075	2561	0.0000000000
354	FT911-3-1076	2562	0.0000000000
354	FT911-3-1077	2563	0.0000000000
354	FT911-3-1078	2564	0.0000000000
354	FT911-3-1079	2565	0.0000000000
354	FT911-3-1080	2566	0.0000000000
354	FT911-3-1081	2567	0.0000000000
354	FT911-3-1082	2568	0.0000000000
354	FT911-3-1083	2569	0.0000000000
354	FT911-3-1084	2570	0.0000000000
354	FT911-3-1085	2571	0.0000000000
354	FT911-3-1086	2572	0.0000000000
354	FT911-3-1087	2573	0.0000000000
354	FT911-3-1088	2574	0.0000000000
354	FT911-3-1093	2575	0.0000000000
354	FT911-4-1101	2576	0.0000000000
354	FT911-4-1104	2577	0.0000000000
354	FT911-4-1107	2578	0.0000000000
354	FT911-4-1108	2579	0.0000000000
354	FT911-4-1115	2580	0.0000000000
354	FT911-4-1116	2581	0.0000000000
354	FT911-4-1117	2582	0.0000000000
354	FT911-4-1120	2583	0.0000000000
354	FT911-4-1124	2584	0.0000000000
354	FT911-4-1126	2585	0.0000000000
354	FT911-4-1127	2586	0.0000000000
354	FT911-4-1128	2587	0.0000000000
354	FT911-4-1130	2588	0.0000000000
354	FT911-4-1132	2589	0.0000000000
354	FT911-4-1133	2590	0.0000000000
354	FT911-4-1134	2591	0.0000000000
354	FT911-4-1138	2592	0.0000000000
354	FT911-4-1140	2593	0.0000000000
354	FT911-4-1141	2594	0.0000000000
354	FT911-4-1145	2595	0.0000000000
354	FT911-4-1149	2596	0.0000000000
354	FT911-4-1150	2597	0.0000000000
354	FT911-4-1151	2598	0.0000000000
354	FT911-4-1152	2599	0.0000000000
354	FT911-4-1153	2600	0.0000000000
354	FT911-4-1154	2601	0.0000000000
354	FT911-4-1155	2602	0.0000000000
354	FT911-4-1156	2603	0.0000000000
354	FT911-4-1157	2604	0.0000000000
354	FT911-4-1161	2605	0.0000000000
354	FT911-4-1163	2606	0.0000000000
354	FT911-4-1166	2607	0.0000000000
354	FT911-4-1168	2608	0.0000000000
354	FT911-4-1169	2609	0.0000000000
354	FT911-4-1172	2610	0.0000000000
354	FT911-4-1173	2611	0.0000000000
354	FT911-4-1174	2612	0.0000000000
354	FT911-4-1175	2613	0.0000000000
354	FT911-4-1176	2614	0.0000000000
354	FT911-4-1177	2615	0.0000000000
354	FT911-4-1178	2616	0.0000000000
354	FT911-4-1179	2617	0.0000000000
354	FT911-4-1180	2618	0.0000000000
354	FT911-4-1181	2619	0.0000000000
354	FT911-4-1182	2620	0.0000000000
354	FT911-4-1183	2621	0.0000000000
354	FT911-4-1184	2622	0.0000000000
354	FT911-4-1185	2623	0.0000000000
354	FT911-4-1188	2624	0.0000000000
354	FT911-4-1189	2625	0.0000000000
354	FT911-4-1190	2626	0.0000000000
354	FT911-4-1191	2627	0.0000000000
354	FT911-4-1192	2628	0.0000000000
354	FT911-4-1193	2629	0.0000000000
354	FT911-4-1194	2630	0.0000000000
354	FT911-4-1195	2631	0.0000000000
354	FT911-4-1196	2632	0.0000000000
354	FT911-4-1197	2633	0.0000000000
354	FT911-4-1198	2634	0.0000000000
354	FT911-4-1199	2635	0.0000000000
354	FT911-4-1203	2636	0.0000000000
354	FT911-4-1205	2637	0.0000000000
354	FT911-4-1206	2638	0.0000000000
354	FT911-4-1207	2639	0.0000000000
354	FT911-4-1208	2640	0.0000000000
354	FT911-4-1210	2641	0.0000000000
354	FT911-4-1213	2642	0.0000000000
354	FT911-4-1214	2643	0.0000000000
354	FT911-4-1215	2644	0.0000000000
354	FT911-4-1216	2645	0.0000000000
354	FT911-4-1218	2646	0.0000000000
354	FT911-4-1219	2647	0.0000000000
354	FT911-4-1221	2648	0.0000000000
354	FT911-4-1224	2649	0.0000000000
354	FT911-4-1225	2650	0.0000000000
354	FT911-4-1226	2651	0.0000000000
354	FT911-4-1227	2652	0.0000000000
354	FT911-4-1228	2653	0.0000000000
354	FT911-4-1229	2654	0.0000000000
354	FT911-4-1230	2655	0.0000000000
354	FT911-4-1231	2656	0.0000000000
354	FT911-4-1235	2657	0.0000000000
354	FT911-4-1236	2658	0.0000000000
354	FT911-4-1237	2659	0.0000000000
354	FT911-4-1243	2660	0.0000000000
354	FT911-4-1245	2661	0.0000000000
354	FT911-4-1246	2662	0.0000000000
354	FT911-4-1251	2663	0.0000000000
354	FT911-4-1253	2664	0.0000000000
354	FT911-4-1254	2665	0.0000000000
354	FT911-4-1258	2666	0.0000000000
354	FT911-4-1264	2667	0.0000000000
354	FT911-4-1270	2668	0.0000000000
354	FT911-4-1272	2669	0.0000000000
354	FT911-4-1273	2670	0.0000000000
354	FT911-4-1274	2671	0.0000000000
354	FT911-4-1279	2672	0.0000000000
354	FT911-4-1280	2673	0.0000000000
354	FT911-4-1281	2674	0.0000000000
354	FT911-4-1284	2675	0.0000000000
354	FT911-4-1285	2676	0.0000000000
354	FT911-4-1286	2677	0.0000000000
354	FT911-4-1287	2678	0.0000000000
354	FT911-4-1288	2679	0.0000000000
354	FT911-4-1290	2680	0.0000000000
354	FT911-4-1292	2681	0.0000000000
354	FT911-4-1294	2682	0.0000000000
354	FT911-4-1297	2683	0.0000000000
354	FT911-4-1300	2684	0.0000000000
354	FT911-4-1301	2685	0.0000000000
354	FT911-4-1302	2686	0.0000000000
354	FT911-4-1303	2687	0.0000000000
354	FT911-4-1305	2688	0.0000000000
354	FT911-4-1306	2689	0.0000000000
354	FT911-4-1307	2690	0.0000000000
354	FT911-4-1308	2691	0.0000000000
354	FT911-4-1309	2692	0.0000000000
354	FT911-4-1310	2693	0.0000000000
354	FT911-4-1311	2694	0.0000000000
354	FT911-4-1312	2695	0.0000000000
354	FT911-4-1313	2696	0.0000000000
354	FT911-4-1314	2697	0.0000000000
354	FT911-4-1315	2698	0.0000000000
354	FT911-4-1316	2699	0.0000000000
354	FT911-4-1317	2700	0.0000000000
354	FT911-4-1319	2701	0.0000000000
354	FT911-4-1321	2702	0.0000000000
354	FT911-4-1322	2703	0.0000000000
354	FT911-4-1323	2704	0.0000000000
354	FT911-4-1324	2705	0.0000000000
354	FT911-4-1325	2706	0.0000000000
354	FT911-4-1326	2707	0.0000000000
354	FT911-4-1327	2708	0.0000000000
354	FT911-4-1332	2709	0.0000000000
354	FT911-4-1333	2710	0.0000000000
354	FT911-4-1334	2711	0.0000000000
354	FT911-4-1335	2712	0.0000000000
354	FT911-4-1336	2713	0.0000000000
354	FT911-4-1338	2714	0.0000000000
354	FT911-4-1339	2715	0.0000000000
354	FT911-4-1343	2716	0.0000000000
354	FT911-4-1345	2717	0.0000000000
354	FT911-4-1346	2718	0.0000000000
354	FT911-4-1347	2719	0.0000000000
354	FT911-4-1348	2720	0.0000000000
354	FT911-4-1349	2721	0.0000000000
354	FT911-4-1350	2722	0.0000000000
354	FT911-4-1351	2723	0.0000000000
354	FT911-4-1352	2724	0.0000000000
354	FT911-4-1353	2725	0.0000000000
354	FT911-4-1354	2726	0.0000000000
354	FT911-4-1355	2727	0.0000000000
354	FT911-4-1356	2728	0.0000000000
354	FT911-4-1357	2729	0.0000000000
354	FT911-4-1358	2730	0.0000000000
354	FT911-4-1359	2731	0.0000000000
354	FT911-4-1360	2732	0.0000000000
354	FT911-4-1361	2733	0.0000000000
354	FT911-4-1363	2734	0.0000000000
354	FT911-4-1365	2735	0.0000000000
354	FT911-4-1367	2736	0.0000000000
354	FT911-4-1368	2737	0.0000000000
354	FT911-4-1371	2738	0.0000000000
354	FT911-4-1372	2739	0.0000000000
354	FT911-4-1373	2740	0.0000000000
354	FT911-4-1374	2741	0.0000000000
354	FT911-4-1375	2742	0.0000000000
354	FT911-4-1376	2743	0.0000000000
354	FT911-4-1377	2744	0.0000000000
354	FT911-4-1378	2745	0.0000000000
354	FT911-4-1379	2746	0.0000000000
354	FT911-4-1380	2747	0.0000000000
354	FT911-4-1381	2748	0.0000000000
354	FT911-4-1382	2749	0.0000000000
354	FT911-4-1383	2750	0.0000000000
354	FT911-4-1384	2751	0.0000000000
354	FT911-4-1385	2752	0.0000000000
354	FT911-4-1387	2753	0.0000000000
354	FT911-4-1389	2754	0.0000000000
354	FT911-4-1390	2755	0.0000000000
354	FT911-4-1391	2756	0.0000000000
354	FT911-4-1392	2757	0.0000000000
354	FT911-4-1393	2758	0.0000000000
354	FT911-4-1394	2759	0.0000000000
354	FT911-4-1395	2760	0.0000000000
354	FT911-4-1396	2761	0.0000000000
354	FT911-4-1397	2762	0.0000000000
354	FT911-4-1398	2763	0.0000000000
354	FT911-4-1400	2764	0.0000000000
354	FT911-4-1401	2765	0.0000000000
354	FT911-4-1402	2766	0.0000000000
354	FT911-4-1403	2767	0.0000000000
354	FT911-4-1404	2768	0.0000000000
354	FT911-4-1405	2769	0.0000000000
354	FT911-4-1409	2770	0.0000000000
354	FT911-4-1411	2771	0.0000000000
354	FT911-4-1414	2772	0.0000000000
354	FT911-4-1415	2773	0.0000000000
354	FT911-4-1417	2774	0.0000000000
354	FT911-4-1420	2775	0.0000000000
354	FT911-4-1421	2776	0.0000000000
354	FT911-4-1422	2777	0.0000000000
354	FT911-4-1423	2778	0.0000000000
354	FT911-4-1424	2779	0.0000000000
354	FT911-4-1426	2780	0.0000000000
354	FT911-4-1427	2781	0.0000000000
354	FT911-4-1428	2782	0.0000000000
354	FT911-4-1429	2783	0.0000000000
354	FT911-4-1431	2784	0.0000000000
354	FT911-4-1432	2785	0.0000000000
354	FT911-4-1433	2786	0.0000000000
354	FT911-4-1435	2787	0.0000000000
354	FT911-4-1436	2788	0.0000000000
354	FT911-4-1437	2789	0.0000000000
354	FT911-4-1438	2790	0.0000000000
354	FT911-4-1439	2791	0.0000000000
354	FT911-4-1440	2792	0.0000000000
354	FT911-4-1441	2793	0.0000000000
354	FT911-4-1442	2794	0.0000000000
354	FT911-4-1443	2795	0.0000000000
354	FT911-4-1444	2796	0.0000000000
354	FT911-4-1445	2797	0.0000000000
354	FT911-4-1446	2798	0.0000000000
354	FT911-4-1447	2799	0.0000000000
354	FT911-4-1448	2800	0.0000000000
354	FT911-4-1449	2801	0.0000000000
354	FT911-4-1450	2802	0.0000000000
354	FT911-4-1453	2803	0.0000000000
354	FT911-4-1454	2804	0.0000000000
354	FT911-4-1455	2805	0.0000000000
354	FT911-4-1456	2806	0.0000000000
354	FT911-4-1458	2807	0.0000000000
354	FT911-4-1459	2808	0.0000000000
354	FT911-4-1461	2809	0.0000000000
354	FT911-4-1462	2810	0.0000000000
354	FT911-4-1464	2811	0.0000000000
354	FT911-4-1466	2812	0.0000000000
354	FT911-4-1467	2813	0.0000000000
354	FT911-4-1468	2814	0.0000000000
354	FT911-4-1469	2815	0.0000000000
354	FT911-4-1470	2816	0.0000000000
354	FT911-4-1471	2817	0.0000000000
354	FT911-4-1472	2818	0.0000000000
354	FT911-4-1473	2819	0.0000000000
354	FT911-4-1474	2820	0.0000000000
354	FT911-4-1475	2821	0.0000000000
354	FT911-4-1476	2822	0.0000000000
354	FT911-4-1477	2823	0.0000000000
354	FT911-4-1478	2824	0.0000000000
354	FT911-5-1481	2825	0.0000000000
354	FT911-5-1482	2826	0.0000000000
354	FT911-5-1483	2827	0.0000000000
354	FT911-5-1484	2828	0.0000000000
354	FT911-5-1485	2829	0.0000000000
354	FT911-5-1486	2830	0.0000000000
354	FT911-5-1489	2831	0.0000000000
354	FT911-5-1491	2832	0.0000000000
354	FT911-5-1492	2833	0.0000000000
354	FT911-5-1493	2834	0.0000000000
354	FT911-5-1496	2835	0.0000000000
354	FT911-5-1497	2836	0.0000000000
354	FT911-5-1499	2837	0.0000000000
354	FT911-5-1501	2838	0.0000000000
354	FT911-5-1502	2839	0.0000000000
354	FT911-5-1503	2840	0.0000000000
354	FT911-5-1504	2841	0.0000000000
354	FT911-5-1505	2842	0.0000000000
354	FT911-5-1506	2843	0.0000000000
354	FT911-5-1509	2844	0.0000000000
354	FT911-5-1510	2845	0.0000000000
354	FT911-5-1512	2846	0.0000000000
354	FT911-5-1513	2847	0.0000000000
354	FT911-5-1514	2848	0.0000000000
354	FT911-5-1516	2849	0.0000000000
354	FT911-5-1517	2850	0.0000000000
354	FT911-5-1518	2851	0.0000000000
354	FT911-5-1521	2852	0.0000000000
354	FT911-5-1525	2853	0.0000000000
354	FT911-5-1526	2854	0.0000000000
354	FT911-5-1527	2855	0.0000000000
354	FT911-5-1528	2856	0.0000000000
354	FT911-5-1529	2857	0.0000000000
354	FT911-5-1530	2858	0.0000000000
354	FT911-5-1532	2859	0.0000000000
354	FT911-5-1533	2860	0.0000000000
354	FT911-5-1534	2861	0.0000000000
354	FT911-5-1535	2862	0.0000000000
354	FT911-5-1536	2863	0.0000000000
354	FT911-5-1539	2864	0.0000000000
354	FT911-5-1540	2865	0.0000000000
354	FT911-5-1541	2866	0.0000000000
354	FT911-5-1542	2867	0.0000000000
354	FT911-5-1543	2868	0.0000000000
354	FT911-5-1544	2869	0.0000000000
354	FT911-5-1546	2870	0.0000000000
354	FT911-5-1553	2871	0.0000000000
354	FT911-5-1554	2872	0.0000000000
354	FT911-5-1555	2873	0.0000000000
354	FT911-5-1557	2874	0.0000000000
354	FT911-5-1558	2875	0.0000000000
354	FT911-5-1559	2876	0.0000000000
354	FT911-5-1560	2877	0.0000000000
354	FT911-5-1561	2878	0.0000000000
354	FT911-5-1562	2879	0.0000000000
354	FT911-5-1563	2880	0.0000000000
354	FT911-5-1564	2881	0.0000000000
354	FT911-5-1566	2882	0.0000000000
354	FT911-5-1567	2883	0.0000000000
354	FT911-5-1568	2884	0.0000000000
354	FT911-5-1569	2885	0.0000000000
354	FT911-5-1570	2886	0.0000000000
354	FT911-5-1571	2887	0.0000000000
354	FT911-5-1573	2888	0.0000000000
354	FT911-5-1574	2889	0.0000000000
354	FT911-5-1575	2890	0.0000000000
354	FT911-5-1576	2891	0.0000000000
354	FT911-5-1579	2892	0.0000000000
354	FT911-5-1580	2893	0.0000000000
354	FT911-5-1581	2894	0.0000000000
354	FT911-5-1582	2895	0.0000000000
354	FT911-5-1584	2896	0.0000000000
354	FT911-5-1587	2897	0.0000000000
354	FT911-5-1588	2898	0.0000000000
354	FT911-5-1589	2899	0.0000000000
354	FT911-5-1594	2900	0.0000000000
354	FT911-5-1595	2901	0.0000000000
354	FT911-5-1596	2902	0.0000000000
354	FT911-5-1597	2903	0.0000000000
354	FT911-5-1598	2904	0.0000000000
354	FT911-5-1599	2905	0.0000000000
354	FT911-5-1601	2906	0.0000000000
354	FT911-5-1602	2907	0.0000000000
354	FT911-5-1605	2908	0.0000000000
354	FT911-5-1607	2909	0.0000000000
354	FT911-5-1608	2910	0.0000000000
354	FT911-5-1609	2911	0.0000000000
354	FT911-5-1610	2912	0.0000000000
354	FT911-5-1612	2913	0.0000000000
354	FT911-5-1613	2914	0.0000000000
354	FT911-5-1615	2915	0.0000000000
354	FT911-5-1616	2916	0.0000000000
354	FT911-5-1618	2917	0.0000000000
354	FT911-5-1619	2918	0.0000000000
354	FT911-5-1623	2919	0.0000000000
354	FT911-5-1625	2920	0.0000000000
354	FT911-5-1626	2921	0.0000000000
354	FT911-5-1627	2922	0.0000000000
354	FT911-5-1628	2923	0.0000000000
354	FT911-5-1629	2924	0.0000000000
354	FT911-5-1630	2925	0.0000000000
354	FT911-5-1631	2926	0.0000000000
354	FT911-5-1632	2927	0.0000000000
354	FT911-5-1634	2928	0.0000000000
354	FT911-5-1636	2929	0.0000000000
354	FT911-5-1637	2930	0.0000000000
354	FT911-5-1638	2931	0.0000000000
354	FT911-5-1639	2932	0.0000000000
354	FT911-5-1640	2933	0.0000000000
354	FT911-5-1641	2934	0.0000000000
354	FT911-5-1642	2935	0.0000000000
354	FT911-5-1643	2936	0.0000000000
354	FT911-5-1645	2937	0.0000000000
354	FT911-5-1646	2938	0.0000000000
354	FT911-5-1647	2939	0.0000000000
354	FT911-5-1648	2940	0.0000000000
354	FT911-5-1650	2941	0.0000000000
354	FT911-5-1651	2942	0.0000000000
354	FT911-5-1653	2943	0.0000000000
354	FT911-5-1654	2944	0.0000000000
354	FT911-5-1656	2945	0.0000000000
354	FT911-5-1657	2946	0.0000000000
354	FT911-5-1663	2947	0.0000000000
354	FT911-5-1664	2948	0.0000000000
354	FT911-5-1665	2949	0.0000000000
354	FT911-5-1666	2950	0.0000000000
354	FT911-5-1667	2951	0.0000000000
354	FT911-5-1668	2952	0.0000000000
354	FT911-5-1669	2953	0.0000000000
354	FT911-5-1671	2954	0.0000000000
354	FT911-5-1673	2955	0.0000000000
354	FT911-5-1680	2956	0.0000000000
354	FT911-5-1684	2957	0.0000000000
354	FT911-5-1686	2958	0.0000000000
354	FT911-5-1688	2959	0.0000000000
354	FT911-5-1689	2960	0.0000000000
354	FT911-5-1690	2961	0.0000000000
354	FT911-5-1691	2962	0.0000000000
354	FT911-5-1693	2963	0.0000000000
354	FT911-5-1696	2964	0.0000000000
354	FT911-5-1697	2965	0.0000000000
354	FT911-5-1698	2966	0.0000000000
354	FT911-5-1699	2967	0.0000000000
354	FT911-5-1701	2968	0.0000000000
354	FT911-5-1702	2969	0.0000000000
354	FT911-5-1703	2970	0.0000000000
354	FT911-5-1704	2971	0.0000000000
354	FT911-5-1705	2972	0.0000000000
354	FT911-5-1709	2973	0.0000000000
354	FT911-5-1710	2974	0.0000000000
354	FT911-5-1711	2975	0.0000000000
354	FT911-5-1713	2976	0.0000000000
354	FT911-5-1715	2977	0.0000000000
354	FT911-5-1716	2978	0.0000000000
354	FT911-5-1717	2979	0.0000000000
354	FT911-5-1718	2980	0.0000000000
354	FT911-5-1719	2981	0.0000000000
354	FT911-5-1720	2982	0.0000000000
354	FT911-5-1721	2983	0.0000000000
354	FT911-5-1722	2984	0.0000000000
354	FT911-5-1725	2985	0.0000000000
354	FT911-5-1726	2986	0.0000000000
354	FT911-5-1727	2987	0.0000000000
354	FT911-5-1729	2988	0.0000000000
354	FT911-5-1731	2989	0.0000000000
354	FT911-5-1732	2990	0.0000000000
354	FT911-5-1733	2991	0.0000000000
354	FT911-5-1734	2992	0.0000000000
354	FT911-5-1736	2993	0.0000000000
354	FT911-5-1737	2994	0.0000000000
354	FT911-5-1738	2995	0.0000000000
354	FT911-5-1739	2996	0.0000000000
354	FT911-5-1740	2997	0.0000000000
354	FT911-5-1741	2998	0.0000000000
354	FT911-5-1742	2999	0.0000000000
354	FT911-5-1743	3000	0.0000000000
354	FT911-5-1744	3001	0.0000000000
354	FT911-5-1745	3002	0.0000000000
354	FT911-5-1746	3003	0.0000000000
354	FT911-5-1748	3004	0.0000000000
354	FT911-5-1749	3005	0.0000000000
354	FT911-5-1753	3006	0.0000000000
354	FT911-5-1754	3007	0.0000000000
354	FT911-5-1755	3008	0.0000000000
354	FT911-5-1756	3009	0.0000000000
354	FT911-5-1757	3010	0.0000000000
354	FT911-5-1759	3011	0.0000000000
354	FT911-5-1760	3012	0.0000000000
354	FT911-5-1761	3013	0.0000000000
354	FT911-5-1762	3014	0.0000000000
354	FT911-5-1763	3015	0.0000000000
354	FT911-5-1764	3016	0.0000000000
354	FT911-5-1765	3017	0.0000000000
354	FT911-5-1768	3018	0.0000000000
354	FT911-5-1769	3019	0.0000000000
354	FT911-5-1771	3020	0.0000000000
354	FT911-5-1775	3021	0.0000000000
354	FT911-5-1778	3022	0.0000000000
354	FT911-5-1779	3023	0.0000000000
354	FT911-5-1783	3024	0.0000000000
354	FT911-5-1785	3025	0.0000000000
354	FT911-5-1786	3026	0.0000000000
354	FT911-5-1787	3027	0.0000000000
354	FT911-5-1788	3028	0.0000000000
354	FT911-5-1789	3029	0.0000000000
354	FT911-5-1790	3030	0.0000000000
354	FT911-5-1791	3031	0.0000000000
354	FT911-5-1792	3032	0.0000000000
354	FT911-5-1793	3033	0.0000000000
354	FT911-5-1794	3034	0.0000000000
354	FT911-5-1795	3035	0.0000000000
354	FT911-5-1796	3036	0.0000000000
354	FT911-5-1797	3037	0.0000000000
354	FT911-5-1798	3038	0.0000000000
354	FT911-5-1799	3039	0.0000000000
354	FT911-5-1800	3040	0.0000000000
354	FT911-5-1801	3041	0.0000000000
354	FT911-5-1802	3042	0.0000000000
354	FT911-5-1804	3043	0.0000000000
354	FT911-5-1805	3044	0.0000000000
354	FT911-5-1806	3045	0.0000000000
354	FT911-5-1807	3046	0.0000000000
354	FT911-5-1808	3047	0.0000000000
354	FT911-5-1809	3048	0.0000000000
354	FT911-5-1810	3049	0.0000000000
354	FT911-5-1811	3050	0.0000000000
354	FT911-5-1812	3051	0.0000000000
354	FT911-5-1813	3052	0.0000000000
354	FT911-5-1815	3053	0.0000000000
354	FT911-5-1816	3054	0.0000000000
354	FT911-5-1817	3055	0.0000000000
354	FT911-5-1819	3056	0.0000000000
354	FT911-5-1820	3057	0.0000000000
354	FT911-5-1822	3058	0.0000000000
354	FT911-5-1823	3059	0.0000000000
354	FT911-5-1824	3060	0.0000000000
354	FT911-5-1825	3061	0.0000000000
354	FT911-5-1826	3062	0.0000000000
354	FT911-5-1827	3063	0.0000000000
354	FT911-5-1829	3064	0.0000000000
354	FT911-5-1830	3065	0.0000000000
354	FT911-6-1835	3066	0.0000000000
354	FT911-6-1837	3067	0.0000000000
354	FT911-6-1838	3068	0.0000000000
354	FT911-6-1842	3069	0.0000000000
354	FT911-6-1843	3070	0.0000000000
354	FT911-6-1844	3071	0.0000000000
354	FT911-6-1846	3072	0.0000000000
354	FT911-6-1847	3073	0.0000000000
354	FT911-6-1850	3074	0.0000000000
354	FT911-6-1851	3075	0.0000000000
354	FT911-6-1852	3076	0.0000000000
354	FT911-6-1854	3077	0.0000000000
354	FT911-6-1855	3078	0.0000000000
354	FT911-6-1856	3079	0.0000000000
354	FT911-6-1857	3080	0.0000000000
354	FT911-6-1859	3081	0.0000000000
354	FT911-6-1860	3082	0.0000000000
354	FT911-6-1863	3083	0.0000000000
354	FT911-6-1864	3084	0.0000000000
354	FT911-6-1865	3085	0.0000000000
354	FT911-6-1866	3086	0.0000000000
354	FT911-6-1867	3087	0.0000000000
354	FT911-6-1868	3088	0.0000000000
354	FT911-6-1869	3089	0.0000000000
354	FT911-6-1870	3090	0.0000000000
354	FT911-6-1871	3091	0.0000000000
354	FT911-6-1872	3092	0.0000000000
354	FT911-6-1874	3093	0.0000000000
354	FT911-6-1876	3094	0.0000000000
354	FT911-6-1877	3095	0.0000000000
354	FT911-6-1881	3096	0.0000000000
354	FT911-6-1882	3097	0.0000000000
354	FT911-6-1883	3098	0.0000000000
354	FT911-6-1884	3099	0.0000000000
354	FT911-6-1885	3100	0.0000000000
354	FT911-6-1886	3101	0.0000000000
354	FT911-6-1887	3102	0.0000000000
354	FT911-6-1888	3103	0.0000000000
354	FT911-6-1889	3104	0.0000000000
354	FT911-6-1890	3105	0.0000000000
354	FT911-6-1891	3106	0.0000000000
354	FT911-6-1892	3107	0.0000000000
354	FT911-6-1896	3108	0.0000000000
354	FT911-6-1897	3109	0.0000000000
354	FT911-6-1903	3110	0.0000000000
354	FT911-6-1906	3111	0.0000000000
354	FT911-6-1909	3112	0.0000000000
354	FT911-6-1910	3113	0.0000000000
354	FT911-6-1917	3114	0.0000000000
354	FT911-6-1918	3115	0.0000000000
354	FT911-6-1921	3116	0.0000000000
354	FT911-6-1924	3117	0.0000000000
354	FT911-6-1925	3118	0.0000000000
354	FT911-6-1926	3119	0.0000000000
354	FT911-6-1927	3120	0.0000000000
354	FT911-6-1932	3121	0.0000000000
354	FT911-6-1933	3122	0.0000000000
354	FT911-6-1934	3123	0.0000000000
354	FT911-6-1935	3124	0.0000000000
354	FT911-6-1937	3125	0.0000000000
354	FT911-6-1938	3126	0.0000000000
354	FT911-6-1943	3127	0.0000000000
354	FT911-6-1944	3128	0.0000000000
354	FT911-6-1947	3129	0.0000000000
354	FT911-6-1950	3130	0.0000000000
354	FT911-6-1951	3131	0.0000000000
354	FT911-6-1952	3132	0.0000000000
354	FT911-6-1953	3133	0.0000000000
354	FT911-6-1954	3134	0.0000000000
354	FT911-6-1955	3135	0.0000000000
354	FT911-6-1956	3136	0.0000000000
354	FT911-6-1957	3137	0.0000000000
354	FT911-6-1958	3138	0.0000000000
354	FT911-6-1959	3139	0.0000000000
354	FT911-6-1960	3140	0.0000000000
354	FT911-6-1961	3141	0.0000000000
354	FT911-6-1964	3142	0.0000000000
354	FT911-6-1966	3143	0.0000000000
354	FT911-6-1967	3144	0.0000000000
354	FT911-6-1968	3145	0.0000000000
354	FT911-6-1970	3146	0.0000000000
354	FT911-6-1971	3147	0.0000000000
354	FT911-6-1972	3148	0.0000000000
354	FT911-6-1973	3149	0.0000000000
354	FT911-6-1974	3150	0.0000000000
354	FT911-6-1976	3151	0.0000000000
354	FT911-6-1978	3152	0.0000000000
354	FT911-6-1979	3153	0.0000000000
354	FT911-6-1982	3154	0.0000000000
354	FT911-6-1983	3155	0.0000000000
354	FT911-6-1984	3156	0.0000000000
354	FT911-6-1987	3157	0.0000000000
354	FT911-6-1990	3158	0.0000000000
354	FT911-6-1991	3159	0.0000000000
354	FT911-6-1993	3160	0.0000000000
354	FT911-6-1994	3161	0.0000000000
354	FT911-6-1995	3162	0.0000000000
354	FT911-6-1996	3163	0.0000000000
354	FT911-6-1997	3164	0.0000000000
354	FT911-6-1998	3165	0.0000000000
354	FT911-6-2003	3166	0.0000000000
354	FT911-6-2004	3167	0.0000000000
354	FT911-6-2005	3168	0.0000000000
354	FT911-6-2007	3169	0.0000000000
354	FT911-6-2008	3170	0.0000000000
354	FT911-6-2009	3171	0.0000000000
354	FT911-6-2011	3172	0.0000000000
354	FT911-6-2012	3173	0.0000000000
354	FT911-6-2013	3174	0.0000000000
354	FT911-6-2014	3175	0.0000000000
354	FT911-6-2016	3176	0.0000000000
354	FT911-6-2018	3177	0.0000000000
354	FT911-6-2019	3178	0.0000000000
354	FT911-6-2020	3179	0.0000000000
354	FT911-6-2021	3180	0.0000000000
354	FT911-6-2022	3181	0.0000000000
354	FT911-6-2024	3182	0.0000000000
354	FT911-6-2025	3183	0.0000000000
354	FT911-6-2026	3184	0.0000000000
354	FT911-6-2027	3185	0.0000000000
354	FT911-6-2028	3186	0.0000000000
354	FT911-6-2029	3187	0.0000000000
354	FT911-6-2030	3188	0.0000000000
354	FT911-6-2033	3189	0.0000000000
354	FT911-6-2034	3190	0.0000000000
354	FT911-6-2035	3191	0.0000000000
354	FT911-6-2036	3192	0.0000000000
354	FT911-6-2040	3193	0.0000000000
354	FT911-6-2041	3194	0.0000000000
354	FT911-6-2042	3195	0.0000000000
354	FT911-6-2044	3196	0.0000000000
354	FT911-6-2045	3197	0.0000000000
354	FT911-6-2046	3198	0.0000000000
354	FT911-6-2047	3199	0.0000000000
354	FT911-6-2048	3200	0.0000000000
354	FT911-6-2050	3201	0.0000000000
354	FT911-6-2052	3202	0.0000000000
354	FT911-6-2053	3203	0.0000000000
354	FT911-6-2060	3204	0.0000000000
354	FT911-6-2061	3205	0.0000000000
354	FT911-6-2062	3206	0.0000000000
354	FT911-6-2068	3207	0.0000000000
354	FT911-6-2069	3208	0.0000000000
354	FT911-6-2070	3209	0.0000000000
354	FT911-6-2071	3210	0.0000000000
354	FT911-6-2076	3211	0.0000000000
354	FT911-6-2077	3212	0.0000000000
354	FT911-6-2078	3213	0.0000000000
354	FT911-6-2082	3214	0.0000000000
354	FT911-6-2084	3215	0.0000000000
354	FT911-6-2085	3216	0.0000000000
354	FT911-6-2088	3217	0.0000000000
354	FT911-6-2089	3218	0.0000000000
354	FT911-6-2090	3219	0.0000000000
354	FT911-6-2091	3220	0.0000000000
354	FT911-6-2092	3221	0.0000000000
354	FT911-6-2093	3222	0.0000000000
354	FT911-6-2094	3223	0.0000000000
354	FT911-6-2095	3224	0.0000000000
354	FT911-6-2096	3225	0.0000000000
354	FT911-6-2097	3226	0.0000000000
354	FT911-6-2098	3227	0.0000000000
354	FT911-6-2099	3228	0.0000000000
354	FT911-6-2100	3229	0.0000000000
354	FT911-6-2102	3230	0.0000000000
354	FT911-6-2103	3231	0.0000000000
354	FT911-6-2104	3232	0.0000000000
354	FT911-6-2105	3233	0.0000000000
354	FT911-6-2106	3234	0.0000000000
354	FT911-6-2107	3235	0.0000000000
354	FT911-6-2108	3236	0.0000000000
354	FT911-6-2109	3237	0.0000000000
354	FT911-6-2111	3238	0.0000000000
354	FT911-6-2114	3239	0.0000000000
354	FT911-6-2117	3240	0.0000000000
354	FT911-6-2118	3241	0.0000000000
354	FT911-6-2120	3242	0.0000000000
354	FT911-6-2121	3243	0.0000000000
354	FT911-6-2124	3244	0.0000000000
354	FT911-6-2125	3245	0.0000000000
354	FT911-6-2128	3246	0.0000000000
354	FT911-6-2129	3247	0.0000000000
354	FT911-6-2130	3248	0.0000000000
354	FT911-6-2131	3249	0.0000000000
354	FT911-6-2132	3250	0.0000000000
354	FT911-6-2133	3251	0.0000000000
354	FT911-6-2134	3252	0.0000000000
354	FT911-6-2141	3253	0.0000000000
354	FT911-6-2142	3254	0.0000000000
354	FT911-6-2143	3255	0.0000000000
354	FT911-6-2146	3256	0.0000000000
354	FT911-6-2147	3257	0.0000000000
354	FT911-6-2148	3258	0.0000000000
354	FT911-6-2149	3259	0.0000000000
354	FT911-6-2150	3260	0.0000000000
354	FT911-6-2151	3261	0.0000000000
354	FT911-6-2152	3262	0.0000000000
354	FT911-6-2153	3263	0.0000000000
354	FT911-6-2154	3264	0.0000000000
354	FT911-6-2156	3265	0.0000000000
354	FT911-6-2160	3266	0.0000000000
354	FT911-6-2161	3267	0.0000000000
354	FT911-6-2163	3268	0.0000000000
354	FT911-6-2164	3269	0.0000000000
354	FT911-6-2167	3270	0.0000000000
354	FT911-6-2169	3271	0.0000000000
354	FT911-6-2171	3272	0.0000000000
354	FT911-6-2173	3273	0.0000000000
354	FT911-6-2182	3274	0.0000000000
354	FT911-6-2183	3275	0.0000000000
354	FT911-6-2185	3276	0.0000000000
354	FT911-6-2186	3277	0.0000000000
354	FT911-6-2191	3278	0.0000000000
354	FT911-6-2192	3279	0.0000000000
354	FT911-6-2196	3280	0.0000000000
354	FT911-6-2198	3281	0.0000000000
354	FT911-6-2199	3282	0.0000000000
354	FT911-6-2200	3283	0.0000000000
354	FT911-6-2203	3284	0.0000000000
354	FT911-6-2206	3285	0.0000000000
354	FT911-6-2207	3286	0.0000000000
354	FT911-6-2209	3287	0.0000000000
354	FT911-6-2211	3288	0.0000000000
354	FT911-7-2212	3289	0.0000000000
354	FT911-7-2213	3290	0.0000000000
354	FT911-7-2215	3291	0.0000000000
354	FT911-7-2218	3292	0.0000000000
354	FT911-7-2219	3293	0.0000000000
354	FT911-7-2220	3294	0.0000000000
354	FT911-7-2221	3295	0.0000000000
354	FT911-7-2224	3296	0.0000000000
354	FT911-7-2225	3297	0.0000000000
354	FT911-7-2228	3298	0.0000000000
354	FT911-7-2229	3299	0.0000000000
354	FT911-7-2230	3300	0.0000000000
354	FT911-7-2231	3301	0.0000000000
354	FT911-7-2232	3302	0.0000000000
354	FT911-7-2233	3303	0.0000000000
354	FT911-7-2234	3304	0.0000000000
354	FT911-7-2235	3305	0.0000000000
354	FT911-7-2237	3306	0.0000000000
354	FT911-7-2239	3307	0.0000000000
354	FT911-7-2241	3308	0.0000000000
354	FT911-7-2242	3309	0.0000000000
354	FT911-7-2243	3310	0.0000000000
354	FT911-7-2244	3311	0.0000000000
354	FT911-7-2245	3312	0.0000000000
354	FT911-7-2247	3313	0.0000000000
354	FT911-7-2251	3314	0.0000000000
354	FT911-7-2252	3315	0.0000000000
354	FT911-7-2253	3316	0.0000000000
354	FT911-7-2254	3317	0.0000000000
354	FT911-7-2255	3318	0.0000000000
354	FT911-7-2256	3319	0.0000000000
354	FT911-7-2259	3320	0.0000000000
354	FT911-7-2260	3321	0.0000000000
354	FT911-7-2261	3322	0.0000000000
354	FT911-7-2262	3323	0.0000000000
354	FT911-7-2264	3324	0.0000000000
354	FT911-7-2265	3325	0.0000000000
354	FT911-7-2268	3326	0.0000000000
354	FT911-7-2271	3327	0.0000000000
354	FT911-7-2272	3328	0.0000000000
354	FT911-7-2273	3329	0.0000000000
354	FT911-7-2280	3330	0.0000000000
354	FT911-7-2281	3331	0.0000000000
354	FT911-7-2282	3332	0.0000000000
354	FT911-7-2283	3333	0.0000000000
354	FT911-7-2284	3334	0.0000000000
354	FT911-7-2285	3335	0.0000000000
354	FT911-7-2286	3336	0.0000000000
354	FT911-7-2287	3337	0.0000000000
354	FT911-7-2288	3338	0.0000000000
354	FT911-7-2289	3339	0.0000000000
354	FT911-7-2290	3340	0.0000000000
354	FT911-7-2291	3341	0.0000000000
354	FT911-7-2292	3342	0.0000000000
354	FT911-7-2293	3343	0.0000000000
354	FT911-7-2294	3344	0.0000000000
354	FT911-7-2295	3345	0.0000000000
354	FT911-7-2296	3346	0.0000000000
354	FT911-7-2297	3347	0.0000000000
354	FT911-7-2298	3348	0.0000000000
354	FT911-7-2304	3349	0.0000000000
354	FT911-7-2305	3350	0.0000000000
354	FT911-7-2306	3351	0.0000000000
354	FT911-7-2307	3352	0.0000000000
354	FT911-7-2308	3353	0.0000000000
354	FT911-7-2309	3354	0.0000000000
354	FT911-7-2310	3355	0.0000000000
354	FT911-7-2312	3356	0.0000000000
354	FT911-7-2313	3357	0.0000000000
354	FT911-7-2314	3358	0.0000000000
354	FT911-7-2316	3359	0.0000000000
354	FT911-7-2317	3360	0.0000000000
354	FT911-7-2318	3361	0.0000000000
354	FT911-7-2319	3362	0.0000000000
354	FT911-7-2321	3363	0.0000000000
354	FT911-7-2322	3364	0.0000000000
354	FT911-7-2323	3365	0.0000000000
354	FT911-7-2324	3366	0.0000000000
354	FT911-7-2325	3367	0.0000000000
354	FT911-7-2327	3368	0.0000000000
354	FT911-7-2328	3369	0.0000000000
354	FT911-7-2336	3370	0.0000000000
354	FT911-7-2337	3371	0.0000000000
354	FT911-7-2338	3372	0.0000000000
354	FT911-7-2340	3373	0.0000000000
354	FT911-7-2341	3374	0.0000000000
354	FT911-7-2342	3375	0.0000000000
354	FT911-7-2344	3376	0.0000000000
354	FT911-7-2347	3377	0.0000000000
354	FT911-7-2349	3378	0.0000000000
354	FT911-7-2351	3379	0.0000000000
354	FT911-7-2352	3380	0.0000000000
354	FT911-7-2353	3381	0.0000000000
354	FT911-7-2354	3382	0.0000000000
354	FT911-7-2356	3383	0.0000000000
354	FT911-7-2360	3384	0.0000000000
354	FT911-7-2361	3385	0.0000000000
354	FT911-7-2365	3386	0.0000000000
354	FT911-7-2368	3387	0.0000000000
354	FT911-7-2369	3388	0.0000000000
354	FT911-7-2370	3389	0.0000000000
354	FT911-7-2372	3390	0.0000000000
354	FT911-7-2373	3391	0.0000000000
354	FT911-7-2375	3392	0.0000000000
354	FT911-7-2380	3393	0.0000000000
354	FT911-7-2382	3394	0.0000000000
354	FT911-7-2383	3395	0.0000000000
354	FT911-7-2385	3396	0.0000000000
354	FT911-7-2386	3397	0.0000000000
354	FT911-7-2387	3398	0.0000000000
354	FT911-7-2388	3399	0.0000000000
354	FT911-7-2390	3400	0.0000000000
354	FT911-7-2391	3401	0.0000000000
354	FT911-7-2393	3402	0.0000000000
354	FT911-7-2394	3403	0.0000000000
354	FT911-7-2395	3404	0.0000000000
354	FT911-7-2398	3405	0.0000000000
354	FT911-7-2400	3406	0.0000000000
354	FT911-7-2401	3407	0.0000000000
354	FT911-7-2404	3408	0.0000000000
354	FT911-7-2405	3409	0.0000000000
354	FT911-7-2409	3410	0.0000000000
354	FT911-7-2411	3411	0.0000000000
354	FT911-7-2413	3412	0.0000000000
354	FT911-7-2415	3413	0.0000000000
354	FT911-7-2418	3414	0.0000000000
354	FT911-7-2419	3415	0.0000000000
354	FT911-7-2420	3416	0.0000000000
354	FT911-7-2423	3417	0.0000000000
354	FT911-7-2424	3418	0.0000000000
354	FT911-7-2425	3419	0.0000000000
354	FT911-7-2426	3420	0.0000000000
354	FT911-7-2427	3421	0.0000000000
354	FT911-7-2428	3422	0.0000000000
354	FT911-7-2429	3423	0.0000000000
354	FT911-7-2430	3424	0.0000000000
354	FT911-7-2431	3425	0.0000000000
354	FT911-7-2434	3426	0.0000000000
354	FT911-7-2435	3427	0.0000000000
354	FT911-7-2436	3428	0.0000000000
354	FT911-7-2437	3429	0.0000000000
354	FT911-7-2438	3430	0.0000000000
354	FT911-7-2439	3431	0.0000000000
354	FT911-7-2440	3432	0.0000000000
354	FT911-7-2442	3433	0.0000000000
354	FT911-7-2443	3434	0.0000000000
354	FT911-7-2444	3435	0.0000000000
354	FT911-7-2446	3436	0.0000000000
354	FT911-7-2449	3437	0.0000000000
354	FT911-7-2453	3438	0.0000000000
354	FT911-7-2454	3439	0.0000000000
354	FT911-7-2456	3440	0.0000000000
354	FT911-7-2458	3441	0.0000000000
354	FT911-7-2464	3442	0.0000000000
354	FT911-7-2465	3443	0.0000000000
354	FT911-7-2466	3444	0.0000000000
354	FT911-7-2467	3445	0.0000000000
354	FT911-7-2468	3446	0.0000000000
354	FT911-7-2469	3447	0.0000000000
354	FT911-7-2470	3448	0.0000000000
354	FT911-7-2471	3449	0.0000000000
354	FT911-7-2472	3450	0.0000000000
354	FT911-7-2476	3451	0.0000000000
354	FT911-7-2477	3452	0.0000000000
354	FT911-7-2480	3453	0.0000000000
354	FT911-7-2482	3454	0.0000000000
354	FT911-7-2483	3455	0.0000000000
354	FT911-7-2484	3456	0.0000000000
354	FT911-7-2488	3457	0.0000000000
354	FT911-7-2489	3458	0.0000000000
354	FT911-7-2490	3459	0.0000000000
354	FT911-7-2491	3460	0.0000000000
354	FT911-7-2492	3461	0.0000000000
354	FT911-7-2493	3462	0.0000000000
354	FT911-7-2494	3463	0.0000000000
354	FT911-7-2495	3464	0.0000000000
354	FT911-7-2496	3465	0.0000000000
354	FT911-7-2497	3466	0.0000000000
354	FT911-7-2498	3467	0.0000000000
354	FT911-7-2499	3468	0.0000000000
354	FT911-7-2500	3469	0.0000000000
354	FT911-7-2501	3470	0.0000000000
354	FT911-7-2502	3471	0.0000000000
354	FT911-7-2503	3472	0.0000000000
354	FT911-7-2504	3473	0.0000000000
354	FT911-7-2505	3474	0.0000000000
354	FT911-7-2506	3475	0.0000000000
354	FT911-7-2507	3476	0.0000000000
354	FT911-7-2508	3477	0.0000000000
354	FT911-7-2509	3478	0.0000000000
354	FT911-7-2511	3479	0.0000000000
354	FT911-7-2512	3480	0.0000000000
354	FT911-7-2513	3481	0.0000000000
354	FT911-7-2514	3482	0.0000000000
354	FT911-7-2515	3483	0.0000000000
354	FT911-7-2516	3484	0.0000000000
354	FT911-7-2517	3485	0.0000000000
354	FT911-7-2518	3486	0.0000000000
354	FT911-7-2519	3487	0.0000000000
354	FT911-7-2520	3488	0.0000000000
354	FT911-7-2521	3489	0.0000000000
354	FT911-7-2522	3490	0.0000000000
354	FT911-7-2523	3491	0.0000000000
354	FT911-7-2524	3492	0.0000000000
354	FT911-7-2525	3493	0.0000000000
354	FT911-7-2526	3494	0.0000000000
354	FT911-7-2527	3495	0.0000000000
354	FT911-7-2528	3496	0.0000000000
354	FT911-7-2529	3497	0.0000000000
354	FT911-7-2530	3498	0.0000000000
354	FT911-7-2531	3499	0.0000000000
354	FT911-7-2532	3500	0.0000000000
354	FT911-7-2533	3501	0.0000000000
354	FT911-7-2534	3502	0.0000000000
354	FT911-7-2535	3503	0.0000000000
354	FT911-7-2536	3504	0.0000000000
354	FT911-7-2538	3505	0.0000000000
354	FT911-7-2539	3506	0.0000000000
354	FT911-7-2540	3507	0.0000000000
354	FT911-7-2541	3508	0.0000000000
354	FT911-7-2542	3509	0.0000000000
354	FT911-7-2543	3510	0.0000000000
354	FT911-7-2544	3511	0.0000000000
354	FT911-7-2547	3512	0.0000000000
354	FT911-7-2548	3513	0.0000000000
354	FT911-7-2550	3514	0.0000000000
354	FT911-7-2551	3515	0.0000000000
354	FT911-7-2552	3516	0.0000000000
354	FT911-7-2555	3517	0.0000000000
354	FT911-7-2556	3518	0.0000000000
354	FT911-7-2558	3519	0.0000000000
354	FT911-7-2559	3520	0.0000000000
354	FT911-7-2560	3521	0.0000000000
354	FT911-7-2561	3522	0.0000000000
354	FT911-7-2566	3523	0.0000000000
354	FT911-7-2574	3524	0.0000000000
354	FT911-7-2578	3525	0.0000000000
354	FT911-7-2579	3526	0.0000000000
354	FT911-7-2580	3527	0.0000000000
354	FT911-7-2581	3528	0.0000000000
354	FT911-7-2582	3529	0.0000000000
354	FT911-7-2585	3530	0.0000000000
354	FT911-7-2586	3531	0.0000000000
354	FT911-7-2587	3532	0.0000000000
354	FT911-7-2589	3533	0.0000000000
354	FT911-7-2590	3534	0.0000000000
354	FT911-7-2593	3535	0.0000000000
354	FT911-7-2594	3536	0.0000000000
354	FT911-7-2596	3537	0.0000000000
354	FT911-7-2597	3538	0.0000000000
354	FT911-7-2598	3539	0.0000000000
354	FT911-7-2600	3540	0.0000000000
354	FT911-7-2601	3541	0.0000000000
354	FT911-7-2602	3542	0.0000000000
354	FT911-7-2603	3543	0.0000000000
354	FT911-7-2604	3544	0.0000000000
354	FT911-7-2605	3545	0.0000000000
354	FT911-7-2606	3546	0.0000000000
354	FT911-7-2607	3547	0.0000000000
354	FT911-7-2608	3548	0.0000000000
354	FT911-7-2609	3549	0.0000000000
354	FT911-7-2610	3550	0.0000000000
354	FT911-7-2611	3551	0.0000000000
354	FT911-7-2612	3552	0.0000000000
354	FT911-7-2613	3553	0.0000000000
354	FT911-7-2614	3554	0.0000000000
354	FT911-7-2615	3555	0.0000000000
354	FT911-7-2619	3556	0.0000000000
354	FT911-7-2620	3557	0.0000000000
354	FT911-8-2623	3558	0.0000000000
354	FT911-8-2625	3559	0.0000000000
354	FT911-8-2626	3560	0.0000000000
354	FT911-8-2627	3561	0.0000000000
354	FT911-8-2628	3562	0.0000000000
354	FT911-8-2629	3563	0.0000000000
354	FT911-8-2631	3564	0.0000000000
354	FT911-8-2632	3565	0.0000000000
354	FT911-8-2633	3566	0.0000000000
354	FT911-8-2635	3567	0.0000000000
354	FT911-8-2636	3568	0.0000000000
354	FT911-8-2637	3569	0.0000000000
354	FT911-8-2638	3570	0.0000000000
354	FT911-8-2639	3571	0.0000000000
354	FT911-8-2641	3572	0.0000000000
354	FT911-8-2642	3573	0.0000000000
354	FT911-8-2646	3574	0.0000000000
354	FT911-8-2655	3575	0.0000000000
354	FT911-8-2656	3576	0.0000000000
354	FT911-8-2657	3577	0.0000000000
354	FT911-8-2658	3578	0.0000000000
354	FT911-8-2659	3579	0.0000000000
354	FT911-8-2660	3580	0.0000000000
354	FT911-8-2661	3581	0.0000000000
354	FT911-8-2662	3582	0.0000000000
354	FT911-8-2663	3583	0.0000000000
354	FT911-8-2665	3584	0.0000000000
354	FT911-8-2666	3585	0.0000000000
354	FT911-8-2667	3586	0.0000000000
354	FT911-8-2668	3587	0.0000000000
354	FT911-8-2669	3588	0.0000000000
354	FT911-8-2670	3589	0.0000000000
354	FT911-8-2671	3590	0.0000000000
354	FT911-8-2672	3591	0.0000000000
354	FT911-8-2673	3592	0.0000000000
354	FT911-8-2674	3593	0.0000000000
354	FT911-8-2675	3594	0.0000000000
354	FT911-8-2677	3595	0.0000000000
354	FT911-8-2678	3596	0.0000000000
354	FT911-8-2679	3597	0.0000000000
354	FT911-8-2680	3598	0.0000000000
354	FT911-8-2682	3599	0.0000000000
354	FT911-8-2686	3600	0.0000000000
354	FT911-8-2688	3601	0.0000000000
354	FT911-8-2690	3602	0.0000000000
354	FT911-8-2691	3603	0.0000000000
354	FT911-8-2692	3604	0.0000000000
354	FT911-8-2693	3605	0.0000000000
354	FT911-8-2694	3606	0.0000000000
354	FT911-8-2695	3607	0.0000000000
354	FT911-8-2696	3608	0.0000000000
354	FT911-8-2697	3609	0.0000000000
354	FT911-8-2698	3610	0.0000000000
354	FT911-8-2699	3611	0.0000000000
354	FT911-8-2700	3612	0.0000000000
354	FT911-8-2701	3613	0.0000000000
354	FT911-8-2703	3614	0.0000000000
354	FT911-8-2704	3615	0.0000000000
354	FT911-8-2705	3616	0.0000000000
354	FT911-8-2706	3617	0.0000000000
354	FT911-8-2707	3618	0.0000000000
354	FT911-8-2709	3619	0.0000000000
354	FT911-8-2712	3620	0.0000000000
354	FT911-8-2713	3621	0.0000000000
354	FT911-8-2717	3622	0.0000000000
354	FT911-8-2719	3623	0.0000000000
354	FT911-8-2720	3624	0.0000000000
354	FT911-8-2724	3625	0.0000000000
354	FT911-8-2725	3626	0.0000000000
354	FT911-8-2727	3627	0.0000000000
354	FT911-8-2729	3628	0.0000000000
354	FT911-8-2732	3629	0.0000000000
354	FT911-8-2733	3630	0.0000000000
354	FT911-8-2734	3631	0.0000000000
354	FT911-8-2735	3632	0.0000000000
354	FT911-8-2737	3633	0.0000000000
354	FT911-8-2738	3634	0.0000000000
354	FT911-8-2739	3635	0.0000000000
354	FT911-8-2740	3636	0.0000000000
354	FT911-8-2741	3637	0.0000000000
354	FT911-8-2743	3638	0.0000000000
354	FT911-8-2746	3639	0.0000000000
354	FT911-8-2747	3640	0.0000000000
354	FT911-8-2748	3641	0.0000000000
354	FT911-8-2749	3642	0.0000000000
354	FT911-8-2751	3643	0.0000000000
354	FT911-8-2752	3644	0.0000000000
354	FT911-8-2753	3645	0.0000000000
354	FT911-8-2754	3646	0.0000000000
354	FT911-8-2755	3647	0.0000000000
354	FT911-8-2756	3648	0.0000000000
354	FT911-8-2757	3649	0.0000000000
354	FT911-8-2758	3650	0.0000000000
354	FT911-8-2759	3651	0.0000000000
354	FT911-8-2760	3652	0.0000000000
354	FT911-8-2761	3653	0.0000000000
354	FT911-8-2762	3654	0.0000000000
354	FT911-8-2763	3655	0.0000000000
354	FT911-8-2764	3656	0.0000000000
354	FT911-8-2765	3657	0.0000000000
354	FT911-8-2766	3658	0.0000000000
354	FT911-8-2768	3659	0.0000000000
354	FT911-8-2770	3660	0.0000000000
354	FT911-8-2772	3661	0.0000000000
354	FT911-8-2773	3662	0.0000000000
354	FT911-8-2774	3663	0.0000000000
354	FT911-8-2778	3664	0.0000000000
354	FT911-8-2779	3665	0.0000000000
354	FT911-8-2780	3666	0.0000000000
354	FT911-8-2781	3667	0.0000000000
354	FT911-8-2783	3668	0.0000000000
354	FT911-8-2789	3669	0.0000000000
354	FT911-8-2790	3670	0.0000000000
354	FT911-8-2792	3671	0.0000000000
354	FT911-8-2793	3672	0.0000000000
354	FT911-8-2794	3673	0.0000000000
354	FT911-8-2797	3674	0.0000000000
354	FT911-8-2801	3675	0.0000000000
354	FT911-8-2802	3676	0.0000000000
354	FT911-8-2803	3677	0.0000000000
354	FT911-8-2804	3678	0.0000000000
354	FT911-8-2805	3679	0.0000000000
354	FT911-8-2806	3680	0.0000000000
354	FT911-8-2807	3681	0.0000000000
354	FT911-8-2808	3682	0.0000000000
354	FT911-8-2812	3683	0.0000000000
354	FT911-8-2813	3684	0.0000000000
354	FT911-8-2815	3685	0.0000000000
354	FT911-8-2816	3686	0.0000000000
354	FT911-8-2817	3687	0.0000000000
354	FT911-8-2818	3688	0.0000000000
354	FT911-8-2820	3689	0.0000000000
354	FT911-8-2823	3690	0.0000000000
354	FT911-8-2824	3691	0.0000000000
354	FT911-8-2825	3692	0.0000000000
354	FT911-8-2826	3693	0.0000000000
354	FT911-8-2827	3694	0.0000000000
354	FT911-8-2828	3695	0.0000000000
354	FT911-8-2835	3696	0.0000000000
354	FT911-8-2836	3697	0.0000000000
354	FT911-8-2840	3698	0.0000000000
354	FT911-8-2843	3699	0.0000000000
354	FT911-8-2844	3700	0.0000000000
354	FT911-8-2845	3701	0.0000000000
354	FT911-8-2846	3702	0.0000000000
354	FT911-8-2847	3703	0.0000000000
354	FT911-8-2849	3704	0.0000000000
354	FT911-8-2850	3705	0.0000000000
354	FT911-8-2851	3706	0.0000000000
354	FT911-8-2852	3707	0.0000000000
354	FT911-8-2856	3708	0.0000000000
354	FT911-8-2857	3709	0.0000000000
354	FT911-8-2858	3710	0.0000000000
354	FT911-8-2859	3711	0.0000000000
354	FT911-8-2860	3712	0.0000000000
354	FT911-8-2861	3713	0.0000000000
354	FT911-8-2862	3714	0.0000000000
354	FT911-8-2863	3715	0.0000000000
354	FT911-8-2864	3716	0.0000000000
354	FT911-8-2865	3717	0.0000000000
354	FT911-8-2866	3718	0.0000000000
354	FT911-8-2869	3719	0.0000000000
354	FT911-8-2871	3720	0.0000000000
354	FT911-8-2872	3721	0.0000000000
354	FT911-8-2873	3722	0.0000000000
354	FT911-8-2875	3723	0.0000000000
354	FT911-8-2876	3724	0.0000000000
354	FT911-8-2877	3725	0.0000000000
354	FT911-8-2878	3726	0.0000000000
354	FT911-8-2880	3727	0.0000000000
354	FT911-8-2881	3728	0.0000000000
354	FT911-8-2882	3729	0.0000000000
354	FT911-8-2888	3730	0.0000000000
354	FT911-8-2890	3731	0.0000000000
354	FT911-8-2892	3732	0.0000000000
354	FT911-8-2896	3733	0.0000000000
354	FT911-8-2898	3734	0.0000000000
354	FT911-8-2899	3735	0.0000000000
354	FT911-8-2900	3736	0.0000000000
354	FT911-8-2901	3737	0.0000000000
354	FT911-8-2902	3738	0.0000000000
354	FT911-8-2903	3739	0.0000000000
354	FT911-8-2905	3740	0.0000000000
354	FT911-8-2906	3741	0.0000000000
354	FT911-8-2907	3742	0.0000000000
354	FT911-8-2908	3743	0.0000000000
354	FT911-8-2909	3744	0.0000000000
354	FT911-8-2910	3745	0.0000000000
354	FT911-8-2911	3746	0.0000000000
354	FT911-8-2912	3747	0.0000000000
354	FT911-8-2913	3748	0.0000000000
354	FT911-8-2914	3749	0.0000000000
354	FT911-8-2919	3750	0.0000000000
354	FT911-8-2920	3751	0.0000000000
354	FT911-8-2921	3752	0.0000000000
354	FT911-8-2925	3753	0.0000000000
354	FT911-8-2928	3754	0.0000000000
354	FT911-8-2929	3755	0.0000000000
354	FT911-8-2930	3756	0.0000000000
354	FT911-8-2931	3757	0.0000000000
354	FT911-8-2932	3758	0.0000000000
354	FT911-8-2933	3759	0.0000000000
354	FT911-8-2935	3760	0.0000000000
354	FT911-8-2936	3761	0.0000000000
354	FT911-8-2938	3762	0.0000000000
354	FT911-8-2941	3763	0.0000000000
354	FT911-8-2942	3764	0.0000000000
354	FT911-8-2944	3765	0.0000000000
354	FT911-8-2945	3766	0.0000000000
354	FT911-8-2946	3767	0.0000000000
354	FT911-8-2947	3768	0.0000000000
354	FT911-8-2948	3769	0.0000000000
354	FT911-8-2949	3770	0.0000000000
354	FT911-9-2950	3771	0.0000000000
354	FT911-9-2952	3772	0.0000000000
354	FT911-9-2953	3773	0.0000000000
354	FT911-9-2954	3774	0.0000000000
354	FT911-9-2955	3775	0.0000000000
354	FT911-9-2957	3776	0.0000000000
354	FT911-9-2959	3777	0.0000000000
354	FT911-9-2960	3778	0.0000000000
354	FT911-9-2961	3779	0.0000000000
354	FT911-9-2962	3780	0.0000000000
354	FT911-9-2963	3781	0.0000000000
354	FT911-9-2965	3782	0.0000000000
354	FT911-9-2967	3783	0.0000000000
354	FT911-9-2969	3784	0.0000000000
354	FT911-9-2970	3785	0.0000000000
354	FT911-9-2971	3786	0.0000000000
354	FT911-9-2974	3787	0.0000000000
354	FT911-9-2975	3788	0.0000000000
354	FT911-9-2976	3789	0.0000000000
354	FT911-9-2977	3790	0.0000000000
354	FT911-9-2978	3791	0.0000000000
354	FT911-9-2979	3792	0.0000000000
354	FT911-9-2980	3793	0.0000000000
354	FT911-9-2981	3794	0.0000000000
354	FT911-9-2983	3795	0.0000000000
354	FT911-9-2984	3796	0.0000000000
354	FT911-9-2985	3797	0.0000000000
354	FT911-9-2986	3798	0.0000000000
354	FT911-9-2987	3799	0.0000000000
354	FT911-9-2988	3800	0.0000000000
354	FT911-9-2989	3801	0.0000000000
354	FT911-9-2990	3802	0.0000000000
354	FT911-9-2991	3803	0.0000000000
354	FT911-9-2992	3804	0.0000000000
354	FT911-9-2993	3805	0.0000000000
354	FT911-9-2995	3806	0.0000000000
354	FT911-9-2996	3807	0.0000000000
354	FT911-9-2997	3808	0.0000000000
354	FT911-9-2998	3809	0.0000000000
354	FT911-9-2999	3810	0.0000000000
354	FT911-9-3000	3811	0.0000000000
354	FT911-9-3002	3812	0.0000000000
354	FT911-9-3003	3813	0.0000000000
354	FT911-9-3004	3814	0.0000000000
354	FT911-9-3005	3815	0.0000000000
354	FT911-9-3006	3816	0.0000000000
354	FT911-9-3007	3817	0.0000000000
354	FT911-9-3008	3818	0.0000000000
354	FT911-9-3009	3819	0.0000000000
354	FT911-9-3010	3820	0.0000000000
354	FT911-9-3011	3821	0.0000000000
354	FT911-9-3012	3822	0.0000000000
354	FT911-9-3013	3823	0.0000000000
354	FT911-9-3014	3824	0.0000000000
354	FT911-9-3015	3825	0.0000000000
354	FT911-9-3016	3826	0.0000000000
354	FT911-9-3017	3827	0.0000000000
354	FT911-9-3018	3828	0.0000000000
354	FT911-9-3019	3829	0.0000000000
354	FT911-9-3022	3830	0.0000000000
354	FT911-9-3023	3831	0.0000000000
354	FT911-9-3027	3832	0.0000000000
354	FT911-9-3030	3833	0.0000000000
354	FT911-9-3038	3834	0.0000000000
354	FT911-9-3039	3835	0.0000000000
354	FT911-9-3040	3836	0.0000000000
354	FT911-9-3041	3837	0.0000000000
354	FT911-9-3042	3838	0.0000000000
354	FT911-9-3043	3839	0.0000000000
354	FT911-9-3044	3840	0.0000000000
354	FT911-9-3047	3841	0.0000000000
354	FT911-9-3048	3842	0.0000000000
354	FT911-9-3049	3843	0.0000000000
354	FT911-9-3050	3844	0.0000000000
354	FT911-9-3051	3845	0.0000000000
354	FT911-9-3052	3846	0.0000000000
354	FT911-9-3053	3847	0.0000000000
354	FT911-9-3055	3848	0.0000000000
354	FT911-9-3057	3849	0.0000000000
354	FT911-9-3058	3850	0.0000000000
354	FT911-9-3059	3851	0.0000000000
354	FT911-9-3060	3852	0.0000000000
354	FT911-9-3063	3853	0.0000000000
354	FT911-9-3064	3854	0.0000000000
354	FT911-9-3065	3855	0.0000000000
354	FT911-9-3066	3856	0.0000000000
354	FT911-9-3068	3857	0.0000000000
354	FT911-9-3069	3858	0.0000000000
354	FT911-9-3070	3859	0.0000000000
354	FT911-9-3071	3860	0.0000000000
354	FT911-9-3072	3861	0.0000000000
354	FT911-9-3073	3862	0.0000000000
354	FT911-9-3079	3863	0.0000000000
354	FT911-9-3080	3864	0.0000000000
354	FT911-9-3081	3865	0.0000000000
354	FT911-9-3082	3866	0.0000000000
354	FT911-9-3083	3867	0.0000000000
354	FT911-9-3086	3868	0.0000000000
354	FT911-9-3087	3869	0.0000000000
354	FT911-9-3088	3870	0.0000000000
354	FT911-9-3089	3871	0.0000000000
354	FT911-9-3090	3872	0.0000000000
354	FT911-9-3091	3873	0.0000000000
354	FT911-9-3093	3874	0.0000000000
354	FT911-9-3096	3875	0.0000000000
354	FT911-9-3097	3876	0.0000000000
354	FT911-9-3098	3877	0.0000000000
354	FT911-9-3099	3878	0.0000000000
354	FT911-9-3100	3879	0.0000000000
354	FT911-9-3101	3880	0.0000000000
354	FT911-9-3103	3881	0.0000000000
354	FT911-9-3104	3882	0.0000000000
354	FT911-9-3105	3883	0.0000000000
354	FT911-9-3106	3884	0.0000000000
354	FT911-9-3109	3885	0.0000000000
354	FT911-9-3113	3886	0.0000000000
354	FT911-9-3118	3887	0.0000000000
354	FT911-9-3120	3888	0.0000000000
354	FT911-9-3122	3889	0.0000000000
354	FT911-9-3123	3890	0.0000000000
354	FT911-9-3125	3891	0.0000000000
354	FT911-9-3126	3892	0.0000000000
354	FT911-9-3127	3893	0.0000000000
354	FT911-9-3130	3894	0.0000000000
354	FT911-9-3138	3895	0.0000000000
354	FT911-9-3143	3896	0.0000000000
354	FT911-9-3144	3897	0.0000000000
354	FT911-9-3145	3898	0.0000000000
354	FT911-9-3146	3899	0.0000000000
354	FT911-9-3147	3900	0.0000000000
354	FT911-9-3148	3901	0.0000000000
354	FT911-9-3149	3902	0.0000000000
354	FT911-9-3150	3903	0.0000000000
354	FT911-9-3151	3904	0.0000000000
354	FT911-9-3152	3905	0.0000000000
354	FT911-9-3153	3906	0.0000000000
354	FT911-9-3154	3907	0.0000000000
354	FT911-9-3156	3908	0.0000000000
354	FT911-9-3157	3909	0.0000000000
354	FT911-9-3159	3910	0.0000000000
354	FT911-9-3162	3911	0.0000000000
354	FT911-9-3163	3912	0.0000000000
354	FT911-9-3164	3913	0.0000000000
354	FT911-9-3165	3914	0.0000000000
354	FT911-9-3166	3915	0.0000000000
354	FT911-9-3167	3916	0.0000000000
354	FT911-9-3168	3917	0.0000000000
354	FT911-9-3170	3918	0.0000000000
354	FT911-9-3171	3919	0.0000000000
354	FT911-9-3172	3920	0.0000000000
354	FT911-9-3173	3921	0.0000000000
354	FT911-9-3176	3922	0.0000000000
354	FT911-9-3177	3923	0.0000000000
354	FT911-9-3178	3924	0.0000000000
354	FT911-9-3181	3925	0.0000000000
354	FT911-9-3184	3926	0.0000000000
354	FT911-9-3185	3927	0.0000000000
354	FT911-9-3188	3928	0.0000000000
354	FT911-9-3189	3929	0.0000000000
354	FT911-9-3190	3930	0.0000000000
354	FT911-9-3192	3931	0.0000000000
354	FT911-9-3193	3932	0.0000000000
354	FT911-9-3194	3933	0.0000000000
354	FT911-9-3196	3934	0.0000000000
354	FT911-9-3197	3935	0.0000000000
354	FT911-9-3198	3936	0.0000000000
354	FT911-9-3199	3937	0.0000000000
354	FT911-9-3200	3938	0.0000000000
354	FT911-9-3201	3939	0.0000000000
354	FT911-9-3206	3940	0.0000000000
354	FT911-9-3208	3941	0.0000000000
354	FT911-9-3209	3942	0.0000000000
354	FT911-9-3210	3943	0.0000000000
354	FT911-9-3212	3944	0.0000000000
354	FT911-9-3213	3945	0.0000000000
354	FT911-9-3214	3946	0.0000000000
354	FT911-9-3215	3947	0.0000000000
354	FT911-9-3216	3948	0.0000000000
354	FT911-9-3217	3949	0.0000000000
354	FT911-9-3219	3950	0.0000000000
354	FT911-9-3220	3951	0.0000000000
354	FT911-9-3221	3952	0.0000000000
354	FT911-9-3223	3953	0.0000000000
354	FT911-9-3224	3954	0.0000000000
354	FT911-9-3225	3955	0.0000000000
354	FT911-9-3226	3956	0.0000000000
354	FT911-9-3227	3957	0.0000000000
354	FT911-9-3228	3958	0.0000000000
354	FT911-9-3230	3959	0.0000000000
354	FT911-9-3233	3960	0.0000000000
354	FT911-9-3235	3961	0.0000000000
354	FT911-9-3236	3962	0.0000000000
354	FT911-9-3238	3963	0.0000000000
354	FT911-9-3239	3964	0.0000000000
354	FT911-9-3241	3965	0.0000000000
354	FT911-9-3242	3966	0.0000000000
354	FT911-9-3243	3967	0.0000000000
354	FT911-9-3244	3968	0.0000000000
354	FT911-9-3245	3969	0.0000000000
354	FT911-9-3247	3970	0.0000000000
354	FT911-9-3248	3971	0.0000000000
354	FT911-9-3250	3972	0.0000000000
354	FT911-9-3252	3973	0.0000000000
354	FT911-9-3253	3974	0.0000000000
354	FT911-9-3255	3975	0.0000000000
354	FT911-9-3256	3976	0.0000000000
354	FT911-9-3257	3977	0.0000000000
354	FT911-9-3259	3978	0.0000000000
354	FT911-9-3260	3979	0.0000000000
354	FT911-9-3261	3980	0.0000000000
354	FT911-9-3262	3981	0.0000000000
354	FT911-9-3263	3982	0.0000000000
354	FT911-9-3265	3983	0.0000000000
354	FT911-9-3266	3984	0.0000000000
354	FT911-9-3267	3985	0.0000000000
354	FT911-9-3268	3986	0.0000000000
354	FT911-9-3269	3987	0.0000000000
354	FT911-9-3270	3988	0.0000000000
354	FT911-9-3271	3989	0.0000000000
354	FT911-9-3272	3990	0.0000000000
354	FT911-9-3273	3991	0.0000000000
354	FT911-9-3275	3992	0.0000000000
354	FT911-9-3276	3993	0.0000000000
354	FT911-9-3277	3994	0.0000000000
354	FT911-9-3283	3995	0.0000000000
354	FT911-9-3290	3996	0.0000000000
354	FT911-9-3296	3997	0.0000000000
354	FT911-9-3298	3998	0.0000000000
354	FT911-9-3301	3999	0.0000000000
354	FT911-9-3304	4000	0.0000000000
354	FT911-9-3310	4001	0.0000000000
354	FT911-9-3311	4002	0.0000000000
354	FT911-9-3312	4003	0.0000000000
354	FT911-9-3316	4004	0.0000000000
354	FT911-9-3317	4005	0.0000000000
354	FT911-9-3318	4006	0.0000000000
354	FT911-10-3323	4007	0.0000000000
354	FT911-10-3324	4008	0.0000000000
354	FT911-10-3325	4009	0.0000000000
354	FT911-10-3327	4010	0.0000000000
354	FT911-10-3329	4011	0.0000000000
354	FT911-10-3330	4012	0.0000000000
354	FT911-10-3333	4013	0.0000000000
354	FT911-10-3335	4014	0.0000000000
354	FT911-10-3336	4015	0.0000000000
354	FT911-10-3338	4016	0.0000000000
354	FT911-10-3339	4017	0.0000000000
354	FT911-10-3341	4018	0.0000000000
354	FT911-10-3342	4019	0.0000000000
354	FT911-10-3343	4020	0.0000000000
354	FT911-10-3344	4021	0.0000000000
354	FT911-10-3346	4022	0.0000000000
354	FT911-10-3347	4023	0.0000000000
354	FT911-10-3349	4024	0.0000000000
354	FT911-10-3351	4025	0.0000000000
354	FT911-10-3352	4026	0.0000000000
354	FT911-10-3353	4027	0.0000000000
354	FT911-10-3354	4028	0.0000000000
354	FT911-10-3356	4029	0.0000000000
354	FT911-10-3357	4030	0.0000000000
354	FT911-10-3358	4031	0.0000000000
354	FT911-10-3359	4032	0.0000000000
354	FT911-10-3360	4033	0.0000000000
354	FT911-10-3361	4034	0.0000000000
354	FT911-10-3362	4035	0.0000000000
354	FT911-10-3364	4036	0.0000000000
354	FT911-10-3366	4037	0.0000000000
354	FT911-10-3367	4038	0.0000000000
354	FT911-10-3370	4039	0.0000000000
354	FT911-10-3371	4040	0.0000000000
354	FT911-10-3372	4041	0.0000000000
354	FT911-10-3374	4042	0.0000000000
354	FT911-10-3375	4043	0.0000000000
354	FT911-10-3376	4044	0.0000000000
354	FT911-10-3377	4045	0.0000000000
354	FT911-10-3379	4046	0.0000000000
354	FT911-10-3380	4047	0.0000000000
354	FT911-10-3381	4048	0.0000000000
354	FT911-10-3382	4049	0.0000000000
354	FT911-10-3383	4050	0.0000000000
354	FT911-10-3385	4051	0.0000000000
354	FT911-10-3388	4052	0.0000000000
354	FT911-10-3389	4053	0.0000000000
354	FT911-10-3390	4054	0.0000000000
354	FT911-10-3391	4055	0.0000000000
354	FT911-10-3393	4056	0.0000000000
354	FT911-10-3394	4057	0.0000000000
354	FT911-10-3395	4058	0.0000000000
354	FT911-10-3396	4059	0.0000000000
354	FT911-10-3397	4060	0.0000000000
354	FT911-10-3398	4061	0.0000000000
354	FT911-10-3399	4062	0.0000000000
354	FT911-10-3400	4063	0.0000000000
354	FT911-10-3401	4064	0.0000000000
354	FT911-10-3402	4065	0.0000000000
354	FT911-10-3406	4066	0.0000000000
354	FT911-10-3407	4067	0.0000000000
354	FT911-10-3408	4068	0.0000000000
354	FT911-10-3409	4069	0.0000000000
354	FT911-10-3410	4070	0.0000000000
354	FT911-10-3411	4071	0.0000000000
354	FT911-10-3412	4072	0.0000000000
354	FT911-10-3413	4073	0.0000000000
354	FT911-10-3415	4074	0.0000000000
354	FT911-10-3416	4075	0.0000000000
354	FT911-10-3417	4076	0.0000000000
354	FT911-10-3418	4077	0.0000000000
354	FT911-10-3419	4078	0.0000000000
354	FT911-10-3420	4079	0.0000000000
354	FT911-10-3421	4080	0.0000000000
354	FT911-10-3422	4081	0.0000000000
354	FT911-10-3424	4082	0.0000000000
354	FT911-10-3426	4083	0.0000000000
354	FT911-10-3431	4084	0.0000000000
354	FT911-10-3437	4085	0.0000000000
354	FT911-10-3438	4086	0.0000000000
354	FT911-10-3439	4087	0.0000000000
354	FT911-10-3440	4088	0.0000000000
354	FT911-10-3441	4089	0.0000000000
354	FT911-10-3443	4090	0.0000000000
354	FT911-10-3444	4091	0.0000000000
354	FT911-10-3445	4092	0.0000000000
354	FT911-10-3446	4093	0.0000000000
354	FT911-10-3447	4094	0.0000000000
354	FT911-10-3448	4095	0.0000000000
354	FT911-10-3449	4096	0.0000000000
354	FT911-10-3451	4097	0.0000000000
354	FT911-10-3453	4098	0.0000000000
354	FT911-10-3454	4099	0.0000000000
354	FT911-10-3455	4100	0.0000000000
354	FT911-10-3456	4101	0.0000000000
354	FT911-10-3460	4102	0.0000000000
354	FT911-10-3461	4103	0.0000000000
354	FT911-10-3462	4104	0.0000000000
354	FT911-10-3463	4105	0.0000000000
354	FT911-10-3465	4106	0.0000000000
354	FT911-10-3466	4107	0.0000000000
354	FT911-10-3467	4108	0.0000000000
354	FT911-10-3468	4109	0.0000000000
354	FT911-10-3469	4110	0.0000000000
354	FT911-10-3471	4111	0.0000000000
354	FT911-10-3472	4112	0.0000000000
354	FT911-10-3474	4113	0.0000000000
354	FT911-10-3475	4114	0.0000000000
354	FT911-10-3476	4115	0.0000000000
354	FT911-10-3477	4116	0.0000000000
354	FT911-10-3478	4117	0.0000000000
354	FT911-10-3479	4118	0.0000000000
354	FT911-10-3480	4119	0.0000000000
354	FT911-10-3481	4120	0.0000000000
354	FT911-10-3482	4121	0.0000000000
354	FT911-10-3483	4122	0.0000000000
354	FT911-10-3484	4123	0.0000000000
354	FT911-10-3489	4124	0.0000000000
354	FT911-10-3490	4125	0.0000000000
354	FT911-10-3491	4126	0.0000000000
354	FT911-10-3492	4127	0.0000000000
354	FT911-10-3494	4128	0.0000000000
354	FT911-10-3495	4129	0.0000000000
354	FT911-10-3496	4130	0.0000000000
354	FT911-10-3497	4131	0.0000000000
354	FT911-10-3498	4132	0.0000000000
354	FT911-10-3499	4133	0.0000000000
354	FT911-10-3500	4134	0.0000000000
354	FT911-10-3501	4135	0.0000000000
354	FT911-10-3502	4136	0.0000000000
354	FT911-10-3505	4137	0.0000000000
354	FT911-10-3506	4138	0.0000000000
354	FT911-10-3507	4139	0.0000000000
354	FT911-10-3508	4140	0.0000000000
354	FT911-10-3509	4141	0.0000000000
354	FT911-10-3510	4142	0.0000000000
354	FT911-10-3512	4143	0.0000000000
354	FT911-10-3513	4144	0.0000000000
354	FT911-10-3514	4145	0.0000000000
354	FT911-10-3515	4146	0.0000000000
354	FT911-10-3516	4147	0.0000000000
354	FT911-10-3517	4148	0.0000000000
354	FT911-10-3518	4149	0.0000000000
354	FT911-10-3519	4150	0.0000000000
354	FT911-10-3520	4151	0.0000000000
354	FT911-10-3521	4152	0.0000000000
354	FT911-10-3522	4153	0.0000000000
354	FT911-10-3523	4154	0.0000000000
354	FT911-10-3526	4155	0.0000000000
354	FT911-10-3527	4156	0.0000000000
354	FT911-10-3528	4157	0.0000000000
354	FT911-10-3529	4158	0.0000000000
354	FT911-10-3531	4159	0.0000000000
354	FT911-10-3532	4160	0.0000000000
354	FT911-10-3533	4161	0.0000000000
354	FT911-10-3534	4162	0.0000000000
354	FT911-10-3535	4163	0.0000000000
354	FT911-10-3536	4164	0.0000000000
354	FT911-10-3537	4165	0.0000000000
354	FT911-10-3538	4166	0.0000000000
354	FT911-10-3541	4167	0.0000000000
354	FT911-10-3544	4168	0.0000000000
354	FT911-10-3545	4169	0.0000000000
354	FT911-10-3547	4170	0.0000000000
354	FT911-10-3549	4171	0.0000000000
354	FT911-10-3551	4172	0.0000000000
354	FT911-10-3552	4173	0.0000000000
354	FT911-10-3553	4174	0.0000000000
354	FT911-10-3554	4175	0.0000000000
354	FT911-10-3556	4176	0.0000000000
354	FT911-10-3557	4177	0.0000000000
354	FT911-10-3558	4178	0.0000000000
354	FT911-10-3559	4179	0.0000000000
354	FT911-10-3560	4180	0.0000000000
354	FT911-10-3562	4181	0.0000000000
354	FT911-10-3564	4182	0.0000000000
354	FT911-10-3570	4183	0.0000000000
354	FT911-10-3571	4184	0.0000000000
354	FT911-10-3573	4185	0.0000000000
354	FT911-10-3574	4186	0.0000000000
354	FT911-10-3575	4187	0.0000000000
354	FT911-10-3576	4188	0.0000000000
354	FT911-10-3577	4189	0.0000000000
354	FT911-10-3578	4190	0.0000000000
354	FT911-10-3579	4191	0.0000000000
354	FT911-10-3580	4192	0.0000000000
354	FT911-10-3581	4193	0.0000000000
354	FT911-10-3582	4194	0.0000000000
354	FT911-10-3583	4195	0.0000000000
354	FT911-10-3584	4196	0.0000000000
354	FT911-10-3585	4197	0.0000000000
354	FT911-10-3586	4198	0.0000000000
354	FT911-10-3587	4199	0.0000000000
354	FT911-10-3589	4200	0.0000000000
354	FT911-10-3591	4201	0.0000000000
354	FT911-10-3592	4202	0.0000000000
354	FT911-10-3593	4203	0.0000000000
354	FT911-10-3594	4204	0.0000000000
354	FT911-10-3595	4205	0.0000000000
354	FT911-10-3596	4206	0.0000000000
354	FT911-10-3597	4207	0.0000000000
354	FT911-10-3598	4208	0.0000000000
354	FT911-10-3599	4209	0.0000000000
354	FT911-10-3600	4210	0.0000000000
354	FT911-10-3602	4211	0.0000000000
354	FT911-10-3604	4212	0.0000000000
354	FT911-10-3605	4213	0.0000000000
354	FT911-10-3608	4214	0.0000000000
354	FT911-10-3609	4215	0.0000000000
354	FT911-10-3610	4216	0.0000000000
354	FT911-10-3612	4217	0.0000000000
354	FT911-10-3613	4218	0.0000000000
354	FT911-10-3615	4219	0.0000000000
354	FT911-10-3616	4220	0.0000000000
354	FT911-10-3617	4221	0.0000000000
354	FT911-10-3618	4222	0.0000000000
354	FT911-10-3619	4223	0.0000000000
354	FT911-10-3620	4224	0.0000000000
354	FT911-10-3621	4225	0.0000000000
354	FT911-10-3622	4226	0.0000000000
354	FT911-10-3623	4227	0.0000000000
354	FT911-10-3624	4228	0.0000000000
354	FT911-10-3625	4229	0.0000000000
354	FT911-10-3626	4230	0.0000000000
354	FT911-10-3627	4231	0.0000000000
354	FT911-10-3628	4232	0.0000000000
354	FT911-10-3629	4233	0.0000000000
354	FT911-10-3630	4234	0.0000000000
354	FT911-10-3631	4235	0.0000000000
354	FT911-10-3632	4236	0.0000000000
354	FT911-10-3633	4237	0.0000000000
354	FT911-10-3636	4238	0.0000000000
354	FT911-10-3638	4239	0.0000000000
354	FT911-10-3640	4240	0.0000000000
354	FT911-10-3642	4241	0.0000000000
354	FT911-10-3646	4242	0.0000000000
354	FT911-10-3647	4243	0.0000000000
354	FT911-10-3648	4244	0.0000000000
354	FT911-10-3649	4245	0.0000000000
354	FT911-10-3650	4246	0.0000000000
354	FT911-10-3654	4247	0.0000000000
354	FT911-10-3657	4248	0.0000000000
354	FT911-10-3661	4249	0.0000000000
354	FT911-10-3662	4250	0.0000000000
354	FT911-10-3663	4251	0.0000000000
354	FT911-10-3665	4252	0.0000000000
354	FT911-10-3666	4253	0.0000000000
354	FT911-10-3667	4254	0.0000000000
354	FT911-10-3668	4255	0.0000000000
354	FT911-10-3669	4256	0.0000000000
354	FT911-10-3670	4257	0.0000000000
354	FT911-10-3671	4258	0.0000000000
354	FT911-10-3672	4259	0.0000000000
354	FT911-10-3673	4260	0.0000000000
354	FT911-10-3675	4261	0.0000000000
354	FT911-10-3677	4262	0.0000000000
354	FT911-10-3679	4263	0.0000000000
354	FT911-10-3680	4264	0.0000000000
354	FT911-10-3681	4265	0.0000000000
354	FT911-10-3682	4266	0.0000000000
354	FT911-10-3683	4267	0.0000000000
354	FT911-10-3684	4268	0.0000000000
354	FT911-10-3685	4269	0.0000000000
354	FT911-10-3686	4270	0.0000000000
354	FT911-10-3687	4271	0.0000000000
354	FT911-10-3688	4272	0.0000000000
354	FT911-10-3689	4273	0.0000000000
354	FT911-10-3690	4274	0.0000000000
354	FT911-10-3691	4275	0.0000000000
354	FT911-10-3692	4276	0.0000000000
354	FT911-11-3694	4277	0.0000000000
354	FT911-11-3695	4278	0.0000000000
354	FT911-11-3697	4279	0.0000000000
354	FT911-11-3698	4280	0.0000000000
354	FT911-11-3699	4281	0.0000000000
354	FT911-11-3700	4282	0.0000000000
354	FT911-11-3701	4283	0.0000000000
354	FT911-11-3703	4284	0.0000000000
354	FT911-11-3704	4285	0.0000000000
354	FT911-11-3706	4286	0.0000000000
354	FT911-11-3707	4287	0.0000000000
354	FT911-11-3708	4288	0.0000000000
354	FT911-11-3709	4289	0.0000000000
354	FT911-11-3710	4290	0.0000000000
354	FT911-11-3711	4291	0.0000000000
354	FT911-11-3712	4292	0.0000000000
354	FT911-11-3713	4293	0.0000000000
354	FT911-11-3715	4294	0.0000000000
354	FT911-11-3717	4295	0.0000000000
354	FT911-11-3718	4296	0.0000000000
354	FT911-11-3720	4297	0.0000000000
354	FT911-11-3722	4298	0.0000000000
354	FT911-11-3728	4299	0.0000000000
354	FT911-11-3729	4300	0.0000000000
354	FT911-11-3731	4301	0.0000000000
354	FT911-11-3732	4302	0.0000000000
354	FT911-11-3734	4303	0.0000000000
354	FT911-11-3735	4304	0.0000000000
354	FT911-11-3736	4305	0.0000000000
354	FT911-11-3737	4306	0.0000000000
354	FT911-11-3739	4307	0.0000000000
354	FT911-11-3740	4308	0.0000000000
354	FT911-11-3741	4309	0.0000000000
354	FT911-11-3743	4310	0.0000000000
354	FT911-11-3744	4311	0.0000000000
354	FT911-11-3745	4312	0.0000000000
354	FT911-11-3748	4313	0.0000000000
354	FT911-11-3749	4314	0.0000000000
354	FT911-11-3750	4315	0.0000000000
354	FT911-11-3751	4316	0.0000000000
354	FT911-11-3752	4317	0.0000000000
354	FT911-11-3754	4318	0.0000000000
354	FT911-11-3756	4319	0.0000000000
354	FT911-11-3757	4320	0.0000000000
354	FT911-11-3758	4321	0.0000000000
354	FT911-11-3759	4322	0.0000000000
354	FT911-11-3760	4323	0.0000000000
354	FT911-11-3761	4324	0.0000000000
354	FT911-11-3763	4325	0.0000000000
354	FT911-11-3764	4326	0.0000000000
354	FT911-11-3765	4327	0.0000000000
354	FT911-11-3766	4328	0.0000000000
354	FT911-11-3767	4329	0.0000000000
354	FT911-11-3768	4330	0.0000000000
354	FT911-11-3770	4331	0.0000000000
354	FT911-11-3771	4332	0.0000000000
354	FT911-11-3772	4333	0.0000000000
354	FT911-11-3773	4334	0.0000000000
354	FT911-11-3774	4335	0.0000000000
354	FT911-11-3776	4336	0.0000000000
354	FT911-11-3777	4337	0.0000000000
354	FT911-11-3778	4338	0.0000000000
354	FT911-11-3781	4339	0.0000000000
354	FT911-11-3782	4340	0.0000000000
354	FT911-11-3784	4341	0.0000000000
354	FT911-11-3785	4342	0.0000000000
354	FT911-11-3787	4343	0.0000000000
354	FT911-11-3789	4344	0.0000000000
354	FT911-11-3791	4345	0.0000000000
354	FT911-11-3796	4346	0.0000000000
354	FT911-11-3799	4347	0.0000000000
354	FT911-11-3800	4348	0.0000000000
354	FT911-11-3802	4349	0.0000000000
354	FT911-11-3803	4350	0.0000000000
354	FT911-11-3806	4351	0.0000000000
354	FT911-11-3807	4352	0.0000000000
354	FT911-11-3808	4353	0.0000000000
354	FT911-11-3809	4354	0.0000000000
354	FT911-11-3810	4355	0.0000000000
354	FT911-11-3811	4356	0.0000000000
354	FT911-11-3812	4357	0.0000000000
354	FT911-11-3813	4358	0.0000000000
354	FT911-11-3814	4359	0.0000000000
354	FT911-11-3815	4360	0.0000000000
354	FT911-11-3819	4361	0.0000000000
354	FT911-11-3820	4362	0.0000000000
354	FT911-11-3822	4363	0.0000000000
354	FT911-11-3823	4364	0.0000000000
354	FT911-11-3825	4365	0.0000000000
354	FT911-11-3828	4366	0.0000000000
354	FT911-11-3829	4367	0.0000000000
354	FT911-11-3831	4368	0.0000000000
354	FT911-11-3832	4369	0.0000000000
354	FT911-11-3833	4370	0.0000000000
354	FT911-11-3835	4371	0.0000000000
354	FT911-11-3836	4372	0.0000000000
354	FT911-11-3838	4373	0.0000000000
354	FT911-11-3839	4374	0.0000000000
354	FT911-11-3840	4375	0.0000000000
354	FT911-11-3842	4376	0.0000000000
354	FT911-11-3843	4377	0.0000000000
354	FT911-11-3846	4378	0.0000000000
354	FT911-11-3847	4379	0.0000000000
354	FT911-11-3849	4380	0.0000000000
354	FT911-11-3851	4381	0.0000000000
354	FT911-11-3852	4382	0.0000000000
354	FT911-11-3853	4383	0.0000000000
354	FT911-11-3854	4384	0.0000000000
354	FT911-11-3855	4385	0.0000000000
354	FT911-11-3858	4386	0.0000000000
354	FT911-11-3859	4387	0.0000000000
354	FT911-11-3861	4388	0.0000000000
354	FT911-11-3862	4389	0.0000000000
354	FT911-11-3863	4390	0.0000000000
354	FT911-11-3865	4391	0.0000000000
354	FT911-11-3866	4392	0.0000000000
354	FT911-11-3867	4393	0.0000000000
354	FT911-11-3870	4394	0.0000000000
354	FT911-11-3872	4395	0.0000000000
354	FT911-11-3873	4396	0.0000000000
354	FT911-11-3875	4397	0.0000000000
354	FT911-11-3876	4398	0.0000000000
354	FT911-11-3877	4399	0.0000000000
354	FT911-11-3878	4400	0.0000000000
354	FT911-11-3879	4401	0.0000000000
354	FT911-11-3880	4402	0.0000000000
354	FT911-11-3881	4403	0.0000000000
354	FT911-11-3882	4404	0.0000000000
354	FT911-11-3883	4405	0.0000000000
354	FT911-11-3884	4406	0.0000000000
354	FT911-11-3885	4407	0.0000000000
354	FT911-11-3892	4408	0.0000000000
354	FT911-11-3893	4409	0.0000000000
354	FT911-11-3894	4410	0.0000000000
354	FT911-11-3895	4411	0.0000000000
354	FT911-11-3896	4412	0.0000000000
354	FT911-11-3897	4413	0.0000000000
354	FT911-11-3898	4414	0.0000000000
354	FT911-11-3900	4415	0.0000000000
354	FT911-11-3901	4416	0.0000000000
354	FT911-11-3903	4417	0.0000000000
354	FT911-11-3904	4418	0.0000000000
354	FT911-11-3905	4419	0.0000000000
354	FT911-11-3906	4420	0.0000000000
354	FT911-11-3907	4421	0.0000000000
354	FT911-11-3908	4422	0.0000000000
354	FT911-11-3912	4423	0.0000000000
354	FT911-11-3913	4424	0.0000000000
354	FT911-11-3914	4425	0.0000000000
354	FT911-11-3915	4426	0.0000000000
354	FT911-11-3916	4427	0.0000000000
354	FT911-11-3918	4428	0.0000000000
354	FT911-11-3919	4429	0.0000000000
354	FT911-11-3921	4430	0.0000000000
354	FT911-11-3928	4431	0.0000000000
354	FT911-11-3933	4432	0.0000000000
354	FT911-11-3938	4433	0.0000000000
354	FT911-11-3941	4434	0.0000000000
354	FT911-11-3942	4435	0.0000000000
354	FT911-11-3945	4436	0.0000000000
354	FT911-11-3951	4437	0.0000000000
354	FT911-11-3956	4438	0.0000000000
354	FT911-11-3957	4439	0.0000000000
354	FT911-11-3959	4440	0.0000000000
354	FT911-11-3960	4441	0.0000000000
354	FT911-11-3961	4442	0.0000000000
354	FT911-11-3964	4443	0.0000000000
354	FT911-11-3965	4444	0.0000000000
354	FT911-11-3966	4445	0.0000000000
354	FT911-11-3967	4446	0.0000000000
354	FT911-11-3968	4447	0.0000000000
354	FT911-11-3969	4448	0.0000000000
354	FT911-11-3972	4449	0.0000000000
354	FT911-11-3973	4450	0.0000000000
354	FT911-11-3974	4451	0.0000000000
354	FT911-11-3975	4452	0.0000000000
354	FT911-11-3976	4453	0.0000000000
354	FT911-11-3978	4454	0.0000000000
354	FT911-11-3979	4455	0.0000000000
354	FT911-11-3981	4456	0.0000000000
354	FT911-11-3982	4457	0.0000000000
354	FT911-11-3984	4458	0.0000000000
354	FT911-11-3985	4459	0.0000000000
354	FT911-11-3987	4460	0.0000000000
354	FT911-11-3988	4461	0.0000000000
354	FT911-11-3989	4462	0.0000000000
354	FT911-11-3991	4463	0.0000000000
354	FT911-11-3992	4464	0.0000000000
354	FT911-11-3993	4465	0.0000000000
354	FT911-11-3994	4466	0.0000000000
354	FT911-11-3995	4467	0.0000000000
354	FT911-11-3996	4468	0.0000000000
354	FT911-11-3997	4469	0.0000000000
354	FT911-11-3998	4470	0.0000000000
354	FT911-11-3999	4471	0.0000000000
354	FT911-11-4000	4472	0.0000000000
354	FT911-11-4001	4473	0.0000000000
354	FT911-11-4002	4474	0.0000000000
354	FT911-11-4003	4475	0.0000000000
354	FT911-11-4004	4476	0.0000000000
354	FT911-11-4005	4477	0.0000000000
354	FT911-11-4006	4478	0.0000000000
354	FT911-11-4007	4479	0.0000000000
354	FT911-11-4008	4480	0.0000000000
354	FT911-11-4009	4481	0.0000000000
354	FT911-11-4010	4482	0.0000000000
354	FT911-11-4011	4483	0.0000000000
354	FT911-11-4012	4484	0.0000000000
354	FT911-11-4013	4485	0.0000000000
354	FT911-11-4014	4486	0.0000000000
354	FT911-11-4015	4487	0.0000000000
354	FT911-12-4016	4488	0.0000000000
354	FT911-12-4017	4489	0.0000000000
354	FT911-12-4018	4490	0.0000000000
354	FT911-12-4019	4491	0.0000000000
354	FT911-12-4020	4492	0.0000000000
354	FT911-12-4021	4493	0.0000000000
354	FT911-12-4022	4494	0.0000000000
354	FT911-12-4024	4495	0.0000000000
354	FT911-12-4025	4496	0.0000000000
354	FT911-12-4026	4497	0.0000000000
354	FT911-12-4028	4498	0.0000000000
354	FT911-12-4029	4499	0.0000000000
354	FT911-12-4030	4500	0.0000000000
354	FT911-12-4032	4501	0.0000000000
354	FT911-12-4033	4502	0.0000000000
354	FT911-12-4035	4503	0.0000000000
354	FT911-12-4036	4504	0.0000000000
354	FT911-12-4038	4505	0.0000000000
354	FT911-12-4040	4506	0.0000000000
354	FT911-12-4041	4507	0.0000000000
354	FT911-12-4042	4508	0.0000000000
354	FT911-12-4043	4509	0.0000000000
354	FT911-12-4050	4510	0.0000000000
354	FT911-12-4051	4511	0.0000000000
354	FT911-12-4053	4512	0.0000000000
354	FT911-12-4054	4513	0.0000000000
354	FT911-12-4060	4514	0.0000000000
354	FT911-12-4063	4515	0.0000000000
354	FT911-12-4064	4516	0.0000000000
354	FT911-12-4065	4517	0.0000000000
354	FT911-12-4066	4518	0.0000000000
354	FT911-12-4067	4519	0.0000000000
354	FT911-12-4070	4520	0.0000000000
354	FT911-12-4071	4521	0.0000000000
354	FT911-12-4072	4522	0.0000000000
354	FT911-12-4073	4523	0.0000000000
354	FT911-12-4074	4524	0.0000000000
354	FT911-12-4075	4525	0.0000000000
354	FT911-12-4076	4526	0.0000000000
354	FT911-12-4077	4527	0.0000000000
354	FT911-12-4078	4528	0.0000000000
354	FT911-12-4079	4529	0.0000000000
354	FT911-12-4080	4530	0.0000000000
354	FT911-12-4081	4531	0.0000000000
354	FT911-12-4082	4532	0.0000000000
354	FT911-12-4083	4533	0.0000000000
354	FT911-12-4085	4534	0.0000000000
354	FT911-12-4086	4535	0.0000000000
354	FT911-12-4087	4536	0.0000000000
354	FT911-12-4089	4537	0.0000000000
354	FT911-12-4090	4538	0.0000000000
354	FT911-12-4091	4539	0.0000000000
354	FT911-12-4094	4540	0.0000000000
354	FT911-12-4095	4541	0.0000000000
354	FT911-12-4097	4542	0.0000000000
354	FT911-12-4100	4543	0.0000000000
354	FT911-12-4101	4544	0.0000000000
354	FT911-12-4102	4545	0.0000000000
354	FT911-12-4110	4546	0.0000000000
354	FT911-12-4111	4547	0.0000000000
354	FT911-12-4113	4548	0.0000000000
354	FT911-12-4114	4549	0.0000000000
354	FT911-12-4115	4550	0.0000000000
354	FT911-12-4116	4551	0.0000000000
354	FT911-12-4117	4552	0.0000000000
354	FT911-12-4118	4553	0.0000000000
354	FT911-12-4119	4554	0.0000000000
354	FT911-12-4120	4555	0.0000000000
354	FT911-12-4122	4556	0.0000000000
354	FT911-12-4124	4557	0.0000000000
354	FT911-12-4126	4558	0.0000000000
354	FT911-12-4129	4559	0.0000000000
354	FT911-12-4130	4560	0.0000000000
354	FT911-12-4131	4561	0.0000000000
354	FT911-12-4133	4562	0.0000000000
354	FT911-12-4134	4563	0.0000000000
354	FT911-12-4135	4564	0.0000000000
354	FT911-12-4136	4565	0.0000000000
354	FT911-12-4137	4566	0.0000000000
354	FT911-12-4138	4567	0.0000000000
354	FT911-12-4139	4568	0.0000000000
354	FT911-12-4140	4569	0.0000000000
354	FT911-12-4141	4570	0.0000000000
354	FT911-12-4142	4571	0.0000000000
354	FT911-12-4144	4572	0.0000000000
354	FT911-12-4145	4573	0.0000000000
354	FT911-12-4146	4574	0.0000000000
354	FT911-12-4147	4575	0.0000000000
354	FT911-12-4148	4576	0.0000000000
354	FT911-12-4149	4577	0.0000000000
354	FT911-12-4150	4578	0.0000000000
354	FT911-12-4152	4579	0.0000000000
354	FT911-12-4153	4580	0.0000000000
354	FT911-12-4154	4581	0.0000000000
354	FT911-12-4155	4582	0.0000000000
354	FT911-12-4156	4583	0.0000000000
354	FT911-12-4157	4584	0.0000000000
354	FT911-12-4158	4585	0.0000000000
354	FT911-12-4159	4586	0.0000000000
354	FT911-12-4160	4587	0.0000000000
354	FT911-12-4162	4588	0.0000000000
354	FT911-12-4163	4589	0.0000000000
354	FT911-12-4164	4590	0.0000000000
354	FT911-12-4166	4591	0.0000000000
354	FT911-12-4167	4592	0.0000000000
354	FT911-12-4168	4593	0.0000000000
354	FT911-12-4169	4594	0.0000000000
354	FT911-12-4178	4595	0.0000000000
354	FT911-12-4179	4596	0.0000000000
354	FT911-12-4181	4597	0.0000000000
354	FT911-12-4183	4598	0.0000000000
354	FT911-12-4184	4599	0.0000000000
354	FT911-12-4185	4600	0.0000000000
354	FT911-12-4187	4601	0.0000000000
354	FT911-12-4188	4602	0.0000000000
354	FT911-12-4192	4603	0.0000000000
354	FT911-12-4194	4604	0.0000000000
354	FT911-12-4196	4605	0.0000000000
354	FT911-12-4197	4606	0.0000000000
354	FT911-12-4200	4607	0.0000000000
354	FT911-12-4202	4608	0.0000000000
354	FT911-12-4203	4609	0.0000000000
354	FT911-12-4204	4610	0.0000000000
354	FT911-12-4207	4611	0.0000000000
354	FT911-12-4208	4612	0.0000000000
354	FT911-12-4209	4613	0.0000000000
354	FT911-12-4210	4614	0.0000000000
354	FT911-12-4211	4615	0.0000000000
354	FT911-12-4212	4616	0.0000000000
354	FT911-12-4214	4617	0.0000000000
354	FT911-12-4215	4618	0.0000000000
354	FT911-12-4216	4619	0.0000000000
354	FT911-12-4217	4620	0.0000000000
354	FT911-12-4218	4621	0.0000000000
354	FT911-12-4219	4622	0.0000000000
354	FT911-12-4221	4623	0.0000000000
354	FT911-12-4222	4624	0.0000000000
354	FT911-12-4223	4625	0.0000000000
354	FT911-12-4224	4626	0.0000000000
354	FT911-12-4225	4627	0.0000000000
354	FT911-12-4226	4628	0.0000000000
354	FT911-12-4228	4629	0.0000000000
354	FT911-12-4231	4630	0.0000000000
354	FT911-12-4233	4631	0.0000000000
354	FT911-12-4234	4632	0.0000000000
354	FT911-12-4235	4633	0.0000000000
354	FT911-12-4236	4634	0.0000000000
354	FT911-12-4237	4635	0.0000000000
354	FT911-12-4241	4636	0.0000000000
354	FT911-12-4242	4637	0.0000000000
354	FT911-12-4245	4638	0.0000000000
354	FT911-12-4246	4639	0.0000000000
354	FT911-12-4247	4640	0.0000000000
354	FT911-12-4248	4641	0.0000000000
354	FT911-12-4249	4642	0.0000000000
354	FT911-12-4251	4643	0.0000000000
354	FT911-12-4252	4644	0.0000000000
354	FT911-12-4253	4645	0.0000000000
354	FT911-12-4254	4646	0.0000000000
354	FT911-12-4255	4647	0.0000000000
354	FT911-12-4256	4648	0.0000000000
354	FT911-12-4257	4649	0.0000000000
354	FT911-12-4258	4650	0.0000000000
354	FT911-12-4259	4651	0.0000000000
354	FT911-12-4260	4652	0.0000000000
354	FT911-12-4261	4653	0.0000000000
354	FT911-12-4262	4654	0.0000000000
354	FT911-12-4263	4655	0.0000000000
354	FT911-12-4264	4656	0.0000000000
354	FT911-12-4265	4657	0.0000000000
354	FT911-12-4266	4658	0.0000000000
354	FT911-12-4267	4659	0.0000000000
354	FT911-12-4268	4660	0.0000000000
354	FT911-12-4271	4661	0.0000000000
354	FT911-12-4272	4662	0.0000000000
354	FT911-12-4274	4663	0.0000000000
354	FT911-12-4275	4664	0.0000000000
354	FT911-12-4276	4665	0.0000000000
354	FT911-12-4277	4666	0.0000000000
354	FT911-12-4279	4667	0.0000000000
354	FT911-12-4280	4668	0.0000000000
354	FT911-12-4281	4669	0.0000000000
354	FT911-12-4283	4670	0.0000000000
354	FT911-12-4284	4671	0.0000000000
354	FT911-12-4285	4672	0.0000000000
354	FT911-12-4286	4673	0.0000000000
354	FT911-12-4288	4674	0.0000000000
354	FT911-12-4289	4675	0.0000000000
354	FT911-12-4291	4676	0.0000000000
354	FT911-12-4292	4677	0.0000000000
354	FT911-12-4293	4678	0.0000000000
354	FT911-12-4294	4679	0.0000000000
354	FT911-12-4295	4680	0.0000000000
354	FT911-12-4297	4681	0.0000000000
354	FT911-12-4298	4682	0.0000000000
354	FT911-12-4299	4683	0.0000000000
354	FT911-12-4300	4684	0.0000000000
354	FT911-12-4301	4685	0.0000000000
354	FT911-12-4302	4686	0.0000000000
354	FT911-12-4304	4687	0.0000000000
354	FT911-12-4305	4688	0.0000000000
354	FT911-12-4306	4689	0.0000000000
354	FT911-12-4307	4690	0.0000000000
354	FT911-12-4308	4691	0.0000000000
354	FT911-12-4309	4692	0.0000000000
354	FT911-12-4311	4693	0.0000000000
354	FT911-12-4314	4694	0.0000000000
354	FT911-12-4315	4695	0.0000000000
354	FT911-12-4316	4696	0.0000000000
354	FT911-12-4317	4697	0.0000000000
354	FT911-12-4320	4698	0.0000000000
354	FT911-12-4322	4699	0.0000000000
354	FT911-12-4323	4700	0.0000000000
354	FT911-12-4324	4701	0.0000000000
354	FT911-12-4325	4702	0.0000000000
354	FT911-12-4326	4703	0.0000000000
354	FT911-12-4327	4704	0.0000000000
354	FT911-12-4328	4705	0.0000000000
354	FT911-12-4329	4706	0.0000000000
354	FT911-12-4330	4707	0.0000000000
354	FT911-12-4331	4708	0.0000000000
354	FT911-12-4332	4709	0.0000000000
354	FT911-12-4333	4710	0.0000000000
354	FT911-12-4334	4711	0.0000000000
354	FT911-12-4335	4712	0.0000000000
354	FT911-12-4336	4713	0.0000000000
354	FT911-12-4337	4714	0.0000000000
354	FT911-12-4338	4715	0.0000000000
354	FT911-12-4339	4716	0.0000000000
354	FT911-12-4341	4717	0.0000000000
354	FT911-12-4342	4718	0.0000000000
354	FT911-12-4343	4719	0.0000000000
354	FT911-12-4344	4720	0.0000000000
354	FT911-12-4345	4721	0.0000000000
354	FT911-12-4346	4722	0.0000000000
354	FT911-12-4347	4723	0.0000000000
354	FT911-12-4348	4724	0.0000000000
354	FT911-12-4349	4725	0.0000000000
354	FT911-12-4350	4726	0.0000000000
354	FT911-12-4351	4727	0.0000000000
354	FT911-12-4352	4728	0.0000000000
354	FT911-12-4353	4729	0.0000000000
354	FT911-12-4355	4730	0.0000000000
354	FT911-12-4356	4731	0.0000000000
354	FT911-12-4357	4732	0.0000000000
354	FT911-12-4358	4733	0.0000000000
354	FT911-12-4365	4734	0.0000000000
354	FT911-13-4366	4735	0.0000000000
354	FT911-13-4367	4736	0.0000000000
354	FT911-13-4368	4737	0.0000000000
354	FT911-13-4369	4738	0.0000000000
354	FT911-13-4372	4739	0.0000000000
354	FT911-13-4376	4740	0.0000000000
354	FT911-13-4377	4741	0.0000000000
354	FT911-13-4378	4742	0.0000000000
354	FT911-13-4379	4743	0.0000000000
354	FT911-13-4380	4744	0.0000000000
354	FT911-13-4381	4745	0.0000000000
354	FT911-13-4383	4746	0.0000000000
354	FT911-13-4387	4747	0.0000000000
354	FT911-13-4388	4748	0.0000000000
354	FT911-13-4391	4749	0.0000000000
354	FT911-13-4392	4750	0.0000000000
354	FT911-13-4393	4751	0.0000000000
354	FT911-13-4395	4752	0.0000000000
354	FT911-13-4397	4753	0.0000000000
354	FT911-13-4398	4754	0.0000000000
354	FT911-13-4399	4755	0.0000000000
354	FT911-13-4400	4756	0.0000000000
354	FT911-13-4401	4757	0.0000000000
354	FT911-13-4402	4758	0.0000000000
354	FT911-13-4403	4759	0.0000000000
354	FT911-13-4405	4760	0.0000000000
354	FT911-13-4406	4761	0.0000000000
354	FT911-13-4407	4762	0.0000000000
354	FT911-13-4408	4763	0.0000000000
354	FT911-13-4409	4764	0.0000000000
354	FT911-13-4410	4765	0.0000000000
354	FT911-13-4411	4766	0.0000000000
354	FT911-13-4413	4767	0.0000000000
354	FT911-13-4415	4768	0.0000000000
354	FT911-13-4416	4769	0.0000000000
354	FT911-13-4419	4770	0.0000000000
354	FT911-13-4420	4771	0.0000000000
354	FT911-13-4421	4772	0.0000000000
354	FT911-13-4422	4773	0.0000000000
354	FT911-13-4424	4774	0.0000000000
354	FT911-13-4425	4775	0.0000000000
354	FT911-13-4430	4776	0.0000000000
354	FT911-13-4431	4777	0.0000000000
354	FT911-13-4432	4778	0.0000000000
354	FT911-13-4433	4779	0.0000000000
354	FT911-13-4435	4780	0.0000000000
354	FT911-13-4436	4781	0.0000000000
354	FT911-13-4438	4782	0.0000000000
354	FT911-13-4439	4783	0.0000000000
354	FT911-13-4441	4784	0.0000000000
354	FT911-13-4443	4785	0.0000000000
354	FT911-13-4446	4786	0.0000000000
354	FT911-13-4453	4787	0.0000000000
354	FT911-13-4454	4788	0.0000000000
354	FT911-13-4455	4789	0.0000000000
354	FT911-13-4456	4790	0.0000000000
354	FT911-13-4457	4791	0.0000000000
354	FT911-13-4458	4792	0.0000000000
354	FT911-13-4463	4793	0.0000000000
354	FT911-13-4473	4794	0.0000000000
354	FT911-13-4474	4795	0.0000000000
354	FT911-13-4475	4796	0.0000000000
354	FT911-13-4477	4797	0.0000000000
354	FT911-13-4478	4798	0.0000000000
354	FT911-13-4479	4799	0.0000000000
354	FT911-13-4482	4800	0.0000000000
354	FT911-13-4484	4801	0.0000000000
354	FT911-13-4485	4802	0.0000000000
354	FT911-13-4486	4803	0.0000000000
354	FT911-13-4487	4804	0.0000000000
354	FT911-13-4488	4805	0.0000000000
354	FT911-13-4489	4806	0.0000000000
354	FT911-13-4490	4807	0.0000000000
354	FT911-13-4493	4808	0.0000000000
354	FT911-13-4495	4809	0.0000000000
354	FT911-13-4496	4810	0.0000000000
354	FT911-13-4497	4811	0.0000000000
354	FT911-13-4498	4812	0.0000000000
354	FT911-13-4503	4813	0.0000000000
354	FT911-13-4504	4814	0.0000000000
354	FT911-13-4505	4815	0.0000000000
354	FT911-13-4506	4816	0.0000000000
354	FT911-13-4509	4817	0.0000000000
354	FT911-13-4510	4818	0.0000000000
354	FT911-13-4511	4819	0.0000000000
354	FT911-13-4512	4820	0.0000000000
354	FT911-13-4513	4821	0.0000000000
354	FT911-13-4515	4822	0.0000000000
354	FT911-13-4521	4823	0.0000000000
354	FT911-13-4524	4824	0.0000000000
354	FT911-13-4525	4825	0.0000000000
354	FT911-13-4526	4826	0.0000000000
354	FT911-13-4527	4827	0.0000000000
354	FT911-13-4534	4828	0.0000000000
354	FT911-13-4535	4829	0.0000000000
354	FT911-13-4537	4830	0.0000000000
354	FT911-13-4539	4831	0.0000000000
354	FT911-13-4540	4832	0.0000000000
354	FT911-13-4541	4833	0.0000000000
354	FT911-13-4542	4834	0.0000000000
354	FT911-13-4543	4835	0.0000000000
354	FT911-13-4545	4836	0.0000000000
354	FT911-13-4547	4837	0.0000000000
354	FT911-13-4548	4838	0.0000000000
354	FT911-13-4549	4839	0.0000000000
354	FT911-13-4552	4840	0.0000000000
354	FT911-13-4553	4841	0.0000000000
354	FT911-13-4554	4842	0.0000000000
354	FT911-13-4555	4843	0.0000000000
354	FT911-13-4556	4844	0.0000000000
354	FT911-13-4557	4845	0.0000000000
354	FT911-13-4558	4846	0.0000000000
354	FT911-13-4559	4847	0.0000000000
354	FT911-13-4562	4848	0.0000000000
354	FT911-13-4567	4849	0.0000000000
354	FT911-13-4568	4850	0.0000000000
354	FT911-13-4573	4851	0.0000000000
354	FT911-13-4574	4852	0.0000000000
354	FT911-13-4576	4853	0.0000000000
354	FT911-13-4577	4854	0.0000000000
354	FT911-13-4578	4855	0.0000000000
354	FT911-13-4579	4856	0.0000000000
354	FT911-13-4580	4857	0.0000000000
354	FT911-13-4581	4858	0.0000000000
354	FT911-13-4583	4859	0.0000000000
354	FT911-13-4584	4860	0.0000000000
354	FT911-13-4586	4861	0.0000000000
354	FT911-13-4588	4862	0.0000000000
354	FT911-13-4590	4863	0.0000000000
354	FT911-13-4591	4864	0.0000000000
354	FT911-13-4592	4865	0.0000000000
354	FT911-13-4594	4866	0.0000000000
354	FT911-13-4595	4867	0.0000000000
354	FT911-13-4597	4868	0.0000000000
354	FT911-13-4606	4869	0.0000000000
354	FT911-13-4607	4870	0.0000000000
354	FT911-13-4608	4871	0.0000000000
354	FT911-13-4610	4872	0.0000000000
354	FT911-13-4611	4873	0.0000000000
354	FT911-13-4612	4874	0.0000000000
354	FT911-13-4613	4875	0.0000000000
354	FT911-13-4614	4876	0.0000000000
354	FT911-13-4615	4877	0.0000000000
354	FT911-13-4616	4878	0.0000000000
354	FT911-13-4617	4879	0.0000000000
354	FT911-13-4620	4880	0.0000000000
354	FT911-13-4621	4881	0.0000000000
354	FT911-13-4622	4882	0.0000000000
354	FT911-13-4624	4883	0.0000000000
354	FT911-13-4627	4884	0.0000000000
354	FT911-13-4630	4885	0.0000000000
354	FT911-13-4631	4886	0.0000000000
354	FT911-13-4632	4887	0.0000000000
354	FT911-13-4633	4888	0.0000000000
354	FT911-13-4634	4889	0.0000000000
354	FT911-13-4635	4890	0.0000000000
354	FT911-13-4636	4891	0.0000000000
354	FT911-13-4637	4892	0.0000000000
354	FT911-13-4643	4893	0.0000000000
354	FT911-13-4644	4894	0.0000000000
354	FT911-13-4646	4895	0.0000000000
354	FT911-13-4650	4896	0.0000000000
354	FT911-13-4652	4897	0.0000000000
354	FT911-13-4653	4898	0.0000000000
354	FT911-13-4655	4899	0.0000000000
354	FT911-13-4656	4900	0.0000000000
354	FT911-13-4657	4901	0.0000000000
354	FT911-13-4658	4902	0.0000000000
354	FT911-13-4659	4903	0.0000000000
354	FT911-13-4662	4904	0.0000000000
354	FT911-13-4663	4905	0.0000000000
354	FT911-13-4664	4906	0.0000000000
354	FT911-13-4666	4907	0.0000000000
354	FT911-13-4667	4908	0.0000000000
354	FT911-13-4668	4909	0.0000000000
354	FT911-13-4669	4910	0.0000000000
354	FT911-13-4671	4911	0.0000000000
354	FT911-13-4672	4912	0.0000000000
354	FT911-13-4673	4913	0.0000000000
354	FT911-13-4675	4914	0.0000000000
354	FT911-13-4676	4915	0.0000000000
354	FT911-13-4678	4916	0.0000000000
354	FT911-13-4679	4917	0.0000000000
354	FT911-13-4680	4918	0.0000000000
354	FT911-13-4682	4919	0.0000000000
354	FT911-13-4687	4920	0.0000000000
354	FT911-13-4688	4921	0.0000000000
354	FT911-13-4693	4922	0.0000000000
354	FT911-13-4696	4923	0.0000000000
354	FT911-13-4699	4924	0.0000000000
354	FT911-13-4700	4925	0.0000000000
354	FT911-13-4701	4926	0.0000000000
354	FT911-13-4702	4927	0.0000000000
354	FT911-13-4703	4928	0.0000000000
354	FT911-13-4704	4929	0.0000000000
354	FT911-13-4705	4930	0.0000000000
354	FT911-13-4706	4931	0.0000000000
354	FT911-13-4707	4932	0.0000000000
354	FT911-13-4709	4933	0.0000000000
354	FT911-13-4710	4934	0.0000000000
354	FT911-13-4711	4935	0.0000000000
354	FT911-13-4712	4936	0.0000000000
354	FT911-13-4713	4937	0.0000000000
354	FT911-13-4714	4938	0.0000000000
354	FT911-13-4715	4939	0.0000000000
354	FT911-13-4717	4940	0.0000000000
354	FT911-13-4718	4941	0.0000000000
354	FT911-13-4720	4942	0.0000000000
354	FT911-13-4721	4943	0.0000000000
354	FT911-13-4729	4944	0.0000000000
354	FT911-13-4732	4945	0.0000000000
354	FT911-13-4733	4946	0.0000000000
354	FT911-13-4738	4947	0.0000000000
354	FT911-13-4739	4948	0.0000000000
354	FT911-13-4741	4949	0.0000000000
354	FT911-13-4742	4950	0.0000000000
354	FT911-13-4745	4951	0.0000000000
354	FT911-13-4747	4952	0.0000000000
354	FT911-13-4748	4953	0.0000000000
354	FT911-14-4749	4954	0.0000000000
354	FT911-14-4751	4955	0.0000000000
354	FT911-14-4752	4956	0.0000000000
354	FT911-14-4755	4957	0.0000000000
354	FT911-14-4757	4958	0.0000000000
354	FT911-14-4758	4959	0.0000000000
354	FT911-14-4759	4960	0.0000000000
354	FT911-14-4760	4961	0.0000000000
354	FT911-14-4761	4962	0.0000000000
354	FT911-14-4763	4963	0.0000000000
354	FT911-14-4764	4964	0.0000000000
354	FT911-14-4766	4965	0.0000000000
354	FT911-14-4767	4966	0.0000000000
354	FT911-14-4769	4967	0.0000000000
354	FT911-14-4770	4968	0.0000000000
354	FT911-14-4771	4969	0.0000000000
354	FT911-14-4773	4970	0.0000000000
354	FT911-14-4774	4971	0.0000000000
354	FT911-14-4775	4972	0.0000000000
354	FT911-14-4776	4973	0.0000000000
354	FT911-14-4777	4974	0.0000000000
354	FT911-14-4778	4975	0.0000000000
354	FT911-14-4779	4976	0.0000000000
354	FT911-14-4780	4977	0.0000000000
354	FT911-14-4781	4978	0.0000000000
354	FT911-14-4788	4979	0.0000000000
354	FT911-14-4789	4980	0.0000000000
354	FT911-14-4790	4981	0.0000000000
354	FT911-14-4791	4982	0.0000000000
354	FT911-14-4792	4983	0.0000000000
354	FT911-14-4793	4984	0.0000000000
354	FT911-14-4794	4985	0.0000000000
354	FT911-14-4796	4986	0.0000000000
354	FT911-14-4799	4987	0.0000000000
354	FT911-14-4802	4988	0.0000000000
354	FT911-14-4804	4989	0.0000000000
354	FT911-14-4805	4990	0.0000000000
354	FT911-14-4806	4991	0.0000000000
354	FT911-14-4807	4992	0.0000000000
354	FT911-14-4808	4993	0.0000000000
354	FT911-14-4809	4994	0.0000000000
354	FT911-14-4810	4995	0.0000000000
354	FT911-14-4811	4996	0.0000000000
354	FT911-14-4812	4997	0.0000000000
354	FT911-14-4813	4998	0.0000000000
354	FT911-14-4814	4999	0.0000000000
354	FT911-14-4816	5000	0.0000000000
354	FT911-14-4817	5001	0.0000000000
354	FT911-14-4818	5002	0.0000000000
354	FT911-14-4819	5003	0.0000000000
354	FT911-14-4820	5004	0.0000000000
354	FT911-14-4821	5005	0.0000000000
354	FT911-14-4822	5006	0.0000000000
354	FT911-14-4823	5007	0.0000000000
354	FT911-14-4825	5008	0.0000000000
354	FT911-14-4826	5009	0.0000000000
354	FT911-14-4827	5010	0.0000000000
354	FT911-14-4828	5011	0.0000000000
354	FT911-14-4829	5012	0.0000000000
354	FT911-14-4832	5013	0.0000000000
354	FT911-14-4835	5014	0.0000000000
354	FT911-14-4836	5015	0.0000000000
354	FT911-14-4837	5016	0.0000000000
354	FT911-14-4838	5017	0.0000000000
354	FT911-14-4839	5018	0.0000000000
354	FT911-14-4840	5019	0.0000000000
354	FT911-14-4842	5020	0.0000000000
354	FT911-14-4843	5021	0.0000000000
354	FT911-14-4844	5022	0.0000000000
354	FT911-14-4845	5023	0.0000000000
354	FT911-14-4846	5024	0.0000000000
354	FT911-14-4847	5025	0.0000000000
354	FT911-14-4848	5026	0.0000000000
354	FT911-14-4849	5027	0.0000000000
354	FT911-14-4850	5028	0.0000000000
354	FT911-14-4853	5029	0.0000000000
354	FT911-14-4857	5030	0.0000000000
354	FT911-14-4859	5031	0.0000000000
354	FT911-14-4867	5032	0.0000000000
354	FT911-14-4869	5033	0.0000000000
354	FT911-14-4870	5034	0.0000000000
354	FT911-14-4871	5035	0.0000000000
354	FT911-14-4872	5036	0.0000000000
354	FT911-14-4875	5037	0.0000000000
354	FT911-14-4876	5038	0.0000000000
354	FT911-14-4879	5039	0.0000000000
354	FT911-14-4880	5040	0.0000000000
354	FT911-14-4881	5041	0.0000000000
354	FT911-14-4882	5042	0.0000000000
354	FT911-14-4883	5043	0.0000000000
354	FT911-14-4884	5044	0.0000000000
354	FT911-14-4886	5045	0.0000000000
354	FT911-14-4888	5046	0.0000000000
354	FT911-14-4889	5047	0.0000000000
354	FT911-14-4890	5048	0.0000000000
354	FT911-14-4891	5049	0.0000000000
354	FT911-14-4892	5050	0.0000000000
354	FT911-14-4893	5051	0.0000000000
354	FT911-14-4894	5052	0.0000000000
354	FT911-14-4895	5053	0.0000000000
354	FT911-14-4896	5054	0.0000000000
354	FT911-14-4897	5055	0.0000000000
354	FT911-14-4898	5056	0.0000000000
354	FT911-14-4899	5057	0.0000000000
354	FT911-14-4900	5058	0.0000000000
354	FT911-14-4901	5059	0.0000000000
354	FT911-14-4903	5060	0.0000000000
354	FT911-14-4904	5061	0.0000000000
354	FT911-14-4905	5062	0.0000000000
354	FT911-14-4906	5063	0.0000000000
354	FT911-14-4907	5064	0.0000000000
354	FT911-14-4908	5065	0.0000000000
354	FT911-14-4909	5066	0.0000000000
354	FT911-14-4910	5067	0.0000000000
354	FT911-14-4911	5068	0.0000000000
354	FT911-14-4914	5069	0.0000000000
354	FT911-14-4915	5070	0.0000000000
354	FT911-14-4916	5071	0.0000000000
354	FT911-14-4917	5072	0.0000000000
354	FT911-14-4918	5073	0.0000000000
354	FT911-14-4919	5074	0.0000000000
354	FT911-14-4920	5075	0.0000000000
354	FT911-14-4921	5076	0.0000000000
354	FT911-14-4922	5077	0.0000000000
354	FT911-14-4923	5078	0.0000000000
354	FT911-14-4924	5079	0.0000000000
354	FT911-14-4926	5080	0.0000000000
354	FT911-14-4927	5081	0.0000000000
354	FT911-14-4928	5082	0.0000000000
354	FT911-14-4929	5083	0.0000000000
354	FT911-14-4931	5084	0.0000000000
354	FT911-14-4932	5085	0.0000000000
354	FT911-14-4933	5086	0.0000000000
354	FT911-14-4937	5087	0.0000000000
354	FT911-14-4938	5088	0.0000000000
354	FT911-14-4942	5089	0.0000000000
354	FT911-14-4943	5090	0.0000000000
354	FT911-14-4945	5091	0.0000000000
354	FT911-14-4949	5092	0.0000000000
354	FT911-14-4950	5093	0.0000000000
354	FT911-14-4951	5094	0.0000000000
354	FT911-14-4954	5095	0.0000000000
354	FT911-14-4955	5096	0.0000000000
354	FT911-14-4956	5097	0.0000000000
354	FT911-14-4959	5098	0.0000000000
354	FT911-14-4960	5099	0.0000000000
354	FT911-14-4961	5100	0.0000000000
354	FT911-14-4962	5101	0.0000000000
354	FT911-14-4965	5102	0.0000000000
354	FT911-14-4966	5103	0.0000000000
354	FT911-14-4967	5104	0.0000000000
354	FT911-14-4968	5105	0.0000000000
354	FT911-14-4969	5106	0.0000000000
354	FT911-14-4970	5107	0.0000000000
354	FT911-14-4971	5108	0.0000000000
354	FT911-14-4972	5109	0.0000000000
354	FT911-14-4973	5110	0.0000000000
354	FT911-14-4974	5111	0.0000000000
354	FT911-14-4976	5112	0.0000000000
354	FT911-14-4977	5113	0.0000000000
354	FT911-14-4978	5114	0.0000000000
354	FT911-14-4979	5115	0.0000000000
354	FT911-14-4981	5116	0.0000000000
354	FT911-14-4982	5117	0.0000000000
354	FT911-14-4983	5118	0.0000000000
354	FT911-14-4984	5119	0.0000000000
354	FT911-14-4985	5120	0.0000000000
354	FT911-14-4986	5121	0.0000000000
354	FT911-14-4988	5122	0.0000000000
354	FT911-14-4991	5123	0.0000000000
354	FT911-14-4992	5124	0.0000000000
354	FT911-14-4993	5125	0.0000000000
354	FT911-14-4994	5126	0.0000000000
354	FT911-14-4998	5127	0.0000000000
354	FT911-14-4999	5128	0.0000000000
354	FT911-14-5001	5129	0.0000000000
354	FT911-14-5002	5130	0.0000000000
354	FT911-14-5003	5131	0.0000000000
354	FT911-14-5004	5132	0.0000000000
354	FT911-14-5006	5133	0.0000000000
354	FT911-14-5008	5134	0.0000000000
354	FT911-14-5010	5135	0.0000000000
354	FT911-14-5011	5136	0.0000000000
354	FT911-14-5012	5137	0.0000000000
354	FT911-14-5013	5138	0.0000000000
354	FT911-14-5016	5139	0.0000000000
354	FT911-14-5017	5140	0.0000000000
354	FT911-14-5020	5141	0.0000000000
354	FT911-14-5021	5142	0.0000000000
354	FT911-14-5022	5143	0.0000000000
354	FT911-14-5031	5144	0.0000000000
354	FT911-14-5032	5145	0.0000000000
354	FT911-14-5033	5146	0.0000000000
354	FT911-14-5034	5147	0.0000000000
354	FT911-14-5035	5148	0.0000000000
354	FT911-14-5036	5149	0.0000000000
354	FT911-14-5041	5150	0.0000000000
354	FT911-14-5042	5151	0.0000000000
354	FT911-14-5043	5152	0.0000000000
354	FT911-14-5044	5153	0.0000000000
354	FT911-14-5045	5154	0.0000000000
354	FT911-14-5046	5155	0.0000000000
354	FT911-14-5047	5156	0.0000000000
354	FT911-14-5049	5157	0.0000000000
354	FT911-14-5051	5158	0.0000000000
354	FT911-14-5052	5159	0.0000000000
354	FT911-14-5053	5160	0.0000000000
354	FT911-14-5054	5161	0.0000000000
354	FT911-14-5055	5162	0.0000000000
354	FT911-14-5056	5163	0.0000000000
354	FT911-14-5057	5164	0.0000000000
354	FT911-14-5059	5165	0.0000000000
354	FT911-14-5060	5166	0.0000000000
354	FT911-14-5064	5167	0.0000000000
354	FT911-14-5066	5168	0.0000000000
354	FT911-14-5068	5169	0.0000000000
354	FT911-14-5069	5170	0.0000000000
354	FT911-14-5071	5171	0.0000000000
354	FT911-14-5072	5172	0.0000000000
354	FT911-14-5073	5173	0.0000000000
354	FT911-14-5074	5174	0.0000000000
354	FT911-14-5075	5175	0.0000000000
354	FT911-14-5076	5176	0.0000000000
354	FT911-14-5077	5177	0.0000000000
354	FT911-14-5078	5178	0.0000000000
354	FT911-14-5081	5179	0.0000000000
354	FT911-14-5082	5180	0.0000000000
354	FT911-14-5084	5181	0.0000000000
354	FT911-14-5087	5182	0.0000000000
354	FT911-14-5089	5183	0.0000000000
354	FT911-14-5090	5184	0.0000000000
354	FT911-14-5091	5185	0.0000000000
354	FT911-14-5092	5186	0.0000000000
354	FT911-14-5093	5187	0.0000000000
354	FT911-14-5094	5188	0.0000000000
354	FT911-14-5095	5189	0.0000000000
354	FT911-14-5096	5190	0.0000000000
354	FT911-14-5097	5191	0.0000000000
354	FT911-14-5098	5192	0.0000000000
354	FT911-14-5099	5193	0.0000000000
354	FT911-14-5100	5194	0.0000000000
354	FT911-14-5101	5195	0.0000000000
354	FT911-14-5102	5196	0.0000000000
354	FT911-14-5103	5197	0.0000000000
354	FT911-14-5104	5198	0.0000000000
354	FT911-14-5105	5199	0.0000000000
354	FT911-14-5106	5200	0.0000000000
354	FT911-14-5108	5201	0.0000000000
354	FT911-14-5119	5202	0.0000000000
354	FT911-14-5125	5203	0.0000000000
354	FT911-14-5126	5204	0.0000000000
354	FT911-15-5132	5205	0.0000000000
354	FT911-15-5133	5206	0.0000000000
354	FT911-15-5137	5207	0.0000000000
354	FT911-15-5139	5208	0.0000000000
354	FT911-15-5143	5209	0.0000000000
354	FT911-15-5151	5210	0.0000000000
354	FT911-15-5153	5211	0.0000000000
354	FT911-15-5155	5212	0.0000000000
354	FT911-15-5156	5213	0.0000000000
354	FT911-15-5157	5214	0.0000000000
354	FT911-15-5158	5215	0.0000000000
354	FT911-15-5159	5216	0.0000000000
354	FT911-15-5161	5217	0.0000000000
354	FT911-15-5162	5218	0.0000000000
354	FT911-15-5163	5219	0.0000000000
354	FT911-15-5164	5220	0.0000000000
354	FT911-15-5165	5221	0.0000000000
354	FT911-15-5166	5222	0.0000000000
354	FT911-15-5169	5223	0.0000000000
354	FT911-15-5170	5224	0.0000000000
354	FT911-15-5171	5225	0.0000000000
354	FT911-15-5172	5226	0.0000000000
354	FT911-15-5174	5227	0.0000000000
354	FT911-15-5175	5228	0.0000000000
354	FT911-15-5176	5229	0.0000000000
354	FT911-15-5178	5230	0.0000000000
354	FT911-15-5179	5231	0.0000000000
354	FT911-15-5180	5232	0.0000000000
354	FT911-15-5181	5233	0.0000000000
354	FT911-15-5182	5234	0.0000000000
354	FT911-15-5183	5235	0.0000000000
354	FT911-15-5184	5236	0.0000000000
354	FT911-15-5185	5237	0.0000000000
354	FT911-15-5186	5238	0.0000000000
354	FT911-15-5188	5239	0.0000000000
354	FT911-15-5189	5240	0.0000000000
354	FT911-15-5190	5241	0.0000000000
354	FT911-15-5191	5242	0.0000000000
354	FT911-15-5192	5243	0.0000000000
354	FT911-15-5194	5244	0.0000000000
354	FT911-15-5195	5245	0.0000000000
354	FT911-15-5196	5246	0.0000000000
354	FT911-15-5197	5247	0.0000000000
354	FT911-15-5198	5248	0.0000000000
354	FT911-15-5199	5249	0.0000000000
354	FT911-15-5200	5250	0.0000000000
354	FT911-15-5201	5251	0.0000000000
354	FT911-15-5202	5252	0.0000000000
354	FT911-15-5204	5253	0.0000000000
354	FT911-15-5208	5254	0.0000000000
354	FT911-15-5209	5255	0.0000000000
354	FT911-15-5210	5256	0.0000000000
354	FT911-15-5212	5257	0.0000000000
354	FT911-15-5213	5258	0.0000000000
354	FT911-15-5214	5259	0.0000000000
354	FT911-15-5215	5260	0.0000000000
354	FT911-15-5217	5261	0.0000000000
354	FT911-15-5218	5262	0.0000000000
354	FT911-15-5220	5263	0.0000000000
354	FT911-15-5221	5264	0.0000000000
354	FT911-15-5222	5265	0.0000000000
354	FT911-15-5223	5266	0.0000000000
354	FT911-15-5224	5267	0.0000000000
354	FT911-15-5225	5268	0.0000000000
354	FT911-15-5226	5269	0.0000000000
354	FT911-15-5227	5270	0.0000000000
354	FT911-15-5228	5271	0.0000000000
354	FT911-15-5229	5272	0.0000000000
354	FT911-15-5230	5273	0.0000000000
354	FT911-15-5231	5274	0.0000000000
354	FT911-15-5234	5275	0.0000000000
354	FT911-15-5235	5276	0.0000000000
354	FT911-15-5236	5277	0.0000000000
354	FT911-15-5239	5278	0.0000000000
354	FT911-15-5240	5279	0.0000000000
354	FT911-15-5242	5280	0.0000000000
354	FT911-15-5243	5281	0.0000000000
354	FT911-15-5244	5282	0.0000000000
354	FT911-15-5247	5283	0.0000000000
354	FT911-15-5249	5284	0.0000000000
354	FT911-15-5251	5285	0.0000000000
354	FT911-15-5252	5286	0.0000000000
354	FT911-15-5253	5287	0.0000000000
354	FT911-15-5254	5288	0.0000000000
354	FT911-15-5256	5289	0.0000000000
354	FT911-15-5257	5290	0.0000000000
354	FT911-15-5260	5291	0.0000000000
354	FT911-15-5261	5292	0.0000000000
354	FT911-15-5264	5293	0.0000000000
354	FT911-15-5265	5294	0.0000000000
354	FT911-15-5266	5295	0.0000000000
354	FT911-15-5268	5296	0.0000000000
354	FT911-15-5269	5297	0.0000000000
354	FT911-15-5270	5298	0.0000000000
354	FT911-15-5271	5299	0.0000000000
354	FT911-15-5276	5300	0.0000000000
354	FT911-15-5277	5301	0.0000000000
354	FT911-15-5278	5302	0.0000000000
354	FT911-15-5279	5303	0.0000000000
354	FT911-15-5280	5304	0.0000000000
354	FT911-15-5282	5305	0.0000000000
354	FT911-15-5283	5306	0.0000000000
354	FT911-15-5284	5307	0.0000000000
354	FT911-15-5285	5308	0.0000000000
354	FT911-15-5286	5309	0.0000000000
354	FT911-15-5289	5310	0.0000000000
354	FT911-15-5292	5311	0.0000000000
354	FT911-15-5293	5312	0.0000000000
354	FT911-15-5294	5313	0.0000000000
354	FT911-15-5296	5314	0.0000000000
354	FT911-15-5297	5315	0.0000000000
354	FT911-15-5298	5316	0.0000000000
354	FT911-15-5299	5317	0.0000000000
354	FT911-15-5300	5318	0.0000000000
354	FT911-15-5301	5319	0.0000000000
354	FT911-15-5302	5320	0.0000000000
354	FT911-15-5303	5321	0.0000000000
354	FT911-15-5304	5322	0.0000000000
354	FT911-15-5305	5323	0.0000000000
354	FT911-15-5309	5324	0.0000000000
354	FT911-15-5310	5325	0.0000000000
354	FT911-15-5311	5326	0.0000000000
354	FT911-15-5313	5327	0.0000000000
354	FT911-15-5314	5328	0.0000000000
354	FT911-15-5315	5329	0.0000000000
354	FT911-15-5316	5330	0.0000000000
354	FT911-15-5317	5331	0.0000000000
354	FT911-15-5318	5332	0.0000000000
354	FT911-15-5319	5333	0.0000000000
354	FT911-15-5320	5334	0.0000000000
354	FT911-15-5321	5335	0.0000000000
354	FT911-15-5322	5336	0.0000000000
354	FT911-15-5323	5337	0.0000000000
354	FT911-15-5324	5338	0.0000000000
354	FT911-15-5327	5339	0.0000000000
354	FT911-15-5328	5340	0.0000000000
354	FT911-15-5329	5341	0.0000000000
354	FT911-15-5330	5342	0.0000000000
354	FT911-15-5332	5343	0.0000000000
354	FT911-15-5333	5344	0.0000000000
354	FT911-15-5334	5345	0.0000000000
354	FT911-15-5335	5346	0.0000000000
354	FT911-15-5336	5347	0.0000000000
354	FT911-15-5338	5348	0.0000000000
354	FT911-15-5341	5349	0.0000000000
354	FT911-15-5343	5350	0.0000000000
354	FT911-15-5345	5351	0.0000000000
354	FT911-15-5346	5352	0.0000000000
354	FT911-15-5347	5353	0.0000000000
354	FT911-15-5348	5354	0.0000000000
354	FT911-15-5350	5355	0.0000000000
354	FT911-15-5351	5356	0.0000000000
354	FT911-15-5352	5357	0.0000000000
354	FT911-15-5353	5358	0.0000000000
354	FT911-15-5354	5359	0.0000000000
354	FT911-15-5356	5360	0.0000000000
354	FT911-15-5359	5361	0.0000000000
354	FT911-15-5360	5362	0.0000000000
354	FT911-15-5361	5363	0.0000000000
354	FT911-15-5362	5364	0.0000000000
354	FT911-15-5363	5365	0.0000000000
354	FT911-15-5364	5366	0.0000000000
354	FT911-15-5366	5367	0.0000000000
354	FT911-15-5367	5368	0.0000000000
359	FT911-6-1846	1	0.1876488043
359	FT911-14-5015	2	0.1645147981
359	FT911-3-1085	3	0.1443742011
359	FT911-5-1711	4	0.1423344124
359	FT911-12-4216	5	0.1422400179
359	FT911-13-4446	6	0.1410145123
359	FT911-12-4182	7	0.1394027352
359	FT911-14-5038	8	0.1359703662
359	FT911-9-2966	9	0.1308007703
359	FT911-12-4089	10	0.1296261801
359	FT911-6-1958	11	0.1263156628
359	FT911-14-5075	12	0.1256819874
359	FT911-8-2629	13	0.1231645894
359	FT911-14-4980	14	0.1228281400
359	FT911-11-3749	15	0.1191327762
359	FT911-2-536	16	0.1172713661
359	FT911-5-1684	17	0.1118583669
359	FT911-15-5327	18	0.1071424748
359	FT911-13-4394	19	0.1051625028
359	FT911-1-224	20	0.1029337610
359	FT911-4-1400	21	0.1025431290
359	FT911-7-2310	22	0.1014869237
359	FT911-6-2012	23	0.1014608671
359	FT911-10-3379	24	0.1001446075
359	FT911-14-4881	25	0.0997242128
359	FT911-7-2401	26	0.0974049947
359	FT911-1-82	27	0.0948293652
359	FT911-3-1039	28	0.0904730799
359	FT911-15-5248	29	0.0892274696
359	FT911-5-1677	30	0.0888945483
359	FT911-11-3738	31	0.0843734064
359	FT911-1-174	32	0.0843650643
359	FT911-14-4759	33	0.0832284210
359	FT911-1-84	34	0.0766363027
359	FT911-5-1682	35	0.0762845401
359	FT911-6-1921	36	0.0749292045
359	FT911-13-4443	37	0.0742565790
359	FT911-6-2049	38	0.0731442566
359	FT911-5-1499	39	0.0728196532
359	FT911-11-3940	40	0.0715231080
359	FT911-10-3386	41	0.0714640986
359	FT911-6-2068	42	0.0712741930
359	FT911-15-5158	43	0.0709599139
359	FT911-2-569	44	0.0692160213
359	FT911-4-1277	45	0.0684059911
359	FT911-13-4473	46	0.0677755477
359	FT911-4-1361	47	0.0675987176
359	FT911-11-3721	48	0.0674060000
359	FT911-11-3959	49	0.0661024629
359	FT911-6-1981	50	0.0628022456
359	FT911-15-5312	51	0.0622405531
359	FT911-3-967	52	0.0608551624
359	FT911-10-3470	53	0.0591127706
359	FT911-10-3643	54	0.0589729613
359	FT911-14-4866	55	0.0587459289
359	FT911-2-509	56	0.0580904991
359	FT911-11-3728	57	0.0578284911
359	FT911-10-3557	58	0.0562373181
359	FT911-6-1912	59	0.0558365133
359	FT911-9-3291	60	0.0550291154
359	FT911-13-4576	61	0.0549075408
359	FT911-11-3853	62	0.0538248318
359	FT911-13-4638	63	0.0533739020
359	FT911-4-1319	64	0.0525741824
359	FT911-1-323	65	0.0523075647
359	FT911-13-4734	66	0.0520102056
359	FT911-2-432	67	0.0513070563
359	FT911-12-4049	68	0.0511102262
359	FT911-5-1506	69	0.0499629917
359	FT911-2-470	70	0.0490566187
359	FT911-12-4188	71	0.0476256451
359	FT911-9-2997	72	0.0456724086
359	FT911-6-2124	73	0.0436317958
359	FT911-12-4223	74	0.0427638195
359	FT911-14-5054	75	0.0421422083
359	FT911-7-2535	76	0.0415315377
359	FT911-13-4578	77	0.0410839610
359	FT911-2-575	78	0.0408821355
359	FT911-5-1540	79	0.0404612009
359	FT911-15-5162	80	0.0398391127
359	FT911-5-1628	81	0.0391544244
359	FT911-8-2794	82	0.0386089900
359	FT911-15-5161	83	0.0383965569
359	FT911-1-56	84	0.0381986401
359	FT911-7-2384	85	0.0375884500
359	FT911-13-4452	86	0.0375151627
359	FT911-5-1640	87	0.0373184429
359	FT911-12-4149	88	0.0353430376
359	FT911-13-4458	89	0.0350846975
359	FT911-1-296	90	0.0349843366
359	FT911-5-1570	91	0.0347918749
359	FT911-9-3213	92	0.0344035448
359	FT911-5-1759	93	0.0343401490
359	FT911-15-5360	94	0.0334953479
359	FT911-7-2254	95	0.0332327056
359	FT911-5-1659	96	0.0328710330
359	FT911-5-1518	97	0.0324374704
359	FT911-10-3454	98	0.0321587602
359	FT911-8-2694	99	0.0316366673
359	FT911-10-3556	100	0.0313420599
359	FT911-1-269	101	0.0307826042
359	FT911-5-1615	102	0.0306547161
359	FT911-10-3437	103	0.0303812827
359	FT911-6-2203	104	0.0301937685
359	FT911-2-523	105	0.0300802449
359	FT911-14-4829	106	0.0299300937
359	FT911-14-4754	107	0.0299251847
359	FT911-10-3693	108	0.0298980160
359	FT911-4-1221	109	0.0298610545
359	FT911-7-2383	110	0.0298610545
359	FT911-9-3277	111	0.0298610545
359	FT911-14-5099	112	0.0298610545
359	FT911-9-2950	113	0.0298422901
359	FT911-1-8	114	0.0298157229
359	FT911-1-237	115	0.0297665060
359	FT911-2-499	116	0.0297665060
359	FT911-3-827	117	0.0297665060
359	FT911-4-1405	118	0.0297665060
359	FT911-5-1671	119	0.0297665060
359	FT911-6-1891	120	0.0297665060
359	FT911-6-2143	121	0.0297665060
359	FT911-11-3918	122	0.0297665060
359	FT911-12-4221	123	0.0297665060
359	FT911-12-4289	124	0.0297665060
359	FT911-14-4777	125	0.0297665060
359	FT911-14-4993	126	0.0297665060
359	FT911-15-5321	127	0.0297665060
359	FT911-14-4958	128	0.0297449514
359	FT911-13-4627	129	0.0295326514
359	FT911-1-176	130	0.0295146823
359	FT911-15-5277	131	0.0293075656
359	FT911-13-4742	132	0.0292765269
359	FT911-2-702	133	0.0291699378
359	FT911-3-883	134	0.0288868626
359	FT911-7-2542	135	0.0287711144
359	FT911-10-3385	136	0.0286615153
359	FT911-5-1797	137	0.0281021793
359	FT911-6-2114	138	0.0281011111
359	FT911-9-3317	139	0.0280216973
359	FT911-14-4955	140	0.0279818829
359	FT911-11-3967	141	0.0279197201
359	FT911-4-1474	142	0.0275929669
359	FT911-10-3611	143	0.0274297576
359	FT911-14-5016	144	0.0273640173
359	FT911-2-404	145	0.0272896295
359	FT911-5-1791	146	0.0272237915
359	FT911-13-4743	147	0.0272201574
359	FT911-7-2599	148	0.0272039194
359	FT911-11-3706	149	0.0271758053
359	FT911-8-2669	150	0.0271499762
359	FT911-2-695	151	0.0269516609
359	FT911-13-4409	152	0.0266489420
359	FT911-12-4024	153	0.0266191029
359	FT911-14-4764	154	0.0266119131
359	FT911-7-2296	155	0.0265699733
359	FT911-2-393	156	0.0264790129
359	FT911-4-1464	157	0.0264610145
359	FT911-2-561	158	0.0264298120
359	FT911-15-5178	159	0.0263620990
359	FT911-13-4679	160	0.0263094059
359	FT911-5-1583	161	0.0262798862
359	FT911-10-3665	162	0.0262423785
359	FT911-12-4197	163	0.0260984021
359	FT911-4-1274	164	0.0260747907
359	FT911-3-796	165	0.0260499556
359	FT911-14-5083	166	0.0259512562
359	FT911-12-4169	167	0.0259447572
359	FT911-10-3675	168	0.0259275541
359	FT911-8-2931	169	0.0258982741
359	FT911-12-4247	170	0.0257364674
359	FT911-9-3058	171	0.0257075154
359	FT911-12-4269	172	0.0256605176
359	FT911-5-1815	173	0.0256419488
359	FT911-2-391	174	0.0256319695
359	FT911-5-1731	175	0.0256287035
359	FT911-12-4215	176	0.0256205867
359	FT911-5-1482	177	0.0255788502
359	FT911-12-4344	178	0.0255600928
359	FT911-7-2514	179	0.0253170451
359	FT911-3-762	180	0.0251374798
359	FT911-12-4017	181	0.0250740283
359	FT911-12-4042	182	0.0250711212
359	FT911-14-4914	183	0.0250663792
359	FT911-4-1292	184	0.0249994453
359	FT911-2-669	185	0.0249785202
359	FT911-11-3954	186	0.0249535906
359	FT911-15-5334	187	0.0249524392
359	FT911-7-2238	188	0.0249460758
359	FT911-7-2581	189	0.0249283035
359	FT911-9-3059	190	0.0249181120
359	FT911-1-229	191	0.0248721477
359	FT911-8-2757	192	0.0248541877
359	FT911-1-58	193	0.0247113313
359	FT911-1-98	194	0.0245580563
359	FT911-5-1717	195	0.0243701862
359	FT911-10-3567	196	0.0243575332
359	FT911-1-1	197	0.0242789489
359	FT911-9-2984	198	0.0242755184
359	FT911-10-3491	199	0.0241206023
359	FT911-14-5082	200	0.0240839942
359	FT911-5-1621	201	0.0239784018
359	FT911-12-4343	202	0.0239707221
359	FT911-14-4822	203	0.0239336689
359	FT911-2-641	204	0.0238340649
359	FT911-2-591	205	0.0238281062
359	FT911-6-1974	206	0.0237646228
359	FT911-14-5012	207	0.0236525559
359	FT911-2-697	208	0.0236497569
359	FT911-8-2680	209	0.0235026992
359	FT911-6-2199	210	0.0234667889
359	FT911-3-1032	211	0.0234171612
359	FT911-8-2654	212	0.0234127010
359	FT911-13-4548	213	0.0233996087
359	FT911-15-5181	214	0.0233658968
359	FT911-4-1184	215	0.0233490503
359	FT911-14-5004	216	0.0233462636
359	FT911-9-3236	217	0.0232445874
359	FT911-12-4251	218	0.0232077842
359	FT911-15-5332	219	0.0231926265
359	FT911-14-4962	220	0.0231319720
359	FT911-15-5343	221	0.0230884207
359	FT911-7-2586	222	0.0230356807
359	FT911-6-1859	223	0.0229910092
359	FT911-9-2970	224	0.0229654150
359	FT911-7-2547	225	0.0229638195
359	FT911-5-1584	226	0.0229437685
359	FT911-9-2989	227	0.0229009181
359	FT911-10-3690	228	0.0228781359
359	FT911-11-3983	229	0.0228769140
359	FT911-10-3341	230	0.0228738722
359	FT911-10-3368	231	0.0228284651
359	FT911-11-3755	232	0.0228127203
359	FT911-11-3772	233	0.0227851949
359	FT911-1-201	234	0.0227824672
359	FT911-5-1712	235	0.0227520633
359	FT911-13-4429	236	0.0227496429
359	FT911-10-3449	237	0.0227454735
359	FT911-13-4610	238	0.0227310051
359	FT911-7-2346	239	0.0227076419
359	FT911-2-398	240	0.0226586100
359	FT911-8-2659	241	0.0226108175
359	FT911-1-241	242	0.0225733617
359	FT911-6-2160	243	0.0225687020
359	FT911-8-2625	244	0.0225673859
359	FT911-12-4314	245	0.0225514624
359	FT911-11-3938	246	0.0224819897
359	FT911-9-3008	247	0.0224204897
359	FT911-7-2317	248	0.0223645129
359	FT911-6-1858	249	0.0223257219
359	FT911-1-307	250	0.0222617722
359	FT911-14-4789	251	0.0222578994
359	FT911-6-1975	252	0.0222164119
359	FT911-4-1312	253	0.0222063584
359	FT911-14-4769	254	0.0221424784
359	FT911-14-5013	255	0.0221417854
359	FT911-5-1627	256	0.0221260926
359	FT911-9-2962	257	0.0221111412
359	FT911-9-3252	258	0.0220968153
359	FT911-10-3688	259	0.0220270895
359	FT911-14-4815	260	0.0219965649
359	FT911-7-2329	261	0.0219818183
359	FT911-11-3735	262	0.0219583997
359	FT911-12-4355	263	0.0219225448
359	FT911-2-410	264	0.0218731101
359	FT911-9-3223	265	0.0218574334
359	FT911-11-3871	266	0.0218514074
359	FT911-9-3128	267	0.0217996575
359	FT911-11-3964	268	0.0217641602
359	FT911-1-311	269	0.0217539330
359	FT911-13-4609	270	0.0217390022
359	FT911-12-4081	271	0.0217091470
359	FT911-7-2413	272	0.0217087525
359	FT911-1-25	273	0.0216710313
359	FT911-10-3683	274	0.0216513765
359	FT911-3-795	275	0.0216426511
359	FT911-15-5251	276	0.0216415857
359	FT911-14-4757	277	0.0216311228
359	FT911-6-1848	278	0.0216302962
359	FT911-11-3757	279	0.0216116368
359	FT911-14-4874	280	0.0216080764
359	FT911-4-1302	281	0.0216063603
359	FT911-2-519	282	0.0215807118
359	FT911-3-953	283	0.0215741027
359	FT911-12-4198	284	0.0215724541
359	FT911-6-1995	285	0.0215559667
359	FT911-15-5195	286	0.0215326122
359	FT911-7-2375	287	0.0215056080
359	FT911-10-3499	288	0.0215008709
359	FT911-4-1296	289	0.0214692575
359	FT911-11-3789	290	0.0214687809
359	FT911-8-2861	291	0.0214427719
359	FT911-4-1132	292	0.0214375322
359	FT911-7-2378	293	0.0213675938
359	FT911-1-249	294	0.0213221225
359	FT911-12-4124	295	0.0213004576
359	FT911-15-5223	296	0.0212681662
359	FT911-13-4623	297	0.0212419075
359	FT911-8-2876	298	0.0212007437
359	FT911-5-1697	299	0.0211700003
359	FT911-1-308	300	0.0210725431
359	FT911-4-1210	301	0.0210697210
359	FT911-7-2246	302	0.0210602955
359	FT911-10-3568	303	0.0210409598
359	FT911-8-2709	304	0.0210355926
359	FT911-12-4358	305	0.0210309497
359	FT911-7-2321	306	0.0210251261
359	FT911-9-3091	307	0.0209617305
359	FT911-7-2522	308	0.0209558050
359	FT911-9-3166	309	0.0209320242
359	FT911-4-1423	310	0.0209297672
359	FT911-14-5108	311	0.0209104246
359	FT911-11-4011	312	0.0209060765
359	FT911-9-2974	313	0.0208714028
359	FT911-7-2327	314	0.0208709852
359	FT911-8-2902	315	0.0208655411
359	FT911-9-3087	316	0.0208627655
359	FT911-1-254	317	0.0208219601
359	FT911-4-1469	318	0.0208198735
359	FT911-10-3517	319	0.0207967860
359	FT911-4-1165	320	0.0207905374
359	FT911-10-3566	321	0.0207409156
359	FT911-5-1788	322	0.0207080858
359	FT911-11-3978	323	0.0207021865
359	FT911-15-5287	324	0.0206639882
359	FT911-6-2004	325	0.0206520725
359	FT911-4-1428	326	0.0206346079
359	FT911-7-2546	327	0.0206213681
359	FT911-4-1125	328	0.0206167771
359	FT911-13-4572	329	0.0206076130
359	FT911-12-4121	330	0.0206033600
359	FT911-12-4359	331	0.0205837715
359	FT911-4-1465	332	0.0205739828
359	FT911-6-1934	333	0.0205690958
359	FT911-8-2935	334	0.0205373727
359	FT911-1-23	335	0.0204861575
359	FT911-9-3255	336	0.0204304081
359	FT911-8-2944	337	0.0204225160
359	FT911-10-3610	338	0.0204223510
359	FT911-14-4801	339	0.0203634714
359	FT911-15-5366	340	0.0202965448
359	FT911-4-1131	341	0.0202945058
359	FT911-11-3966	342	0.0202900199
359	FT911-9-3321	343	0.0202413676
359	FT911-13-4668	344	0.0202275687
359	FT911-14-4832	345	0.0202037249
359	FT911-2-513	346	0.0201985814
359	FT911-14-4790	347	0.0201710737
359	FT911-1-5	348	0.0201450476
359	FT911-15-5282	349	0.0201421258
359	FT911-13-4625	350	0.0201364294
359	FT911-14-4924	351	0.0201297596
359	FT911-1-341	352	0.0200911414
359	FT911-12-4077	353	0.0200888591
359	FT911-4-1359	354	0.0200799206
359	FT911-11-3927	355	0.0200744268
359	FT911-15-5250	356	0.0200586393
359	FT911-13-4719	357	0.0200472128
359	FT911-14-5039	358	0.0200367366
359	FT911-6-2003	359	0.0200244923
359	FT911-14-4867	360	0.0200108362
359	FT911-3-921	361	0.0200102658
359	FT911-15-5344	362	0.0199464128
359	FT911-12-4288	363	0.0199459757
359	FT911-12-4196	364	0.0198695214
359	FT911-6-1943	365	0.0198527506
359	FT911-15-5311	366	0.0197852409
359	FT911-11-3928	367	0.0197801092
359	FT911-6-2064	368	0.0197785874
359	FT911-5-1817	369	0.0197631389
359	FT911-8-2767	370	0.0197516822
359	FT911-14-4912	371	0.0197453357
359	FT911-14-5005	372	0.0197175527
359	FT911-1-177	373	0.0196731862
359	FT911-5-1696	374	0.0196725226
359	FT911-2-463	375	0.0196554595
359	FT911-13-4553	376	0.0196391237
359	FT911-8-2724	377	0.0195859162
359	FT911-10-3689	378	0.0195636896
359	FT911-6-2145	379	0.0195399050
359	FT911-2-405	380	0.0195333130
359	FT911-2-653	381	0.0195290566
359	FT911-3-821	382	0.0195118982
359	FT911-9-3061	383	0.0194667806
359	FT911-4-1202	384	0.0194525496
359	FT911-7-2305	385	0.0194159338
359	FT911-10-3492	386	0.0193699249
359	FT911-11-3865	387	0.0192845949
359	FT911-3-764	388	0.0192633776
359	FT911-11-3864	389	0.0192090082
359	FT911-8-2685	390	0.0191866718
359	FT911-1-348	391	0.0191861404
359	FT911-4-1220	392	0.0191748505
359	FT911-6-1976	393	0.0191728886
359	FT911-15-5197	394	0.0191558179
359	FT911-5-1491	395	0.0191314068
359	FT911-5-1830	396	0.0191199252
359	FT911-11-3952	397	0.0191109971
359	FT911-2-581	398	0.0190939055
359	FT911-4-1371	399	0.0190902482
359	FT911-7-2282	400	0.0190654173
359	FT911-1-212	401	0.0190428301
359	FT911-10-3366	402	0.0190287107
359	FT911-7-2557	403	0.0190114348
359	FT911-14-4875	404	0.0190030955
359	FT911-1-256	405	0.0189429966
359	FT911-12-4032	406	0.0189018563
359	FT911-5-1536	407	0.0188689687
359	FT911-14-4929	408	0.0188628838
359	FT911-14-5043	409	0.0188268963
359	FT911-1-146	410	0.0187741856
359	FT911-3-886	411	0.0187686852
359	FT911-2-407	412	0.0187586590
359	FT911-10-3605	413	0.0187386228
359	FT911-5-1810	414	0.0187264859
359	FT911-12-4200	415	0.0186993167
359	FT911-3-858	416	0.0186937777
359	FT911-2-522	417	0.0186653945
359	FT911-11-3858	418	0.0186012577
359	FT911-2-406	419	0.0185996994
359	FT911-11-3945	420	0.0185980297
359	FT911-4-1451	421	0.0185920484
359	FT911-7-2228	422	0.0185535958
359	FT911-11-3986	423	0.0184609334
359	FT911-8-2638	424	0.0184516503
359	FT911-12-4318	425	0.0184475804
359	FT911-9-3142	426	0.0183884501
359	FT911-4-1224	427	0.0183853871
359	FT911-7-2370	428	0.0183563380
359	FT911-11-3802	429	0.0183423977
359	FT911-2-558	430	0.0183162922
359	FT911-4-1120	431	0.0183056501
359	FT911-15-5180	432	0.0183040483
359	FT911-15-5211	433	0.0182993857
359	FT911-1-169	434	0.0182830515
359	FT911-8-2759	435	0.0182813961
359	FT911-5-1679	436	0.0182741043
359	FT911-2-621	437	0.0182335501
359	FT911-8-2792	438	0.0181886706
359	FT911-1-301	439	0.0181846449
359	FT911-9-3051	440	0.0181787529
359	FT911-7-2411	441	0.0181469822
359	FT911-11-3984	442	0.0180376368
359	FT911-2-528	443	0.0180051157
359	FT911-14-4756	444	0.0179419857
359	FT911-7-2585	445	0.0179270152
359	FT911-7-2445	446	0.0179255888
359	FT911-1-263	447	0.0179197776
359	FT911-1-140	448	0.0179100996
359	FT911-4-1281	449	0.0178934989
359	FT911-11-3783	450	0.0178424376
359	FT911-7-2324	451	0.0178338779
359	FT911-9-3080	452	0.0177716276
359	FT911-1-332	453	0.0177595561
359	FT911-2-685	454	0.0177461097
359	FT911-1-20	455	0.0177393541
359	FT911-5-1620	456	0.0176998968
359	FT911-7-2266	457	0.0176998255
359	FT911-5-1785	458	0.0176995014
359	FT911-13-4476	459	0.0176863387
359	FT911-10-3393	460	0.0176647615
359	FT911-12-4286	461	0.0176232118
359	FT911-7-2373	462	0.0176217886
359	FT911-11-3707	463	0.0175576546
359	FT911-8-2877	464	0.0175356554
359	FT911-1-162	465	0.0175154047
359	FT911-10-3468	466	0.0175076210
359	FT911-13-4480	467	0.0174439686
359	FT911-9-3088	468	0.0174153515
359	FT911-2-623	469	0.0174126671
359	FT911-5-1734	470	0.0173981476
359	FT911-11-3825	471	0.0173837735
359	FT911-5-1752	472	0.0173676409
359	FT911-14-4796	473	0.0172938895
359	FT911-15-5242	474	0.0172668208
359	FT911-3-943	475	0.0172300345
359	FT911-9-3322	476	0.0172041593
359	FT911-5-1680	477	0.0171937029
359	FT911-11-3941	478	0.0171659583
359	FT911-9-2981	479	0.0171492657
359	FT911-14-4933	480	0.0171466043
359	FT911-2-707	481	0.0171356925
359	FT911-1-333	482	0.0171322994
359	FT911-3-1084	483	0.0171071781
359	FT911-1-350	484	0.0170889139
359	FT911-13-4535	485	0.0170544874
359	FT911-10-3355	486	0.0170538457
359	FT911-14-4992	487	0.0170308515
359	FT911-12-4311	488	0.0170288306
359	FT911-12-4287	489	0.0170073746
359	FT911-12-4199	490	0.0169974783
359	FT911-4-1222	491	0.0169513437
359	FT911-7-2394	492	0.0169327552
359	FT911-7-2364	493	0.0169036118
359	FT911-6-2134	494	0.0168821867
359	FT911-5-1646	495	0.0168567191
359	FT911-7-2485	496	0.0168265281
359	FT911-7-2543	497	0.0168058688
359	FT911-6-2013	498	0.0167431332
359	FT911-13-4481	499	0.0167050296
359	FT911-9-3173	500	0.0167050221
359	FT911-2-587	501	0.0166658435
359	FT911-13-4681	502	0.0166630252
359	FT911-13-4386	503	0.0166569099
359	FT911-1-14	504	0.0165424065
359	FT911-8-2787	505	0.0165413877
359	FT911-8-2744	506	0.0164735872
359	FT911-6-2130	507	0.0164676311
359	FT911-3-754	508	0.0164499369
359	FT911-4-1122	509	0.0164265544
359	FT911-7-2616	510	0.0163877033
359	FT911-3-1062	511	0.0163497166
359	FT911-10-3612	512	0.0163418092
359	FT911-14-5010	513	0.0163292396
359	FT911-2-383	514	0.0162902781
359	FT911-14-4996	515	0.0162700467
359	FT911-9-3139	516	0.0162571535
359	FT911-11-3932	517	0.0162024443
359	FT911-15-5326	518	0.0161788287
359	FT911-8-2842	519	0.0161699176
359	FT911-9-3315	520	0.0161164096
359	FT911-7-2223	521	0.0161155065
359	FT911-4-1160	522	0.0161019225
359	FT911-8-2862	523	0.0160950014
359	FT911-13-4733	524	0.0160621539
359	FT911-4-1364	525	0.0160610959
359	FT911-6-2193	526	0.0159913853
359	FT911-11-3705	527	0.0159684321
359	FT911-5-1685	528	0.0159401211
359	FT911-3-1058	529	0.0159247477
359	FT911-14-4932	530	0.0159025873
359	FT911-3-929	531	0.0158842409
359	FT911-3-1072	532	0.0157611770
359	FT911-6-2146	533	0.0156999484
359	FT911-3-857	534	0.0156926585
359	FT911-12-4252	535	0.0156636540
359	FT911-7-2283	536	0.0156142536
359	FT911-6-2154	537	0.0156003227
359	FT911-12-4271	538	0.0155765935
359	FT911-11-3944	539	0.0155425840
359	FT911-11-3804	540	0.0155024065
359	FT911-7-2423	541	0.0154986451
359	FT911-6-2036	542	0.0154852007
359	FT911-14-5014	543	0.0154815913
359	FT911-11-3923	544	0.0154420908
359	FT911-12-4229	545	0.0154358347
359	FT911-5-1689	546	0.0154152379
359	FT911-11-3937	547	0.0153892195
359	FT911-6-1873	548	0.0153678524
359	FT911-6-2123	549	0.0153167206
359	FT911-4-1119	550	0.0152996229
359	FT911-1-128	551	0.0152907864
359	FT911-8-2797	552	0.0152837151
359	FT911-12-4123	553	0.0152188154
359	FT911-7-2382	554	0.0151594807
359	FT911-10-3589	555	0.0151300819
359	FT911-13-4692	556	0.0150594792
359	FT911-12-4094	557	0.0149783698
359	FT911-4-1137	558	0.0149714089
359	FT911-13-4626	559	0.0149300504
359	FT911-6-1915	560	0.0148664797
359	FT911-7-2509	561	0.0148631932
359	FT911-7-2298	562	0.0148576319
359	FT911-7-2274	563	0.0147603554
359	FT911-7-2213	564	0.0147565280
359	FT911-11-3884	565	0.0147433837
359	FT911-13-4730	566	0.0146927211
359	FT911-11-3929	567	0.0146766951
359	FT911-7-2561	568	0.0146383383
359	FT911-3-840	569	0.0146364598
359	FT911-5-1676	570	0.0146121241
359	FT911-11-3902	571	0.0145520989
359	FT911-13-4406	572	0.0144964406
359	FT911-5-1657	573	0.0144959249
359	FT911-2-477	574	0.0143988525
359	FT911-2-572	575	0.0143918361
359	FT911-10-3328	576	0.0143721723
359	FT911-11-3935	577	0.0143654486
359	FT911-4-1301	578	0.0143600239
359	FT911-11-3814	579	0.0143520117
359	FT911-7-2512	580	0.0143416624
359	FT911-9-3191	581	0.0143364933
359	FT911-14-4763	582	0.0142589918
359	FT911-11-3948	583	0.0142238917
359	FT911-10-3433	584	0.0141855941
359	FT911-1-110	585	0.0141653638
359	FT911-13-4680	586	0.0141620297
359	FT911-8-2831	587	0.0140384032
359	FT911-11-3930	588	0.0140162618
359	FT911-13-4575	589	0.0140109320
359	FT911-6-2018	590	0.0139720102
359	FT911-15-5187	591	0.0139665457
359	FT911-1-172	592	0.0139639109
359	FT911-4-1140	593	0.0139601256
359	FT911-15-5155	594	0.0139125259
359	FT911-2-392	595	0.0139105835
359	FT911-7-2553	596	0.0138628223
359	FT911-11-3943	597	0.0138611018
359	FT911-11-3925	598	0.0138344825
359	FT911-3-950	599	0.0137612657
359	FT911-9-3175	600	0.0137115991
359	FT911-7-2217	601	0.0137009622
359	FT911-12-4244	602	0.0136821608
359	FT911-9-3124	603	0.0136749227
359	FT911-11-3838	604	0.0136001800
359	FT911-2-514	605	0.0135760734
359	FT911-12-4233	606	0.0135414517
359	FT911-7-2355	607	0.0135209189
359	FT911-14-4798	608	0.0135144818
359	FT911-2-683	609	0.0135142617
359	FT911-4-1298	610	0.0135002525
359	FT911-5-1681	611	0.0134786610
359	FT911-13-4678	612	0.0134588261
359	FT911-8-2735	613	0.0134583571
359	FT911-3-836	614	0.0134550704
359	FT911-2-568	615	0.0134549120
359	FT911-6-1894	616	0.0134113587
359	FT911-6-2158	617	0.0133937980
359	FT911-6-1903	618	0.0133613811
359	FT911-7-2269	619	0.0133447726
359	FT911-9-3140	620	0.0133071947
359	FT911-13-4482	621	0.0132924381
359	FT911-8-2681	622	0.0132496461
359	FT911-11-3790	623	0.0132151281
359	FT911-4-1341	624	0.0131874113
359	FT911-8-2684	625	0.0131768929
359	FT911-11-3922	626	0.0131735734
359	FT911-14-5023	627	0.0131650502
359	FT911-6-2204	628	0.0131482240
359	FT911-9-3249	629	0.0131306056
359	FT911-11-3934	630	0.0131038007
359	FT911-5-1674	631	0.0130919673
359	FT911-11-3734	632	0.0130704414
359	FT911-3-844	633	0.0130627276
359	FT911-3-1075	634	0.0130562864
359	FT911-4-1141	635	0.0130051632
359	FT911-6-2051	636	0.0129751629
359	FT911-13-4569	637	0.0129558552
359	FT911-15-5177	638	0.0129498239
359	FT911-14-4823	639	0.0129390942
359	FT911-15-5241	640	0.0129363338
359	FT911-10-3339	641	0.0129345896
359	FT911-1-73	642	0.0128917094
359	FT911-6-1966	643	0.0128635747
359	FT911-6-2211	644	0.0128611860
359	FT911-3-741	645	0.0128297900
359	FT911-9-2968	646	0.0128228154
359	FT911-3-992	647	0.0126750932
359	FT911-3-1073	648	0.0126605718
359	FT911-6-2016	649	0.0126587856
359	FT911-2-540	650	0.0126484078
359	FT911-11-3963	651	0.0126394826
359	FT911-9-3210	652	0.0126107848
359	FT911-15-5340	653	0.0126094178
359	FT911-5-1683	654	0.0125783209
359	FT911-5-1678	655	0.0125633286
359	FT911-14-5086	656	0.0125552181
359	FT911-13-4478	657	0.0125239367
359	FT911-4-1290	658	0.0125079045
359	FT911-4-1144	659	0.0125034339
359	FT911-7-2575	660	0.0124698266
359	FT911-2-686	661	0.0123869757
359	FT911-6-1927	662	0.0123777386
359	FT911-3-948	663	0.0123746427
359	FT911-13-4390	664	0.0123614704
359	FT911-3-745	665	0.0123545861
359	FT911-5-1585	666	0.0123308586
359	FT911-3-1092	667	0.0123186131
359	FT911-5-1687	668	0.0122689860
359	FT911-10-3331	669	0.0122579240
359	FT911-13-4405	670	0.0122463710
359	FT911-11-3931	671	0.0122283331
359	FT911-8-2702	672	0.0121969725
359	FT911-13-4412	673	0.0121925291
359	FT911-13-4684	674	0.0121882966
359	FT911-5-1686	675	0.0121811891
359	FT911-13-4691	676	0.0121672316
359	FT911-11-3820	677	0.0121456928
359	FT911-11-3958	678	0.0121321542
359	FT911-8-2874	679	0.0121252423
359	FT911-8-2723	680	0.0121238443
359	FT911-2-699	681	0.0121015546
359	FT911-5-1673	682	0.0120993520
359	FT911-5-1675	683	0.0120772926
359	FT911-7-2397	684	0.0120682434
359	FT911-3-1066	685	0.0120058431
359	FT911-1-80	686	0.0119964503
359	FT911-4-1299	687	0.0119883302
359	FT911-1-118	688	0.0119500362
359	FT911-7-2363	689	0.0119354916
359	FT911-13-4688	690	0.0119231979
359	FT911-1-248	691	0.0119126029
359	FT911-15-5159	692	0.0118972430
359	FT911-13-4411	693	0.0118852702
359	FT911-14-4930	694	0.0118672346
359	FT911-14-4783	695	0.0118439658
359	FT911-8-2708	696	0.0118311640
359	FT911-4-1146	697	0.0118292144
359	FT911-4-1264	698	0.0118128578
359	FT911-14-4788	699	0.0118114586
359	FT911-8-2822	700	0.0117807348
359	FT911-6-1899	701	0.0117790309
359	FT911-3-848	702	0.0117699814
359	FT911-7-2216	703	0.0117693126
359	FT911-8-2934	704	0.0117661027
359	FT911-6-1911	705	0.0117548243
359	FT911-7-2462	706	0.0117525166
359	FT911-11-3824	707	0.0117145567
359	FT911-5-1495	708	0.0116698980
359	FT911-2-619	709	0.0116482784
359	FT911-11-3924	710	0.0116446121
359	FT911-1-213	711	0.0116292023
359	FT911-9-3217	712	0.0116287682
359	FT911-1-96	713	0.0115725425
359	FT911-12-4034	714	0.0115203419
359	FT911-7-2371	715	0.0115104638
359	FT911-14-4864	716	0.0115032835
359	FT911-1-95	717	0.0114654102
359	FT911-6-1914	718	0.0114399032
359	FT911-2-682	719	0.0113738726
359	FT911-5-1688	720	0.0113244987
359	FT911-9-3234	721	0.0113161645
359	FT911-3-1000	722	0.0113141424
359	FT911-1-221	723	0.0112862228
359	FT911-13-4686	724	0.0112855537
359	FT911-7-2311	725	0.0112600625
359	FT911-4-1370	726	0.0112482200
359	FT911-11-3953	727	0.0112427634
359	FT911-12-4096	728	0.0112330878
359	FT911-11-3817	729	0.0112194402
359	FT911-8-2788	730	0.0111671956
359	FT911-9-3305	731	0.0111621989
359	FT911-6-2002	732	0.0111504162
359	FT911-4-1159	733	0.0110770304
359	FT911-13-4683	734	0.0110501820
359	FT911-1-113	735	0.0110430606
359	FT911-10-3378	736	0.0110247039
359	FT911-14-4946	737	0.0110131629
359	FT911-10-3637	738	0.0110090887
359	FT911-14-4997	739	0.0110086573
359	FT911-3-834	740	0.0110020643
359	FT911-2-597	741	0.0109557733
359	FT911-13-4685	742	0.0109491883
359	FT911-1-116	743	0.0109463367
359	FT911-5-1519	744	0.0109220671
359	FT911-1-245	745	0.0109078333
359	FT911-7-2277	746	0.0109037852
359	FT911-2-636	747	0.0108964594
359	FT911-2-559	748	0.0108878156
359	FT911-4-1388	749	0.0108474214
359	FT911-6-1902	750	0.0108453370
359	FT911-5-1672	751	0.0108286017
359	FT911-1-85	752	0.0108129486
359	FT911-9-3174	753	0.0108018313
359	FT911-1-86	754	0.0108006371
359	FT911-5-1695	755	0.0107857134
359	FT911-1-40	756	0.0107847156
359	FT911-9-3095	757	0.0107811614
359	FT911-8-2802	758	0.0107727359
359	FT911-2-557	759	0.0107713226
359	FT911-11-3720	760	0.0107261896
359	FT911-11-3808	761	0.0107107813
359	FT911-7-2474	762	0.0107076121
359	FT911-9-3155	763	0.0106851511
359	FT911-9-3207	764	0.0106545590
359	FT911-11-3812	765	0.0106319474
359	FT911-7-2571	766	0.0105878544
359	FT911-4-1289	767	0.0105418648
359	FT911-6-1920	768	0.0105163849
359	FT911-7-2497	769	0.0105082418
359	FT911-8-2679	770	0.0105036111
359	FT911-9-3301	771	0.0104871330
359	FT911-11-3723	772	0.0104565809
359	FT911-11-3920	773	0.0104402714
359	FT911-11-3891	774	0.0104396786
359	FT911-3-845	775	0.0103995952
359	FT911-3-725	776	0.0103757440
359	FT911-6-1928	777	0.0103611182
359	FT911-9-3182	778	0.0103605353
359	FT911-1-115	779	0.0103584027
359	FT911-8-2885	780	0.0103498001
359	FT911-13-4468	781	0.0103376624
359	FT911-13-4387	782	0.0103240229
359	FT911-5-1490	783	0.0103127545
359	FT911-4-1340	784	0.0102928153
359	FT911-2-504	785	0.0102924909
359	FT911-6-2177	786	0.0102899379
359	FT911-13-4507	787	0.0102579372
359	FT911-3-971	788	0.0102517390
359	FT911-9-3038	789	0.0102051679
359	FT911-3-980	790	0.0102035428
359	FT911-6-2208	791	0.0102024396
359	FT911-3-960	792	0.0101665190
359	FT911-14-4935	793	0.0101387907
359	FT911-3-839	794	0.0100865119
359	FT911-14-5024	795	0.0100761823
359	FT911-13-4619	796	0.0100597514
359	FT911-12-4273	797	0.0100073291
359	FT911-9-3232	798	0.0099925777
359	FT911-8-2936	799	0.0099830401
359	FT911-9-3132	800	0.0099696284
359	FT911-7-2263	801	0.0099267360
359	FT911-14-5113	802	0.0099112345
359	FT911-7-2570	803	0.0099021822
359	FT911-15-5145	804	0.0098487690
359	FT911-3-846	805	0.0097858106
359	FT911-6-1895	806	0.0097457081
359	FT911-13-4695	807	0.0096965864
359	FT911-3-835	808	0.0096860391
359	FT911-1-121	809	0.0096782588
359	FT911-7-2617	810	0.0096761536
359	FT911-12-4170	811	0.0096513250
359	FT911-7-2591	812	0.0096370465
359	FT911-7-2455	813	0.0096291584
359	FT911-13-4466	814	0.0096270740
359	FT911-6-2183	815	0.0096197664
359	FT911-4-1148	816	0.0095882889
359	FT911-9-3308	817	0.0094855271
359	FT911-14-4936	818	0.0094781302
359	FT911-6-2190	819	0.0094656938
359	FT911-14-5027	820	0.0094066747
359	FT911-4-1257	821	0.0094064235
359	FT911-14-5061	822	0.0093886855
359	FT911-11-3946	823	0.0093294070
359	FT911-14-5125	824	0.0093275669
359	FT911-14-4795	825	0.0091679714
359	FT911-4-1271	826	0.0091673903
359	FT911-1-76	827	0.0091057690
359	FT911-11-3889	828	0.0088939042
359	FT911-6-2181	829	0.0088833718
359	FT911-11-3936	830	0.0088197317
359	FT911-7-2562	831	0.0086604312
359	FT911-8-2887	832	0.0085607258
359	FT911-9-3292	833	0.0084794825
359	FT911-1-124	834	0.0084704966
359	FT911-2-612	835	0.0084207110
359	FT911-14-5030	836	0.0084131703
359	FT911-3-779	837	0.0083953557
359	FT911-11-3830	838	0.0082430468
359	FT911-9-3110	839	0.0081810874
359	FT911-3-1098	840	0.0080836535
359	FT911-13-4647	841	0.0077628441
359	FT911-14-5029	842	0.0076604619
359	FT911-8-2853	843	0.0075153305
359	FT911-6-2067	844	0.0074518723
359	FT911-9-3102	845	0.0074471303
359	FT911-9-3218	846	0.0073639658
359	FT911-3-1068	847	0.0073228898
359	FT911-7-2221	848	0.0072599278
359	FT911-2-512	849	0.0071378953
359	FT911-7-2513	850	0.0070932477
359	FT911-15-5232	851	0.0069315214
359	FT911-9-3074	852	0.0068796512
359	FT911-6-2031	853	0.0068065292
359	FT911-7-2299	854	0.0067969255
359	FT911-15-5168	855	0.0067339720
359	FT911-15-5131	856	0.0065998252
359	FT911-14-5048	857	0.0065761921
359	FT911-12-4127	858	0.0064606834
359	FT911-4-1363	859	0.0063198310
359	FT911-7-2381	860	0.0062319099
359	FT911-1-137	861	0.0061968188
359	FT911-4-1171	862	0.0061390181
359	FT911-13-4534	863	0.0061118100
359	FT911-14-4784	864	0.0061059255
359	FT911-14-4909	865	0.0060903104
359	FT911-10-3603	866	0.0060514847
359	FT911-5-1563	867	0.0059967099
359	FT911-10-3340	868	0.0058188702
359	FT911-1-371	869	0.0057503518
359	FT911-9-3172	870	0.0056280382
359	FT911-4-1416	871	0.0056148139
359	FT911-3-722	872	0.0051036757
359	FT911-4-1109	873	0.0049640438
359	FT911-1-2	874	0.0000000000
359	FT911-1-3	875	0.0000000000
359	FT911-1-4	876	0.0000000000
359	FT911-1-6	877	0.0000000000
359	FT911-1-7	878	0.0000000000
359	FT911-1-9	879	0.0000000000
359	FT911-1-10	880	0.0000000000
359	FT911-1-11	881	0.0000000000
359	FT911-1-12	882	0.0000000000
359	FT911-1-13	883	0.0000000000
359	FT911-1-15	884	0.0000000000
359	FT911-1-16	885	0.0000000000
359	FT911-1-17	886	0.0000000000
359	FT911-1-18	887	0.0000000000
359	FT911-1-19	888	0.0000000000
359	FT911-1-21	889	0.0000000000
359	FT911-1-22	890	0.0000000000
359	FT911-1-24	891	0.0000000000
359	FT911-1-26	892	0.0000000000
359	FT911-1-27	893	0.0000000000
359	FT911-1-28	894	0.0000000000
359	FT911-1-29	895	0.0000000000
359	FT911-1-30	896	0.0000000000
359	FT911-1-31	897	0.0000000000
359	FT911-1-32	898	0.0000000000
359	FT911-1-33	899	0.0000000000
359	FT911-1-34	900	0.0000000000
359	FT911-1-35	901	0.0000000000
359	FT911-1-36	902	0.0000000000
359	FT911-1-37	903	0.0000000000
359	FT911-1-38	904	0.0000000000
359	FT911-1-39	905	0.0000000000
359	FT911-1-41	906	0.0000000000
359	FT911-1-42	907	0.0000000000
359	FT911-1-43	908	0.0000000000
359	FT911-1-44	909	0.0000000000
359	FT911-1-45	910	0.0000000000
359	FT911-1-46	911	0.0000000000
359	FT911-1-47	912	0.0000000000
359	FT911-1-48	913	0.0000000000
359	FT911-1-49	914	0.0000000000
359	FT911-1-50	915	0.0000000000
359	FT911-1-51	916	0.0000000000
359	FT911-1-52	917	0.0000000000
359	FT911-1-53	918	0.0000000000
359	FT911-1-54	919	0.0000000000
359	FT911-1-55	920	0.0000000000
359	FT911-1-57	921	0.0000000000
359	FT911-1-59	922	0.0000000000
359	FT911-1-60	923	0.0000000000
359	FT911-1-61	924	0.0000000000
359	FT911-1-62	925	0.0000000000
359	FT911-1-63	926	0.0000000000
359	FT911-1-64	927	0.0000000000
359	FT911-1-65	928	0.0000000000
359	FT911-1-66	929	0.0000000000
359	FT911-1-67	930	0.0000000000
359	FT911-1-68	931	0.0000000000
359	FT911-1-69	932	0.0000000000
359	FT911-1-70	933	0.0000000000
359	FT911-1-71	934	0.0000000000
359	FT911-1-72	935	0.0000000000
359	FT911-1-74	936	0.0000000000
359	FT911-1-75	937	0.0000000000
359	FT911-1-77	938	0.0000000000
359	FT911-1-78	939	0.0000000000
359	FT911-1-79	940	0.0000000000
359	FT911-1-81	941	0.0000000000
359	FT911-1-83	942	0.0000000000
359	FT911-1-87	943	0.0000000000
359	FT911-1-88	944	0.0000000000
359	FT911-1-89	945	0.0000000000
359	FT911-1-90	946	0.0000000000
359	FT911-1-91	947	0.0000000000
359	FT911-1-92	948	0.0000000000
359	FT911-1-93	949	0.0000000000
359	FT911-1-94	950	0.0000000000
359	FT911-1-97	951	0.0000000000
359	FT911-1-99	952	0.0000000000
359	FT911-1-100	953	0.0000000000
359	FT911-1-101	954	0.0000000000
359	FT911-1-102	955	0.0000000000
359	FT911-1-103	956	0.0000000000
359	FT911-1-104	957	0.0000000000
359	FT911-1-105	958	0.0000000000
359	FT911-1-106	959	0.0000000000
359	FT911-1-107	960	0.0000000000
359	FT911-1-108	961	0.0000000000
359	FT911-1-109	962	0.0000000000
359	FT911-1-111	963	0.0000000000
359	FT911-1-112	964	0.0000000000
359	FT911-1-114	965	0.0000000000
359	FT911-1-117	966	0.0000000000
359	FT911-1-119	967	0.0000000000
359	FT911-1-120	968	0.0000000000
359	FT911-1-122	969	0.0000000000
359	FT911-1-123	970	0.0000000000
359	FT911-1-125	971	0.0000000000
359	FT911-1-126	972	0.0000000000
359	FT911-1-127	973	0.0000000000
359	FT911-1-129	974	0.0000000000
359	FT911-1-130	975	0.0000000000
359	FT911-1-131	976	0.0000000000
359	FT911-1-132	977	0.0000000000
359	FT911-1-133	978	0.0000000000
359	FT911-1-134	979	0.0000000000
359	FT911-1-135	980	0.0000000000
359	FT911-1-136	981	0.0000000000
359	FT911-1-138	982	0.0000000000
359	FT911-1-139	983	0.0000000000
359	FT911-1-141	984	0.0000000000
359	FT911-1-142	985	0.0000000000
359	FT911-1-143	986	0.0000000000
359	FT911-1-144	987	0.0000000000
359	FT911-1-145	988	0.0000000000
359	FT911-1-147	989	0.0000000000
359	FT911-1-148	990	0.0000000000
359	FT911-1-149	991	0.0000000000
359	FT911-1-150	992	0.0000000000
359	FT911-1-151	993	0.0000000000
359	FT911-1-152	994	0.0000000000
359	FT911-1-153	995	0.0000000000
359	FT911-1-154	996	0.0000000000
359	FT911-1-155	997	0.0000000000
359	FT911-1-156	998	0.0000000000
359	FT911-1-157	999	0.0000000000
359	FT911-1-158	1000	0.0000000000
359	FT911-1-159	1001	0.0000000000
359	FT911-1-160	1002	0.0000000000
359	FT911-1-161	1003	0.0000000000
359	FT911-1-163	1004	0.0000000000
359	FT911-1-164	1005	0.0000000000
359	FT911-1-165	1006	0.0000000000
359	FT911-1-166	1007	0.0000000000
359	FT911-1-167	1008	0.0000000000
359	FT911-1-168	1009	0.0000000000
359	FT911-1-170	1010	0.0000000000
359	FT911-1-171	1011	0.0000000000
359	FT911-1-173	1012	0.0000000000
359	FT911-1-175	1013	0.0000000000
359	FT911-1-178	1014	0.0000000000
359	FT911-1-179	1015	0.0000000000
359	FT911-1-180	1016	0.0000000000
359	FT911-1-181	1017	0.0000000000
359	FT911-1-182	1018	0.0000000000
359	FT911-1-183	1019	0.0000000000
359	FT911-1-184	1020	0.0000000000
359	FT911-1-185	1021	0.0000000000
359	FT911-1-186	1022	0.0000000000
359	FT911-1-187	1023	0.0000000000
359	FT911-1-188	1024	0.0000000000
359	FT911-1-189	1025	0.0000000000
359	FT911-1-190	1026	0.0000000000
359	FT911-1-191	1027	0.0000000000
359	FT911-1-192	1028	0.0000000000
359	FT911-1-193	1029	0.0000000000
359	FT911-1-194	1030	0.0000000000
359	FT911-1-195	1031	0.0000000000
359	FT911-1-196	1032	0.0000000000
359	FT911-1-197	1033	0.0000000000
359	FT911-1-198	1034	0.0000000000
359	FT911-1-199	1035	0.0000000000
359	FT911-1-200	1036	0.0000000000
359	FT911-1-202	1037	0.0000000000
359	FT911-1-203	1038	0.0000000000
359	FT911-1-204	1039	0.0000000000
359	FT911-1-205	1040	0.0000000000
359	FT911-1-206	1041	0.0000000000
359	FT911-1-207	1042	0.0000000000
359	FT911-1-208	1043	0.0000000000
359	FT911-1-209	1044	0.0000000000
359	FT911-1-210	1045	0.0000000000
359	FT911-1-211	1046	0.0000000000
359	FT911-1-214	1047	0.0000000000
359	FT911-1-215	1048	0.0000000000
359	FT911-1-216	1049	0.0000000000
359	FT911-1-217	1050	0.0000000000
359	FT911-1-218	1051	0.0000000000
359	FT911-1-219	1052	0.0000000000
359	FT911-1-220	1053	0.0000000000
359	FT911-1-222	1054	0.0000000000
359	FT911-1-223	1055	0.0000000000
359	FT911-1-225	1056	0.0000000000
359	FT911-1-226	1057	0.0000000000
359	FT911-1-227	1058	0.0000000000
359	FT911-1-228	1059	0.0000000000
359	FT911-1-230	1060	0.0000000000
359	FT911-1-231	1061	0.0000000000
359	FT911-1-232	1062	0.0000000000
359	FT911-1-233	1063	0.0000000000
359	FT911-1-234	1064	0.0000000000
359	FT911-1-235	1065	0.0000000000
359	FT911-1-236	1066	0.0000000000
359	FT911-1-238	1067	0.0000000000
359	FT911-1-239	1068	0.0000000000
359	FT911-1-240	1069	0.0000000000
359	FT911-1-242	1070	0.0000000000
359	FT911-1-243	1071	0.0000000000
359	FT911-1-244	1072	0.0000000000
359	FT911-1-246	1073	0.0000000000
359	FT911-1-247	1074	0.0000000000
359	FT911-1-250	1075	0.0000000000
359	FT911-1-251	1076	0.0000000000
359	FT911-1-252	1077	0.0000000000
359	FT911-1-253	1078	0.0000000000
359	FT911-1-255	1079	0.0000000000
359	FT911-1-257	1080	0.0000000000
359	FT911-1-258	1081	0.0000000000
359	FT911-1-259	1082	0.0000000000
359	FT911-1-260	1083	0.0000000000
359	FT911-1-261	1084	0.0000000000
359	FT911-1-262	1085	0.0000000000
359	FT911-1-264	1086	0.0000000000
359	FT911-1-265	1087	0.0000000000
359	FT911-1-266	1088	0.0000000000
359	FT911-1-267	1089	0.0000000000
359	FT911-1-268	1090	0.0000000000
359	FT911-1-270	1091	0.0000000000
359	FT911-1-271	1092	0.0000000000
359	FT911-1-272	1093	0.0000000000
359	FT911-1-273	1094	0.0000000000
359	FT911-1-274	1095	0.0000000000
359	FT911-1-275	1096	0.0000000000
359	FT911-1-276	1097	0.0000000000
359	FT911-1-277	1098	0.0000000000
359	FT911-1-278	1099	0.0000000000
359	FT911-1-279	1100	0.0000000000
359	FT911-1-280	1101	0.0000000000
359	FT911-1-281	1102	0.0000000000
359	FT911-1-282	1103	0.0000000000
359	FT911-1-283	1104	0.0000000000
359	FT911-1-284	1105	0.0000000000
359	FT911-1-285	1106	0.0000000000
359	FT911-1-286	1107	0.0000000000
359	FT911-1-287	1108	0.0000000000
359	FT911-1-288	1109	0.0000000000
359	FT911-1-289	1110	0.0000000000
359	FT911-1-290	1111	0.0000000000
359	FT911-1-291	1112	0.0000000000
359	FT911-1-292	1113	0.0000000000
359	FT911-1-293	1114	0.0000000000
359	FT911-1-294	1115	0.0000000000
359	FT911-1-295	1116	0.0000000000
359	FT911-1-297	1117	0.0000000000
359	FT911-1-298	1118	0.0000000000
359	FT911-1-299	1119	0.0000000000
359	FT911-1-300	1120	0.0000000000
359	FT911-1-302	1121	0.0000000000
359	FT911-1-303	1122	0.0000000000
359	FT911-1-304	1123	0.0000000000
359	FT911-1-305	1124	0.0000000000
359	FT911-1-306	1125	0.0000000000
359	FT911-1-309	1126	0.0000000000
359	FT911-1-310	1127	0.0000000000
359	FT911-1-312	1128	0.0000000000
359	FT911-1-313	1129	0.0000000000
359	FT911-1-314	1130	0.0000000000
359	FT911-1-315	1131	0.0000000000
359	FT911-1-316	1132	0.0000000000
359	FT911-1-317	1133	0.0000000000
359	FT911-1-318	1134	0.0000000000
359	FT911-1-319	1135	0.0000000000
359	FT911-1-320	1136	0.0000000000
359	FT911-1-321	1137	0.0000000000
359	FT911-1-322	1138	0.0000000000
359	FT911-1-324	1139	0.0000000000
359	FT911-1-325	1140	0.0000000000
359	FT911-1-326	1141	0.0000000000
359	FT911-1-327	1142	0.0000000000
359	FT911-1-328	1143	0.0000000000
359	FT911-1-329	1144	0.0000000000
359	FT911-1-330	1145	0.0000000000
359	FT911-1-331	1146	0.0000000000
359	FT911-1-334	1147	0.0000000000
359	FT911-1-335	1148	0.0000000000
359	FT911-1-336	1149	0.0000000000
359	FT911-1-337	1150	0.0000000000
359	FT911-1-338	1151	0.0000000000
359	FT911-1-339	1152	0.0000000000
359	FT911-1-340	1153	0.0000000000
359	FT911-1-342	1154	0.0000000000
359	FT911-1-343	1155	0.0000000000
359	FT911-1-344	1156	0.0000000000
359	FT911-1-345	1157	0.0000000000
359	FT911-1-346	1158	0.0000000000
359	FT911-1-347	1159	0.0000000000
359	FT911-1-349	1160	0.0000000000
359	FT911-1-351	1161	0.0000000000
359	FT911-1-352	1162	0.0000000000
359	FT911-1-353	1163	0.0000000000
359	FT911-1-354	1164	0.0000000000
359	FT911-1-355	1165	0.0000000000
359	FT911-1-356	1166	0.0000000000
359	FT911-1-357	1167	0.0000000000
359	FT911-1-358	1168	0.0000000000
359	FT911-1-359	1169	0.0000000000
359	FT911-1-360	1170	0.0000000000
359	FT911-1-361	1171	0.0000000000
359	FT911-1-362	1172	0.0000000000
359	FT911-1-363	1173	0.0000000000
359	FT911-1-364	1174	0.0000000000
359	FT911-1-365	1175	0.0000000000
359	FT911-1-366	1176	0.0000000000
359	FT911-1-367	1177	0.0000000000
359	FT911-1-368	1178	0.0000000000
359	FT911-1-369	1179	0.0000000000
359	FT911-1-370	1180	0.0000000000
359	FT911-1-372	1181	0.0000000000
359	FT911-1-373	1182	0.0000000000
359	FT911-1-374	1183	0.0000000000
359	FT911-1-375	1184	0.0000000000
359	FT911-2-376	1185	0.0000000000
359	FT911-2-377	1186	0.0000000000
359	FT911-2-378	1187	0.0000000000
359	FT911-2-379	1188	0.0000000000
359	FT911-2-380	1189	0.0000000000
359	FT911-2-381	1190	0.0000000000
359	FT911-2-382	1191	0.0000000000
359	FT911-2-384	1192	0.0000000000
359	FT911-2-385	1193	0.0000000000
359	FT911-2-386	1194	0.0000000000
359	FT911-2-387	1195	0.0000000000
359	FT911-2-388	1196	0.0000000000
359	FT911-2-389	1197	0.0000000000
359	FT911-2-390	1198	0.0000000000
359	FT911-2-394	1199	0.0000000000
359	FT911-2-395	1200	0.0000000000
359	FT911-2-396	1201	0.0000000000
359	FT911-2-397	1202	0.0000000000
359	FT911-2-399	1203	0.0000000000
359	FT911-2-400	1204	0.0000000000
359	FT911-2-401	1205	0.0000000000
359	FT911-2-402	1206	0.0000000000
359	FT911-2-403	1207	0.0000000000
359	FT911-2-408	1208	0.0000000000
359	FT911-2-409	1209	0.0000000000
359	FT911-2-411	1210	0.0000000000
359	FT911-2-412	1211	0.0000000000
359	FT911-2-413	1212	0.0000000000
359	FT911-2-414	1213	0.0000000000
359	FT911-2-415	1214	0.0000000000
359	FT911-2-416	1215	0.0000000000
359	FT911-2-417	1216	0.0000000000
359	FT911-2-418	1217	0.0000000000
359	FT911-2-419	1218	0.0000000000
359	FT911-2-420	1219	0.0000000000
359	FT911-2-421	1220	0.0000000000
359	FT911-2-422	1221	0.0000000000
359	FT911-2-423	1222	0.0000000000
359	FT911-2-424	1223	0.0000000000
359	FT911-2-425	1224	0.0000000000
359	FT911-2-426	1225	0.0000000000
359	FT911-2-427	1226	0.0000000000
359	FT911-2-428	1227	0.0000000000
359	FT911-2-429	1228	0.0000000000
359	FT911-2-430	1229	0.0000000000
359	FT911-2-431	1230	0.0000000000
359	FT911-2-433	1231	0.0000000000
359	FT911-2-434	1232	0.0000000000
359	FT911-2-435	1233	0.0000000000
359	FT911-2-436	1234	0.0000000000
359	FT911-2-437	1235	0.0000000000
359	FT911-2-438	1236	0.0000000000
359	FT911-2-439	1237	0.0000000000
359	FT911-2-440	1238	0.0000000000
359	FT911-2-441	1239	0.0000000000
359	FT911-2-442	1240	0.0000000000
359	FT911-2-443	1241	0.0000000000
359	FT911-2-444	1242	0.0000000000
359	FT911-2-445	1243	0.0000000000
359	FT911-2-446	1244	0.0000000000
359	FT911-2-447	1245	0.0000000000
359	FT911-2-448	1246	0.0000000000
359	FT911-2-449	1247	0.0000000000
359	FT911-2-450	1248	0.0000000000
359	FT911-2-451	1249	0.0000000000
359	FT911-2-452	1250	0.0000000000
359	FT911-2-453	1251	0.0000000000
359	FT911-2-454	1252	0.0000000000
359	FT911-2-455	1253	0.0000000000
359	FT911-2-456	1254	0.0000000000
359	FT911-2-457	1255	0.0000000000
359	FT911-2-458	1256	0.0000000000
359	FT911-2-459	1257	0.0000000000
359	FT911-2-460	1258	0.0000000000
359	FT911-2-461	1259	0.0000000000
359	FT911-2-462	1260	0.0000000000
359	FT911-2-464	1261	0.0000000000
359	FT911-2-465	1262	0.0000000000
359	FT911-2-466	1263	0.0000000000
359	FT911-2-467	1264	0.0000000000
359	FT911-2-468	1265	0.0000000000
359	FT911-2-469	1266	0.0000000000
359	FT911-2-471	1267	0.0000000000
359	FT911-2-472	1268	0.0000000000
359	FT911-2-473	1269	0.0000000000
359	FT911-2-474	1270	0.0000000000
359	FT911-2-475	1271	0.0000000000
359	FT911-2-476	1272	0.0000000000
359	FT911-2-478	1273	0.0000000000
359	FT911-2-479	1274	0.0000000000
359	FT911-2-480	1275	0.0000000000
359	FT911-2-481	1276	0.0000000000
359	FT911-2-482	1277	0.0000000000
359	FT911-2-483	1278	0.0000000000
359	FT911-2-484	1279	0.0000000000
359	FT911-2-485	1280	0.0000000000
359	FT911-2-486	1281	0.0000000000
359	FT911-2-487	1282	0.0000000000
359	FT911-2-488	1283	0.0000000000
359	FT911-2-489	1284	0.0000000000
359	FT911-2-490	1285	0.0000000000
359	FT911-2-491	1286	0.0000000000
359	FT911-2-492	1287	0.0000000000
359	FT911-2-493	1288	0.0000000000
359	FT911-2-494	1289	0.0000000000
359	FT911-2-495	1290	0.0000000000
359	FT911-2-496	1291	0.0000000000
359	FT911-2-497	1292	0.0000000000
359	FT911-2-498	1293	0.0000000000
359	FT911-2-500	1294	0.0000000000
359	FT911-2-501	1295	0.0000000000
359	FT911-2-502	1296	0.0000000000
359	FT911-2-503	1297	0.0000000000
359	FT911-2-505	1298	0.0000000000
359	FT911-2-506	1299	0.0000000000
359	FT911-2-507	1300	0.0000000000
359	FT911-2-508	1301	0.0000000000
359	FT911-2-510	1302	0.0000000000
359	FT911-2-511	1303	0.0000000000
359	FT911-2-515	1304	0.0000000000
359	FT911-2-516	1305	0.0000000000
359	FT911-2-517	1306	0.0000000000
359	FT911-2-518	1307	0.0000000000
359	FT911-2-520	1308	0.0000000000
359	FT911-2-521	1309	0.0000000000
359	FT911-2-524	1310	0.0000000000
359	FT911-2-525	1311	0.0000000000
359	FT911-2-526	1312	0.0000000000
359	FT911-2-527	1313	0.0000000000
359	FT911-2-529	1314	0.0000000000
359	FT911-2-530	1315	0.0000000000
359	FT911-2-531	1316	0.0000000000
359	FT911-2-532	1317	0.0000000000
359	FT911-2-533	1318	0.0000000000
359	FT911-2-534	1319	0.0000000000
359	FT911-2-535	1320	0.0000000000
359	FT911-2-537	1321	0.0000000000
359	FT911-2-538	1322	0.0000000000
359	FT911-2-539	1323	0.0000000000
359	FT911-2-541	1324	0.0000000000
359	FT911-2-542	1325	0.0000000000
359	FT911-2-543	1326	0.0000000000
359	FT911-2-544	1327	0.0000000000
359	FT911-2-545	1328	0.0000000000
359	FT911-2-546	1329	0.0000000000
359	FT911-2-547	1330	0.0000000000
359	FT911-2-548	1331	0.0000000000
359	FT911-2-549	1332	0.0000000000
359	FT911-2-550	1333	0.0000000000
359	FT911-2-551	1334	0.0000000000
359	FT911-2-552	1335	0.0000000000
359	FT911-2-553	1336	0.0000000000
359	FT911-2-554	1337	0.0000000000
359	FT911-2-555	1338	0.0000000000
359	FT911-2-556	1339	0.0000000000
359	FT911-2-560	1340	0.0000000000
359	FT911-2-562	1341	0.0000000000
359	FT911-2-563	1342	0.0000000000
359	FT911-2-564	1343	0.0000000000
359	FT911-2-565	1344	0.0000000000
359	FT911-2-566	1345	0.0000000000
359	FT911-2-567	1346	0.0000000000
359	FT911-2-570	1347	0.0000000000
359	FT911-2-571	1348	0.0000000000
359	FT911-2-573	1349	0.0000000000
359	FT911-2-574	1350	0.0000000000
359	FT911-2-576	1351	0.0000000000
359	FT911-2-577	1352	0.0000000000
359	FT911-2-578	1353	0.0000000000
359	FT911-2-579	1354	0.0000000000
359	FT911-2-580	1355	0.0000000000
359	FT911-2-582	1356	0.0000000000
359	FT911-2-583	1357	0.0000000000
359	FT911-2-584	1358	0.0000000000
359	FT911-2-585	1359	0.0000000000
359	FT911-2-586	1360	0.0000000000
359	FT911-2-588	1361	0.0000000000
359	FT911-2-589	1362	0.0000000000
359	FT911-2-590	1363	0.0000000000
359	FT911-2-592	1364	0.0000000000
359	FT911-2-593	1365	0.0000000000
359	FT911-2-594	1366	0.0000000000
359	FT911-2-595	1367	0.0000000000
359	FT911-2-596	1368	0.0000000000
359	FT911-2-598	1369	0.0000000000
359	FT911-2-599	1370	0.0000000000
359	FT911-2-600	1371	0.0000000000
359	FT911-2-601	1372	0.0000000000
359	FT911-2-602	1373	0.0000000000
359	FT911-2-603	1374	0.0000000000
359	FT911-2-604	1375	0.0000000000
359	FT911-2-605	1376	0.0000000000
359	FT911-2-606	1377	0.0000000000
359	FT911-2-607	1378	0.0000000000
359	FT911-2-608	1379	0.0000000000
359	FT911-2-609	1380	0.0000000000
359	FT911-2-610	1381	0.0000000000
359	FT911-2-611	1382	0.0000000000
359	FT911-2-613	1383	0.0000000000
359	FT911-2-614	1384	0.0000000000
359	FT911-2-615	1385	0.0000000000
359	FT911-2-616	1386	0.0000000000
359	FT911-2-617	1387	0.0000000000
359	FT911-2-618	1388	0.0000000000
359	FT911-2-620	1389	0.0000000000
359	FT911-2-622	1390	0.0000000000
359	FT911-2-624	1391	0.0000000000
359	FT911-2-625	1392	0.0000000000
359	FT911-2-626	1393	0.0000000000
359	FT911-2-627	1394	0.0000000000
359	FT911-2-628	1395	0.0000000000
359	FT911-2-629	1396	0.0000000000
359	FT911-2-630	1397	0.0000000000
359	FT911-2-631	1398	0.0000000000
359	FT911-2-632	1399	0.0000000000
359	FT911-2-633	1400	0.0000000000
359	FT911-2-634	1401	0.0000000000
359	FT911-2-635	1402	0.0000000000
359	FT911-2-637	1403	0.0000000000
359	FT911-2-638	1404	0.0000000000
359	FT911-2-639	1405	0.0000000000
359	FT911-2-640	1406	0.0000000000
359	FT911-2-642	1407	0.0000000000
359	FT911-2-643	1408	0.0000000000
359	FT911-2-644	1409	0.0000000000
359	FT911-2-645	1410	0.0000000000
359	FT911-2-646	1411	0.0000000000
359	FT911-2-647	1412	0.0000000000
359	FT911-2-648	1413	0.0000000000
359	FT911-2-649	1414	0.0000000000
359	FT911-2-650	1415	0.0000000000
359	FT911-2-651	1416	0.0000000000
359	FT911-2-652	1417	0.0000000000
359	FT911-2-654	1418	0.0000000000
359	FT911-2-655	1419	0.0000000000
359	FT911-2-656	1420	0.0000000000
359	FT911-2-657	1421	0.0000000000
359	FT911-2-658	1422	0.0000000000
359	FT911-2-659	1423	0.0000000000
359	FT911-2-660	1424	0.0000000000
359	FT911-2-661	1425	0.0000000000
359	FT911-2-662	1426	0.0000000000
359	FT911-2-663	1427	0.0000000000
359	FT911-2-664	1428	0.0000000000
359	FT911-2-665	1429	0.0000000000
359	FT911-2-666	1430	0.0000000000
359	FT911-2-667	1431	0.0000000000
359	FT911-2-668	1432	0.0000000000
359	FT911-2-670	1433	0.0000000000
359	FT911-2-671	1434	0.0000000000
359	FT911-2-672	1435	0.0000000000
359	FT911-2-673	1436	0.0000000000
359	FT911-2-674	1437	0.0000000000
359	FT911-2-675	1438	0.0000000000
359	FT911-2-676	1439	0.0000000000
359	FT911-2-677	1440	0.0000000000
359	FT911-2-678	1441	0.0000000000
359	FT911-2-679	1442	0.0000000000
359	FT911-2-680	1443	0.0000000000
359	FT911-2-681	1444	0.0000000000
359	FT911-2-684	1445	0.0000000000
359	FT911-2-687	1446	0.0000000000
359	FT911-2-688	1447	0.0000000000
359	FT911-2-689	1448	0.0000000000
359	FT911-2-690	1449	0.0000000000
359	FT911-2-691	1450	0.0000000000
359	FT911-2-692	1451	0.0000000000
359	FT911-2-693	1452	0.0000000000
359	FT911-2-694	1453	0.0000000000
359	FT911-2-696	1454	0.0000000000
359	FT911-2-698	1455	0.0000000000
359	FT911-2-700	1456	0.0000000000
359	FT911-2-701	1457	0.0000000000
359	FT911-2-703	1458	0.0000000000
359	FT911-2-704	1459	0.0000000000
359	FT911-2-705	1460	0.0000000000
359	FT911-2-706	1461	0.0000000000
359	FT911-2-708	1462	0.0000000000
359	FT911-2-709	1463	0.0000000000
359	FT911-2-710	1464	0.0000000000
359	FT911-2-711	1465	0.0000000000
359	FT911-2-712	1466	0.0000000000
359	FT911-2-713	1467	0.0000000000
359	FT911-2-714	1468	0.0000000000
359	FT911-2-715	1469	0.0000000000
359	FT911-2-716	1470	0.0000000000
359	FT911-2-717	1471	0.0000000000
359	FT911-2-718	1472	0.0000000000
359	FT911-2-719	1473	0.0000000000
359	FT911-2-720	1474	0.0000000000
359	FT911-2-721	1475	0.0000000000
359	FT911-3-723	1476	0.0000000000
359	FT911-3-724	1477	0.0000000000
359	FT911-3-726	1478	0.0000000000
359	FT911-3-727	1479	0.0000000000
359	FT911-3-728	1480	0.0000000000
359	FT911-3-729	1481	0.0000000000
359	FT911-3-730	1482	0.0000000000
359	FT911-3-731	1483	0.0000000000
359	FT911-3-732	1484	0.0000000000
359	FT911-3-733	1485	0.0000000000
359	FT911-3-734	1486	0.0000000000
359	FT911-3-735	1487	0.0000000000
359	FT911-3-736	1488	0.0000000000
359	FT911-3-737	1489	0.0000000000
359	FT911-3-738	1490	0.0000000000
359	FT911-3-739	1491	0.0000000000
359	FT911-3-740	1492	0.0000000000
359	FT911-3-742	1493	0.0000000000
359	FT911-3-743	1494	0.0000000000
359	FT911-3-744	1495	0.0000000000
359	FT911-3-746	1496	0.0000000000
359	FT911-3-747	1497	0.0000000000
359	FT911-3-748	1498	0.0000000000
359	FT911-3-749	1499	0.0000000000
359	FT911-3-750	1500	0.0000000000
359	FT911-3-751	1501	0.0000000000
359	FT911-3-752	1502	0.0000000000
359	FT911-3-753	1503	0.0000000000
359	FT911-3-755	1504	0.0000000000
359	FT911-3-756	1505	0.0000000000
359	FT911-3-757	1506	0.0000000000
359	FT911-3-758	1507	0.0000000000
359	FT911-3-759	1508	0.0000000000
359	FT911-3-760	1509	0.0000000000
359	FT911-3-761	1510	0.0000000000
359	FT911-3-763	1511	0.0000000000
359	FT911-3-765	1512	0.0000000000
359	FT911-3-766	1513	0.0000000000
359	FT911-3-767	1514	0.0000000000
359	FT911-3-768	1515	0.0000000000
359	FT911-3-769	1516	0.0000000000
359	FT911-3-770	1517	0.0000000000
359	FT911-3-771	1518	0.0000000000
359	FT911-3-772	1519	0.0000000000
359	FT911-3-773	1520	0.0000000000
359	FT911-3-774	1521	0.0000000000
359	FT911-3-775	1522	0.0000000000
359	FT911-3-776	1523	0.0000000000
359	FT911-3-777	1524	0.0000000000
359	FT911-3-778	1525	0.0000000000
359	FT911-3-780	1526	0.0000000000
359	FT911-3-781	1527	0.0000000000
359	FT911-3-782	1528	0.0000000000
359	FT911-3-783	1529	0.0000000000
359	FT911-3-784	1530	0.0000000000
359	FT911-3-785	1531	0.0000000000
359	FT911-3-786	1532	0.0000000000
359	FT911-3-787	1533	0.0000000000
359	FT911-3-788	1534	0.0000000000
359	FT911-3-789	1535	0.0000000000
359	FT911-3-790	1536	0.0000000000
359	FT911-3-791	1537	0.0000000000
359	FT911-3-792	1538	0.0000000000
359	FT911-3-793	1539	0.0000000000
359	FT911-3-794	1540	0.0000000000
359	FT911-3-797	1541	0.0000000000
359	FT911-3-798	1542	0.0000000000
359	FT911-3-799	1543	0.0000000000
359	FT911-3-800	1544	0.0000000000
359	FT911-3-801	1545	0.0000000000
359	FT911-3-802	1546	0.0000000000
359	FT911-3-803	1547	0.0000000000
359	FT911-3-804	1548	0.0000000000
359	FT911-3-805	1549	0.0000000000
359	FT911-3-806	1550	0.0000000000
359	FT911-3-807	1551	0.0000000000
359	FT911-3-808	1552	0.0000000000
359	FT911-3-809	1553	0.0000000000
359	FT911-3-810	1554	0.0000000000
359	FT911-3-811	1555	0.0000000000
359	FT911-3-812	1556	0.0000000000
359	FT911-3-813	1557	0.0000000000
359	FT911-3-814	1558	0.0000000000
359	FT911-3-815	1559	0.0000000000
359	FT911-3-816	1560	0.0000000000
359	FT911-3-817	1561	0.0000000000
359	FT911-3-818	1562	0.0000000000
359	FT911-3-819	1563	0.0000000000
359	FT911-3-820	1564	0.0000000000
359	FT911-3-822	1565	0.0000000000
359	FT911-3-823	1566	0.0000000000
359	FT911-3-824	1567	0.0000000000
359	FT911-3-825	1568	0.0000000000
359	FT911-3-826	1569	0.0000000000
359	FT911-3-828	1570	0.0000000000
359	FT911-3-829	1571	0.0000000000
359	FT911-3-830	1572	0.0000000000
359	FT911-3-831	1573	0.0000000000
359	FT911-3-832	1574	0.0000000000
359	FT911-3-833	1575	0.0000000000
359	FT911-3-837	1576	0.0000000000
359	FT911-3-838	1577	0.0000000000
359	FT911-3-841	1578	0.0000000000
359	FT911-3-842	1579	0.0000000000
359	FT911-3-843	1580	0.0000000000
359	FT911-3-847	1581	0.0000000000
359	FT911-3-849	1582	0.0000000000
359	FT911-3-850	1583	0.0000000000
359	FT911-3-851	1584	0.0000000000
359	FT911-3-852	1585	0.0000000000
359	FT911-3-853	1586	0.0000000000
359	FT911-3-854	1587	0.0000000000
359	FT911-3-855	1588	0.0000000000
359	FT911-3-856	1589	0.0000000000
359	FT911-3-859	1590	0.0000000000
359	FT911-3-860	1591	0.0000000000
359	FT911-3-861	1592	0.0000000000
359	FT911-3-862	1593	0.0000000000
359	FT911-3-863	1594	0.0000000000
359	FT911-3-864	1595	0.0000000000
359	FT911-3-865	1596	0.0000000000
359	FT911-3-866	1597	0.0000000000
359	FT911-3-867	1598	0.0000000000
359	FT911-3-868	1599	0.0000000000
359	FT911-3-869	1600	0.0000000000
359	FT911-3-870	1601	0.0000000000
359	FT911-3-871	1602	0.0000000000
359	FT911-3-872	1603	0.0000000000
359	FT911-3-873	1604	0.0000000000
359	FT911-3-874	1605	0.0000000000
359	FT911-3-875	1606	0.0000000000
359	FT911-3-876	1607	0.0000000000
359	FT911-3-877	1608	0.0000000000
359	FT911-3-878	1609	0.0000000000
359	FT911-3-879	1610	0.0000000000
359	FT911-3-880	1611	0.0000000000
359	FT911-3-881	1612	0.0000000000
359	FT911-3-882	1613	0.0000000000
359	FT911-3-884	1614	0.0000000000
359	FT911-3-885	1615	0.0000000000
359	FT911-3-887	1616	0.0000000000
359	FT911-3-888	1617	0.0000000000
359	FT911-3-889	1618	0.0000000000
359	FT911-3-890	1619	0.0000000000
359	FT911-3-891	1620	0.0000000000
359	FT911-3-892	1621	0.0000000000
359	FT911-3-893	1622	0.0000000000
359	FT911-3-894	1623	0.0000000000
359	FT911-3-895	1624	0.0000000000
359	FT911-3-896	1625	0.0000000000
359	FT911-3-897	1626	0.0000000000
359	FT911-3-898	1627	0.0000000000
359	FT911-3-899	1628	0.0000000000
359	FT911-3-900	1629	0.0000000000
359	FT911-3-901	1630	0.0000000000
359	FT911-3-902	1631	0.0000000000
359	FT911-3-903	1632	0.0000000000
359	FT911-3-904	1633	0.0000000000
359	FT911-3-905	1634	0.0000000000
359	FT911-3-906	1635	0.0000000000
359	FT911-3-907	1636	0.0000000000
359	FT911-3-908	1637	0.0000000000
359	FT911-3-909	1638	0.0000000000
359	FT911-3-910	1639	0.0000000000
359	FT911-3-911	1640	0.0000000000
359	FT911-3-912	1641	0.0000000000
359	FT911-3-913	1642	0.0000000000
359	FT911-3-914	1643	0.0000000000
359	FT911-3-915	1644	0.0000000000
359	FT911-3-916	1645	0.0000000000
359	FT911-3-917	1646	0.0000000000
359	FT911-3-918	1647	0.0000000000
359	FT911-3-919	1648	0.0000000000
359	FT911-3-920	1649	0.0000000000
359	FT911-3-922	1650	0.0000000000
359	FT911-3-923	1651	0.0000000000
359	FT911-3-924	1652	0.0000000000
359	FT911-3-925	1653	0.0000000000
359	FT911-3-926	1654	0.0000000000
359	FT911-3-927	1655	0.0000000000
359	FT911-3-928	1656	0.0000000000
359	FT911-3-930	1657	0.0000000000
359	FT911-3-931	1658	0.0000000000
359	FT911-3-932	1659	0.0000000000
359	FT911-3-933	1660	0.0000000000
359	FT911-3-934	1661	0.0000000000
359	FT911-3-935	1662	0.0000000000
359	FT911-3-936	1663	0.0000000000
359	FT911-3-937	1664	0.0000000000
359	FT911-3-938	1665	0.0000000000
359	FT911-3-939	1666	0.0000000000
359	FT911-3-940	1667	0.0000000000
359	FT911-3-941	1668	0.0000000000
359	FT911-3-942	1669	0.0000000000
359	FT911-3-944	1670	0.0000000000
359	FT911-3-945	1671	0.0000000000
359	FT911-3-946	1672	0.0000000000
359	FT911-3-947	1673	0.0000000000
359	FT911-3-949	1674	0.0000000000
359	FT911-3-951	1675	0.0000000000
359	FT911-3-952	1676	0.0000000000
359	FT911-3-954	1677	0.0000000000
359	FT911-3-955	1678	0.0000000000
359	FT911-3-956	1679	0.0000000000
359	FT911-3-957	1680	0.0000000000
359	FT911-3-958	1681	0.0000000000
359	FT911-3-959	1682	0.0000000000
359	FT911-3-961	1683	0.0000000000
359	FT911-3-962	1684	0.0000000000
359	FT911-3-963	1685	0.0000000000
359	FT911-3-964	1686	0.0000000000
359	FT911-3-965	1687	0.0000000000
359	FT911-3-966	1688	0.0000000000
359	FT911-3-968	1689	0.0000000000
359	FT911-3-969	1690	0.0000000000
359	FT911-3-970	1691	0.0000000000
359	FT911-3-972	1692	0.0000000000
359	FT911-3-973	1693	0.0000000000
359	FT911-3-974	1694	0.0000000000
359	FT911-3-975	1695	0.0000000000
359	FT911-3-976	1696	0.0000000000
359	FT911-3-977	1697	0.0000000000
359	FT911-3-978	1698	0.0000000000
359	FT911-3-979	1699	0.0000000000
359	FT911-3-981	1700	0.0000000000
359	FT911-3-982	1701	0.0000000000
359	FT911-3-983	1702	0.0000000000
359	FT911-3-984	1703	0.0000000000
359	FT911-3-985	1704	0.0000000000
359	FT911-3-986	1705	0.0000000000
359	FT911-3-987	1706	0.0000000000
359	FT911-3-988	1707	0.0000000000
359	FT911-3-989	1708	0.0000000000
359	FT911-3-990	1709	0.0000000000
359	FT911-3-991	1710	0.0000000000
359	FT911-3-993	1711	0.0000000000
359	FT911-3-994	1712	0.0000000000
359	FT911-3-995	1713	0.0000000000
359	FT911-3-996	1714	0.0000000000
359	FT911-3-997	1715	0.0000000000
359	FT911-3-998	1716	0.0000000000
359	FT911-3-999	1717	0.0000000000
359	FT911-3-1001	1718	0.0000000000
359	FT911-3-1002	1719	0.0000000000
359	FT911-3-1003	1720	0.0000000000
359	FT911-3-1004	1721	0.0000000000
359	FT911-3-1005	1722	0.0000000000
359	FT911-3-1006	1723	0.0000000000
359	FT911-3-1007	1724	0.0000000000
359	FT911-3-1008	1725	0.0000000000
359	FT911-3-1009	1726	0.0000000000
359	FT911-3-1010	1727	0.0000000000
359	FT911-3-1011	1728	0.0000000000
359	FT911-3-1012	1729	0.0000000000
359	FT911-3-1013	1730	0.0000000000
359	FT911-3-1014	1731	0.0000000000
359	FT911-3-1015	1732	0.0000000000
359	FT911-3-1016	1733	0.0000000000
359	FT911-3-1017	1734	0.0000000000
359	FT911-3-1018	1735	0.0000000000
359	FT911-3-1019	1736	0.0000000000
359	FT911-3-1020	1737	0.0000000000
359	FT911-3-1021	1738	0.0000000000
359	FT911-3-1022	1739	0.0000000000
359	FT911-3-1023	1740	0.0000000000
359	FT911-3-1024	1741	0.0000000000
359	FT911-3-1025	1742	0.0000000000
359	FT911-3-1026	1743	0.0000000000
359	FT911-3-1027	1744	0.0000000000
359	FT911-3-1028	1745	0.0000000000
359	FT911-3-1029	1746	0.0000000000
359	FT911-3-1030	1747	0.0000000000
359	FT911-3-1031	1748	0.0000000000
359	FT911-3-1033	1749	0.0000000000
359	FT911-3-1034	1750	0.0000000000
359	FT911-3-1035	1751	0.0000000000
359	FT911-3-1036	1752	0.0000000000
359	FT911-3-1037	1753	0.0000000000
359	FT911-3-1038	1754	0.0000000000
359	FT911-3-1040	1755	0.0000000000
359	FT911-3-1041	1756	0.0000000000
359	FT911-3-1042	1757	0.0000000000
359	FT911-3-1043	1758	0.0000000000
359	FT911-3-1044	1759	0.0000000000
359	FT911-3-1045	1760	0.0000000000
359	FT911-3-1046	1761	0.0000000000
359	FT911-3-1047	1762	0.0000000000
359	FT911-3-1048	1763	0.0000000000
359	FT911-3-1049	1764	0.0000000000
359	FT911-3-1050	1765	0.0000000000
359	FT911-3-1051	1766	0.0000000000
359	FT911-3-1052	1767	0.0000000000
359	FT911-3-1053	1768	0.0000000000
359	FT911-3-1054	1769	0.0000000000
359	FT911-3-1055	1770	0.0000000000
359	FT911-3-1056	1771	0.0000000000
359	FT911-3-1057	1772	0.0000000000
359	FT911-3-1059	1773	0.0000000000
359	FT911-3-1060	1774	0.0000000000
359	FT911-3-1061	1775	0.0000000000
359	FT911-3-1063	1776	0.0000000000
359	FT911-3-1064	1777	0.0000000000
359	FT911-3-1065	1778	0.0000000000
359	FT911-3-1067	1779	0.0000000000
359	FT911-3-1069	1780	0.0000000000
359	FT911-3-1070	1781	0.0000000000
359	FT911-3-1071	1782	0.0000000000
359	FT911-3-1074	1783	0.0000000000
359	FT911-3-1076	1784	0.0000000000
359	FT911-3-1077	1785	0.0000000000
359	FT911-3-1078	1786	0.0000000000
359	FT911-3-1079	1787	0.0000000000
359	FT911-3-1080	1788	0.0000000000
359	FT911-3-1081	1789	0.0000000000
359	FT911-3-1082	1790	0.0000000000
359	FT911-3-1083	1791	0.0000000000
359	FT911-3-1086	1792	0.0000000000
359	FT911-3-1087	1793	0.0000000000
359	FT911-3-1088	1794	0.0000000000
359	FT911-3-1089	1795	0.0000000000
359	FT911-3-1090	1796	0.0000000000
359	FT911-3-1091	1797	0.0000000000
359	FT911-3-1093	1798	0.0000000000
359	FT911-3-1094	1799	0.0000000000
359	FT911-3-1095	1800	0.0000000000
359	FT911-3-1096	1801	0.0000000000
359	FT911-3-1097	1802	0.0000000000
359	FT911-4-1099	1803	0.0000000000
359	FT911-4-1100	1804	0.0000000000
359	FT911-4-1101	1805	0.0000000000
359	FT911-4-1102	1806	0.0000000000
359	FT911-4-1103	1807	0.0000000000
359	FT911-4-1104	1808	0.0000000000
359	FT911-4-1105	1809	0.0000000000
359	FT911-4-1106	1810	0.0000000000
359	FT911-4-1107	1811	0.0000000000
359	FT911-4-1108	1812	0.0000000000
359	FT911-4-1110	1813	0.0000000000
359	FT911-4-1111	1814	0.0000000000
359	FT911-4-1112	1815	0.0000000000
359	FT911-4-1113	1816	0.0000000000
359	FT911-4-1114	1817	0.0000000000
359	FT911-4-1115	1818	0.0000000000
359	FT911-4-1116	1819	0.0000000000
359	FT911-4-1117	1820	0.0000000000
359	FT911-4-1118	1821	0.0000000000
359	FT911-4-1121	1822	0.0000000000
359	FT911-4-1123	1823	0.0000000000
359	FT911-4-1124	1824	0.0000000000
359	FT911-4-1126	1825	0.0000000000
359	FT911-4-1127	1826	0.0000000000
359	FT911-4-1128	1827	0.0000000000
359	FT911-4-1129	1828	0.0000000000
359	FT911-4-1130	1829	0.0000000000
359	FT911-4-1133	1830	0.0000000000
359	FT911-4-1134	1831	0.0000000000
359	FT911-4-1135	1832	0.0000000000
359	FT911-4-1136	1833	0.0000000000
359	FT911-4-1138	1834	0.0000000000
359	FT911-4-1139	1835	0.0000000000
359	FT911-4-1142	1836	0.0000000000
359	FT911-4-1143	1837	0.0000000000
359	FT911-4-1145	1838	0.0000000000
359	FT911-4-1147	1839	0.0000000000
359	FT911-4-1149	1840	0.0000000000
359	FT911-4-1150	1841	0.0000000000
359	FT911-4-1151	1842	0.0000000000
359	FT911-4-1152	1843	0.0000000000
359	FT911-4-1153	1844	0.0000000000
359	FT911-4-1154	1845	0.0000000000
359	FT911-4-1155	1846	0.0000000000
359	FT911-4-1156	1847	0.0000000000
359	FT911-4-1157	1848	0.0000000000
359	FT911-4-1158	1849	0.0000000000
359	FT911-4-1161	1850	0.0000000000
359	FT911-4-1162	1851	0.0000000000
359	FT911-4-1163	1852	0.0000000000
359	FT911-4-1164	1853	0.0000000000
359	FT911-4-1166	1854	0.0000000000
359	FT911-4-1167	1855	0.0000000000
359	FT911-4-1168	1856	0.0000000000
359	FT911-4-1169	1857	0.0000000000
359	FT911-4-1170	1858	0.0000000000
359	FT911-4-1172	1859	0.0000000000
359	FT911-4-1173	1860	0.0000000000
359	FT911-4-1174	1861	0.0000000000
359	FT911-4-1175	1862	0.0000000000
359	FT911-4-1176	1863	0.0000000000
359	FT911-4-1177	1864	0.0000000000
359	FT911-4-1178	1865	0.0000000000
359	FT911-4-1179	1866	0.0000000000
359	FT911-4-1180	1867	0.0000000000
359	FT911-4-1181	1868	0.0000000000
359	FT911-4-1182	1869	0.0000000000
359	FT911-4-1183	1870	0.0000000000
359	FT911-4-1185	1871	0.0000000000
359	FT911-4-1186	1872	0.0000000000
359	FT911-4-1187	1873	0.0000000000
359	FT911-4-1188	1874	0.0000000000
359	FT911-4-1189	1875	0.0000000000
359	FT911-4-1190	1876	0.0000000000
359	FT911-4-1191	1877	0.0000000000
359	FT911-4-1192	1878	0.0000000000
359	FT911-4-1193	1879	0.0000000000
359	FT911-4-1194	1880	0.0000000000
359	FT911-4-1195	1881	0.0000000000
359	FT911-4-1196	1882	0.0000000000
359	FT911-4-1197	1883	0.0000000000
359	FT911-4-1198	1884	0.0000000000
359	FT911-4-1199	1885	0.0000000000
359	FT911-4-1200	1886	0.0000000000
359	FT911-4-1201	1887	0.0000000000
359	FT911-4-1203	1888	0.0000000000
359	FT911-4-1204	1889	0.0000000000
359	FT911-4-1205	1890	0.0000000000
359	FT911-4-1206	1891	0.0000000000
359	FT911-4-1207	1892	0.0000000000
359	FT911-4-1208	1893	0.0000000000
359	FT911-4-1209	1894	0.0000000000
359	FT911-4-1211	1895	0.0000000000
359	FT911-4-1212	1896	0.0000000000
359	FT911-4-1213	1897	0.0000000000
359	FT911-4-1214	1898	0.0000000000
359	FT911-4-1215	1899	0.0000000000
359	FT911-4-1216	1900	0.0000000000
359	FT911-4-1217	1901	0.0000000000
359	FT911-4-1218	1902	0.0000000000
359	FT911-4-1219	1903	0.0000000000
359	FT911-4-1223	1904	0.0000000000
359	FT911-4-1225	1905	0.0000000000
359	FT911-4-1226	1906	0.0000000000
359	FT911-4-1227	1907	0.0000000000
359	FT911-4-1228	1908	0.0000000000
359	FT911-4-1229	1909	0.0000000000
359	FT911-4-1230	1910	0.0000000000
359	FT911-4-1231	1911	0.0000000000
359	FT911-4-1232	1912	0.0000000000
359	FT911-4-1233	1913	0.0000000000
359	FT911-4-1234	1914	0.0000000000
359	FT911-4-1235	1915	0.0000000000
359	FT911-4-1236	1916	0.0000000000
359	FT911-4-1237	1917	0.0000000000
359	FT911-4-1238	1918	0.0000000000
359	FT911-4-1239	1919	0.0000000000
359	FT911-4-1240	1920	0.0000000000
359	FT911-4-1241	1921	0.0000000000
359	FT911-4-1242	1922	0.0000000000
359	FT911-4-1243	1923	0.0000000000
359	FT911-4-1244	1924	0.0000000000
359	FT911-4-1245	1925	0.0000000000
359	FT911-4-1246	1926	0.0000000000
359	FT911-4-1247	1927	0.0000000000
359	FT911-4-1248	1928	0.0000000000
359	FT911-4-1249	1929	0.0000000000
359	FT911-4-1250	1930	0.0000000000
359	FT911-4-1251	1931	0.0000000000
359	FT911-4-1252	1932	0.0000000000
359	FT911-4-1253	1933	0.0000000000
359	FT911-4-1254	1934	0.0000000000
359	FT911-4-1255	1935	0.0000000000
359	FT911-4-1256	1936	0.0000000000
359	FT911-4-1258	1937	0.0000000000
359	FT911-4-1259	1938	0.0000000000
359	FT911-4-1260	1939	0.0000000000
359	FT911-4-1261	1940	0.0000000000
359	FT911-4-1262	1941	0.0000000000
359	FT911-4-1263	1942	0.0000000000
359	FT911-4-1265	1943	0.0000000000
359	FT911-4-1266	1944	0.0000000000
359	FT911-4-1267	1945	0.0000000000
359	FT911-4-1268	1946	0.0000000000
359	FT911-4-1269	1947	0.0000000000
359	FT911-4-1270	1948	0.0000000000
359	FT911-4-1272	1949	0.0000000000
359	FT911-4-1273	1950	0.0000000000
359	FT911-4-1275	1951	0.0000000000
359	FT911-4-1276	1952	0.0000000000
359	FT911-4-1278	1953	0.0000000000
359	FT911-4-1279	1954	0.0000000000
359	FT911-4-1280	1955	0.0000000000
359	FT911-4-1282	1956	0.0000000000
359	FT911-4-1283	1957	0.0000000000
359	FT911-4-1284	1958	0.0000000000
359	FT911-4-1285	1959	0.0000000000
359	FT911-4-1286	1960	0.0000000000
359	FT911-4-1287	1961	0.0000000000
359	FT911-4-1288	1962	0.0000000000
359	FT911-4-1291	1963	0.0000000000
359	FT911-4-1293	1964	0.0000000000
359	FT911-4-1294	1965	0.0000000000
359	FT911-4-1295	1966	0.0000000000
359	FT911-4-1297	1967	0.0000000000
359	FT911-4-1300	1968	0.0000000000
359	FT911-4-1303	1969	0.0000000000
359	FT911-4-1304	1970	0.0000000000
359	FT911-4-1305	1971	0.0000000000
359	FT911-4-1306	1972	0.0000000000
359	FT911-4-1307	1973	0.0000000000
359	FT911-4-1308	1974	0.0000000000
359	FT911-4-1309	1975	0.0000000000
359	FT911-4-1310	1976	0.0000000000
359	FT911-4-1311	1977	0.0000000000
359	FT911-4-1313	1978	0.0000000000
359	FT911-4-1314	1979	0.0000000000
359	FT911-4-1315	1980	0.0000000000
359	FT911-4-1316	1981	0.0000000000
359	FT911-4-1317	1982	0.0000000000
359	FT911-4-1318	1983	0.0000000000
359	FT911-4-1320	1984	0.0000000000
359	FT911-4-1321	1985	0.0000000000
359	FT911-4-1322	1986	0.0000000000
359	FT911-4-1323	1987	0.0000000000
359	FT911-4-1324	1988	0.0000000000
359	FT911-4-1325	1989	0.0000000000
359	FT911-4-1326	1990	0.0000000000
359	FT911-4-1327	1991	0.0000000000
359	FT911-4-1328	1992	0.0000000000
359	FT911-4-1329	1993	0.0000000000
359	FT911-4-1330	1994	0.0000000000
359	FT911-4-1331	1995	0.0000000000
359	FT911-4-1332	1996	0.0000000000
359	FT911-4-1333	1997	0.0000000000
359	FT911-4-1334	1998	0.0000000000
359	FT911-4-1335	1999	0.0000000000
359	FT911-4-1336	2000	0.0000000000
359	FT911-4-1337	2001	0.0000000000
359	FT911-4-1338	2002	0.0000000000
359	FT911-4-1339	2003	0.0000000000
359	FT911-4-1342	2004	0.0000000000
359	FT911-4-1343	2005	0.0000000000
359	FT911-4-1344	2006	0.0000000000
359	FT911-4-1345	2007	0.0000000000
359	FT911-4-1346	2008	0.0000000000
359	FT911-4-1347	2009	0.0000000000
359	FT911-4-1348	2010	0.0000000000
359	FT911-4-1349	2011	0.0000000000
359	FT911-4-1350	2012	0.0000000000
359	FT911-4-1351	2013	0.0000000000
359	FT911-4-1352	2014	0.0000000000
359	FT911-4-1353	2015	0.0000000000
359	FT911-4-1354	2016	0.0000000000
359	FT911-4-1355	2017	0.0000000000
359	FT911-4-1356	2018	0.0000000000
359	FT911-4-1357	2019	0.0000000000
359	FT911-4-1358	2020	0.0000000000
359	FT911-4-1360	2021	0.0000000000
359	FT911-4-1362	2022	0.0000000000
359	FT911-4-1365	2023	0.0000000000
359	FT911-4-1366	2024	0.0000000000
359	FT911-4-1367	2025	0.0000000000
359	FT911-4-1368	2026	0.0000000000
359	FT911-4-1369	2027	0.0000000000
359	FT911-4-1372	2028	0.0000000000
359	FT911-4-1373	2029	0.0000000000
359	FT911-4-1374	2030	0.0000000000
359	FT911-4-1375	2031	0.0000000000
359	FT911-4-1376	2032	0.0000000000
359	FT911-4-1377	2033	0.0000000000
359	FT911-4-1378	2034	0.0000000000
359	FT911-4-1379	2035	0.0000000000
359	FT911-4-1380	2036	0.0000000000
359	FT911-4-1381	2037	0.0000000000
359	FT911-4-1382	2038	0.0000000000
359	FT911-4-1383	2039	0.0000000000
359	FT911-4-1384	2040	0.0000000000
359	FT911-4-1385	2041	0.0000000000
359	FT911-4-1386	2042	0.0000000000
359	FT911-4-1387	2043	0.0000000000
359	FT911-4-1389	2044	0.0000000000
359	FT911-4-1390	2045	0.0000000000
359	FT911-4-1391	2046	0.0000000000
359	FT911-4-1392	2047	0.0000000000
359	FT911-4-1393	2048	0.0000000000
359	FT911-4-1394	2049	0.0000000000
359	FT911-4-1395	2050	0.0000000000
359	FT911-4-1396	2051	0.0000000000
359	FT911-4-1397	2052	0.0000000000
359	FT911-4-1398	2053	0.0000000000
359	FT911-4-1399	2054	0.0000000000
359	FT911-4-1401	2055	0.0000000000
359	FT911-4-1402	2056	0.0000000000
359	FT911-4-1403	2057	0.0000000000
359	FT911-4-1404	2058	0.0000000000
359	FT911-4-1406	2059	0.0000000000
359	FT911-4-1407	2060	0.0000000000
359	FT911-4-1408	2061	0.0000000000
359	FT911-4-1409	2062	0.0000000000
359	FT911-4-1410	2063	0.0000000000
359	FT911-4-1411	2064	0.0000000000
359	FT911-4-1412	2065	0.0000000000
359	FT911-4-1413	2066	0.0000000000
359	FT911-4-1414	2067	0.0000000000
359	FT911-4-1415	2068	0.0000000000
359	FT911-4-1417	2069	0.0000000000
359	FT911-4-1418	2070	0.0000000000
359	FT911-4-1419	2071	0.0000000000
359	FT911-4-1420	2072	0.0000000000
359	FT911-4-1421	2073	0.0000000000
359	FT911-4-1422	2074	0.0000000000
359	FT911-4-1424	2075	0.0000000000
359	FT911-4-1425	2076	0.0000000000
359	FT911-4-1426	2077	0.0000000000
359	FT911-4-1427	2078	0.0000000000
359	FT911-4-1429	2079	0.0000000000
359	FT911-4-1430	2080	0.0000000000
359	FT911-4-1431	2081	0.0000000000
359	FT911-4-1432	2082	0.0000000000
359	FT911-4-1433	2083	0.0000000000
359	FT911-4-1434	2084	0.0000000000
359	FT911-4-1435	2085	0.0000000000
359	FT911-4-1436	2086	0.0000000000
359	FT911-4-1437	2087	0.0000000000
359	FT911-4-1438	2088	0.0000000000
359	FT911-4-1439	2089	0.0000000000
359	FT911-4-1440	2090	0.0000000000
359	FT911-4-1441	2091	0.0000000000
359	FT911-4-1442	2092	0.0000000000
359	FT911-4-1443	2093	0.0000000000
359	FT911-4-1444	2094	0.0000000000
359	FT911-4-1445	2095	0.0000000000
359	FT911-4-1446	2096	0.0000000000
359	FT911-4-1447	2097	0.0000000000
359	FT911-4-1448	2098	0.0000000000
359	FT911-4-1449	2099	0.0000000000
359	FT911-4-1450	2100	0.0000000000
359	FT911-4-1452	2101	0.0000000000
359	FT911-4-1453	2102	0.0000000000
359	FT911-4-1454	2103	0.0000000000
359	FT911-4-1455	2104	0.0000000000
359	FT911-4-1456	2105	0.0000000000
359	FT911-4-1457	2106	0.0000000000
359	FT911-4-1458	2107	0.0000000000
359	FT911-4-1459	2108	0.0000000000
359	FT911-4-1460	2109	0.0000000000
359	FT911-4-1461	2110	0.0000000000
359	FT911-4-1462	2111	0.0000000000
359	FT911-4-1463	2112	0.0000000000
359	FT911-4-1466	2113	0.0000000000
359	FT911-4-1467	2114	0.0000000000
359	FT911-4-1468	2115	0.0000000000
359	FT911-4-1470	2116	0.0000000000
359	FT911-4-1471	2117	0.0000000000
359	FT911-4-1472	2118	0.0000000000
359	FT911-4-1473	2119	0.0000000000
359	FT911-4-1475	2120	0.0000000000
359	FT911-4-1476	2121	0.0000000000
359	FT911-4-1477	2122	0.0000000000
359	FT911-4-1478	2123	0.0000000000
359	FT911-5-1479	2124	0.0000000000
359	FT911-5-1480	2125	0.0000000000
359	FT911-5-1481	2126	0.0000000000
359	FT911-5-1483	2127	0.0000000000
359	FT911-5-1484	2128	0.0000000000
359	FT911-5-1485	2129	0.0000000000
359	FT911-5-1486	2130	0.0000000000
359	FT911-5-1487	2131	0.0000000000
359	FT911-5-1488	2132	0.0000000000
359	FT911-5-1489	2133	0.0000000000
359	FT911-5-1492	2134	0.0000000000
359	FT911-5-1493	2135	0.0000000000
359	FT911-5-1494	2136	0.0000000000
359	FT911-5-1496	2137	0.0000000000
359	FT911-5-1497	2138	0.0000000000
359	FT911-5-1498	2139	0.0000000000
359	FT911-5-1500	2140	0.0000000000
359	FT911-5-1501	2141	0.0000000000
359	FT911-5-1502	2142	0.0000000000
359	FT911-5-1503	2143	0.0000000000
359	FT911-5-1504	2144	0.0000000000
359	FT911-5-1505	2145	0.0000000000
359	FT911-5-1507	2146	0.0000000000
359	FT911-5-1508	2147	0.0000000000
359	FT911-5-1509	2148	0.0000000000
359	FT911-5-1510	2149	0.0000000000
359	FT911-5-1511	2150	0.0000000000
359	FT911-5-1512	2151	0.0000000000
359	FT911-5-1513	2152	0.0000000000
359	FT911-5-1514	2153	0.0000000000
359	FT911-5-1515	2154	0.0000000000
359	FT911-5-1516	2155	0.0000000000
359	FT911-5-1517	2156	0.0000000000
359	FT911-5-1520	2157	0.0000000000
359	FT911-5-1521	2158	0.0000000000
359	FT911-5-1522	2159	0.0000000000
359	FT911-5-1523	2160	0.0000000000
359	FT911-5-1524	2161	0.0000000000
359	FT911-5-1525	2162	0.0000000000
359	FT911-5-1526	2163	0.0000000000
359	FT911-5-1527	2164	0.0000000000
359	FT911-5-1528	2165	0.0000000000
359	FT911-5-1529	2166	0.0000000000
359	FT911-5-1530	2167	0.0000000000
359	FT911-5-1531	2168	0.0000000000
359	FT911-5-1532	2169	0.0000000000
359	FT911-5-1533	2170	0.0000000000
359	FT911-5-1534	2171	0.0000000000
359	FT911-5-1535	2172	0.0000000000
359	FT911-5-1537	2173	0.0000000000
359	FT911-5-1538	2174	0.0000000000
359	FT911-5-1539	2175	0.0000000000
359	FT911-5-1541	2176	0.0000000000
359	FT911-5-1542	2177	0.0000000000
359	FT911-5-1543	2178	0.0000000000
359	FT911-5-1544	2179	0.0000000000
359	FT911-5-1545	2180	0.0000000000
359	FT911-5-1546	2181	0.0000000000
359	FT911-5-1547	2182	0.0000000000
359	FT911-5-1548	2183	0.0000000000
359	FT911-5-1549	2184	0.0000000000
359	FT911-5-1550	2185	0.0000000000
359	FT911-5-1551	2186	0.0000000000
359	FT911-5-1552	2187	0.0000000000
359	FT911-5-1553	2188	0.0000000000
359	FT911-5-1554	2189	0.0000000000
359	FT911-5-1555	2190	0.0000000000
359	FT911-5-1556	2191	0.0000000000
359	FT911-5-1557	2192	0.0000000000
359	FT911-5-1558	2193	0.0000000000
359	FT911-5-1559	2194	0.0000000000
359	FT911-5-1560	2195	0.0000000000
359	FT911-5-1561	2196	0.0000000000
359	FT911-5-1562	2197	0.0000000000
359	FT911-5-1564	2198	0.0000000000
359	FT911-5-1565	2199	0.0000000000
359	FT911-5-1566	2200	0.0000000000
359	FT911-5-1567	2201	0.0000000000
359	FT911-5-1568	2202	0.0000000000
359	FT911-5-1569	2203	0.0000000000
359	FT911-5-1571	2204	0.0000000000
359	FT911-5-1572	2205	0.0000000000
359	FT911-5-1573	2206	0.0000000000
359	FT911-5-1574	2207	0.0000000000
359	FT911-5-1575	2208	0.0000000000
359	FT911-5-1576	2209	0.0000000000
359	FT911-5-1577	2210	0.0000000000
359	FT911-5-1578	2211	0.0000000000
359	FT911-5-1579	2212	0.0000000000
359	FT911-5-1580	2213	0.0000000000
359	FT911-5-1581	2214	0.0000000000
359	FT911-5-1582	2215	0.0000000000
359	FT911-5-1586	2216	0.0000000000
359	FT911-5-1587	2217	0.0000000000
359	FT911-5-1588	2218	0.0000000000
359	FT911-5-1589	2219	0.0000000000
359	FT911-5-1590	2220	0.0000000000
359	FT911-5-1591	2221	0.0000000000
359	FT911-5-1592	2222	0.0000000000
359	FT911-5-1593	2223	0.0000000000
359	FT911-5-1594	2224	0.0000000000
359	FT911-5-1595	2225	0.0000000000
359	FT911-5-1596	2226	0.0000000000
359	FT911-5-1597	2227	0.0000000000
359	FT911-5-1598	2228	0.0000000000
359	FT911-5-1599	2229	0.0000000000
359	FT911-5-1600	2230	0.0000000000
359	FT911-5-1601	2231	0.0000000000
359	FT911-5-1602	2232	0.0000000000
359	FT911-5-1603	2233	0.0000000000
359	FT911-5-1604	2234	0.0000000000
359	FT911-5-1605	2235	0.0000000000
359	FT911-5-1606	2236	0.0000000000
359	FT911-5-1607	2237	0.0000000000
359	FT911-5-1608	2238	0.0000000000
359	FT911-5-1609	2239	0.0000000000
359	FT911-5-1610	2240	0.0000000000
359	FT911-5-1611	2241	0.0000000000
359	FT911-5-1612	2242	0.0000000000
359	FT911-5-1613	2243	0.0000000000
359	FT911-5-1614	2244	0.0000000000
359	FT911-5-1616	2245	0.0000000000
359	FT911-5-1617	2246	0.0000000000
359	FT911-5-1618	2247	0.0000000000
359	FT911-5-1619	2248	0.0000000000
359	FT911-5-1622	2249	0.0000000000
359	FT911-5-1623	2250	0.0000000000
359	FT911-5-1624	2251	0.0000000000
359	FT911-5-1625	2252	0.0000000000
359	FT911-5-1626	2253	0.0000000000
359	FT911-5-1629	2254	0.0000000000
359	FT911-5-1630	2255	0.0000000000
359	FT911-5-1631	2256	0.0000000000
359	FT911-5-1632	2257	0.0000000000
359	FT911-5-1633	2258	0.0000000000
359	FT911-5-1634	2259	0.0000000000
359	FT911-5-1635	2260	0.0000000000
359	FT911-5-1636	2261	0.0000000000
359	FT911-5-1637	2262	0.0000000000
359	FT911-5-1638	2263	0.0000000000
359	FT911-5-1639	2264	0.0000000000
359	FT911-5-1641	2265	0.0000000000
359	FT911-5-1642	2266	0.0000000000
359	FT911-5-1643	2267	0.0000000000
359	FT911-5-1644	2268	0.0000000000
359	FT911-5-1645	2269	0.0000000000
359	FT911-5-1647	2270	0.0000000000
359	FT911-5-1648	2271	0.0000000000
359	FT911-5-1649	2272	0.0000000000
359	FT911-5-1650	2273	0.0000000000
359	FT911-5-1651	2274	0.0000000000
359	FT911-5-1652	2275	0.0000000000
359	FT911-5-1653	2276	0.0000000000
359	FT911-5-1654	2277	0.0000000000
359	FT911-5-1655	2278	0.0000000000
359	FT911-5-1656	2279	0.0000000000
359	FT911-5-1658	2280	0.0000000000
359	FT911-5-1660	2281	0.0000000000
359	FT911-5-1661	2282	0.0000000000
359	FT911-5-1662	2283	0.0000000000
359	FT911-5-1663	2284	0.0000000000
359	FT911-5-1664	2285	0.0000000000
359	FT911-5-1665	2286	0.0000000000
359	FT911-5-1666	2287	0.0000000000
359	FT911-5-1667	2288	0.0000000000
359	FT911-5-1668	2289	0.0000000000
359	FT911-5-1669	2290	0.0000000000
359	FT911-5-1670	2291	0.0000000000
359	FT911-5-1690	2292	0.0000000000
359	FT911-5-1691	2293	0.0000000000
359	FT911-5-1692	2294	0.0000000000
359	FT911-5-1693	2295	0.0000000000
359	FT911-5-1694	2296	0.0000000000
359	FT911-5-1698	2297	0.0000000000
359	FT911-5-1699	2298	0.0000000000
359	FT911-5-1700	2299	0.0000000000
359	FT911-5-1701	2300	0.0000000000
359	FT911-5-1702	2301	0.0000000000
359	FT911-5-1703	2302	0.0000000000
359	FT911-5-1704	2303	0.0000000000
359	FT911-5-1705	2304	0.0000000000
359	FT911-5-1706	2305	0.0000000000
359	FT911-5-1707	2306	0.0000000000
359	FT911-5-1708	2307	0.0000000000
359	FT911-5-1709	2308	0.0000000000
359	FT911-5-1710	2309	0.0000000000
359	FT911-5-1713	2310	0.0000000000
359	FT911-5-1714	2311	0.0000000000
359	FT911-5-1715	2312	0.0000000000
359	FT911-5-1716	2313	0.0000000000
359	FT911-5-1718	2314	0.0000000000
359	FT911-5-1719	2315	0.0000000000
359	FT911-5-1720	2316	0.0000000000
359	FT911-5-1721	2317	0.0000000000
359	FT911-5-1722	2318	0.0000000000
359	FT911-5-1723	2319	0.0000000000
359	FT911-5-1724	2320	0.0000000000
359	FT911-5-1725	2321	0.0000000000
359	FT911-5-1726	2322	0.0000000000
359	FT911-5-1727	2323	0.0000000000
359	FT911-5-1728	2324	0.0000000000
359	FT911-5-1729	2325	0.0000000000
359	FT911-5-1730	2326	0.0000000000
359	FT911-5-1732	2327	0.0000000000
359	FT911-5-1733	2328	0.0000000000
359	FT911-5-1735	2329	0.0000000000
359	FT911-5-1736	2330	0.0000000000
359	FT911-5-1737	2331	0.0000000000
359	FT911-5-1738	2332	0.0000000000
359	FT911-5-1739	2333	0.0000000000
359	FT911-5-1740	2334	0.0000000000
359	FT911-5-1741	2335	0.0000000000
359	FT911-5-1742	2336	0.0000000000
359	FT911-5-1743	2337	0.0000000000
359	FT911-5-1744	2338	0.0000000000
359	FT911-5-1745	2339	0.0000000000
359	FT911-5-1746	2340	0.0000000000
359	FT911-5-1747	2341	0.0000000000
359	FT911-5-1748	2342	0.0000000000
359	FT911-5-1749	2343	0.0000000000
359	FT911-5-1750	2344	0.0000000000
359	FT911-5-1751	2345	0.0000000000
359	FT911-5-1753	2346	0.0000000000
359	FT911-5-1754	2347	0.0000000000
359	FT911-5-1755	2348	0.0000000000
359	FT911-5-1756	2349	0.0000000000
359	FT911-5-1757	2350	0.0000000000
359	FT911-5-1758	2351	0.0000000000
359	FT911-5-1760	2352	0.0000000000
359	FT911-5-1761	2353	0.0000000000
359	FT911-5-1762	2354	0.0000000000
359	FT911-5-1763	2355	0.0000000000
359	FT911-5-1764	2356	0.0000000000
359	FT911-5-1765	2357	0.0000000000
359	FT911-5-1766	2358	0.0000000000
359	FT911-5-1767	2359	0.0000000000
359	FT911-5-1768	2360	0.0000000000
359	FT911-5-1769	2361	0.0000000000
359	FT911-5-1770	2362	0.0000000000
359	FT911-5-1771	2363	0.0000000000
359	FT911-5-1772	2364	0.0000000000
359	FT911-5-1773	2365	0.0000000000
359	FT911-5-1774	2366	0.0000000000
359	FT911-5-1775	2367	0.0000000000
359	FT911-5-1776	2368	0.0000000000
359	FT911-5-1777	2369	0.0000000000
359	FT911-5-1778	2370	0.0000000000
359	FT911-5-1779	2371	0.0000000000
359	FT911-5-1780	2372	0.0000000000
359	FT911-5-1781	2373	0.0000000000
359	FT911-5-1782	2374	0.0000000000
359	FT911-5-1783	2375	0.0000000000
359	FT911-5-1784	2376	0.0000000000
359	FT911-5-1786	2377	0.0000000000
359	FT911-5-1787	2378	0.0000000000
359	FT911-5-1789	2379	0.0000000000
359	FT911-5-1790	2380	0.0000000000
359	FT911-5-1792	2381	0.0000000000
359	FT911-5-1793	2382	0.0000000000
359	FT911-5-1794	2383	0.0000000000
359	FT911-5-1795	2384	0.0000000000
359	FT911-5-1796	2385	0.0000000000
359	FT911-5-1798	2386	0.0000000000
359	FT911-5-1799	2387	0.0000000000
359	FT911-5-1800	2388	0.0000000000
359	FT911-5-1801	2389	0.0000000000
359	FT911-5-1802	2390	0.0000000000
359	FT911-5-1803	2391	0.0000000000
359	FT911-5-1804	2392	0.0000000000
359	FT911-5-1805	2393	0.0000000000
359	FT911-5-1806	2394	0.0000000000
359	FT911-5-1807	2395	0.0000000000
359	FT911-5-1808	2396	0.0000000000
359	FT911-5-1809	2397	0.0000000000
359	FT911-5-1811	2398	0.0000000000
359	FT911-5-1812	2399	0.0000000000
359	FT911-5-1813	2400	0.0000000000
359	FT911-5-1814	2401	0.0000000000
359	FT911-5-1816	2402	0.0000000000
359	FT911-5-1818	2403	0.0000000000
359	FT911-5-1819	2404	0.0000000000
359	FT911-5-1820	2405	0.0000000000
359	FT911-5-1821	2406	0.0000000000
359	FT911-5-1822	2407	0.0000000000
359	FT911-5-1823	2408	0.0000000000
359	FT911-5-1824	2409	0.0000000000
359	FT911-5-1825	2410	0.0000000000
359	FT911-5-1826	2411	0.0000000000
359	FT911-5-1827	2412	0.0000000000
359	FT911-5-1828	2413	0.0000000000
359	FT911-5-1829	2414	0.0000000000
359	FT911-5-1831	2415	0.0000000000
359	FT911-6-1832	2416	0.0000000000
359	FT911-6-1833	2417	0.0000000000
359	FT911-6-1834	2418	0.0000000000
359	FT911-6-1835	2419	0.0000000000
359	FT911-6-1836	2420	0.0000000000
359	FT911-6-1837	2421	0.0000000000
359	FT911-6-1838	2422	0.0000000000
359	FT911-6-1839	2423	0.0000000000
359	FT911-6-1840	2424	0.0000000000
359	FT911-6-1841	2425	0.0000000000
359	FT911-6-1842	2426	0.0000000000
359	FT911-6-1843	2427	0.0000000000
359	FT911-6-1844	2428	0.0000000000
359	FT911-6-1845	2429	0.0000000000
359	FT911-6-1847	2430	0.0000000000
359	FT911-6-1849	2431	0.0000000000
359	FT911-6-1850	2432	0.0000000000
359	FT911-6-1851	2433	0.0000000000
359	FT911-6-1852	2434	0.0000000000
359	FT911-6-1853	2435	0.0000000000
359	FT911-6-1854	2436	0.0000000000
359	FT911-6-1855	2437	0.0000000000
359	FT911-6-1856	2438	0.0000000000
359	FT911-6-1857	2439	0.0000000000
359	FT911-6-1860	2440	0.0000000000
359	FT911-6-1861	2441	0.0000000000
359	FT911-6-1862	2442	0.0000000000
359	FT911-6-1863	2443	0.0000000000
359	FT911-6-1864	2444	0.0000000000
359	FT911-6-1865	2445	0.0000000000
359	FT911-6-1866	2446	0.0000000000
359	FT911-6-1867	2447	0.0000000000
359	FT911-6-1868	2448	0.0000000000
359	FT911-6-1869	2449	0.0000000000
359	FT911-6-1870	2450	0.0000000000
359	FT911-6-1871	2451	0.0000000000
359	FT911-6-1872	2452	0.0000000000
359	FT911-6-1874	2453	0.0000000000
359	FT911-6-1875	2454	0.0000000000
359	FT911-6-1876	2455	0.0000000000
359	FT911-6-1877	2456	0.0000000000
359	FT911-6-1878	2457	0.0000000000
359	FT911-6-1879	2458	0.0000000000
359	FT911-6-1880	2459	0.0000000000
359	FT911-6-1881	2460	0.0000000000
359	FT911-6-1882	2461	0.0000000000
359	FT911-6-1883	2462	0.0000000000
359	FT911-6-1884	2463	0.0000000000
359	FT911-6-1885	2464	0.0000000000
359	FT911-6-1886	2465	0.0000000000
359	FT911-6-1887	2466	0.0000000000
359	FT911-6-1888	2467	0.0000000000
359	FT911-6-1889	2468	0.0000000000
359	FT911-6-1890	2469	0.0000000000
359	FT911-6-1892	2470	0.0000000000
359	FT911-6-1893	2471	0.0000000000
359	FT911-6-1896	2472	0.0000000000
359	FT911-6-1897	2473	0.0000000000
359	FT911-6-1898	2474	0.0000000000
359	FT911-6-1900	2475	0.0000000000
359	FT911-6-1901	2476	0.0000000000
359	FT911-6-1904	2477	0.0000000000
359	FT911-6-1905	2478	0.0000000000
359	FT911-6-1906	2479	0.0000000000
359	FT911-6-1907	2480	0.0000000000
359	FT911-6-1908	2481	0.0000000000
359	FT911-6-1909	2482	0.0000000000
359	FT911-6-1910	2483	0.0000000000
359	FT911-6-1913	2484	0.0000000000
359	FT911-6-1916	2485	0.0000000000
359	FT911-6-1917	2486	0.0000000000
359	FT911-6-1918	2487	0.0000000000
359	FT911-6-1919	2488	0.0000000000
359	FT911-6-1922	2489	0.0000000000
359	FT911-6-1923	2490	0.0000000000
359	FT911-6-1924	2491	0.0000000000
359	FT911-6-1925	2492	0.0000000000
359	FT911-6-1926	2493	0.0000000000
359	FT911-6-1929	2494	0.0000000000
359	FT911-6-1930	2495	0.0000000000
359	FT911-6-1931	2496	0.0000000000
359	FT911-6-1932	2497	0.0000000000
359	FT911-6-1933	2498	0.0000000000
359	FT911-6-1935	2499	0.0000000000
359	FT911-6-1936	2500	0.0000000000
359	FT911-6-1937	2501	0.0000000000
359	FT911-6-1938	2502	0.0000000000
359	FT911-6-1939	2503	0.0000000000
359	FT911-6-1940	2504	0.0000000000
359	FT911-6-1941	2505	0.0000000000
359	FT911-6-1942	2506	0.0000000000
359	FT911-6-1944	2507	0.0000000000
359	FT911-6-1945	2508	0.0000000000
359	FT911-6-1946	2509	0.0000000000
359	FT911-6-1947	2510	0.0000000000
359	FT911-6-1948	2511	0.0000000000
359	FT911-6-1949	2512	0.0000000000
359	FT911-6-1950	2513	0.0000000000
359	FT911-6-1951	2514	0.0000000000
359	FT911-6-1952	2515	0.0000000000
359	FT911-6-1953	2516	0.0000000000
359	FT911-6-1954	2517	0.0000000000
359	FT911-6-1955	2518	0.0000000000
359	FT911-6-1956	2519	0.0000000000
359	FT911-6-1957	2520	0.0000000000
359	FT911-6-1959	2521	0.0000000000
359	FT911-6-1960	2522	0.0000000000
359	FT911-6-1961	2523	0.0000000000
359	FT911-6-1962	2524	0.0000000000
359	FT911-6-1963	2525	0.0000000000
359	FT911-6-1964	2526	0.0000000000
359	FT911-6-1965	2527	0.0000000000
359	FT911-6-1967	2528	0.0000000000
359	FT911-6-1968	2529	0.0000000000
359	FT911-6-1969	2530	0.0000000000
359	FT911-6-1970	2531	0.0000000000
359	FT911-6-1971	2532	0.0000000000
359	FT911-6-1972	2533	0.0000000000
359	FT911-6-1973	2534	0.0000000000
359	FT911-6-1977	2535	0.0000000000
359	FT911-6-1978	2536	0.0000000000
359	FT911-6-1979	2537	0.0000000000
359	FT911-6-1980	2538	0.0000000000
359	FT911-6-1982	2539	0.0000000000
359	FT911-6-1983	2540	0.0000000000
359	FT911-6-1984	2541	0.0000000000
359	FT911-6-1985	2542	0.0000000000
359	FT911-6-1986	2543	0.0000000000
359	FT911-6-1987	2544	0.0000000000
359	FT911-6-1988	2545	0.0000000000
359	FT911-6-1989	2546	0.0000000000
359	FT911-6-1990	2547	0.0000000000
359	FT911-6-1991	2548	0.0000000000
359	FT911-6-1992	2549	0.0000000000
359	FT911-6-1993	2550	0.0000000000
359	FT911-6-1994	2551	0.0000000000
359	FT911-6-1996	2552	0.0000000000
359	FT911-6-1997	2553	0.0000000000
359	FT911-6-1998	2554	0.0000000000
359	FT911-6-1999	2555	0.0000000000
359	FT911-6-2000	2556	0.0000000000
359	FT911-6-2001	2557	0.0000000000
359	FT911-6-2005	2558	0.0000000000
359	FT911-6-2006	2559	0.0000000000
359	FT911-6-2007	2560	0.0000000000
359	FT911-6-2008	2561	0.0000000000
359	FT911-6-2009	2562	0.0000000000
359	FT911-6-2010	2563	0.0000000000
359	FT911-6-2011	2564	0.0000000000
359	FT911-6-2014	2565	0.0000000000
359	FT911-6-2015	2566	0.0000000000
359	FT911-6-2017	2567	0.0000000000
359	FT911-6-2019	2568	0.0000000000
359	FT911-6-2020	2569	0.0000000000
359	FT911-6-2021	2570	0.0000000000
359	FT911-6-2022	2571	0.0000000000
359	FT911-6-2023	2572	0.0000000000
359	FT911-6-2024	2573	0.0000000000
359	FT911-6-2025	2574	0.0000000000
359	FT911-6-2026	2575	0.0000000000
359	FT911-6-2027	2576	0.0000000000
359	FT911-6-2028	2577	0.0000000000
359	FT911-6-2029	2578	0.0000000000
359	FT911-6-2030	2579	0.0000000000
359	FT911-6-2032	2580	0.0000000000
359	FT911-6-2033	2581	0.0000000000
359	FT911-6-2034	2582	0.0000000000
359	FT911-6-2035	2583	0.0000000000
359	FT911-6-2037	2584	0.0000000000
359	FT911-6-2038	2585	0.0000000000
359	FT911-6-2039	2586	0.0000000000
359	FT911-6-2040	2587	0.0000000000
359	FT911-6-2041	2588	0.0000000000
359	FT911-6-2042	2589	0.0000000000
359	FT911-6-2043	2590	0.0000000000
359	FT911-6-2044	2591	0.0000000000
359	FT911-6-2045	2592	0.0000000000
359	FT911-6-2046	2593	0.0000000000
359	FT911-6-2047	2594	0.0000000000
359	FT911-6-2048	2595	0.0000000000
359	FT911-6-2050	2596	0.0000000000
359	FT911-6-2052	2597	0.0000000000
359	FT911-6-2053	2598	0.0000000000
359	FT911-6-2054	2599	0.0000000000
359	FT911-6-2055	2600	0.0000000000
359	FT911-6-2056	2601	0.0000000000
359	FT911-6-2057	2602	0.0000000000
359	FT911-6-2058	2603	0.0000000000
359	FT911-6-2059	2604	0.0000000000
359	FT911-6-2060	2605	0.0000000000
359	FT911-6-2061	2606	0.0000000000
359	FT911-6-2062	2607	0.0000000000
359	FT911-6-2063	2608	0.0000000000
359	FT911-6-2065	2609	0.0000000000
359	FT911-6-2066	2610	0.0000000000
359	FT911-6-2069	2611	0.0000000000
359	FT911-6-2070	2612	0.0000000000
359	FT911-6-2071	2613	0.0000000000
359	FT911-6-2072	2614	0.0000000000
359	FT911-6-2073	2615	0.0000000000
359	FT911-6-2074	2616	0.0000000000
359	FT911-6-2075	2617	0.0000000000
359	FT911-6-2076	2618	0.0000000000
359	FT911-6-2077	2619	0.0000000000
359	FT911-6-2078	2620	0.0000000000
359	FT911-6-2079	2621	0.0000000000
359	FT911-6-2080	2622	0.0000000000
359	FT911-6-2081	2623	0.0000000000
359	FT911-6-2082	2624	0.0000000000
359	FT911-6-2083	2625	0.0000000000
359	FT911-6-2084	2626	0.0000000000
359	FT911-6-2085	2627	0.0000000000
359	FT911-6-2086	2628	0.0000000000
359	FT911-6-2087	2629	0.0000000000
359	FT911-6-2088	2630	0.0000000000
359	FT911-6-2089	2631	0.0000000000
359	FT911-6-2090	2632	0.0000000000
359	FT911-6-2091	2633	0.0000000000
359	FT911-6-2092	2634	0.0000000000
359	FT911-6-2093	2635	0.0000000000
359	FT911-6-2094	2636	0.0000000000
359	FT911-6-2095	2637	0.0000000000
359	FT911-6-2096	2638	0.0000000000
359	FT911-6-2097	2639	0.0000000000
359	FT911-6-2098	2640	0.0000000000
359	FT911-6-2099	2641	0.0000000000
359	FT911-6-2100	2642	0.0000000000
359	FT911-6-2101	2643	0.0000000000
359	FT911-6-2102	2644	0.0000000000
359	FT911-6-2103	2645	0.0000000000
359	FT911-6-2104	2646	0.0000000000
359	FT911-6-2105	2647	0.0000000000
359	FT911-6-2106	2648	0.0000000000
359	FT911-6-2107	2649	0.0000000000
359	FT911-6-2108	2650	0.0000000000
359	FT911-6-2109	2651	0.0000000000
359	FT911-6-2110	2652	0.0000000000
359	FT911-6-2111	2653	0.0000000000
359	FT911-6-2112	2654	0.0000000000
359	FT911-6-2113	2655	0.0000000000
359	FT911-6-2115	2656	0.0000000000
359	FT911-6-2116	2657	0.0000000000
359	FT911-6-2117	2658	0.0000000000
359	FT911-6-2118	2659	0.0000000000
359	FT911-6-2119	2660	0.0000000000
359	FT911-6-2120	2661	0.0000000000
359	FT911-6-2121	2662	0.0000000000
359	FT911-6-2122	2663	0.0000000000
359	FT911-6-2125	2664	0.0000000000
359	FT911-6-2126	2665	0.0000000000
359	FT911-6-2127	2666	0.0000000000
359	FT911-6-2128	2667	0.0000000000
359	FT911-6-2129	2668	0.0000000000
359	FT911-6-2131	2669	0.0000000000
359	FT911-6-2132	2670	0.0000000000
359	FT911-6-2133	2671	0.0000000000
359	FT911-6-2135	2672	0.0000000000
359	FT911-6-2136	2673	0.0000000000
359	FT911-6-2137	2674	0.0000000000
359	FT911-6-2138	2675	0.0000000000
359	FT911-6-2139	2676	0.0000000000
359	FT911-6-2140	2677	0.0000000000
359	FT911-6-2141	2678	0.0000000000
359	FT911-6-2142	2679	0.0000000000
359	FT911-6-2144	2680	0.0000000000
359	FT911-6-2147	2681	0.0000000000
359	FT911-6-2148	2682	0.0000000000
359	FT911-6-2149	2683	0.0000000000
359	FT911-6-2150	2684	0.0000000000
359	FT911-6-2151	2685	0.0000000000
359	FT911-6-2152	2686	0.0000000000
359	FT911-6-2153	2687	0.0000000000
359	FT911-6-2155	2688	0.0000000000
359	FT911-6-2156	2689	0.0000000000
359	FT911-6-2157	2690	0.0000000000
359	FT911-6-2159	2691	0.0000000000
359	FT911-6-2161	2692	0.0000000000
359	FT911-6-2162	2693	0.0000000000
359	FT911-6-2163	2694	0.0000000000
359	FT911-6-2164	2695	0.0000000000
359	FT911-6-2165	2696	0.0000000000
359	FT911-6-2166	2697	0.0000000000
359	FT911-6-2167	2698	0.0000000000
359	FT911-6-2168	2699	0.0000000000
359	FT911-6-2169	2700	0.0000000000
359	FT911-6-2170	2701	0.0000000000
359	FT911-6-2171	2702	0.0000000000
359	FT911-6-2172	2703	0.0000000000
359	FT911-6-2173	2704	0.0000000000
359	FT911-6-2174	2705	0.0000000000
359	FT911-6-2175	2706	0.0000000000
359	FT911-6-2176	2707	0.0000000000
359	FT911-6-2178	2708	0.0000000000
359	FT911-6-2179	2709	0.0000000000
359	FT911-6-2180	2710	0.0000000000
359	FT911-6-2182	2711	0.0000000000
359	FT911-6-2184	2712	0.0000000000
359	FT911-6-2185	2713	0.0000000000
359	FT911-6-2186	2714	0.0000000000
359	FT911-6-2187	2715	0.0000000000
359	FT911-6-2188	2716	0.0000000000
359	FT911-6-2189	2717	0.0000000000
359	FT911-6-2191	2718	0.0000000000
359	FT911-6-2192	2719	0.0000000000
359	FT911-6-2194	2720	0.0000000000
359	FT911-6-2195	2721	0.0000000000
359	FT911-6-2196	2722	0.0000000000
359	FT911-6-2197	2723	0.0000000000
359	FT911-6-2198	2724	0.0000000000
359	FT911-6-2200	2725	0.0000000000
359	FT911-6-2201	2726	0.0000000000
359	FT911-6-2202	2727	0.0000000000
359	FT911-6-2205	2728	0.0000000000
359	FT911-6-2206	2729	0.0000000000
359	FT911-6-2207	2730	0.0000000000
359	FT911-6-2209	2731	0.0000000000
359	FT911-6-2210	2732	0.0000000000
359	FT911-7-2212	2733	0.0000000000
359	FT911-7-2214	2734	0.0000000000
359	FT911-7-2215	2735	0.0000000000
359	FT911-7-2218	2736	0.0000000000
359	FT911-7-2219	2737	0.0000000000
359	FT911-7-2220	2738	0.0000000000
359	FT911-7-2222	2739	0.0000000000
359	FT911-7-2224	2740	0.0000000000
359	FT911-7-2225	2741	0.0000000000
359	FT911-7-2226	2742	0.0000000000
359	FT911-7-2227	2743	0.0000000000
359	FT911-7-2229	2744	0.0000000000
359	FT911-7-2230	2745	0.0000000000
359	FT911-7-2231	2746	0.0000000000
359	FT911-7-2232	2747	0.0000000000
359	FT911-7-2233	2748	0.0000000000
359	FT911-7-2234	2749	0.0000000000
359	FT911-7-2235	2750	0.0000000000
359	FT911-7-2236	2751	0.0000000000
359	FT911-7-2237	2752	0.0000000000
359	FT911-7-2239	2753	0.0000000000
359	FT911-7-2240	2754	0.0000000000
359	FT911-7-2241	2755	0.0000000000
359	FT911-7-2242	2756	0.0000000000
359	FT911-7-2243	2757	0.0000000000
359	FT911-7-2244	2758	0.0000000000
359	FT911-7-2245	2759	0.0000000000
359	FT911-7-2247	2760	0.0000000000
359	FT911-7-2248	2761	0.0000000000
359	FT911-7-2249	2762	0.0000000000
359	FT911-7-2250	2763	0.0000000000
359	FT911-7-2251	2764	0.0000000000
359	FT911-7-2252	2765	0.0000000000
359	FT911-7-2253	2766	0.0000000000
359	FT911-7-2255	2767	0.0000000000
359	FT911-7-2256	2768	0.0000000000
359	FT911-7-2257	2769	0.0000000000
359	FT911-7-2258	2770	0.0000000000
359	FT911-7-2259	2771	0.0000000000
359	FT911-7-2260	2772	0.0000000000
359	FT911-7-2261	2773	0.0000000000
359	FT911-7-2262	2774	0.0000000000
359	FT911-7-2264	2775	0.0000000000
359	FT911-7-2265	2776	0.0000000000
359	FT911-7-2267	2777	0.0000000000
359	FT911-7-2268	2778	0.0000000000
359	FT911-7-2270	2779	0.0000000000
359	FT911-7-2271	2780	0.0000000000
359	FT911-7-2272	2781	0.0000000000
359	FT911-7-2273	2782	0.0000000000
359	FT911-7-2275	2783	0.0000000000
359	FT911-7-2276	2784	0.0000000000
359	FT911-7-2278	2785	0.0000000000
359	FT911-7-2279	2786	0.0000000000
359	FT911-7-2280	2787	0.0000000000
359	FT911-7-2281	2788	0.0000000000
359	FT911-7-2284	2789	0.0000000000
359	FT911-7-2285	2790	0.0000000000
359	FT911-7-2286	2791	0.0000000000
359	FT911-7-2287	2792	0.0000000000
359	FT911-7-2288	2793	0.0000000000
359	FT911-7-2289	2794	0.0000000000
359	FT911-7-2290	2795	0.0000000000
359	FT911-7-2291	2796	0.0000000000
359	FT911-7-2292	2797	0.0000000000
359	FT911-7-2293	2798	0.0000000000
359	FT911-7-2294	2799	0.0000000000
359	FT911-7-2295	2800	0.0000000000
359	FT911-7-2297	2801	0.0000000000
359	FT911-7-2300	2802	0.0000000000
359	FT911-7-2301	2803	0.0000000000
359	FT911-7-2302	2804	0.0000000000
359	FT911-7-2303	2805	0.0000000000
359	FT911-7-2304	2806	0.0000000000
359	FT911-7-2306	2807	0.0000000000
359	FT911-7-2307	2808	0.0000000000
359	FT911-7-2308	2809	0.0000000000
359	FT911-7-2309	2810	0.0000000000
359	FT911-7-2312	2811	0.0000000000
359	FT911-7-2313	2812	0.0000000000
359	FT911-7-2314	2813	0.0000000000
359	FT911-7-2315	2814	0.0000000000
359	FT911-7-2316	2815	0.0000000000
359	FT911-7-2318	2816	0.0000000000
359	FT911-7-2319	2817	0.0000000000
359	FT911-7-2320	2818	0.0000000000
359	FT911-7-2322	2819	0.0000000000
359	FT911-7-2323	2820	0.0000000000
359	FT911-7-2325	2821	0.0000000000
359	FT911-7-2326	2822	0.0000000000
359	FT911-7-2328	2823	0.0000000000
359	FT911-7-2330	2824	0.0000000000
359	FT911-7-2331	2825	0.0000000000
359	FT911-7-2332	2826	0.0000000000
359	FT911-7-2333	2827	0.0000000000
359	FT911-7-2334	2828	0.0000000000
359	FT911-7-2335	2829	0.0000000000
359	FT911-7-2336	2830	0.0000000000
359	FT911-7-2337	2831	0.0000000000
359	FT911-7-2338	2832	0.0000000000
359	FT911-7-2339	2833	0.0000000000
359	FT911-7-2340	2834	0.0000000000
359	FT911-7-2341	2835	0.0000000000
359	FT911-7-2342	2836	0.0000000000
359	FT911-7-2343	2837	0.0000000000
359	FT911-7-2344	2838	0.0000000000
359	FT911-7-2345	2839	0.0000000000
359	FT911-7-2347	2840	0.0000000000
359	FT911-7-2348	2841	0.0000000000
359	FT911-7-2349	2842	0.0000000000
359	FT911-7-2350	2843	0.0000000000
359	FT911-7-2351	2844	0.0000000000
359	FT911-7-2352	2845	0.0000000000
359	FT911-7-2353	2846	0.0000000000
359	FT911-7-2354	2847	0.0000000000
359	FT911-7-2356	2848	0.0000000000
359	FT911-7-2357	2849	0.0000000000
359	FT911-7-2358	2850	0.0000000000
359	FT911-7-2359	2851	0.0000000000
359	FT911-7-2360	2852	0.0000000000
359	FT911-7-2361	2853	0.0000000000
359	FT911-7-2362	2854	0.0000000000
359	FT911-7-2365	2855	0.0000000000
359	FT911-7-2366	2856	0.0000000000
359	FT911-7-2367	2857	0.0000000000
359	FT911-7-2368	2858	0.0000000000
359	FT911-7-2369	2859	0.0000000000
359	FT911-7-2372	2860	0.0000000000
359	FT911-7-2374	2861	0.0000000000
359	FT911-7-2376	2862	0.0000000000
359	FT911-7-2377	2863	0.0000000000
359	FT911-7-2379	2864	0.0000000000
359	FT911-7-2380	2865	0.0000000000
359	FT911-7-2385	2866	0.0000000000
359	FT911-7-2386	2867	0.0000000000
359	FT911-7-2387	2868	0.0000000000
359	FT911-7-2388	2869	0.0000000000
359	FT911-7-2389	2870	0.0000000000
359	FT911-7-2390	2871	0.0000000000
359	FT911-7-2391	2872	0.0000000000
359	FT911-7-2392	2873	0.0000000000
359	FT911-7-2393	2874	0.0000000000
359	FT911-7-2395	2875	0.0000000000
359	FT911-7-2396	2876	0.0000000000
359	FT911-7-2398	2877	0.0000000000
359	FT911-7-2399	2878	0.0000000000
359	FT911-7-2400	2879	0.0000000000
359	FT911-7-2402	2880	0.0000000000
359	FT911-7-2403	2881	0.0000000000
359	FT911-7-2404	2882	0.0000000000
359	FT911-7-2405	2883	0.0000000000
359	FT911-7-2406	2884	0.0000000000
359	FT911-7-2407	2885	0.0000000000
359	FT911-7-2408	2886	0.0000000000
359	FT911-7-2409	2887	0.0000000000
359	FT911-7-2410	2888	0.0000000000
359	FT911-7-2412	2889	0.0000000000
359	FT911-7-2414	2890	0.0000000000
359	FT911-7-2415	2891	0.0000000000
359	FT911-7-2416	2892	0.0000000000
359	FT911-7-2417	2893	0.0000000000
359	FT911-7-2418	2894	0.0000000000
359	FT911-7-2419	2895	0.0000000000
359	FT911-7-2420	2896	0.0000000000
359	FT911-7-2421	2897	0.0000000000
359	FT911-7-2422	2898	0.0000000000
359	FT911-7-2424	2899	0.0000000000
359	FT911-7-2425	2900	0.0000000000
359	FT911-7-2426	2901	0.0000000000
359	FT911-7-2427	2902	0.0000000000
359	FT911-7-2428	2903	0.0000000000
359	FT911-7-2429	2904	0.0000000000
359	FT911-7-2430	2905	0.0000000000
359	FT911-7-2431	2906	0.0000000000
359	FT911-7-2432	2907	0.0000000000
359	FT911-7-2433	2908	0.0000000000
359	FT911-7-2434	2909	0.0000000000
359	FT911-7-2435	2910	0.0000000000
359	FT911-7-2436	2911	0.0000000000
359	FT911-7-2437	2912	0.0000000000
359	FT911-7-2438	2913	0.0000000000
359	FT911-7-2439	2914	0.0000000000
359	FT911-7-2440	2915	0.0000000000
359	FT911-7-2441	2916	0.0000000000
359	FT911-7-2442	2917	0.0000000000
359	FT911-7-2443	2918	0.0000000000
359	FT911-7-2444	2919	0.0000000000
359	FT911-7-2446	2920	0.0000000000
359	FT911-7-2447	2921	0.0000000000
359	FT911-7-2448	2922	0.0000000000
359	FT911-7-2449	2923	0.0000000000
359	FT911-7-2450	2924	0.0000000000
359	FT911-7-2451	2925	0.0000000000
359	FT911-7-2452	2926	0.0000000000
359	FT911-7-2453	2927	0.0000000000
359	FT911-7-2454	2928	0.0000000000
359	FT911-7-2456	2929	0.0000000000
359	FT911-7-2457	2930	0.0000000000
359	FT911-7-2458	2931	0.0000000000
359	FT911-7-2459	2932	0.0000000000
359	FT911-7-2460	2933	0.0000000000
359	FT911-7-2461	2934	0.0000000000
359	FT911-7-2463	2935	0.0000000000
359	FT911-7-2464	2936	0.0000000000
359	FT911-7-2465	2937	0.0000000000
359	FT911-7-2466	2938	0.0000000000
359	FT911-7-2467	2939	0.0000000000
359	FT911-7-2468	2940	0.0000000000
359	FT911-7-2469	2941	0.0000000000
359	FT911-7-2470	2942	0.0000000000
359	FT911-7-2471	2943	0.0000000000
359	FT911-7-2472	2944	0.0000000000
359	FT911-7-2473	2945	0.0000000000
359	FT911-7-2475	2946	0.0000000000
359	FT911-7-2476	2947	0.0000000000
359	FT911-7-2477	2948	0.0000000000
359	FT911-7-2478	2949	0.0000000000
359	FT911-7-2479	2950	0.0000000000
359	FT911-7-2480	2951	0.0000000000
359	FT911-7-2481	2952	0.0000000000
359	FT911-7-2482	2953	0.0000000000
359	FT911-7-2483	2954	0.0000000000
359	FT911-7-2484	2955	0.0000000000
359	FT911-7-2486	2956	0.0000000000
359	FT911-7-2487	2957	0.0000000000
359	FT911-7-2488	2958	0.0000000000
359	FT911-7-2489	2959	0.0000000000
359	FT911-7-2490	2960	0.0000000000
359	FT911-7-2491	2961	0.0000000000
359	FT911-7-2492	2962	0.0000000000
359	FT911-7-2493	2963	0.0000000000
359	FT911-7-2494	2964	0.0000000000
359	FT911-7-2495	2965	0.0000000000
359	FT911-7-2496	2966	0.0000000000
359	FT911-7-2498	2967	0.0000000000
359	FT911-7-2499	2968	0.0000000000
359	FT911-7-2500	2969	0.0000000000
359	FT911-7-2501	2970	0.0000000000
359	FT911-7-2502	2971	0.0000000000
359	FT911-7-2503	2972	0.0000000000
359	FT911-7-2504	2973	0.0000000000
359	FT911-7-2505	2974	0.0000000000
359	FT911-7-2506	2975	0.0000000000
359	FT911-7-2507	2976	0.0000000000
359	FT911-7-2508	2977	0.0000000000
359	FT911-7-2510	2978	0.0000000000
359	FT911-7-2511	2979	0.0000000000
359	FT911-7-2515	2980	0.0000000000
359	FT911-7-2516	2981	0.0000000000
359	FT911-7-2517	2982	0.0000000000
359	FT911-7-2518	2983	0.0000000000
359	FT911-7-2519	2984	0.0000000000
359	FT911-7-2520	2985	0.0000000000
359	FT911-7-2521	2986	0.0000000000
359	FT911-7-2523	2987	0.0000000000
359	FT911-7-2524	2988	0.0000000000
359	FT911-7-2525	2989	0.0000000000
359	FT911-7-2526	2990	0.0000000000
359	FT911-7-2527	2991	0.0000000000
359	FT911-7-2528	2992	0.0000000000
359	FT911-7-2529	2993	0.0000000000
359	FT911-7-2530	2994	0.0000000000
359	FT911-7-2531	2995	0.0000000000
359	FT911-7-2532	2996	0.0000000000
359	FT911-7-2533	2997	0.0000000000
359	FT911-7-2534	2998	0.0000000000
359	FT911-7-2536	2999	0.0000000000
359	FT911-7-2537	3000	0.0000000000
359	FT911-7-2538	3001	0.0000000000
359	FT911-7-2539	3002	0.0000000000
359	FT911-7-2540	3003	0.0000000000
359	FT911-7-2541	3004	0.0000000000
359	FT911-7-2544	3005	0.0000000000
359	FT911-7-2545	3006	0.0000000000
359	FT911-7-2548	3007	0.0000000000
359	FT911-7-2549	3008	0.0000000000
359	FT911-7-2550	3009	0.0000000000
359	FT911-7-2551	3010	0.0000000000
359	FT911-7-2552	3011	0.0000000000
359	FT911-7-2554	3012	0.0000000000
359	FT911-7-2555	3013	0.0000000000
359	FT911-7-2556	3014	0.0000000000
359	FT911-7-2558	3015	0.0000000000
359	FT911-7-2559	3016	0.0000000000
359	FT911-7-2560	3017	0.0000000000
359	FT911-7-2563	3018	0.0000000000
359	FT911-7-2564	3019	0.0000000000
359	FT911-7-2565	3020	0.0000000000
359	FT911-7-2566	3021	0.0000000000
359	FT911-7-2567	3022	0.0000000000
359	FT911-7-2568	3023	0.0000000000
359	FT911-7-2569	3024	0.0000000000
359	FT911-7-2572	3025	0.0000000000
359	FT911-7-2573	3026	0.0000000000
359	FT911-7-2574	3027	0.0000000000
359	FT911-7-2576	3028	0.0000000000
359	FT911-7-2577	3029	0.0000000000
359	FT911-7-2578	3030	0.0000000000
359	FT911-7-2579	3031	0.0000000000
359	FT911-7-2580	3032	0.0000000000
359	FT911-7-2582	3033	0.0000000000
359	FT911-7-2583	3034	0.0000000000
359	FT911-7-2584	3035	0.0000000000
359	FT911-7-2587	3036	0.0000000000
359	FT911-7-2588	3037	0.0000000000
359	FT911-7-2589	3038	0.0000000000
359	FT911-7-2590	3039	0.0000000000
359	FT911-7-2592	3040	0.0000000000
359	FT911-7-2593	3041	0.0000000000
359	FT911-7-2594	3042	0.0000000000
359	FT911-7-2595	3043	0.0000000000
359	FT911-7-2596	3044	0.0000000000
359	FT911-7-2597	3045	0.0000000000
359	FT911-7-2598	3046	0.0000000000
359	FT911-7-2600	3047	0.0000000000
359	FT911-7-2601	3048	0.0000000000
359	FT911-7-2602	3049	0.0000000000
359	FT911-7-2603	3050	0.0000000000
359	FT911-7-2604	3051	0.0000000000
359	FT911-7-2605	3052	0.0000000000
359	FT911-7-2606	3053	0.0000000000
359	FT911-7-2607	3054	0.0000000000
359	FT911-7-2608	3055	0.0000000000
359	FT911-7-2609	3056	0.0000000000
359	FT911-7-2610	3057	0.0000000000
359	FT911-7-2611	3058	0.0000000000
359	FT911-7-2612	3059	0.0000000000
359	FT911-7-2613	3060	0.0000000000
359	FT911-7-2614	3061	0.0000000000
359	FT911-7-2615	3062	0.0000000000
359	FT911-7-2618	3063	0.0000000000
359	FT911-7-2619	3064	0.0000000000
359	FT911-7-2620	3065	0.0000000000
359	FT911-8-2621	3066	0.0000000000
359	FT911-8-2622	3067	0.0000000000
359	FT911-8-2623	3068	0.0000000000
359	FT911-8-2624	3069	0.0000000000
359	FT911-8-2626	3070	0.0000000000
359	FT911-8-2627	3071	0.0000000000
359	FT911-8-2628	3072	0.0000000000
359	FT911-8-2630	3073	0.0000000000
359	FT911-8-2631	3074	0.0000000000
359	FT911-8-2632	3075	0.0000000000
359	FT911-8-2633	3076	0.0000000000
359	FT911-8-2634	3077	0.0000000000
359	FT911-8-2635	3078	0.0000000000
359	FT911-8-2636	3079	0.0000000000
359	FT911-8-2637	3080	0.0000000000
359	FT911-8-2639	3081	0.0000000000
359	FT911-8-2640	3082	0.0000000000
359	FT911-8-2641	3083	0.0000000000
359	FT911-8-2642	3084	0.0000000000
359	FT911-8-2643	3085	0.0000000000
359	FT911-8-2644	3086	0.0000000000
359	FT911-8-2645	3087	0.0000000000
359	FT911-8-2646	3088	0.0000000000
359	FT911-8-2647	3089	0.0000000000
359	FT911-8-2648	3090	0.0000000000
359	FT911-8-2649	3091	0.0000000000
359	FT911-8-2650	3092	0.0000000000
359	FT911-8-2651	3093	0.0000000000
359	FT911-8-2652	3094	0.0000000000
359	FT911-8-2653	3095	0.0000000000
359	FT911-8-2655	3096	0.0000000000
359	FT911-8-2656	3097	0.0000000000
359	FT911-8-2657	3098	0.0000000000
359	FT911-8-2658	3099	0.0000000000
359	FT911-8-2660	3100	0.0000000000
359	FT911-8-2661	3101	0.0000000000
359	FT911-8-2662	3102	0.0000000000
359	FT911-8-2663	3103	0.0000000000
359	FT911-8-2664	3104	0.0000000000
359	FT911-8-2665	3105	0.0000000000
359	FT911-8-2666	3106	0.0000000000
359	FT911-8-2667	3107	0.0000000000
359	FT911-8-2668	3108	0.0000000000
359	FT911-8-2670	3109	0.0000000000
359	FT911-8-2671	3110	0.0000000000
359	FT911-8-2672	3111	0.0000000000
359	FT911-8-2673	3112	0.0000000000
359	FT911-8-2674	3113	0.0000000000
359	FT911-8-2675	3114	0.0000000000
359	FT911-8-2676	3115	0.0000000000
359	FT911-8-2677	3116	0.0000000000
359	FT911-8-2678	3117	0.0000000000
359	FT911-8-2682	3118	0.0000000000
359	FT911-8-2683	3119	0.0000000000
359	FT911-8-2686	3120	0.0000000000
359	FT911-8-2687	3121	0.0000000000
359	FT911-8-2688	3122	0.0000000000
359	FT911-8-2689	3123	0.0000000000
359	FT911-8-2690	3124	0.0000000000
359	FT911-8-2691	3125	0.0000000000
359	FT911-8-2692	3126	0.0000000000
359	FT911-8-2693	3127	0.0000000000
359	FT911-8-2695	3128	0.0000000000
359	FT911-8-2696	3129	0.0000000000
359	FT911-8-2697	3130	0.0000000000
359	FT911-8-2698	3131	0.0000000000
359	FT911-8-2699	3132	0.0000000000
359	FT911-8-2700	3133	0.0000000000
359	FT911-8-2701	3134	0.0000000000
359	FT911-8-2703	3135	0.0000000000
359	FT911-8-2704	3136	0.0000000000
359	FT911-8-2705	3137	0.0000000000
359	FT911-8-2706	3138	0.0000000000
359	FT911-8-2707	3139	0.0000000000
359	FT911-8-2710	3140	0.0000000000
359	FT911-8-2711	3141	0.0000000000
359	FT911-8-2712	3142	0.0000000000
359	FT911-8-2713	3143	0.0000000000
359	FT911-8-2714	3144	0.0000000000
359	FT911-8-2715	3145	0.0000000000
359	FT911-8-2716	3146	0.0000000000
359	FT911-8-2717	3147	0.0000000000
359	FT911-8-2718	3148	0.0000000000
359	FT911-8-2719	3149	0.0000000000
359	FT911-8-2720	3150	0.0000000000
359	FT911-8-2721	3151	0.0000000000
359	FT911-8-2722	3152	0.0000000000
359	FT911-8-2725	3153	0.0000000000
359	FT911-8-2726	3154	0.0000000000
359	FT911-8-2727	3155	0.0000000000
359	FT911-8-2728	3156	0.0000000000
359	FT911-8-2729	3157	0.0000000000
359	FT911-8-2730	3158	0.0000000000
359	FT911-8-2731	3159	0.0000000000
359	FT911-8-2732	3160	0.0000000000
359	FT911-8-2733	3161	0.0000000000
359	FT911-8-2734	3162	0.0000000000
359	FT911-8-2736	3163	0.0000000000
359	FT911-8-2737	3164	0.0000000000
359	FT911-8-2738	3165	0.0000000000
359	FT911-8-2739	3166	0.0000000000
359	FT911-8-2740	3167	0.0000000000
359	FT911-8-2741	3168	0.0000000000
359	FT911-8-2742	3169	0.0000000000
359	FT911-8-2743	3170	0.0000000000
359	FT911-8-2745	3171	0.0000000000
359	FT911-8-2746	3172	0.0000000000
359	FT911-8-2747	3173	0.0000000000
359	FT911-8-2748	3174	0.0000000000
359	FT911-8-2749	3175	0.0000000000
359	FT911-8-2750	3176	0.0000000000
359	FT911-8-2751	3177	0.0000000000
359	FT911-8-2752	3178	0.0000000000
359	FT911-8-2753	3179	0.0000000000
359	FT911-8-2754	3180	0.0000000000
359	FT911-8-2755	3181	0.0000000000
359	FT911-8-2756	3182	0.0000000000
359	FT911-8-2758	3183	0.0000000000
359	FT911-8-2760	3184	0.0000000000
359	FT911-8-2761	3185	0.0000000000
359	FT911-8-2762	3186	0.0000000000
359	FT911-8-2763	3187	0.0000000000
359	FT911-8-2764	3188	0.0000000000
359	FT911-8-2765	3189	0.0000000000
359	FT911-8-2766	3190	0.0000000000
359	FT911-8-2768	3191	0.0000000000
359	FT911-8-2769	3192	0.0000000000
359	FT911-8-2770	3193	0.0000000000
359	FT911-8-2771	3194	0.0000000000
359	FT911-8-2772	3195	0.0000000000
359	FT911-8-2773	3196	0.0000000000
359	FT911-8-2774	3197	0.0000000000
359	FT911-8-2775	3198	0.0000000000
359	FT911-8-2776	3199	0.0000000000
359	FT911-8-2777	3200	0.0000000000
359	FT911-8-2778	3201	0.0000000000
359	FT911-8-2779	3202	0.0000000000
359	FT911-8-2780	3203	0.0000000000
359	FT911-8-2781	3204	0.0000000000
359	FT911-8-2782	3205	0.0000000000
359	FT911-8-2783	3206	0.0000000000
359	FT911-8-2784	3207	0.0000000000
359	FT911-8-2785	3208	0.0000000000
359	FT911-8-2786	3209	0.0000000000
359	FT911-8-2789	3210	0.0000000000
359	FT911-8-2790	3211	0.0000000000
359	FT911-8-2791	3212	0.0000000000
359	FT911-8-2793	3213	0.0000000000
359	FT911-8-2795	3214	0.0000000000
359	FT911-8-2796	3215	0.0000000000
359	FT911-8-2798	3216	0.0000000000
359	FT911-8-2799	3217	0.0000000000
359	FT911-8-2800	3218	0.0000000000
359	FT911-8-2801	3219	0.0000000000
359	FT911-8-2803	3220	0.0000000000
359	FT911-8-2804	3221	0.0000000000
359	FT911-8-2805	3222	0.0000000000
359	FT911-8-2806	3223	0.0000000000
359	FT911-8-2807	3224	0.0000000000
359	FT911-8-2808	3225	0.0000000000
359	FT911-8-2809	3226	0.0000000000
359	FT911-8-2810	3227	0.0000000000
359	FT911-8-2811	3228	0.0000000000
359	FT911-8-2812	3229	0.0000000000
359	FT911-8-2813	3230	0.0000000000
359	FT911-8-2814	3231	0.0000000000
359	FT911-8-2815	3232	0.0000000000
359	FT911-8-2816	3233	0.0000000000
359	FT911-8-2817	3234	0.0000000000
359	FT911-8-2818	3235	0.0000000000
359	FT911-8-2819	3236	0.0000000000
359	FT911-8-2820	3237	0.0000000000
359	FT911-8-2821	3238	0.0000000000
359	FT911-8-2823	3239	0.0000000000
359	FT911-8-2824	3240	0.0000000000
359	FT911-8-2825	3241	0.0000000000
359	FT911-8-2826	3242	0.0000000000
359	FT911-8-2827	3243	0.0000000000
359	FT911-8-2828	3244	0.0000000000
359	FT911-8-2829	3245	0.0000000000
359	FT911-8-2830	3246	0.0000000000
359	FT911-8-2832	3247	0.0000000000
359	FT911-8-2833	3248	0.0000000000
359	FT911-8-2834	3249	0.0000000000
359	FT911-8-2835	3250	0.0000000000
359	FT911-8-2836	3251	0.0000000000
359	FT911-8-2837	3252	0.0000000000
359	FT911-8-2838	3253	0.0000000000
359	FT911-8-2839	3254	0.0000000000
359	FT911-8-2840	3255	0.0000000000
359	FT911-8-2841	3256	0.0000000000
359	FT911-8-2843	3257	0.0000000000
359	FT911-8-2844	3258	0.0000000000
359	FT911-8-2845	3259	0.0000000000
359	FT911-8-2846	3260	0.0000000000
359	FT911-8-2847	3261	0.0000000000
359	FT911-8-2848	3262	0.0000000000
359	FT911-8-2849	3263	0.0000000000
359	FT911-8-2850	3264	0.0000000000
359	FT911-8-2851	3265	0.0000000000
359	FT911-8-2852	3266	0.0000000000
359	FT911-8-2854	3267	0.0000000000
359	FT911-8-2855	3268	0.0000000000
359	FT911-8-2856	3269	0.0000000000
359	FT911-8-2857	3270	0.0000000000
359	FT911-8-2858	3271	0.0000000000
359	FT911-8-2859	3272	0.0000000000
359	FT911-8-2860	3273	0.0000000000
359	FT911-8-2863	3274	0.0000000000
359	FT911-8-2864	3275	0.0000000000
359	FT911-8-2865	3276	0.0000000000
359	FT911-8-2866	3277	0.0000000000
359	FT911-8-2867	3278	0.0000000000
359	FT911-8-2868	3279	0.0000000000
359	FT911-8-2869	3280	0.0000000000
359	FT911-8-2870	3281	0.0000000000
359	FT911-8-2871	3282	0.0000000000
359	FT911-8-2872	3283	0.0000000000
359	FT911-8-2873	3284	0.0000000000
359	FT911-8-2875	3285	0.0000000000
359	FT911-8-2878	3286	0.0000000000
359	FT911-8-2879	3287	0.0000000000
359	FT911-8-2880	3288	0.0000000000
359	FT911-8-2881	3289	0.0000000000
359	FT911-8-2882	3290	0.0000000000
359	FT911-8-2883	3291	0.0000000000
359	FT911-8-2884	3292	0.0000000000
359	FT911-8-2886	3293	0.0000000000
359	FT911-8-2888	3294	0.0000000000
359	FT911-8-2889	3295	0.0000000000
359	FT911-8-2890	3296	0.0000000000
359	FT911-8-2891	3297	0.0000000000
359	FT911-8-2892	3298	0.0000000000
359	FT911-8-2893	3299	0.0000000000
359	FT911-8-2894	3300	0.0000000000
359	FT911-8-2895	3301	0.0000000000
359	FT911-8-2896	3302	0.0000000000
359	FT911-8-2897	3303	0.0000000000
359	FT911-8-2898	3304	0.0000000000
359	FT911-8-2899	3305	0.0000000000
359	FT911-8-2900	3306	0.0000000000
359	FT911-8-2901	3307	0.0000000000
359	FT911-8-2903	3308	0.0000000000
359	FT911-8-2904	3309	0.0000000000
359	FT911-8-2905	3310	0.0000000000
359	FT911-8-2906	3311	0.0000000000
359	FT911-8-2907	3312	0.0000000000
359	FT911-8-2908	3313	0.0000000000
359	FT911-8-2909	3314	0.0000000000
359	FT911-8-2910	3315	0.0000000000
359	FT911-8-2911	3316	0.0000000000
359	FT911-8-2912	3317	0.0000000000
359	FT911-8-2913	3318	0.0000000000
359	FT911-8-2914	3319	0.0000000000
359	FT911-8-2915	3320	0.0000000000
359	FT911-8-2916	3321	0.0000000000
359	FT911-8-2917	3322	0.0000000000
359	FT911-8-2918	3323	0.0000000000
359	FT911-8-2919	3324	0.0000000000
359	FT911-8-2920	3325	0.0000000000
359	FT911-8-2921	3326	0.0000000000
359	FT911-8-2922	3327	0.0000000000
359	FT911-8-2923	3328	0.0000000000
359	FT911-8-2924	3329	0.0000000000
359	FT911-8-2925	3330	0.0000000000
359	FT911-8-2926	3331	0.0000000000
359	FT911-8-2927	3332	0.0000000000
359	FT911-8-2928	3333	0.0000000000
359	FT911-8-2929	3334	0.0000000000
359	FT911-8-2930	3335	0.0000000000
359	FT911-8-2932	3336	0.0000000000
359	FT911-8-2933	3337	0.0000000000
359	FT911-8-2937	3338	0.0000000000
359	FT911-8-2938	3339	0.0000000000
359	FT911-8-2939	3340	0.0000000000
359	FT911-8-2940	3341	0.0000000000
359	FT911-8-2941	3342	0.0000000000
359	FT911-8-2942	3343	0.0000000000
359	FT911-8-2943	3344	0.0000000000
359	FT911-8-2945	3345	0.0000000000
359	FT911-8-2946	3346	0.0000000000
359	FT911-8-2947	3347	0.0000000000
359	FT911-8-2948	3348	0.0000000000
359	FT911-8-2949	3349	0.0000000000
359	FT911-9-2951	3350	0.0000000000
359	FT911-9-2952	3351	0.0000000000
359	FT911-9-2953	3352	0.0000000000
359	FT911-9-2954	3353	0.0000000000
359	FT911-9-2955	3354	0.0000000000
359	FT911-9-2956	3355	0.0000000000
359	FT911-9-2957	3356	0.0000000000
359	FT911-9-2958	3357	0.0000000000
359	FT911-9-2959	3358	0.0000000000
359	FT911-9-2960	3359	0.0000000000
359	FT911-9-2961	3360	0.0000000000
359	FT911-9-2963	3361	0.0000000000
359	FT911-9-2964	3362	0.0000000000
359	FT911-9-2965	3363	0.0000000000
359	FT911-9-2967	3364	0.0000000000
359	FT911-9-2969	3365	0.0000000000
359	FT911-9-2971	3366	0.0000000000
359	FT911-9-2972	3367	0.0000000000
359	FT911-9-2973	3368	0.0000000000
359	FT911-9-2975	3369	0.0000000000
359	FT911-9-2976	3370	0.0000000000
359	FT911-9-2977	3371	0.0000000000
359	FT911-9-2978	3372	0.0000000000
359	FT911-9-2979	3373	0.0000000000
359	FT911-9-2980	3374	0.0000000000
359	FT911-9-2982	3375	0.0000000000
359	FT911-9-2983	3376	0.0000000000
359	FT911-9-2985	3377	0.0000000000
359	FT911-9-2986	3378	0.0000000000
359	FT911-9-2987	3379	0.0000000000
359	FT911-9-2988	3380	0.0000000000
359	FT911-9-2990	3381	0.0000000000
359	FT911-9-2991	3382	0.0000000000
359	FT911-9-2992	3383	0.0000000000
359	FT911-9-2993	3384	0.0000000000
359	FT911-9-2994	3385	0.0000000000
359	FT911-9-2995	3386	0.0000000000
359	FT911-9-2996	3387	0.0000000000
359	FT911-9-2998	3388	0.0000000000
359	FT911-9-2999	3389	0.0000000000
359	FT911-9-3000	3390	0.0000000000
359	FT911-9-3001	3391	0.0000000000
359	FT911-9-3002	3392	0.0000000000
359	FT911-9-3003	3393	0.0000000000
359	FT911-9-3004	3394	0.0000000000
359	FT911-9-3005	3395	0.0000000000
359	FT911-9-3006	3396	0.0000000000
359	FT911-9-3007	3397	0.0000000000
359	FT911-9-3009	3398	0.0000000000
359	FT911-9-3010	3399	0.0000000000
359	FT911-9-3011	3400	0.0000000000
359	FT911-9-3012	3401	0.0000000000
359	FT911-9-3013	3402	0.0000000000
359	FT911-9-3014	3403	0.0000000000
359	FT911-9-3015	3404	0.0000000000
359	FT911-9-3016	3405	0.0000000000
359	FT911-9-3017	3406	0.0000000000
359	FT911-9-3018	3407	0.0000000000
359	FT911-9-3019	3408	0.0000000000
359	FT911-9-3020	3409	0.0000000000
359	FT911-9-3021	3410	0.0000000000
359	FT911-9-3022	3411	0.0000000000
359	FT911-9-3023	3412	0.0000000000
359	FT911-9-3024	3413	0.0000000000
359	FT911-9-3025	3414	0.0000000000
359	FT911-9-3026	3415	0.0000000000
359	FT911-9-3027	3416	0.0000000000
359	FT911-9-3028	3417	0.0000000000
359	FT911-9-3029	3418	0.0000000000
359	FT911-9-3030	3419	0.0000000000
359	FT911-9-3031	3420	0.0000000000
359	FT911-9-3032	3421	0.0000000000
359	FT911-9-3033	3422	0.0000000000
359	FT911-9-3034	3423	0.0000000000
359	FT911-9-3035	3424	0.0000000000
359	FT911-9-3036	3425	0.0000000000
359	FT911-9-3037	3426	0.0000000000
359	FT911-9-3039	3427	0.0000000000
359	FT911-9-3040	3428	0.0000000000
359	FT911-9-3041	3429	0.0000000000
359	FT911-9-3042	3430	0.0000000000
359	FT911-9-3043	3431	0.0000000000
359	FT911-9-3044	3432	0.0000000000
359	FT911-9-3045	3433	0.0000000000
359	FT911-9-3046	3434	0.0000000000
359	FT911-9-3047	3435	0.0000000000
359	FT911-9-3048	3436	0.0000000000
359	FT911-9-3049	3437	0.0000000000
359	FT911-9-3050	3438	0.0000000000
359	FT911-9-3052	3439	0.0000000000
359	FT911-9-3053	3440	0.0000000000
359	FT911-9-3054	3441	0.0000000000
359	FT911-9-3055	3442	0.0000000000
359	FT911-9-3056	3443	0.0000000000
359	FT911-9-3057	3444	0.0000000000
359	FT911-9-3060	3445	0.0000000000
359	FT911-9-3062	3446	0.0000000000
359	FT911-9-3063	3447	0.0000000000
359	FT911-9-3064	3448	0.0000000000
359	FT911-9-3065	3449	0.0000000000
359	FT911-9-3066	3450	0.0000000000
359	FT911-9-3067	3451	0.0000000000
359	FT911-9-3068	3452	0.0000000000
359	FT911-9-3069	3453	0.0000000000
359	FT911-9-3070	3454	0.0000000000
359	FT911-9-3071	3455	0.0000000000
359	FT911-9-3072	3456	0.0000000000
359	FT911-9-3073	3457	0.0000000000
359	FT911-9-3075	3458	0.0000000000
359	FT911-9-3076	3459	0.0000000000
359	FT911-9-3077	3460	0.0000000000
359	FT911-9-3078	3461	0.0000000000
359	FT911-9-3079	3462	0.0000000000
359	FT911-9-3081	3463	0.0000000000
359	FT911-9-3082	3464	0.0000000000
359	FT911-9-3083	3465	0.0000000000
359	FT911-9-3084	3466	0.0000000000
359	FT911-9-3085	3467	0.0000000000
359	FT911-9-3086	3468	0.0000000000
359	FT911-9-3089	3469	0.0000000000
359	FT911-9-3090	3470	0.0000000000
359	FT911-9-3092	3471	0.0000000000
359	FT911-9-3093	3472	0.0000000000
359	FT911-9-3094	3473	0.0000000000
359	FT911-9-3096	3474	0.0000000000
359	FT911-9-3097	3475	0.0000000000
359	FT911-9-3098	3476	0.0000000000
359	FT911-9-3099	3477	0.0000000000
359	FT911-9-3100	3478	0.0000000000
359	FT911-9-3101	3479	0.0000000000
359	FT911-9-3103	3480	0.0000000000
359	FT911-9-3104	3481	0.0000000000
359	FT911-9-3105	3482	0.0000000000
359	FT911-9-3106	3483	0.0000000000
359	FT911-9-3107	3484	0.0000000000
359	FT911-9-3108	3485	0.0000000000
359	FT911-9-3109	3486	0.0000000000
359	FT911-9-3111	3487	0.0000000000
359	FT911-9-3112	3488	0.0000000000
359	FT911-9-3113	3489	0.0000000000
359	FT911-9-3114	3490	0.0000000000
359	FT911-9-3115	3491	0.0000000000
359	FT911-9-3116	3492	0.0000000000
359	FT911-9-3117	3493	0.0000000000
359	FT911-9-3118	3494	0.0000000000
359	FT911-9-3119	3495	0.0000000000
359	FT911-9-3120	3496	0.0000000000
359	FT911-9-3121	3497	0.0000000000
359	FT911-9-3122	3498	0.0000000000
359	FT911-9-3123	3499	0.0000000000
359	FT911-9-3125	3500	0.0000000000
359	FT911-9-3126	3501	0.0000000000
359	FT911-9-3127	3502	0.0000000000
359	FT911-9-3129	3503	0.0000000000
359	FT911-9-3130	3504	0.0000000000
359	FT911-9-3131	3505	0.0000000000
359	FT911-9-3133	3506	0.0000000000
359	FT911-9-3134	3507	0.0000000000
359	FT911-9-3135	3508	0.0000000000
359	FT911-9-3136	3509	0.0000000000
359	FT911-9-3137	3510	0.0000000000
359	FT911-9-3138	3511	0.0000000000
359	FT911-9-3141	3512	0.0000000000
359	FT911-9-3143	3513	0.0000000000
359	FT911-9-3144	3514	0.0000000000
359	FT911-9-3145	3515	0.0000000000
359	FT911-9-3146	3516	0.0000000000
359	FT911-9-3147	3517	0.0000000000
359	FT911-9-3148	3518	0.0000000000
359	FT911-9-3149	3519	0.0000000000
359	FT911-9-3150	3520	0.0000000000
359	FT911-9-3151	3521	0.0000000000
359	FT911-9-3152	3522	0.0000000000
359	FT911-9-3153	3523	0.0000000000
359	FT911-9-3154	3524	0.0000000000
359	FT911-9-3156	3525	0.0000000000
359	FT911-9-3157	3526	0.0000000000
359	FT911-9-3158	3527	0.0000000000
359	FT911-9-3159	3528	0.0000000000
359	FT911-9-3160	3529	0.0000000000
359	FT911-9-3161	3530	0.0000000000
359	FT911-9-3162	3531	0.0000000000
359	FT911-9-3163	3532	0.0000000000
359	FT911-9-3164	3533	0.0000000000
359	FT911-9-3165	3534	0.0000000000
359	FT911-9-3167	3535	0.0000000000
359	FT911-9-3168	3536	0.0000000000
359	FT911-9-3169	3537	0.0000000000
359	FT911-9-3170	3538	0.0000000000
359	FT911-9-3171	3539	0.0000000000
359	FT911-9-3176	3540	0.0000000000
359	FT911-9-3177	3541	0.0000000000
359	FT911-9-3178	3542	0.0000000000
359	FT911-9-3179	3543	0.0000000000
359	FT911-9-3180	3544	0.0000000000
359	FT911-9-3181	3545	0.0000000000
359	FT911-9-3183	3546	0.0000000000
359	FT911-9-3184	3547	0.0000000000
359	FT911-9-3185	3548	0.0000000000
359	FT911-9-3186	3549	0.0000000000
359	FT911-9-3187	3550	0.0000000000
359	FT911-9-3188	3551	0.0000000000
359	FT911-9-3189	3552	0.0000000000
359	FT911-9-3190	3553	0.0000000000
359	FT911-9-3192	3554	0.0000000000
359	FT911-9-3193	3555	0.0000000000
359	FT911-9-3194	3556	0.0000000000
359	FT911-9-3195	3557	0.0000000000
359	FT911-9-3196	3558	0.0000000000
359	FT911-9-3197	3559	0.0000000000
359	FT911-9-3198	3560	0.0000000000
359	FT911-9-3199	3561	0.0000000000
359	FT911-9-3200	3562	0.0000000000
359	FT911-9-3201	3563	0.0000000000
359	FT911-9-3202	3564	0.0000000000
359	FT911-9-3203	3565	0.0000000000
359	FT911-9-3204	3566	0.0000000000
359	FT911-9-3205	3567	0.0000000000
359	FT911-9-3206	3568	0.0000000000
359	FT911-9-3208	3569	0.0000000000
359	FT911-9-3209	3570	0.0000000000
359	FT911-9-3211	3571	0.0000000000
359	FT911-9-3212	3572	0.0000000000
359	FT911-9-3214	3573	0.0000000000
359	FT911-9-3215	3574	0.0000000000
359	FT911-9-3216	3575	0.0000000000
359	FT911-9-3219	3576	0.0000000000
359	FT911-9-3220	3577	0.0000000000
359	FT911-9-3221	3578	0.0000000000
359	FT911-9-3222	3579	0.0000000000
359	FT911-9-3224	3580	0.0000000000
359	FT911-9-3225	3581	0.0000000000
359	FT911-9-3226	3582	0.0000000000
359	FT911-9-3227	3583	0.0000000000
359	FT911-9-3228	3584	0.0000000000
359	FT911-9-3229	3585	0.0000000000
359	FT911-9-3230	3586	0.0000000000
359	FT911-9-3231	3587	0.0000000000
359	FT911-9-3233	3588	0.0000000000
359	FT911-9-3235	3589	0.0000000000
359	FT911-9-3237	3590	0.0000000000
359	FT911-9-3238	3591	0.0000000000
359	FT911-9-3239	3592	0.0000000000
359	FT911-9-3240	3593	0.0000000000
359	FT911-9-3241	3594	0.0000000000
359	FT911-9-3242	3595	0.0000000000
359	FT911-9-3243	3596	0.0000000000
359	FT911-9-3244	3597	0.0000000000
359	FT911-9-3245	3598	0.0000000000
359	FT911-9-3246	3599	0.0000000000
359	FT911-9-3247	3600	0.0000000000
359	FT911-9-3248	3601	0.0000000000
359	FT911-9-3250	3602	0.0000000000
359	FT911-9-3251	3603	0.0000000000
359	FT911-9-3253	3604	0.0000000000
359	FT911-9-3254	3605	0.0000000000
359	FT911-9-3256	3606	0.0000000000
359	FT911-9-3257	3607	0.0000000000
359	FT911-9-3258	3608	0.0000000000
359	FT911-9-3259	3609	0.0000000000
359	FT911-9-3260	3610	0.0000000000
359	FT911-9-3261	3611	0.0000000000
359	FT911-9-3262	3612	0.0000000000
359	FT911-9-3263	3613	0.0000000000
359	FT911-9-3264	3614	0.0000000000
359	FT911-9-3265	3615	0.0000000000
359	FT911-9-3266	3616	0.0000000000
359	FT911-9-3267	3617	0.0000000000
359	FT911-9-3268	3618	0.0000000000
359	FT911-9-3269	3619	0.0000000000
359	FT911-9-3270	3620	0.0000000000
359	FT911-9-3271	3621	0.0000000000
359	FT911-9-3272	3622	0.0000000000
359	FT911-9-3273	3623	0.0000000000
359	FT911-9-3274	3624	0.0000000000
359	FT911-9-3275	3625	0.0000000000
359	FT911-9-3276	3626	0.0000000000
359	FT911-9-3278	3627	0.0000000000
359	FT911-9-3279	3628	0.0000000000
359	FT911-9-3280	3629	0.0000000000
359	FT911-9-3281	3630	0.0000000000
359	FT911-9-3282	3631	0.0000000000
359	FT911-9-3283	3632	0.0000000000
359	FT911-9-3284	3633	0.0000000000
359	FT911-9-3285	3634	0.0000000000
359	FT911-9-3286	3635	0.0000000000
359	FT911-9-3287	3636	0.0000000000
359	FT911-9-3288	3637	0.0000000000
359	FT911-9-3289	3638	0.0000000000
359	FT911-9-3290	3639	0.0000000000
359	FT911-9-3293	3640	0.0000000000
359	FT911-9-3294	3641	0.0000000000
359	FT911-9-3295	3642	0.0000000000
359	FT911-9-3296	3643	0.0000000000
359	FT911-9-3297	3644	0.0000000000
359	FT911-9-3298	3645	0.0000000000
359	FT911-9-3299	3646	0.0000000000
359	FT911-9-3300	3647	0.0000000000
359	FT911-9-3302	3648	0.0000000000
359	FT911-9-3303	3649	0.0000000000
359	FT911-9-3304	3650	0.0000000000
359	FT911-9-3306	3651	0.0000000000
359	FT911-9-3307	3652	0.0000000000
359	FT911-9-3309	3653	0.0000000000
359	FT911-9-3310	3654	0.0000000000
359	FT911-9-3311	3655	0.0000000000
359	FT911-9-3312	3656	0.0000000000
359	FT911-9-3313	3657	0.0000000000
359	FT911-9-3314	3658	0.0000000000
359	FT911-9-3316	3659	0.0000000000
359	FT911-9-3318	3660	0.0000000000
359	FT911-9-3319	3661	0.0000000000
359	FT911-9-3320	3662	0.0000000000
359	FT911-10-3323	3663	0.0000000000
359	FT911-10-3324	3664	0.0000000000
359	FT911-10-3325	3665	0.0000000000
359	FT911-10-3326	3666	0.0000000000
359	FT911-10-3327	3667	0.0000000000
359	FT911-10-3329	3668	0.0000000000
359	FT911-10-3330	3669	0.0000000000
359	FT911-10-3332	3670	0.0000000000
359	FT911-10-3333	3671	0.0000000000
359	FT911-10-3334	3672	0.0000000000
359	FT911-10-3335	3673	0.0000000000
359	FT911-10-3336	3674	0.0000000000
359	FT911-10-3337	3675	0.0000000000
359	FT911-10-3338	3676	0.0000000000
359	FT911-10-3342	3677	0.0000000000
359	FT911-10-3343	3678	0.0000000000
359	FT911-10-3344	3679	0.0000000000
359	FT911-10-3345	3680	0.0000000000
359	FT911-10-3346	3681	0.0000000000
359	FT911-10-3347	3682	0.0000000000
359	FT911-10-3348	3683	0.0000000000
359	FT911-10-3349	3684	0.0000000000
359	FT911-10-3350	3685	0.0000000000
359	FT911-10-3351	3686	0.0000000000
359	FT911-10-3352	3687	0.0000000000
359	FT911-10-3353	3688	0.0000000000
359	FT911-10-3354	3689	0.0000000000
359	FT911-10-3356	3690	0.0000000000
359	FT911-10-3357	3691	0.0000000000
359	FT911-10-3358	3692	0.0000000000
359	FT911-10-3359	3693	0.0000000000
359	FT911-10-3360	3694	0.0000000000
359	FT911-10-3361	3695	0.0000000000
359	FT911-10-3362	3696	0.0000000000
359	FT911-10-3363	3697	0.0000000000
359	FT911-10-3364	3698	0.0000000000
359	FT911-10-3365	3699	0.0000000000
359	FT911-10-3367	3700	0.0000000000
359	FT911-10-3369	3701	0.0000000000
359	FT911-10-3370	3702	0.0000000000
359	FT911-10-3371	3703	0.0000000000
359	FT911-10-3372	3704	0.0000000000
359	FT911-10-3373	3705	0.0000000000
359	FT911-10-3374	3706	0.0000000000
359	FT911-10-3375	3707	0.0000000000
359	FT911-10-3376	3708	0.0000000000
359	FT911-10-3377	3709	0.0000000000
359	FT911-10-3380	3710	0.0000000000
359	FT911-10-3381	3711	0.0000000000
359	FT911-10-3382	3712	0.0000000000
359	FT911-10-3383	3713	0.0000000000
359	FT911-10-3384	3714	0.0000000000
359	FT911-10-3387	3715	0.0000000000
359	FT911-10-3388	3716	0.0000000000
359	FT911-10-3389	3717	0.0000000000
359	FT911-10-3390	3718	0.0000000000
359	FT911-10-3391	3719	0.0000000000
359	FT911-10-3392	3720	0.0000000000
359	FT911-10-3394	3721	0.0000000000
359	FT911-10-3395	3722	0.0000000000
359	FT911-10-3396	3723	0.0000000000
359	FT911-10-3397	3724	0.0000000000
359	FT911-10-3398	3725	0.0000000000
359	FT911-10-3399	3726	0.0000000000
359	FT911-10-3400	3727	0.0000000000
359	FT911-10-3401	3728	0.0000000000
359	FT911-10-3402	3729	0.0000000000
359	FT911-10-3403	3730	0.0000000000
359	FT911-10-3404	3731	0.0000000000
359	FT911-10-3405	3732	0.0000000000
359	FT911-10-3406	3733	0.0000000000
359	FT911-10-3407	3734	0.0000000000
359	FT911-10-3408	3735	0.0000000000
359	FT911-10-3409	3736	0.0000000000
359	FT911-10-3410	3737	0.0000000000
359	FT911-10-3411	3738	0.0000000000
359	FT911-10-3412	3739	0.0000000000
359	FT911-10-3413	3740	0.0000000000
359	FT911-10-3414	3741	0.0000000000
359	FT911-10-3415	3742	0.0000000000
359	FT911-10-3416	3743	0.0000000000
359	FT911-10-3417	3744	0.0000000000
359	FT911-10-3418	3745	0.0000000000
359	FT911-10-3419	3746	0.0000000000
359	FT911-10-3420	3747	0.0000000000
359	FT911-10-3421	3748	0.0000000000
359	FT911-10-3422	3749	0.0000000000
359	FT911-10-3423	3750	0.0000000000
359	FT911-10-3424	3751	0.0000000000
359	FT911-10-3425	3752	0.0000000000
359	FT911-10-3426	3753	0.0000000000
359	FT911-10-3427	3754	0.0000000000
359	FT911-10-3428	3755	0.0000000000
359	FT911-10-3429	3756	0.0000000000
359	FT911-10-3430	3757	0.0000000000
359	FT911-10-3431	3758	0.0000000000
359	FT911-10-3432	3759	0.0000000000
359	FT911-10-3434	3760	0.0000000000
359	FT911-10-3435	3761	0.0000000000
359	FT911-10-3436	3762	0.0000000000
359	FT911-10-3438	3763	0.0000000000
359	FT911-10-3439	3764	0.0000000000
359	FT911-10-3440	3765	0.0000000000
359	FT911-10-3441	3766	0.0000000000
359	FT911-10-3442	3767	0.0000000000
359	FT911-10-3443	3768	0.0000000000
359	FT911-10-3444	3769	0.0000000000
359	FT911-10-3445	3770	0.0000000000
359	FT911-10-3446	3771	0.0000000000
359	FT911-10-3447	3772	0.0000000000
359	FT911-10-3448	3773	0.0000000000
359	FT911-10-3450	3774	0.0000000000
359	FT911-10-3451	3775	0.0000000000
359	FT911-10-3452	3776	0.0000000000
359	FT911-10-3453	3777	0.0000000000
359	FT911-10-3455	3778	0.0000000000
359	FT911-10-3456	3779	0.0000000000
359	FT911-10-3457	3780	0.0000000000
359	FT911-10-3458	3781	0.0000000000
359	FT911-10-3459	3782	0.0000000000
359	FT911-10-3460	3783	0.0000000000
359	FT911-10-3461	3784	0.0000000000
359	FT911-10-3462	3785	0.0000000000
359	FT911-10-3463	3786	0.0000000000
359	FT911-10-3464	3787	0.0000000000
359	FT911-10-3465	3788	0.0000000000
359	FT911-10-3466	3789	0.0000000000
359	FT911-10-3467	3790	0.0000000000
359	FT911-10-3469	3791	0.0000000000
359	FT911-10-3471	3792	0.0000000000
359	FT911-10-3472	3793	0.0000000000
359	FT911-10-3473	3794	0.0000000000
359	FT911-10-3474	3795	0.0000000000
359	FT911-10-3475	3796	0.0000000000
359	FT911-10-3476	3797	0.0000000000
359	FT911-10-3477	3798	0.0000000000
359	FT911-10-3478	3799	0.0000000000
359	FT911-10-3479	3800	0.0000000000
359	FT911-10-3480	3801	0.0000000000
359	FT911-10-3481	3802	0.0000000000
359	FT911-10-3482	3803	0.0000000000
359	FT911-10-3483	3804	0.0000000000
359	FT911-10-3484	3805	0.0000000000
359	FT911-10-3485	3806	0.0000000000
359	FT911-10-3486	3807	0.0000000000
359	FT911-10-3487	3808	0.0000000000
359	FT911-10-3488	3809	0.0000000000
359	FT911-10-3489	3810	0.0000000000
359	FT911-10-3490	3811	0.0000000000
359	FT911-10-3493	3812	0.0000000000
359	FT911-10-3494	3813	0.0000000000
359	FT911-10-3495	3814	0.0000000000
359	FT911-10-3496	3815	0.0000000000
359	FT911-10-3497	3816	0.0000000000
359	FT911-10-3498	3817	0.0000000000
359	FT911-10-3500	3818	0.0000000000
359	FT911-10-3501	3819	0.0000000000
359	FT911-10-3502	3820	0.0000000000
359	FT911-10-3503	3821	0.0000000000
359	FT911-10-3504	3822	0.0000000000
359	FT911-10-3505	3823	0.0000000000
359	FT911-10-3506	3824	0.0000000000
359	FT911-10-3507	3825	0.0000000000
359	FT911-10-3508	3826	0.0000000000
359	FT911-10-3509	3827	0.0000000000
359	FT911-10-3510	3828	0.0000000000
359	FT911-10-3511	3829	0.0000000000
359	FT911-10-3512	3830	0.0000000000
359	FT911-10-3513	3831	0.0000000000
359	FT911-10-3514	3832	0.0000000000
359	FT911-10-3515	3833	0.0000000000
359	FT911-10-3516	3834	0.0000000000
359	FT911-10-3518	3835	0.0000000000
359	FT911-10-3519	3836	0.0000000000
359	FT911-10-3520	3837	0.0000000000
359	FT911-10-3521	3838	0.0000000000
359	FT911-10-3522	3839	0.0000000000
359	FT911-10-3523	3840	0.0000000000
359	FT911-10-3524	3841	0.0000000000
359	FT911-10-3525	3842	0.0000000000
359	FT911-10-3526	3843	0.0000000000
359	FT911-10-3527	3844	0.0000000000
359	FT911-10-3528	3845	0.0000000000
359	FT911-10-3529	3846	0.0000000000
359	FT911-10-3530	3847	0.0000000000
359	FT911-10-3531	3848	0.0000000000
359	FT911-10-3532	3849	0.0000000000
359	FT911-10-3533	3850	0.0000000000
359	FT911-10-3534	3851	0.0000000000
359	FT911-10-3535	3852	0.0000000000
359	FT911-10-3536	3853	0.0000000000
359	FT911-10-3537	3854	0.0000000000
359	FT911-10-3538	3855	0.0000000000
359	FT911-10-3539	3856	0.0000000000
359	FT911-10-3540	3857	0.0000000000
359	FT911-10-3541	3858	0.0000000000
359	FT911-10-3542	3859	0.0000000000
359	FT911-10-3543	3860	0.0000000000
359	FT911-10-3544	3861	0.0000000000
359	FT911-10-3545	3862	0.0000000000
359	FT911-10-3546	3863	0.0000000000
359	FT911-10-3547	3864	0.0000000000
359	FT911-10-3548	3865	0.0000000000
359	FT911-10-3549	3866	0.0000000000
359	FT911-10-3550	3867	0.0000000000
359	FT911-10-3551	3868	0.0000000000
359	FT911-10-3552	3869	0.0000000000
359	FT911-10-3553	3870	0.0000000000
359	FT911-10-3554	3871	0.0000000000
359	FT911-10-3555	3872	0.0000000000
359	FT911-10-3558	3873	0.0000000000
359	FT911-10-3559	3874	0.0000000000
359	FT911-10-3560	3875	0.0000000000
359	FT911-10-3561	3876	0.0000000000
359	FT911-10-3562	3877	0.0000000000
359	FT911-10-3563	3878	0.0000000000
359	FT911-10-3564	3879	0.0000000000
359	FT911-10-3565	3880	0.0000000000
359	FT911-10-3569	3881	0.0000000000
359	FT911-10-3570	3882	0.0000000000
359	FT911-10-3571	3883	0.0000000000
359	FT911-10-3572	3884	0.0000000000
359	FT911-10-3573	3885	0.0000000000
359	FT911-10-3574	3886	0.0000000000
359	FT911-10-3575	3887	0.0000000000
359	FT911-10-3576	3888	0.0000000000
359	FT911-10-3577	3889	0.0000000000
359	FT911-10-3578	3890	0.0000000000
359	FT911-10-3579	3891	0.0000000000
359	FT911-10-3580	3892	0.0000000000
359	FT911-10-3581	3893	0.0000000000
359	FT911-10-3582	3894	0.0000000000
359	FT911-10-3583	3895	0.0000000000
359	FT911-10-3584	3896	0.0000000000
359	FT911-10-3585	3897	0.0000000000
359	FT911-10-3586	3898	0.0000000000
359	FT911-10-3587	3899	0.0000000000
359	FT911-10-3588	3900	0.0000000000
359	FT911-10-3590	3901	0.0000000000
359	FT911-10-3591	3902	0.0000000000
359	FT911-10-3592	3903	0.0000000000
359	FT911-10-3593	3904	0.0000000000
359	FT911-10-3594	3905	0.0000000000
359	FT911-10-3595	3906	0.0000000000
359	FT911-10-3596	3907	0.0000000000
359	FT911-10-3597	3908	0.0000000000
359	FT911-10-3598	3909	0.0000000000
359	FT911-10-3599	3910	0.0000000000
359	FT911-10-3600	3911	0.0000000000
359	FT911-10-3601	3912	0.0000000000
359	FT911-10-3602	3913	0.0000000000
359	FT911-10-3604	3914	0.0000000000
359	FT911-10-3606	3915	0.0000000000
359	FT911-10-3607	3916	0.0000000000
359	FT911-10-3608	3917	0.0000000000
359	FT911-10-3609	3918	0.0000000000
359	FT911-10-3613	3919	0.0000000000
359	FT911-10-3614	3920	0.0000000000
359	FT911-10-3615	3921	0.0000000000
359	FT911-10-3616	3922	0.0000000000
359	FT911-10-3617	3923	0.0000000000
359	FT911-10-3618	3924	0.0000000000
359	FT911-10-3619	3925	0.0000000000
359	FT911-10-3620	3926	0.0000000000
359	FT911-10-3621	3927	0.0000000000
359	FT911-10-3622	3928	0.0000000000
359	FT911-10-3623	3929	0.0000000000
359	FT911-10-3624	3930	0.0000000000
359	FT911-10-3625	3931	0.0000000000
359	FT911-10-3626	3932	0.0000000000
359	FT911-10-3627	3933	0.0000000000
359	FT911-10-3628	3934	0.0000000000
359	FT911-10-3629	3935	0.0000000000
359	FT911-10-3630	3936	0.0000000000
359	FT911-10-3631	3937	0.0000000000
359	FT911-10-3632	3938	0.0000000000
359	FT911-10-3633	3939	0.0000000000
359	FT911-10-3634	3940	0.0000000000
359	FT911-10-3635	3941	0.0000000000
359	FT911-10-3636	3942	0.0000000000
359	FT911-10-3638	3943	0.0000000000
359	FT911-10-3639	3944	0.0000000000
359	FT911-10-3640	3945	0.0000000000
359	FT911-10-3641	3946	0.0000000000
359	FT911-10-3642	3947	0.0000000000
359	FT911-10-3644	3948	0.0000000000
359	FT911-10-3645	3949	0.0000000000
359	FT911-10-3646	3950	0.0000000000
359	FT911-10-3647	3951	0.0000000000
359	FT911-10-3648	3952	0.0000000000
359	FT911-10-3649	3953	0.0000000000
359	FT911-10-3650	3954	0.0000000000
359	FT911-10-3651	3955	0.0000000000
359	FT911-10-3652	3956	0.0000000000
359	FT911-10-3653	3957	0.0000000000
359	FT911-10-3654	3958	0.0000000000
359	FT911-10-3655	3959	0.0000000000
359	FT911-10-3656	3960	0.0000000000
359	FT911-10-3657	3961	0.0000000000
359	FT911-10-3658	3962	0.0000000000
359	FT911-10-3659	3963	0.0000000000
359	FT911-10-3660	3964	0.0000000000
359	FT911-10-3661	3965	0.0000000000
359	FT911-10-3662	3966	0.0000000000
359	FT911-10-3663	3967	0.0000000000
359	FT911-10-3664	3968	0.0000000000
359	FT911-10-3666	3969	0.0000000000
359	FT911-10-3667	3970	0.0000000000
359	FT911-10-3668	3971	0.0000000000
359	FT911-10-3669	3972	0.0000000000
359	FT911-10-3670	3973	0.0000000000
359	FT911-10-3671	3974	0.0000000000
359	FT911-10-3672	3975	0.0000000000
359	FT911-10-3673	3976	0.0000000000
359	FT911-10-3674	3977	0.0000000000
359	FT911-10-3676	3978	0.0000000000
359	FT911-10-3677	3979	0.0000000000
359	FT911-10-3678	3980	0.0000000000
359	FT911-10-3679	3981	0.0000000000
359	FT911-10-3680	3982	0.0000000000
359	FT911-10-3681	3983	0.0000000000
359	FT911-10-3682	3984	0.0000000000
359	FT911-10-3684	3985	0.0000000000
359	FT911-10-3685	3986	0.0000000000
359	FT911-10-3686	3987	0.0000000000
359	FT911-10-3687	3988	0.0000000000
359	FT911-10-3691	3989	0.0000000000
359	FT911-10-3692	3990	0.0000000000
359	FT911-11-3694	3991	0.0000000000
359	FT911-11-3695	3992	0.0000000000
359	FT911-11-3696	3993	0.0000000000
359	FT911-11-3697	3994	0.0000000000
359	FT911-11-3698	3995	0.0000000000
359	FT911-11-3699	3996	0.0000000000
359	FT911-11-3700	3997	0.0000000000
359	FT911-11-3701	3998	0.0000000000
359	FT911-11-3702	3999	0.0000000000
359	FT911-11-3703	4000	0.0000000000
359	FT911-11-3704	4001	0.0000000000
359	FT911-11-3708	4002	0.0000000000
359	FT911-11-3709	4003	0.0000000000
359	FT911-11-3710	4004	0.0000000000
359	FT911-11-3711	4005	0.0000000000
359	FT911-11-3712	4006	0.0000000000
359	FT911-11-3713	4007	0.0000000000
359	FT911-11-3714	4008	0.0000000000
359	FT911-11-3715	4009	0.0000000000
359	FT911-11-3716	4010	0.0000000000
359	FT911-11-3717	4011	0.0000000000
359	FT911-11-3718	4012	0.0000000000
359	FT911-11-3719	4013	0.0000000000
359	FT911-11-3722	4014	0.0000000000
359	FT911-11-3724	4015	0.0000000000
359	FT911-11-3725	4016	0.0000000000
359	FT911-11-3726	4017	0.0000000000
359	FT911-11-3727	4018	0.0000000000
359	FT911-11-3729	4019	0.0000000000
359	FT911-11-3730	4020	0.0000000000
359	FT911-11-3731	4021	0.0000000000
359	FT911-11-3732	4022	0.0000000000
359	FT911-11-3733	4023	0.0000000000
359	FT911-11-3736	4024	0.0000000000
359	FT911-11-3737	4025	0.0000000000
359	FT911-11-3739	4026	0.0000000000
359	FT911-11-3740	4027	0.0000000000
359	FT911-11-3741	4028	0.0000000000
359	FT911-11-3742	4029	0.0000000000
359	FT911-11-3743	4030	0.0000000000
359	FT911-11-3744	4031	0.0000000000
359	FT911-11-3745	4032	0.0000000000
359	FT911-11-3746	4033	0.0000000000
359	FT911-11-3747	4034	0.0000000000
359	FT911-11-3748	4035	0.0000000000
359	FT911-11-3750	4036	0.0000000000
359	FT911-11-3751	4037	0.0000000000
359	FT911-11-3752	4038	0.0000000000
359	FT911-11-3753	4039	0.0000000000
359	FT911-11-3754	4040	0.0000000000
359	FT911-11-3756	4041	0.0000000000
359	FT911-11-3758	4042	0.0000000000
359	FT911-11-3759	4043	0.0000000000
359	FT911-11-3760	4044	0.0000000000
359	FT911-11-3761	4045	0.0000000000
359	FT911-11-3762	4046	0.0000000000
359	FT911-11-3763	4047	0.0000000000
359	FT911-11-3764	4048	0.0000000000
359	FT911-11-3765	4049	0.0000000000
359	FT911-11-3766	4050	0.0000000000
359	FT911-11-3767	4051	0.0000000000
359	FT911-11-3768	4052	0.0000000000
359	FT911-11-3769	4053	0.0000000000
359	FT911-11-3770	4054	0.0000000000
359	FT911-11-3771	4055	0.0000000000
359	FT911-11-3773	4056	0.0000000000
359	FT911-11-3774	4057	0.0000000000
359	FT911-11-3775	4058	0.0000000000
359	FT911-11-3776	4059	0.0000000000
359	FT911-11-3777	4060	0.0000000000
359	FT911-11-3778	4061	0.0000000000
359	FT911-11-3779	4062	0.0000000000
359	FT911-11-3780	4063	0.0000000000
359	FT911-11-3781	4064	0.0000000000
359	FT911-11-3782	4065	0.0000000000
359	FT911-11-3784	4066	0.0000000000
359	FT911-11-3785	4067	0.0000000000
359	FT911-11-3786	4068	0.0000000000
359	FT911-11-3787	4069	0.0000000000
359	FT911-11-3788	4070	0.0000000000
359	FT911-11-3791	4071	0.0000000000
359	FT911-11-3792	4072	0.0000000000
359	FT911-11-3793	4073	0.0000000000
359	FT911-11-3794	4074	0.0000000000
359	FT911-11-3795	4075	0.0000000000
359	FT911-11-3796	4076	0.0000000000
359	FT911-11-3797	4077	0.0000000000
359	FT911-11-3798	4078	0.0000000000
359	FT911-11-3799	4079	0.0000000000
359	FT911-11-3800	4080	0.0000000000
359	FT911-11-3801	4081	0.0000000000
359	FT911-11-3803	4082	0.0000000000
359	FT911-11-3805	4083	0.0000000000
359	FT911-11-3806	4084	0.0000000000
359	FT911-11-3807	4085	0.0000000000
359	FT911-11-3809	4086	0.0000000000
359	FT911-11-3810	4087	0.0000000000
359	FT911-11-3811	4088	0.0000000000
359	FT911-11-3813	4089	0.0000000000
359	FT911-11-3815	4090	0.0000000000
359	FT911-11-3816	4091	0.0000000000
359	FT911-11-3818	4092	0.0000000000
359	FT911-11-3819	4093	0.0000000000
359	FT911-11-3821	4094	0.0000000000
359	FT911-11-3822	4095	0.0000000000
359	FT911-11-3823	4096	0.0000000000
359	FT911-11-3826	4097	0.0000000000
359	FT911-11-3827	4098	0.0000000000
359	FT911-11-3828	4099	0.0000000000
359	FT911-11-3829	4100	0.0000000000
359	FT911-11-3831	4101	0.0000000000
359	FT911-11-3832	4102	0.0000000000
359	FT911-11-3833	4103	0.0000000000
359	FT911-11-3834	4104	0.0000000000
359	FT911-11-3835	4105	0.0000000000
359	FT911-11-3836	4106	0.0000000000
359	FT911-11-3837	4107	0.0000000000
359	FT911-11-3839	4108	0.0000000000
359	FT911-11-3840	4109	0.0000000000
359	FT911-11-3841	4110	0.0000000000
359	FT911-11-3842	4111	0.0000000000
359	FT911-11-3843	4112	0.0000000000
359	FT911-11-3844	4113	0.0000000000
359	FT911-11-3845	4114	0.0000000000
359	FT911-11-3846	4115	0.0000000000
359	FT911-11-3847	4116	0.0000000000
359	FT911-11-3848	4117	0.0000000000
359	FT911-11-3849	4118	0.0000000000
359	FT911-11-3850	4119	0.0000000000
359	FT911-11-3851	4120	0.0000000000
359	FT911-11-3852	4121	0.0000000000
359	FT911-11-3854	4122	0.0000000000
359	FT911-11-3855	4123	0.0000000000
359	FT911-11-3856	4124	0.0000000000
359	FT911-11-3857	4125	0.0000000000
359	FT911-11-3859	4126	0.0000000000
359	FT911-11-3860	4127	0.0000000000
359	FT911-11-3861	4128	0.0000000000
359	FT911-11-3862	4129	0.0000000000
359	FT911-11-3863	4130	0.0000000000
359	FT911-11-3866	4131	0.0000000000
359	FT911-11-3867	4132	0.0000000000
359	FT911-11-3868	4133	0.0000000000
359	FT911-11-3869	4134	0.0000000000
359	FT911-11-3870	4135	0.0000000000
359	FT911-11-3872	4136	0.0000000000
359	FT911-11-3873	4137	0.0000000000
359	FT911-11-3874	4138	0.0000000000
359	FT911-11-3875	4139	0.0000000000
359	FT911-11-3876	4140	0.0000000000
359	FT911-11-3877	4141	0.0000000000
359	FT911-11-3878	4142	0.0000000000
359	FT911-11-3879	4143	0.0000000000
359	FT911-11-3880	4144	0.0000000000
359	FT911-11-3881	4145	0.0000000000
359	FT911-11-3882	4146	0.0000000000
359	FT911-11-3883	4147	0.0000000000
359	FT911-11-3885	4148	0.0000000000
359	FT911-11-3886	4149	0.0000000000
359	FT911-11-3887	4150	0.0000000000
359	FT911-11-3888	4151	0.0000000000
359	FT911-11-3890	4152	0.0000000000
359	FT911-11-3892	4153	0.0000000000
359	FT911-11-3893	4154	0.0000000000
359	FT911-11-3894	4155	0.0000000000
359	FT911-11-3895	4156	0.0000000000
359	FT911-11-3896	4157	0.0000000000
359	FT911-11-3897	4158	0.0000000000
359	FT911-11-3898	4159	0.0000000000
359	FT911-11-3899	4160	0.0000000000
359	FT911-11-3900	4161	0.0000000000
359	FT911-11-3901	4162	0.0000000000
359	FT911-11-3903	4163	0.0000000000
359	FT911-11-3904	4164	0.0000000000
359	FT911-11-3905	4165	0.0000000000
359	FT911-11-3906	4166	0.0000000000
359	FT911-11-3907	4167	0.0000000000
359	FT911-11-3908	4168	0.0000000000
359	FT911-11-3909	4169	0.0000000000
359	FT911-11-3910	4170	0.0000000000
359	FT911-11-3911	4171	0.0000000000
359	FT911-11-3912	4172	0.0000000000
359	FT911-11-3913	4173	0.0000000000
359	FT911-11-3914	4174	0.0000000000
359	FT911-11-3915	4175	0.0000000000
359	FT911-11-3916	4176	0.0000000000
359	FT911-11-3917	4177	0.0000000000
359	FT911-11-3919	4178	0.0000000000
359	FT911-11-3921	4179	0.0000000000
359	FT911-11-3926	4180	0.0000000000
359	FT911-11-3933	4181	0.0000000000
359	FT911-11-3939	4182	0.0000000000
359	FT911-11-3942	4183	0.0000000000
359	FT911-11-3947	4184	0.0000000000
359	FT911-11-3949	4185	0.0000000000
359	FT911-11-3950	4186	0.0000000000
359	FT911-11-3951	4187	0.0000000000
359	FT911-11-3955	4188	0.0000000000
359	FT911-11-3956	4189	0.0000000000
359	FT911-11-3957	4190	0.0000000000
359	FT911-11-3960	4191	0.0000000000
359	FT911-11-3961	4192	0.0000000000
359	FT911-11-3962	4193	0.0000000000
359	FT911-11-3965	4194	0.0000000000
359	FT911-11-3968	4195	0.0000000000
359	FT911-11-3969	4196	0.0000000000
359	FT911-11-3970	4197	0.0000000000
359	FT911-11-3971	4198	0.0000000000
359	FT911-11-3972	4199	0.0000000000
359	FT911-11-3973	4200	0.0000000000
359	FT911-11-3974	4201	0.0000000000
359	FT911-11-3975	4202	0.0000000000
359	FT911-11-3976	4203	0.0000000000
359	FT911-11-3977	4204	0.0000000000
359	FT911-11-3979	4205	0.0000000000
359	FT911-11-3980	4206	0.0000000000
359	FT911-11-3981	4207	0.0000000000
359	FT911-11-3982	4208	0.0000000000
359	FT911-11-3985	4209	0.0000000000
359	FT911-11-3987	4210	0.0000000000
359	FT911-11-3988	4211	0.0000000000
359	FT911-11-3989	4212	0.0000000000
359	FT911-11-3990	4213	0.0000000000
359	FT911-11-3991	4214	0.0000000000
359	FT911-11-3992	4215	0.0000000000
359	FT911-11-3993	4216	0.0000000000
359	FT911-11-3994	4217	0.0000000000
359	FT911-11-3995	4218	0.0000000000
359	FT911-11-3996	4219	0.0000000000
359	FT911-11-3997	4220	0.0000000000
359	FT911-11-3998	4221	0.0000000000
359	FT911-11-3999	4222	0.0000000000
359	FT911-11-4000	4223	0.0000000000
359	FT911-11-4001	4224	0.0000000000
359	FT911-11-4002	4225	0.0000000000
359	FT911-11-4003	4226	0.0000000000
359	FT911-11-4004	4227	0.0000000000
359	FT911-11-4005	4228	0.0000000000
359	FT911-11-4006	4229	0.0000000000
359	FT911-11-4007	4230	0.0000000000
359	FT911-11-4008	4231	0.0000000000
359	FT911-11-4009	4232	0.0000000000
359	FT911-11-4010	4233	0.0000000000
359	FT911-11-4012	4234	0.0000000000
359	FT911-11-4013	4235	0.0000000000
359	FT911-11-4014	4236	0.0000000000
359	FT911-11-4015	4237	0.0000000000
359	FT911-12-4016	4238	0.0000000000
359	FT911-12-4018	4239	0.0000000000
359	FT911-12-4019	4240	0.0000000000
359	FT911-12-4020	4241	0.0000000000
359	FT911-12-4021	4242	0.0000000000
359	FT911-12-4022	4243	0.0000000000
359	FT911-12-4023	4244	0.0000000000
359	FT911-12-4025	4245	0.0000000000
359	FT911-12-4026	4246	0.0000000000
359	FT911-12-4027	4247	0.0000000000
359	FT911-12-4028	4248	0.0000000000
359	FT911-12-4029	4249	0.0000000000
359	FT911-12-4030	4250	0.0000000000
359	FT911-12-4031	4251	0.0000000000
359	FT911-12-4033	4252	0.0000000000
359	FT911-12-4035	4253	0.0000000000
359	FT911-12-4036	4254	0.0000000000
359	FT911-12-4037	4255	0.0000000000
359	FT911-12-4038	4256	0.0000000000
359	FT911-12-4039	4257	0.0000000000
359	FT911-12-4040	4258	0.0000000000
359	FT911-12-4041	4259	0.0000000000
359	FT911-12-4043	4260	0.0000000000
359	FT911-12-4044	4261	0.0000000000
359	FT911-12-4045	4262	0.0000000000
359	FT911-12-4046	4263	0.0000000000
359	FT911-12-4047	4264	0.0000000000
359	FT911-12-4048	4265	0.0000000000
359	FT911-12-4050	4266	0.0000000000
359	FT911-12-4051	4267	0.0000000000
359	FT911-12-4052	4268	0.0000000000
359	FT911-12-4053	4269	0.0000000000
359	FT911-12-4054	4270	0.0000000000
359	FT911-12-4055	4271	0.0000000000
359	FT911-12-4056	4272	0.0000000000
359	FT911-12-4057	4273	0.0000000000
359	FT911-12-4058	4274	0.0000000000
359	FT911-12-4059	4275	0.0000000000
359	FT911-12-4060	4276	0.0000000000
359	FT911-12-4061	4277	0.0000000000
359	FT911-12-4062	4278	0.0000000000
359	FT911-12-4063	4279	0.0000000000
359	FT911-12-4064	4280	0.0000000000
359	FT911-12-4065	4281	0.0000000000
359	FT911-12-4066	4282	0.0000000000
359	FT911-12-4067	4283	0.0000000000
359	FT911-12-4068	4284	0.0000000000
359	FT911-12-4069	4285	0.0000000000
359	FT911-12-4070	4286	0.0000000000
359	FT911-12-4071	4287	0.0000000000
359	FT911-12-4072	4288	0.0000000000
359	FT911-12-4073	4289	0.0000000000
359	FT911-12-4074	4290	0.0000000000
359	FT911-12-4075	4291	0.0000000000
359	FT911-12-4076	4292	0.0000000000
359	FT911-12-4078	4293	0.0000000000
359	FT911-12-4079	4294	0.0000000000
359	FT911-12-4080	4295	0.0000000000
359	FT911-12-4082	4296	0.0000000000
359	FT911-12-4083	4297	0.0000000000
359	FT911-12-4084	4298	0.0000000000
359	FT911-12-4085	4299	0.0000000000
359	FT911-12-4086	4300	0.0000000000
359	FT911-12-4087	4301	0.0000000000
359	FT911-12-4088	4302	0.0000000000
359	FT911-12-4090	4303	0.0000000000
359	FT911-12-4091	4304	0.0000000000
359	FT911-12-4092	4305	0.0000000000
359	FT911-12-4093	4306	0.0000000000
359	FT911-12-4095	4307	0.0000000000
359	FT911-12-4097	4308	0.0000000000
359	FT911-12-4098	4309	0.0000000000
359	FT911-12-4099	4310	0.0000000000
359	FT911-12-4100	4311	0.0000000000
359	FT911-12-4101	4312	0.0000000000
359	FT911-12-4102	4313	0.0000000000
359	FT911-12-4103	4314	0.0000000000
359	FT911-12-4104	4315	0.0000000000
359	FT911-12-4105	4316	0.0000000000
359	FT911-12-4106	4317	0.0000000000
359	FT911-12-4107	4318	0.0000000000
359	FT911-12-4108	4319	0.0000000000
359	FT911-12-4109	4320	0.0000000000
359	FT911-12-4110	4321	0.0000000000
359	FT911-12-4111	4322	0.0000000000
359	FT911-12-4112	4323	0.0000000000
359	FT911-12-4113	4324	0.0000000000
359	FT911-12-4114	4325	0.0000000000
359	FT911-12-4115	4326	0.0000000000
359	FT911-12-4116	4327	0.0000000000
359	FT911-12-4117	4328	0.0000000000
359	FT911-12-4118	4329	0.0000000000
359	FT911-12-4119	4330	0.0000000000
359	FT911-12-4120	4331	0.0000000000
359	FT911-12-4122	4332	0.0000000000
359	FT911-12-4125	4333	0.0000000000
359	FT911-12-4126	4334	0.0000000000
359	FT911-12-4128	4335	0.0000000000
359	FT911-12-4129	4336	0.0000000000
359	FT911-12-4130	4337	0.0000000000
359	FT911-12-4131	4338	0.0000000000
359	FT911-12-4132	4339	0.0000000000
359	FT911-12-4133	4340	0.0000000000
359	FT911-12-4134	4341	0.0000000000
359	FT911-12-4135	4342	0.0000000000
359	FT911-12-4136	4343	0.0000000000
359	FT911-12-4137	4344	0.0000000000
359	FT911-12-4138	4345	0.0000000000
359	FT911-12-4139	4346	0.0000000000
359	FT911-12-4140	4347	0.0000000000
359	FT911-12-4141	4348	0.0000000000
359	FT911-12-4142	4349	0.0000000000
359	FT911-12-4143	4350	0.0000000000
359	FT911-12-4144	4351	0.0000000000
359	FT911-12-4145	4352	0.0000000000
359	FT911-12-4146	4353	0.0000000000
359	FT911-12-4147	4354	0.0000000000
359	FT911-12-4148	4355	0.0000000000
359	FT911-12-4150	4356	0.0000000000
359	FT911-12-4151	4357	0.0000000000
359	FT911-12-4152	4358	0.0000000000
359	FT911-12-4153	4359	0.0000000000
359	FT911-12-4154	4360	0.0000000000
359	FT911-12-4155	4361	0.0000000000
359	FT911-12-4156	4362	0.0000000000
359	FT911-12-4157	4363	0.0000000000
359	FT911-12-4158	4364	0.0000000000
359	FT911-12-4159	4365	0.0000000000
359	FT911-12-4160	4366	0.0000000000
359	FT911-12-4161	4367	0.0000000000
359	FT911-12-4162	4368	0.0000000000
359	FT911-12-4163	4369	0.0000000000
359	FT911-12-4164	4370	0.0000000000
359	FT911-12-4165	4371	0.0000000000
359	FT911-12-4166	4372	0.0000000000
359	FT911-12-4167	4373	0.0000000000
359	FT911-12-4168	4374	0.0000000000
359	FT911-12-4171	4375	0.0000000000
359	FT911-12-4172	4376	0.0000000000
359	FT911-12-4173	4377	0.0000000000
359	FT911-12-4174	4378	0.0000000000
359	FT911-12-4175	4379	0.0000000000
359	FT911-12-4176	4380	0.0000000000
359	FT911-12-4177	4381	0.0000000000
359	FT911-12-4178	4382	0.0000000000
359	FT911-12-4179	4383	0.0000000000
359	FT911-12-4180	4384	0.0000000000
359	FT911-12-4181	4385	0.0000000000
359	FT911-12-4183	4386	0.0000000000
359	FT911-12-4184	4387	0.0000000000
359	FT911-12-4185	4388	0.0000000000
359	FT911-12-4186	4389	0.0000000000
359	FT911-12-4187	4390	0.0000000000
359	FT911-12-4189	4391	0.0000000000
359	FT911-12-4190	4392	0.0000000000
359	FT911-12-4191	4393	0.0000000000
359	FT911-12-4192	4394	0.0000000000
359	FT911-12-4193	4395	0.0000000000
359	FT911-12-4194	4396	0.0000000000
359	FT911-12-4195	4397	0.0000000000
359	FT911-12-4201	4398	0.0000000000
359	FT911-12-4202	4399	0.0000000000
359	FT911-12-4203	4400	0.0000000000
359	FT911-12-4204	4401	0.0000000000
359	FT911-12-4205	4402	0.0000000000
359	FT911-12-4206	4403	0.0000000000
359	FT911-12-4207	4404	0.0000000000
359	FT911-12-4208	4405	0.0000000000
359	FT911-12-4209	4406	0.0000000000
359	FT911-12-4210	4407	0.0000000000
359	FT911-12-4211	4408	0.0000000000
359	FT911-12-4212	4409	0.0000000000
359	FT911-12-4213	4410	0.0000000000
359	FT911-12-4214	4411	0.0000000000
359	FT911-12-4217	4412	0.0000000000
359	FT911-12-4218	4413	0.0000000000
359	FT911-12-4219	4414	0.0000000000
359	FT911-12-4220	4415	0.0000000000
359	FT911-12-4222	4416	0.0000000000
359	FT911-12-4224	4417	0.0000000000
359	FT911-12-4225	4418	0.0000000000
359	FT911-12-4226	4419	0.0000000000
359	FT911-12-4227	4420	0.0000000000
359	FT911-12-4228	4421	0.0000000000
359	FT911-12-4230	4422	0.0000000000
359	FT911-12-4231	4423	0.0000000000
359	FT911-12-4232	4424	0.0000000000
359	FT911-12-4234	4425	0.0000000000
359	FT911-12-4235	4426	0.0000000000
359	FT911-12-4236	4427	0.0000000000
359	FT911-12-4237	4428	0.0000000000
359	FT911-12-4238	4429	0.0000000000
359	FT911-12-4239	4430	0.0000000000
359	FT911-12-4240	4431	0.0000000000
359	FT911-12-4241	4432	0.0000000000
359	FT911-12-4242	4433	0.0000000000
359	FT911-12-4243	4434	0.0000000000
359	FT911-12-4245	4435	0.0000000000
359	FT911-12-4246	4436	0.0000000000
359	FT911-12-4248	4437	0.0000000000
359	FT911-12-4249	4438	0.0000000000
359	FT911-12-4250	4439	0.0000000000
359	FT911-12-4253	4440	0.0000000000
359	FT911-12-4254	4441	0.0000000000
359	FT911-12-4255	4442	0.0000000000
359	FT911-12-4256	4443	0.0000000000
359	FT911-12-4257	4444	0.0000000000
359	FT911-12-4258	4445	0.0000000000
359	FT911-12-4259	4446	0.0000000000
359	FT911-12-4260	4447	0.0000000000
359	FT911-12-4261	4448	0.0000000000
359	FT911-12-4262	4449	0.0000000000
359	FT911-12-4263	4450	0.0000000000
359	FT911-12-4264	4451	0.0000000000
359	FT911-12-4265	4452	0.0000000000
359	FT911-12-4266	4453	0.0000000000
359	FT911-12-4267	4454	0.0000000000
359	FT911-12-4268	4455	0.0000000000
359	FT911-12-4270	4456	0.0000000000
359	FT911-12-4272	4457	0.0000000000
359	FT911-12-4274	4458	0.0000000000
359	FT911-12-4275	4459	0.0000000000
359	FT911-12-4276	4460	0.0000000000
359	FT911-12-4277	4461	0.0000000000
359	FT911-12-4278	4462	0.0000000000
359	FT911-12-4279	4463	0.0000000000
359	FT911-12-4280	4464	0.0000000000
359	FT911-12-4281	4465	0.0000000000
359	FT911-12-4282	4466	0.0000000000
359	FT911-12-4283	4467	0.0000000000
359	FT911-12-4284	4468	0.0000000000
359	FT911-12-4285	4469	0.0000000000
359	FT911-12-4290	4470	0.0000000000
359	FT911-12-4291	4471	0.0000000000
359	FT911-12-4292	4472	0.0000000000
359	FT911-12-4293	4473	0.0000000000
359	FT911-12-4294	4474	0.0000000000
359	FT911-12-4295	4475	0.0000000000
359	FT911-12-4296	4476	0.0000000000
359	FT911-12-4297	4477	0.0000000000
359	FT911-12-4298	4478	0.0000000000
359	FT911-12-4299	4479	0.0000000000
359	FT911-12-4300	4480	0.0000000000
359	FT911-12-4301	4481	0.0000000000
359	FT911-12-4302	4482	0.0000000000
359	FT911-12-4303	4483	0.0000000000
359	FT911-12-4304	4484	0.0000000000
359	FT911-12-4305	4485	0.0000000000
359	FT911-12-4306	4486	0.0000000000
359	FT911-12-4307	4487	0.0000000000
359	FT911-12-4308	4488	0.0000000000
359	FT911-12-4309	4489	0.0000000000
359	FT911-12-4310	4490	0.0000000000
359	FT911-12-4312	4491	0.0000000000
359	FT911-12-4313	4492	0.0000000000
359	FT911-12-4315	4493	0.0000000000
359	FT911-12-4316	4494	0.0000000000
359	FT911-12-4317	4495	0.0000000000
359	FT911-12-4319	4496	0.0000000000
359	FT911-12-4320	4497	0.0000000000
359	FT911-12-4321	4498	0.0000000000
359	FT911-12-4322	4499	0.0000000000
359	FT911-12-4323	4500	0.0000000000
359	FT911-12-4324	4501	0.0000000000
359	FT911-12-4325	4502	0.0000000000
359	FT911-12-4326	4503	0.0000000000
359	FT911-12-4327	4504	0.0000000000
359	FT911-12-4328	4505	0.0000000000
359	FT911-12-4329	4506	0.0000000000
359	FT911-12-4330	4507	0.0000000000
359	FT911-12-4331	4508	0.0000000000
359	FT911-12-4332	4509	0.0000000000
359	FT911-12-4333	4510	0.0000000000
359	FT911-12-4334	4511	0.0000000000
359	FT911-12-4335	4512	0.0000000000
359	FT911-12-4336	4513	0.0000000000
359	FT911-12-4337	4514	0.0000000000
359	FT911-12-4338	4515	0.0000000000
359	FT911-12-4339	4516	0.0000000000
359	FT911-12-4340	4517	0.0000000000
359	FT911-12-4341	4518	0.0000000000
359	FT911-12-4342	4519	0.0000000000
359	FT911-12-4345	4520	0.0000000000
359	FT911-12-4346	4521	0.0000000000
359	FT911-12-4347	4522	0.0000000000
359	FT911-12-4348	4523	0.0000000000
359	FT911-12-4349	4524	0.0000000000
359	FT911-12-4350	4525	0.0000000000
359	FT911-12-4351	4526	0.0000000000
359	FT911-12-4352	4527	0.0000000000
359	FT911-12-4353	4528	0.0000000000
359	FT911-12-4354	4529	0.0000000000
359	FT911-12-4356	4530	0.0000000000
359	FT911-12-4357	4531	0.0000000000
359	FT911-12-4360	4532	0.0000000000
359	FT911-12-4361	4533	0.0000000000
359	FT911-12-4362	4534	0.0000000000
359	FT911-12-4363	4535	0.0000000000
359	FT911-12-4364	4536	0.0000000000
359	FT911-12-4365	4537	0.0000000000
359	FT911-13-4366	4538	0.0000000000
359	FT911-13-4367	4539	0.0000000000
359	FT911-13-4368	4540	0.0000000000
359	FT911-13-4369	4541	0.0000000000
359	FT911-13-4370	4542	0.0000000000
359	FT911-13-4371	4543	0.0000000000
359	FT911-13-4372	4544	0.0000000000
359	FT911-13-4373	4545	0.0000000000
359	FT911-13-4374	4546	0.0000000000
359	FT911-13-4375	4547	0.0000000000
359	FT911-13-4376	4548	0.0000000000
359	FT911-13-4377	4549	0.0000000000
359	FT911-13-4378	4550	0.0000000000
359	FT911-13-4379	4551	0.0000000000
359	FT911-13-4380	4552	0.0000000000
359	FT911-13-4381	4553	0.0000000000
359	FT911-13-4382	4554	0.0000000000
359	FT911-13-4383	4555	0.0000000000
359	FT911-13-4384	4556	0.0000000000
359	FT911-13-4385	4557	0.0000000000
359	FT911-13-4388	4558	0.0000000000
359	FT911-13-4389	4559	0.0000000000
359	FT911-13-4391	4560	0.0000000000
359	FT911-13-4392	4561	0.0000000000
359	FT911-13-4393	4562	0.0000000000
359	FT911-13-4395	4563	0.0000000000
359	FT911-13-4396	4564	0.0000000000
359	FT911-13-4397	4565	0.0000000000
359	FT911-13-4398	4566	0.0000000000
359	FT911-13-4399	4567	0.0000000000
359	FT911-13-4400	4568	0.0000000000
359	FT911-13-4401	4569	0.0000000000
359	FT911-13-4402	4570	0.0000000000
359	FT911-13-4403	4571	0.0000000000
359	FT911-13-4404	4572	0.0000000000
359	FT911-13-4407	4573	0.0000000000
359	FT911-13-4408	4574	0.0000000000
359	FT911-13-4410	4575	0.0000000000
359	FT911-13-4413	4576	0.0000000000
359	FT911-13-4414	4577	0.0000000000
359	FT911-13-4415	4578	0.0000000000
359	FT911-13-4416	4579	0.0000000000
359	FT911-13-4417	4580	0.0000000000
359	FT911-13-4418	4581	0.0000000000
359	FT911-13-4419	4582	0.0000000000
359	FT911-13-4420	4583	0.0000000000
359	FT911-13-4421	4584	0.0000000000
359	FT911-13-4422	4585	0.0000000000
359	FT911-13-4423	4586	0.0000000000
359	FT911-13-4424	4587	0.0000000000
359	FT911-13-4425	4588	0.0000000000
359	FT911-13-4426	4589	0.0000000000
359	FT911-13-4427	4590	0.0000000000
359	FT911-13-4428	4591	0.0000000000
359	FT911-13-4430	4592	0.0000000000
359	FT911-13-4431	4593	0.0000000000
359	FT911-13-4432	4594	0.0000000000
359	FT911-13-4433	4595	0.0000000000
359	FT911-13-4434	4596	0.0000000000
359	FT911-13-4435	4597	0.0000000000
359	FT911-13-4436	4598	0.0000000000
359	FT911-13-4437	4599	0.0000000000
359	FT911-13-4438	4600	0.0000000000
359	FT911-13-4439	4601	0.0000000000
359	FT911-13-4440	4602	0.0000000000
359	FT911-13-4441	4603	0.0000000000
359	FT911-13-4442	4604	0.0000000000
359	FT911-13-4444	4605	0.0000000000
359	FT911-13-4445	4606	0.0000000000
359	FT911-13-4447	4607	0.0000000000
359	FT911-13-4448	4608	0.0000000000
359	FT911-13-4449	4609	0.0000000000
359	FT911-13-4450	4610	0.0000000000
359	FT911-13-4451	4611	0.0000000000
359	FT911-13-4453	4612	0.0000000000
359	FT911-13-4454	4613	0.0000000000
359	FT911-13-4455	4614	0.0000000000
359	FT911-13-4456	4615	0.0000000000
359	FT911-13-4457	4616	0.0000000000
359	FT911-13-4459	4617	0.0000000000
359	FT911-13-4460	4618	0.0000000000
359	FT911-13-4461	4619	0.0000000000
359	FT911-13-4462	4620	0.0000000000
359	FT911-13-4463	4621	0.0000000000
359	FT911-13-4464	4622	0.0000000000
359	FT911-13-4465	4623	0.0000000000
359	FT911-13-4467	4624	0.0000000000
359	FT911-13-4469	4625	0.0000000000
359	FT911-13-4470	4626	0.0000000000
359	FT911-13-4471	4627	0.0000000000
359	FT911-13-4472	4628	0.0000000000
359	FT911-13-4474	4629	0.0000000000
359	FT911-13-4475	4630	0.0000000000
359	FT911-13-4477	4631	0.0000000000
359	FT911-13-4479	4632	0.0000000000
359	FT911-13-4483	4633	0.0000000000
359	FT911-13-4484	4634	0.0000000000
359	FT911-13-4485	4635	0.0000000000
359	FT911-13-4486	4636	0.0000000000
359	FT911-13-4487	4637	0.0000000000
359	FT911-13-4488	4638	0.0000000000
359	FT911-13-4489	4639	0.0000000000
359	FT911-13-4490	4640	0.0000000000
359	FT911-13-4491	4641	0.0000000000
359	FT911-13-4492	4642	0.0000000000
359	FT911-13-4493	4643	0.0000000000
359	FT911-13-4494	4644	0.0000000000
359	FT911-13-4495	4645	0.0000000000
359	FT911-13-4496	4646	0.0000000000
359	FT911-13-4497	4647	0.0000000000
359	FT911-13-4498	4648	0.0000000000
359	FT911-13-4499	4649	0.0000000000
359	FT911-13-4500	4650	0.0000000000
359	FT911-13-4501	4651	0.0000000000
359	FT911-13-4502	4652	0.0000000000
359	FT911-13-4503	4653	0.0000000000
359	FT911-13-4504	4654	0.0000000000
359	FT911-13-4505	4655	0.0000000000
359	FT911-13-4506	4656	0.0000000000
359	FT911-13-4508	4657	0.0000000000
359	FT911-13-4509	4658	0.0000000000
359	FT911-13-4510	4659	0.0000000000
359	FT911-13-4511	4660	0.0000000000
359	FT911-13-4512	4661	0.0000000000
359	FT911-13-4513	4662	0.0000000000
359	FT911-13-4514	4663	0.0000000000
359	FT911-13-4515	4664	0.0000000000
359	FT911-13-4516	4665	0.0000000000
359	FT911-13-4517	4666	0.0000000000
359	FT911-13-4518	4667	0.0000000000
359	FT911-13-4519	4668	0.0000000000
359	FT911-13-4520	4669	0.0000000000
359	FT911-13-4521	4670	0.0000000000
359	FT911-13-4522	4671	0.0000000000
359	FT911-13-4523	4672	0.0000000000
359	FT911-13-4524	4673	0.0000000000
359	FT911-13-4525	4674	0.0000000000
359	FT911-13-4526	4675	0.0000000000
359	FT911-13-4527	4676	0.0000000000
359	FT911-13-4528	4677	0.0000000000
359	FT911-13-4529	4678	0.0000000000
359	FT911-13-4530	4679	0.0000000000
359	FT911-13-4531	4680	0.0000000000
359	FT911-13-4532	4681	0.0000000000
359	FT911-13-4533	4682	0.0000000000
359	FT911-13-4536	4683	0.0000000000
359	FT911-13-4537	4684	0.0000000000
359	FT911-13-4538	4685	0.0000000000
359	FT911-13-4539	4686	0.0000000000
359	FT911-13-4540	4687	0.0000000000
359	FT911-13-4541	4688	0.0000000000
359	FT911-13-4542	4689	0.0000000000
359	FT911-13-4543	4690	0.0000000000
359	FT911-13-4544	4691	0.0000000000
359	FT911-13-4545	4692	0.0000000000
359	FT911-13-4546	4693	0.0000000000
359	FT911-13-4547	4694	0.0000000000
359	FT911-13-4549	4695	0.0000000000
359	FT911-13-4550	4696	0.0000000000
359	FT911-13-4551	4697	0.0000000000
359	FT911-13-4552	4698	0.0000000000
359	FT911-13-4554	4699	0.0000000000
359	FT911-13-4555	4700	0.0000000000
359	FT911-13-4556	4701	0.0000000000
359	FT911-13-4557	4702	0.0000000000
359	FT911-13-4558	4703	0.0000000000
359	FT911-13-4559	4704	0.0000000000
359	FT911-13-4560	4705	0.0000000000
359	FT911-13-4561	4706	0.0000000000
359	FT911-13-4562	4707	0.0000000000
359	FT911-13-4563	4708	0.0000000000
359	FT911-13-4564	4709	0.0000000000
359	FT911-13-4565	4710	0.0000000000
359	FT911-13-4566	4711	0.0000000000
359	FT911-13-4567	4712	0.0000000000
359	FT911-13-4568	4713	0.0000000000
359	FT911-13-4570	4714	0.0000000000
359	FT911-13-4571	4715	0.0000000000
359	FT911-13-4573	4716	0.0000000000
359	FT911-13-4574	4717	0.0000000000
359	FT911-13-4577	4718	0.0000000000
359	FT911-13-4579	4719	0.0000000000
359	FT911-13-4580	4720	0.0000000000
359	FT911-13-4581	4721	0.0000000000
359	FT911-13-4582	4722	0.0000000000
359	FT911-13-4583	4723	0.0000000000
359	FT911-13-4584	4724	0.0000000000
359	FT911-13-4585	4725	0.0000000000
359	FT911-13-4586	4726	0.0000000000
359	FT911-13-4587	4727	0.0000000000
359	FT911-13-4588	4728	0.0000000000
359	FT911-13-4589	4729	0.0000000000
359	FT911-13-4590	4730	0.0000000000
359	FT911-13-4591	4731	0.0000000000
359	FT911-13-4592	4732	0.0000000000
359	FT911-13-4593	4733	0.0000000000
359	FT911-13-4594	4734	0.0000000000
359	FT911-13-4595	4735	0.0000000000
359	FT911-13-4596	4736	0.0000000000
359	FT911-13-4597	4737	0.0000000000
359	FT911-13-4598	4738	0.0000000000
359	FT911-13-4599	4739	0.0000000000
359	FT911-13-4600	4740	0.0000000000
359	FT911-13-4601	4741	0.0000000000
359	FT911-13-4602	4742	0.0000000000
359	FT911-13-4603	4743	0.0000000000
359	FT911-13-4604	4744	0.0000000000
359	FT911-13-4605	4745	0.0000000000
359	FT911-13-4606	4746	0.0000000000
359	FT911-13-4607	4747	0.0000000000
359	FT911-13-4608	4748	0.0000000000
359	FT911-13-4611	4749	0.0000000000
359	FT911-13-4612	4750	0.0000000000
359	FT911-13-4613	4751	0.0000000000
359	FT911-13-4614	4752	0.0000000000
359	FT911-13-4615	4753	0.0000000000
359	FT911-13-4616	4754	0.0000000000
359	FT911-13-4617	4755	0.0000000000
359	FT911-13-4618	4756	0.0000000000
359	FT911-13-4620	4757	0.0000000000
359	FT911-13-4621	4758	0.0000000000
359	FT911-13-4622	4759	0.0000000000
359	FT911-13-4624	4760	0.0000000000
359	FT911-13-4628	4761	0.0000000000
359	FT911-13-4629	4762	0.0000000000
359	FT911-13-4630	4763	0.0000000000
359	FT911-13-4631	4764	0.0000000000
359	FT911-13-4632	4765	0.0000000000
359	FT911-13-4633	4766	0.0000000000
359	FT911-13-4634	4767	0.0000000000
359	FT911-13-4635	4768	0.0000000000
359	FT911-13-4636	4769	0.0000000000
359	FT911-13-4637	4770	0.0000000000
359	FT911-13-4639	4771	0.0000000000
359	FT911-13-4640	4772	0.0000000000
359	FT911-13-4641	4773	0.0000000000
359	FT911-13-4642	4774	0.0000000000
359	FT911-13-4643	4775	0.0000000000
359	FT911-13-4644	4776	0.0000000000
359	FT911-13-4645	4777	0.0000000000
359	FT911-13-4646	4778	0.0000000000
359	FT911-13-4648	4779	0.0000000000
359	FT911-13-4649	4780	0.0000000000
359	FT911-13-4650	4781	0.0000000000
359	FT911-13-4651	4782	0.0000000000
359	FT911-13-4652	4783	0.0000000000
359	FT911-13-4653	4784	0.0000000000
359	FT911-13-4654	4785	0.0000000000
359	FT911-13-4655	4786	0.0000000000
359	FT911-13-4656	4787	0.0000000000
359	FT911-13-4657	4788	0.0000000000
359	FT911-13-4658	4789	0.0000000000
359	FT911-13-4659	4790	0.0000000000
359	FT911-13-4660	4791	0.0000000000
359	FT911-13-4661	4792	0.0000000000
359	FT911-13-4662	4793	0.0000000000
359	FT911-13-4663	4794	0.0000000000
359	FT911-13-4664	4795	0.0000000000
359	FT911-13-4665	4796	0.0000000000
359	FT911-13-4666	4797	0.0000000000
359	FT911-13-4667	4798	0.0000000000
359	FT911-13-4669	4799	0.0000000000
359	FT911-13-4670	4800	0.0000000000
359	FT911-13-4671	4801	0.0000000000
359	FT911-13-4672	4802	0.0000000000
359	FT911-13-4673	4803	0.0000000000
359	FT911-13-4674	4804	0.0000000000
359	FT911-13-4675	4805	0.0000000000
359	FT911-13-4676	4806	0.0000000000
359	FT911-13-4677	4807	0.0000000000
359	FT911-13-4682	4808	0.0000000000
359	FT911-13-4687	4809	0.0000000000
359	FT911-13-4689	4810	0.0000000000
359	FT911-13-4690	4811	0.0000000000
359	FT911-13-4693	4812	0.0000000000
359	FT911-13-4694	4813	0.0000000000
359	FT911-13-4696	4814	0.0000000000
359	FT911-13-4697	4815	0.0000000000
359	FT911-13-4698	4816	0.0000000000
359	FT911-13-4699	4817	0.0000000000
359	FT911-13-4700	4818	0.0000000000
359	FT911-13-4701	4819	0.0000000000
359	FT911-13-4702	4820	0.0000000000
359	FT911-13-4703	4821	0.0000000000
359	FT911-13-4704	4822	0.0000000000
359	FT911-13-4705	4823	0.0000000000
359	FT911-13-4706	4824	0.0000000000
359	FT911-13-4707	4825	0.0000000000
359	FT911-13-4708	4826	0.0000000000
359	FT911-13-4709	4827	0.0000000000
359	FT911-13-4710	4828	0.0000000000
359	FT911-13-4711	4829	0.0000000000
359	FT911-13-4712	4830	0.0000000000
359	FT911-13-4713	4831	0.0000000000
359	FT911-13-4714	4832	0.0000000000
359	FT911-13-4715	4833	0.0000000000
359	FT911-13-4716	4834	0.0000000000
359	FT911-13-4717	4835	0.0000000000
359	FT911-13-4718	4836	0.0000000000
359	FT911-13-4720	4837	0.0000000000
359	FT911-13-4721	4838	0.0000000000
359	FT911-13-4722	4839	0.0000000000
359	FT911-13-4723	4840	0.0000000000
359	FT911-13-4724	4841	0.0000000000
359	FT911-13-4725	4842	0.0000000000
359	FT911-13-4726	4843	0.0000000000
359	FT911-13-4727	4844	0.0000000000
359	FT911-13-4728	4845	0.0000000000
359	FT911-13-4729	4846	0.0000000000
359	FT911-13-4731	4847	0.0000000000
359	FT911-13-4732	4848	0.0000000000
359	FT911-13-4735	4849	0.0000000000
359	FT911-13-4736	4850	0.0000000000
359	FT911-13-4737	4851	0.0000000000
359	FT911-13-4738	4852	0.0000000000
359	FT911-13-4739	4853	0.0000000000
359	FT911-13-4740	4854	0.0000000000
359	FT911-13-4741	4855	0.0000000000
359	FT911-13-4744	4856	0.0000000000
359	FT911-13-4745	4857	0.0000000000
359	FT911-13-4746	4858	0.0000000000
359	FT911-13-4747	4859	0.0000000000
359	FT911-13-4748	4860	0.0000000000
359	FT911-14-4749	4861	0.0000000000
359	FT911-14-4750	4862	0.0000000000
359	FT911-14-4751	4863	0.0000000000
359	FT911-14-4752	4864	0.0000000000
359	FT911-14-4753	4865	0.0000000000
359	FT911-14-4755	4866	0.0000000000
359	FT911-14-4758	4867	0.0000000000
359	FT911-14-4760	4868	0.0000000000
359	FT911-14-4761	4869	0.0000000000
359	FT911-14-4762	4870	0.0000000000
359	FT911-14-4765	4871	0.0000000000
359	FT911-14-4766	4872	0.0000000000
359	FT911-14-4767	4873	0.0000000000
359	FT911-14-4768	4874	0.0000000000
359	FT911-14-4770	4875	0.0000000000
359	FT911-14-4771	4876	0.0000000000
359	FT911-14-4772	4877	0.0000000000
359	FT911-14-4773	4878	0.0000000000
359	FT911-14-4774	4879	0.0000000000
359	FT911-14-4775	4880	0.0000000000
359	FT911-14-4776	4881	0.0000000000
359	FT911-14-4778	4882	0.0000000000
359	FT911-14-4779	4883	0.0000000000
359	FT911-14-4780	4884	0.0000000000
359	FT911-14-4781	4885	0.0000000000
359	FT911-14-4782	4886	0.0000000000
359	FT911-14-4785	4887	0.0000000000
359	FT911-14-4786	4888	0.0000000000
359	FT911-14-4787	4889	0.0000000000
359	FT911-14-4791	4890	0.0000000000
359	FT911-14-4792	4891	0.0000000000
359	FT911-14-4793	4892	0.0000000000
359	FT911-14-4794	4893	0.0000000000
359	FT911-14-4797	4894	0.0000000000
359	FT911-14-4799	4895	0.0000000000
359	FT911-14-4800	4896	0.0000000000
359	FT911-14-4802	4897	0.0000000000
359	FT911-14-4803	4898	0.0000000000
359	FT911-14-4804	4899	0.0000000000
359	FT911-14-4805	4900	0.0000000000
359	FT911-14-4806	4901	0.0000000000
359	FT911-14-4807	4902	0.0000000000
359	FT911-14-4808	4903	0.0000000000
359	FT911-14-4809	4904	0.0000000000
359	FT911-14-4810	4905	0.0000000000
359	FT911-14-4811	4906	0.0000000000
359	FT911-14-4812	4907	0.0000000000
359	FT911-14-4813	4908	0.0000000000
359	FT911-14-4814	4909	0.0000000000
359	FT911-14-4816	4910	0.0000000000
359	FT911-14-4817	4911	0.0000000000
359	FT911-14-4818	4912	0.0000000000
359	FT911-14-4819	4913	0.0000000000
359	FT911-14-4820	4914	0.0000000000
359	FT911-14-4821	4915	0.0000000000
359	FT911-14-4824	4916	0.0000000000
359	FT911-14-4825	4917	0.0000000000
359	FT911-14-4826	4918	0.0000000000
359	FT911-14-4827	4919	0.0000000000
359	FT911-14-4828	4920	0.0000000000
359	FT911-14-4830	4921	0.0000000000
359	FT911-14-4831	4922	0.0000000000
359	FT911-14-4833	4923	0.0000000000
359	FT911-14-4834	4924	0.0000000000
359	FT911-14-4835	4925	0.0000000000
359	FT911-14-4836	4926	0.0000000000
359	FT911-14-4837	4927	0.0000000000
359	FT911-14-4838	4928	0.0000000000
359	FT911-14-4839	4929	0.0000000000
359	FT911-14-4840	4930	0.0000000000
359	FT911-14-4841	4931	0.0000000000
359	FT911-14-4842	4932	0.0000000000
359	FT911-14-4843	4933	0.0000000000
359	FT911-14-4844	4934	0.0000000000
359	FT911-14-4845	4935	0.0000000000
359	FT911-14-4846	4936	0.0000000000
359	FT911-14-4847	4937	0.0000000000
359	FT911-14-4848	4938	0.0000000000
359	FT911-14-4849	4939	0.0000000000
359	FT911-14-4850	4940	0.0000000000
359	FT911-14-4851	4941	0.0000000000
359	FT911-14-4852	4942	0.0000000000
359	FT911-14-4853	4943	0.0000000000
359	FT911-14-4854	4944	0.0000000000
359	FT911-14-4855	4945	0.0000000000
359	FT911-14-4856	4946	0.0000000000
359	FT911-14-4857	4947	0.0000000000
359	FT911-14-4858	4948	0.0000000000
359	FT911-14-4859	4949	0.0000000000
359	FT911-14-4860	4950	0.0000000000
359	FT911-14-4861	4951	0.0000000000
359	FT911-14-4862	4952	0.0000000000
359	FT911-14-4863	4953	0.0000000000
359	FT911-14-4865	4954	0.0000000000
359	FT911-14-4868	4955	0.0000000000
359	FT911-14-4869	4956	0.0000000000
359	FT911-14-4870	4957	0.0000000000
359	FT911-14-4871	4958	0.0000000000
359	FT911-14-4872	4959	0.0000000000
359	FT911-14-4873	4960	0.0000000000
359	FT911-14-4876	4961	0.0000000000
359	FT911-14-4877	4962	0.0000000000
359	FT911-14-4878	4963	0.0000000000
359	FT911-14-4879	4964	0.0000000000
359	FT911-14-4880	4965	0.0000000000
359	FT911-14-4882	4966	0.0000000000
359	FT911-14-4883	4967	0.0000000000
359	FT911-14-4884	4968	0.0000000000
359	FT911-14-4885	4969	0.0000000000
359	FT911-14-4886	4970	0.0000000000
359	FT911-14-4887	4971	0.0000000000
359	FT911-14-4888	4972	0.0000000000
359	FT911-14-4889	4973	0.0000000000
359	FT911-14-4890	4974	0.0000000000
359	FT911-14-4891	4975	0.0000000000
359	FT911-14-4892	4976	0.0000000000
359	FT911-14-4893	4977	0.0000000000
359	FT911-14-4894	4978	0.0000000000
359	FT911-14-4895	4979	0.0000000000
359	FT911-14-4896	4980	0.0000000000
359	FT911-14-4897	4981	0.0000000000
359	FT911-14-4898	4982	0.0000000000
359	FT911-14-4899	4983	0.0000000000
359	FT911-14-4900	4984	0.0000000000
359	FT911-14-4901	4985	0.0000000000
359	FT911-14-4902	4986	0.0000000000
359	FT911-14-4903	4987	0.0000000000
359	FT911-14-4904	4988	0.0000000000
359	FT911-14-4905	4989	0.0000000000
359	FT911-14-4906	4990	0.0000000000
359	FT911-14-4907	4991	0.0000000000
359	FT911-14-4908	4992	0.0000000000
359	FT911-14-4910	4993	0.0000000000
359	FT911-14-4911	4994	0.0000000000
359	FT911-14-4913	4995	0.0000000000
359	FT911-14-4915	4996	0.0000000000
359	FT911-14-4916	4997	0.0000000000
359	FT911-14-4917	4998	0.0000000000
359	FT911-14-4918	4999	0.0000000000
359	FT911-14-4919	5000	0.0000000000
359	FT911-14-4920	5001	0.0000000000
359	FT911-14-4921	5002	0.0000000000
359	FT911-14-4922	5003	0.0000000000
359	FT911-14-4923	5004	0.0000000000
359	FT911-14-4925	5005	0.0000000000
359	FT911-14-4926	5006	0.0000000000
359	FT911-14-4927	5007	0.0000000000
359	FT911-14-4928	5008	0.0000000000
359	FT911-14-4931	5009	0.0000000000
359	FT911-14-4934	5010	0.0000000000
359	FT911-14-4937	5011	0.0000000000
359	FT911-14-4938	5012	0.0000000000
359	FT911-14-4939	5013	0.0000000000
359	FT911-14-4940	5014	0.0000000000
359	FT911-14-4941	5015	0.0000000000
359	FT911-14-4942	5016	0.0000000000
359	FT911-14-4943	5017	0.0000000000
359	FT911-14-4944	5018	0.0000000000
359	FT911-14-4945	5019	0.0000000000
359	FT911-14-4947	5020	0.0000000000
359	FT911-14-4948	5021	0.0000000000
359	FT911-14-4949	5022	0.0000000000
359	FT911-14-4950	5023	0.0000000000
359	FT911-14-4951	5024	0.0000000000
359	FT911-14-4952	5025	0.0000000000
359	FT911-14-4953	5026	0.0000000000
359	FT911-14-4954	5027	0.0000000000
359	FT911-14-4956	5028	0.0000000000
359	FT911-14-4957	5029	0.0000000000
359	FT911-14-4959	5030	0.0000000000
359	FT911-14-4960	5031	0.0000000000
359	FT911-14-4961	5032	0.0000000000
359	FT911-14-4963	5033	0.0000000000
359	FT911-14-4964	5034	0.0000000000
359	FT911-14-4965	5035	0.0000000000
359	FT911-14-4966	5036	0.0000000000
359	FT911-14-4967	5037	0.0000000000
359	FT911-14-4968	5038	0.0000000000
359	FT911-14-4969	5039	0.0000000000
359	FT911-14-4970	5040	0.0000000000
359	FT911-14-4971	5041	0.0000000000
359	FT911-14-4972	5042	0.0000000000
359	FT911-14-4973	5043	0.0000000000
359	FT911-14-4974	5044	0.0000000000
359	FT911-14-4975	5045	0.0000000000
359	FT911-14-4976	5046	0.0000000000
359	FT911-14-4977	5047	0.0000000000
359	FT911-14-4978	5048	0.0000000000
359	FT911-14-4979	5049	0.0000000000
359	FT911-14-4981	5050	0.0000000000
359	FT911-14-4982	5051	0.0000000000
359	FT911-14-4983	5052	0.0000000000
359	FT911-14-4984	5053	0.0000000000
359	FT911-14-4985	5054	0.0000000000
359	FT911-14-4986	5055	0.0000000000
359	FT911-14-4987	5056	0.0000000000
359	FT911-14-4988	5057	0.0000000000
359	FT911-14-4989	5058	0.0000000000
359	FT911-14-4990	5059	0.0000000000
359	FT911-14-4991	5060	0.0000000000
359	FT911-14-4994	5061	0.0000000000
359	FT911-14-4995	5062	0.0000000000
359	FT911-14-4998	5063	0.0000000000
359	FT911-14-4999	5064	0.0000000000
359	FT911-14-5000	5065	0.0000000000
359	FT911-14-5001	5066	0.0000000000
359	FT911-14-5002	5067	0.0000000000
359	FT911-14-5003	5068	0.0000000000
359	FT911-14-5006	5069	0.0000000000
359	FT911-14-5007	5070	0.0000000000
359	FT911-14-5008	5071	0.0000000000
359	FT911-14-5009	5072	0.0000000000
359	FT911-14-5011	5073	0.0000000000
359	FT911-14-5017	5074	0.0000000000
359	FT911-14-5018	5075	0.0000000000
359	FT911-14-5019	5076	0.0000000000
359	FT911-14-5020	5077	0.0000000000
359	FT911-14-5021	5078	0.0000000000
359	FT911-14-5022	5079	0.0000000000
359	FT911-14-5025	5080	0.0000000000
359	FT911-14-5026	5081	0.0000000000
359	FT911-14-5028	5082	0.0000000000
359	FT911-14-5031	5083	0.0000000000
359	FT911-14-5032	5084	0.0000000000
359	FT911-14-5033	5085	0.0000000000
359	FT911-14-5034	5086	0.0000000000
359	FT911-14-5035	5087	0.0000000000
359	FT911-14-5036	5088	0.0000000000
359	FT911-14-5037	5089	0.0000000000
359	FT911-14-5040	5090	0.0000000000
359	FT911-14-5041	5091	0.0000000000
359	FT911-14-5042	5092	0.0000000000
359	FT911-14-5044	5093	0.0000000000
359	FT911-14-5045	5094	0.0000000000
359	FT911-14-5046	5095	0.0000000000
359	FT911-14-5047	5096	0.0000000000
359	FT911-14-5049	5097	0.0000000000
359	FT911-14-5050	5098	0.0000000000
359	FT911-14-5051	5099	0.0000000000
359	FT911-14-5052	5100	0.0000000000
359	FT911-14-5053	5101	0.0000000000
359	FT911-14-5055	5102	0.0000000000
359	FT911-14-5056	5103	0.0000000000
359	FT911-14-5057	5104	0.0000000000
359	FT911-14-5058	5105	0.0000000000
359	FT911-14-5059	5106	0.0000000000
359	FT911-14-5060	5107	0.0000000000
359	FT911-14-5062	5108	0.0000000000
359	FT911-14-5063	5109	0.0000000000
359	FT911-14-5064	5110	0.0000000000
359	FT911-14-5065	5111	0.0000000000
359	FT911-14-5066	5112	0.0000000000
359	FT911-14-5067	5113	0.0000000000
359	FT911-14-5068	5114	0.0000000000
359	FT911-14-5069	5115	0.0000000000
359	FT911-14-5070	5116	0.0000000000
359	FT911-14-5071	5117	0.0000000000
359	FT911-14-5072	5118	0.0000000000
359	FT911-14-5073	5119	0.0000000000
359	FT911-14-5074	5120	0.0000000000
359	FT911-14-5076	5121	0.0000000000
359	FT911-14-5077	5122	0.0000000000
359	FT911-14-5078	5123	0.0000000000
359	FT911-14-5079	5124	0.0000000000
359	FT911-14-5080	5125	0.0000000000
359	FT911-14-5081	5126	0.0000000000
359	FT911-14-5084	5127	0.0000000000
359	FT911-14-5085	5128	0.0000000000
359	FT911-14-5087	5129	0.0000000000
359	FT911-14-5088	5130	0.0000000000
359	FT911-14-5089	5131	0.0000000000
359	FT911-14-5090	5132	0.0000000000
359	FT911-14-5091	5133	0.0000000000
359	FT911-14-5092	5134	0.0000000000
359	FT911-14-5093	5135	0.0000000000
359	FT911-14-5094	5136	0.0000000000
359	FT911-14-5095	5137	0.0000000000
359	FT911-14-5096	5138	0.0000000000
359	FT911-14-5097	5139	0.0000000000
359	FT911-14-5098	5140	0.0000000000
359	FT911-14-5100	5141	0.0000000000
359	FT911-14-5101	5142	0.0000000000
359	FT911-14-5102	5143	0.0000000000
359	FT911-14-5103	5144	0.0000000000
359	FT911-14-5104	5145	0.0000000000
359	FT911-14-5105	5146	0.0000000000
359	FT911-14-5106	5147	0.0000000000
359	FT911-14-5107	5148	0.0000000000
359	FT911-14-5109	5149	0.0000000000
359	FT911-14-5110	5150	0.0000000000
359	FT911-14-5111	5151	0.0000000000
359	FT911-14-5112	5152	0.0000000000
359	FT911-14-5114	5153	0.0000000000
359	FT911-14-5115	5154	0.0000000000
359	FT911-14-5116	5155	0.0000000000
359	FT911-14-5117	5156	0.0000000000
359	FT911-14-5118	5157	0.0000000000
359	FT911-14-5119	5158	0.0000000000
359	FT911-14-5120	5159	0.0000000000
359	FT911-14-5121	5160	0.0000000000
359	FT911-14-5122	5161	0.0000000000
359	FT911-14-5123	5162	0.0000000000
359	FT911-14-5124	5163	0.0000000000
359	FT911-14-5126	5164	0.0000000000
359	FT911-14-5127	5165	0.0000000000
359	FT911-14-5128	5166	0.0000000000
359	FT911-15-5129	5167	0.0000000000
359	FT911-15-5130	5168	0.0000000000
359	FT911-15-5132	5169	0.0000000000
359	FT911-15-5133	5170	0.0000000000
359	FT911-15-5134	5171	0.0000000000
359	FT911-15-5135	5172	0.0000000000
359	FT911-15-5136	5173	0.0000000000
359	FT911-15-5137	5174	0.0000000000
359	FT911-15-5138	5175	0.0000000000
359	FT911-15-5139	5176	0.0000000000
359	FT911-15-5140	5177	0.0000000000
359	FT911-15-5141	5178	0.0000000000
359	FT911-15-5142	5179	0.0000000000
359	FT911-15-5143	5180	0.0000000000
359	FT911-15-5144	5181	0.0000000000
359	FT911-15-5146	5182	0.0000000000
359	FT911-15-5147	5183	0.0000000000
359	FT911-15-5148	5184	0.0000000000
359	FT911-15-5149	5185	0.0000000000
359	FT911-15-5150	5186	0.0000000000
359	FT911-15-5151	5187	0.0000000000
359	FT911-15-5152	5188	0.0000000000
359	FT911-15-5153	5189	0.0000000000
359	FT911-15-5154	5190	0.0000000000
359	FT911-15-5156	5191	0.0000000000
359	FT911-15-5157	5192	0.0000000000
359	FT911-15-5160	5193	0.0000000000
359	FT911-15-5163	5194	0.0000000000
359	FT911-15-5164	5195	0.0000000000
359	FT911-15-5165	5196	0.0000000000
359	FT911-15-5166	5197	0.0000000000
359	FT911-15-5167	5198	0.0000000000
359	FT911-15-5169	5199	0.0000000000
359	FT911-15-5170	5200	0.0000000000
359	FT911-15-5171	5201	0.0000000000
359	FT911-15-5172	5202	0.0000000000
359	FT911-15-5173	5203	0.0000000000
359	FT911-15-5174	5204	0.0000000000
359	FT911-15-5175	5205	0.0000000000
359	FT911-15-5176	5206	0.0000000000
359	FT911-15-5179	5207	0.0000000000
359	FT911-15-5182	5208	0.0000000000
359	FT911-15-5183	5209	0.0000000000
359	FT911-15-5184	5210	0.0000000000
359	FT911-15-5185	5211	0.0000000000
359	FT911-15-5186	5212	0.0000000000
359	FT911-15-5188	5213	0.0000000000
359	FT911-15-5189	5214	0.0000000000
359	FT911-15-5190	5215	0.0000000000
359	FT911-15-5191	5216	0.0000000000
359	FT911-15-5192	5217	0.0000000000
359	FT911-15-5193	5218	0.0000000000
359	FT911-15-5194	5219	0.0000000000
359	FT911-15-5196	5220	0.0000000000
359	FT911-15-5198	5221	0.0000000000
359	FT911-15-5199	5222	0.0000000000
359	FT911-15-5200	5223	0.0000000000
359	FT911-15-5201	5224	0.0000000000
359	FT911-15-5202	5225	0.0000000000
359	FT911-15-5203	5226	0.0000000000
359	FT911-15-5204	5227	0.0000000000
359	FT911-15-5205	5228	0.0000000000
359	FT911-15-5206	5229	0.0000000000
359	FT911-15-5207	5230	0.0000000000
359	FT911-15-5208	5231	0.0000000000
359	FT911-15-5209	5232	0.0000000000
359	FT911-15-5210	5233	0.0000000000
359	FT911-15-5212	5234	0.0000000000
359	FT911-15-5213	5235	0.0000000000
359	FT911-15-5214	5236	0.0000000000
359	FT911-15-5215	5237	0.0000000000
359	FT911-15-5216	5238	0.0000000000
359	FT911-15-5217	5239	0.0000000000
359	FT911-15-5218	5240	0.0000000000
359	FT911-15-5219	5241	0.0000000000
359	FT911-15-5220	5242	0.0000000000
359	FT911-15-5221	5243	0.0000000000
359	FT911-15-5222	5244	0.0000000000
359	FT911-15-5224	5245	0.0000000000
359	FT911-15-5225	5246	0.0000000000
359	FT911-15-5226	5247	0.0000000000
359	FT911-15-5227	5248	0.0000000000
359	FT911-15-5228	5249	0.0000000000
359	FT911-15-5229	5250	0.0000000000
359	FT911-15-5230	5251	0.0000000000
359	FT911-15-5231	5252	0.0000000000
359	FT911-15-5233	5253	0.0000000000
359	FT911-15-5234	5254	0.0000000000
359	FT911-15-5235	5255	0.0000000000
359	FT911-15-5236	5256	0.0000000000
359	FT911-15-5237	5257	0.0000000000
359	FT911-15-5238	5258	0.0000000000
359	FT911-15-5239	5259	0.0000000000
359	FT911-15-5240	5260	0.0000000000
359	FT911-15-5243	5261	0.0000000000
359	FT911-15-5244	5262	0.0000000000
359	FT911-15-5245	5263	0.0000000000
359	FT911-15-5246	5264	0.0000000000
359	FT911-15-5247	5265	0.0000000000
359	FT911-15-5249	5266	0.0000000000
359	FT911-15-5252	5267	0.0000000000
359	FT911-15-5253	5268	0.0000000000
359	FT911-15-5254	5269	0.0000000000
359	FT911-15-5255	5270	0.0000000000
359	FT911-15-5256	5271	0.0000000000
359	FT911-15-5257	5272	0.0000000000
359	FT911-15-5258	5273	0.0000000000
359	FT911-15-5259	5274	0.0000000000
359	FT911-15-5260	5275	0.0000000000
359	FT911-15-5261	5276	0.0000000000
359	FT911-15-5262	5277	0.0000000000
359	FT911-15-5263	5278	0.0000000000
359	FT911-15-5264	5279	0.0000000000
359	FT911-15-5265	5280	0.0000000000
359	FT911-15-5266	5281	0.0000000000
359	FT911-15-5267	5282	0.0000000000
359	FT911-15-5268	5283	0.0000000000
359	FT911-15-5269	5284	0.0000000000
359	FT911-15-5270	5285	0.0000000000
359	FT911-15-5271	5286	0.0000000000
359	FT911-15-5272	5287	0.0000000000
359	FT911-15-5273	5288	0.0000000000
359	FT911-15-5274	5289	0.0000000000
359	FT911-15-5275	5290	0.0000000000
359	FT911-15-5276	5291	0.0000000000
359	FT911-15-5278	5292	0.0000000000
359	FT911-15-5279	5293	0.0000000000
359	FT911-15-5280	5294	0.0000000000
359	FT911-15-5281	5295	0.0000000000
359	FT911-15-5283	5296	0.0000000000
359	FT911-15-5284	5297	0.0000000000
359	FT911-15-5285	5298	0.0000000000
359	FT911-15-5286	5299	0.0000000000
359	FT911-15-5288	5300	0.0000000000
359	FT911-15-5289	5301	0.0000000000
359	FT911-15-5290	5302	0.0000000000
359	FT911-15-5291	5303	0.0000000000
359	FT911-15-5292	5304	0.0000000000
359	FT911-15-5293	5305	0.0000000000
359	FT911-15-5294	5306	0.0000000000
359	FT911-15-5295	5307	0.0000000000
359	FT911-15-5296	5308	0.0000000000
359	FT911-15-5297	5309	0.0000000000
359	FT911-15-5298	5310	0.0000000000
359	FT911-15-5299	5311	0.0000000000
359	FT911-15-5300	5312	0.0000000000
359	FT911-15-5301	5313	0.0000000000
359	FT911-15-5302	5314	0.0000000000
359	FT911-15-5303	5315	0.0000000000
359	FT911-15-5304	5316	0.0000000000
359	FT911-15-5305	5317	0.0000000000
359	FT911-15-5306	5318	0.0000000000
359	FT911-15-5307	5319	0.0000000000
359	FT911-15-5308	5320	0.0000000000
359	FT911-15-5309	5321	0.0000000000
359	FT911-15-5310	5322	0.0000000000
359	FT911-15-5313	5323	0.0000000000
359	FT911-15-5314	5324	0.0000000000
359	FT911-15-5315	5325	0.0000000000
359	FT911-15-5316	5326	0.0000000000
359	FT911-15-5317	5327	0.0000000000
359	FT911-15-5318	5328	0.0000000000
359	FT911-15-5319	5329	0.0000000000
359	FT911-15-5320	5330	0.0000000000
359	FT911-15-5322	5331	0.0000000000
359	FT911-15-5323	5332	0.0000000000
359	FT911-15-5324	5333	0.0000000000
359	FT911-15-5325	5334	0.0000000000
359	FT911-15-5328	5335	0.0000000000
359	FT911-15-5329	5336	0.0000000000
359	FT911-15-5330	5337	0.0000000000
359	FT911-15-5331	5338	0.0000000000
359	FT911-15-5333	5339	0.0000000000
359	FT911-15-5335	5340	0.0000000000
359	FT911-15-5336	5341	0.0000000000
359	FT911-15-5337	5342	0.0000000000
359	FT911-15-5338	5343	0.0000000000
359	FT911-15-5339	5344	0.0000000000
359	FT911-15-5341	5345	0.0000000000
359	FT911-15-5342	5346	0.0000000000
359	FT911-15-5345	5347	0.0000000000
359	FT911-15-5346	5348	0.0000000000
359	FT911-15-5347	5349	0.0000000000
359	FT911-15-5348	5350	0.0000000000
359	FT911-15-5349	5351	0.0000000000
359	FT911-15-5350	5352	0.0000000000
359	FT911-15-5351	5353	0.0000000000
359	FT911-15-5352	5354	0.0000000000
359	FT911-15-5353	5355	0.0000000000
359	FT911-15-5354	5356	0.0000000000
359	FT911-15-5355	5357	0.0000000000
359	FT911-15-5356	5358	0.0000000000
359	FT911-15-5357	5359	0.0000000000
359	FT911-15-5358	5360	0.0000000000
359	FT911-15-5359	5361	0.0000000000
359	FT911-15-5361	5362	0.0000000000
359	FT911-15-5362	5363	0.0000000000
359	FT911-15-5363	5364	0.0000000000
359	FT911-15-5364	5365	0.0000000000
359	FT911-15-5365	5366	0.0000000000
359	FT911-15-5367	5367	0.0000000000
359	FT911-15-5368	5368	0.0000000000
